DEBUG - 2026-03-03 09:20:18 --> Session: Class initialized using 'CodeIgniter\Session\Handlers\FileHandler' driver.
DEBUG - 2026-03-03 09:53:07 --> Session: Class initialized using 'CodeIgniter\Session\Handlers\FileHandler' driver.
INFO - 2026-03-03 09:53:08 --> Usuario autenticado: paguirre con rol: 3 - requiere cambio password: no
DEBUG - 2026-03-03 09:53:08 --> Session: Class initialized using 'CodeIgniter\Session\Handlers\FileHandler' driver.
DEBUG - 2026-03-03 09:53:17 --> Session: Class initialized using 'CodeIgniter\Session\Handlers\FileHandler' driver.
ERROR - 2026-03-03 09:53:17 --> mysqli_sql_exception: Table 'itsi.servicios_comunitarios' doesn't exist in C:\xampp\htdocs\ITSI\vendor\codeigniter4\framework\system\Database\MySQLi\Connection.php:327
Stack trace:
#0 C:\xampp\htdocs\ITSI\vendor\codeigniter4\framework\system\Database\MySQLi\Connection.php(327): mysqli->query('SELECT COUNT(*)...', 0)
#1 C:\xampp\htdocs\ITSI\vendor\codeigniter4\framework\system\Database\BaseConnection.php(738): CodeIgniter\Database\MySQLi\Connection->execute('SELECT COUNT(*)...')
#2 C:\xampp\htdocs\ITSI\vendor\codeigniter4\framework\system\Database\BaseConnection.php(652): CodeIgniter\Database\BaseConnection->simpleQuery('SELECT COUNT(*)...')
#3 C:\xampp\htdocs\ITSI\vendor\codeigniter4\framework\system\Database\BaseBuilder.php(1733): CodeIgniter\Database\BaseConnection->query('SELECT COUNT(*)...', Array, false)
#4 C:\xampp\htdocs\ITSI\app\Controllers\estudiante\PracticasEstudianteController.php(334): CodeIgniter\Database\BaseBuilder->countAllResults()
#5 C:\xampp\htdocs\ITSI\app\Controllers\estudiante\PracticasEstudianteController.php(84): App\Controllers\estudiante\PracticasEstudianteController->obtenerEstadisticasServicioComunitario('3')
#6 C:\xampp\htdocs\ITSI\vendor\codeigniter4\framework\system\CodeIgniter.php(933): App\Controllers\estudiante\PracticasEstudianteController->servicioComunitario()
#7 C:\xampp\htdocs\ITSI\vendor\codeigniter4\framework\system\CodeIgniter.php(507): CodeIgniter\CodeIgniter->runController(Object(App\Controllers\estudiante\PracticasEstudianteController))
#8 C:\xampp\htdocs\ITSI\vendor\codeigniter4\framework\system\CodeIgniter.php(354): CodeIgniter\CodeIgniter->handleRequest(NULL, Object(Config\Cache), false)
#9 C:\xampp\htdocs\ITSI\vendor\codeigniter4\framework\system\Boot.php(334): CodeIgniter\CodeIgniter->run()
#10 C:\xampp\htdocs\ITSI\vendor\codeigniter4\framework\system\Boot.php(67): CodeIgniter\Boot::runCodeIgniter(Object(CodeIgniter\CodeIgniter))
#11 C:\xampp\htdocs\ITSI\public\index.php(59): CodeIgniter\Boot::bootWeb(Object(Config\Paths))
#12 {main}
ERROR - 2026-03-03 09:53:17 --> Error al obtener estadísticas servicio comunitario: Table 'itsi.servicios_comunitarios' doesn't exist
ERROR - 2026-03-03 09:53:17 --> mysqli_sql_exception: Table 'itsi.servicios_comunitarios' doesn't exist in C:\xampp\htdocs\ITSI\vendor\codeigniter4\framework\system\Database\MySQLi\Connection.php:327
Stack trace:
#0 C:\xampp\htdocs\ITSI\vendor\codeigniter4\framework\system\Database\MySQLi\Connection.php(327): mysqli->query('SELECT `sc`.*, ...', 0)
#1 C:\xampp\htdocs\ITSI\vendor\codeigniter4\framework\system\Database\BaseConnection.php(738): CodeIgniter\Database\MySQLi\Connection->execute('SELECT `sc`.*, ...')
#2 C:\xampp\htdocs\ITSI\vendor\codeigniter4\framework\system\Database\BaseConnection.php(652): CodeIgniter\Database\BaseConnection->simpleQuery('SELECT `sc`.*, ...')
#3 C:\xampp\htdocs\ITSI\vendor\codeigniter4\framework\system\Database\BaseBuilder.php(1649): CodeIgniter\Database\BaseConnection->query('SELECT `sc`.*, ...', Array, false)
#4 C:\xampp\htdocs\ITSI\app\Controllers\estudiante\PracticasEstudianteController.php(475): CodeIgniter\Database\BaseBuilder->get()
#5 C:\xampp\htdocs\ITSI\app\Controllers\estudiante\PracticasEstudianteController.php(85): App\Controllers\estudiante\PracticasEstudianteController->obtenerServiciosComunitarios('3')
#6 C:\xampp\htdocs\ITSI\vendor\codeigniter4\framework\system\CodeIgniter.php(933): App\Controllers\estudiante\PracticasEstudianteController->servicioComunitario()
#7 C:\xampp\htdocs\ITSI\vendor\codeigniter4\framework\system\CodeIgniter.php(507): CodeIgniter\CodeIgniter->runController(Object(App\Controllers\estudiante\PracticasEstudianteController))
#8 C:\xampp\htdocs\ITSI\vendor\codeigniter4\framework\system\CodeIgniter.php(354): CodeIgniter\CodeIgniter->handleRequest(NULL, Object(Config\Cache), false)
#9 C:\xampp\htdocs\ITSI\vendor\codeigniter4\framework\system\Boot.php(334): CodeIgniter\CodeIgniter->run()
#10 C:\xampp\htdocs\ITSI\vendor\codeigniter4\framework\system\Boot.php(67): CodeIgniter\Boot::runCodeIgniter(Object(CodeIgniter\CodeIgniter))
#11 C:\xampp\htdocs\ITSI\public\index.php(59): CodeIgniter\Boot::bootWeb(Object(Config\Paths))
#12 {main}
ERROR - 2026-03-03 09:53:17 --> Error al obtener servicios comunitarios: Table 'itsi.servicios_comunitarios' doesn't exist
DEBUG - 2026-03-03 09:53:23 --> Session: Class initialized using 'CodeIgniter\Session\Handlers\FileHandler' driver.
ERROR - 2026-03-03 09:53:23 --> mysqli_sql_exception: Table 'itsi.practicas_preprofesionales' doesn't exist in C:\xampp\htdocs\ITSI\vendor\codeigniter4\framework\system\Database\MySQLi\Connection.php:327
Stack trace:
#0 C:\xampp\htdocs\ITSI\vendor\codeigniter4\framework\system\Database\MySQLi\Connection.php(327): mysqli->query('SELECT COUNT(*)...', 0)
#1 C:\xampp\htdocs\ITSI\vendor\codeigniter4\framework\system\Database\BaseConnection.php(738): CodeIgniter\Database\MySQLi\Connection->execute('SELECT COUNT(*)...')
#2 C:\xampp\htdocs\ITSI\vendor\codeigniter4\framework\system\Database\BaseConnection.php(652): CodeIgniter\Database\BaseConnection->simpleQuery('SELECT COUNT(*)...')
#3 C:\xampp\htdocs\ITSI\vendor\codeigniter4\framework\system\Database\BaseBuilder.php(1733): CodeIgniter\Database\BaseConnection->query('SELECT COUNT(*)...', Array, false)
#4 C:\xampp\htdocs\ITSI\app\Controllers\estudiante\PracticasEstudianteController.php(281): CodeIgniter\Database\BaseBuilder->countAllResults()
#5 C:\xampp\htdocs\ITSI\app\Controllers\estudiante\PracticasEstudianteController.php(44): App\Controllers\estudiante\PracticasEstudianteController->obtenerEstadisticasEstudiante('3')
#6 C:\xampp\htdocs\ITSI\vendor\codeigniter4\framework\system\CodeIgniter.php(933): App\Controllers\estudiante\PracticasEstudianteController->index()
#7 C:\xampp\htdocs\ITSI\vendor\codeigniter4\framework\system\CodeIgniter.php(507): CodeIgniter\CodeIgniter->runController(Object(App\Controllers\estudiante\PracticasEstudianteController))
#8 C:\xampp\htdocs\ITSI\vendor\codeigniter4\framework\system\CodeIgniter.php(354): CodeIgniter\CodeIgniter->handleRequest(NULL, Object(Config\Cache), false)
#9 C:\xampp\htdocs\ITSI\vendor\codeigniter4\framework\system\Boot.php(334): CodeIgniter\CodeIgniter->run()
#10 C:\xampp\htdocs\ITSI\vendor\codeigniter4\framework\system\Boot.php(67): CodeIgniter\Boot::runCodeIgniter(Object(CodeIgniter\CodeIgniter))
#11 C:\xampp\htdocs\ITSI\public\index.php(59): CodeIgniter\Boot::bootWeb(Object(Config\Paths))
#12 {main}
ERROR - 2026-03-03 09:53:23 --> Error al obtener estadísticas: Table 'itsi.practicas_preprofesionales' doesn't exist
ERROR - 2026-03-03 09:53:23 --> mysqli_sql_exception: Table 'itsi.practicas_preprofesionales' doesn't exist in C:\xampp\htdocs\ITSI\vendor\codeigniter4\framework\system\Database\MySQLi\Connection.php:327
Stack trace:
#0 C:\xampp\htdocs\ITSI\vendor\codeigniter4\framework\system\Database\MySQLi\Connection.php(327): mysqli->query('SELECT `pp`.*, ...', 0)
#1 C:\xampp\htdocs\ITSI\vendor\codeigniter4\framework\system\Database\BaseConnection.php(738): CodeIgniter\Database\MySQLi\Connection->execute('SELECT `pp`.*, ...')
#2 C:\xampp\htdocs\ITSI\vendor\codeigniter4\framework\system\Database\BaseConnection.php(652): CodeIgniter\Database\BaseConnection->simpleQuery('SELECT `pp`.*, ...')
#3 C:\xampp\htdocs\ITSI\vendor\codeigniter4\framework\system\Database\BaseBuilder.php(1649): CodeIgniter\Database\BaseConnection->query('SELECT `pp`.*, ...', Array, false)
#4 C:\xampp\htdocs\ITSI\app\Controllers\estudiante\PracticasEstudianteController.php(456): CodeIgniter\Database\BaseBuilder->get()
#5 C:\xampp\htdocs\ITSI\app\Controllers\estudiante\PracticasEstudianteController.php(47): App\Controllers\estudiante\PracticasEstudianteController->obtenerPracticasPreprofesionales('3')
#6 C:\xampp\htdocs\ITSI\vendor\codeigniter4\framework\system\CodeIgniter.php(933): App\Controllers\estudiante\PracticasEstudianteController->index()
#7 C:\xampp\htdocs\ITSI\vendor\codeigniter4\framework\system\CodeIgniter.php(507): CodeIgniter\CodeIgniter->runController(Object(App\Controllers\estudiante\PracticasEstudianteController))
#8 C:\xampp\htdocs\ITSI\vendor\codeigniter4\framework\system\CodeIgniter.php(354): CodeIgniter\CodeIgniter->handleRequest(NULL, Object(Config\Cache), false)
#9 C:\xampp\htdocs\ITSI\vendor\codeigniter4\framework\system\Boot.php(334): CodeIgniter\CodeIgniter->run()
#10 C:\xampp\htdocs\ITSI\vendor\codeigniter4\framework\system\Boot.php(67): CodeIgniter\Boot::runCodeIgniter(Object(CodeIgniter\CodeIgniter))
#11 C:\xampp\htdocs\ITSI\public\index.php(59): CodeIgniter\Boot::bootWeb(Object(Config\Paths))
#12 {main}
ERROR - 2026-03-03 09:53:23 --> Error al obtener prácticas preprofesionales: Table 'itsi.practicas_preprofesionales' doesn't exist
ERROR - 2026-03-03 09:53:23 --> mysqli_sql_exception: Table 'itsi.servicios_comunitarios' doesn't exist in C:\xampp\htdocs\ITSI\vendor\codeigniter4\framework\system\Database\MySQLi\Connection.php:327
Stack trace:
#0 C:\xampp\htdocs\ITSI\vendor\codeigniter4\framework\system\Database\MySQLi\Connection.php(327): mysqli->query('SELECT `sc`.*, ...', 0)
#1 C:\xampp\htdocs\ITSI\vendor\codeigniter4\framework\system\Database\BaseConnection.php(738): CodeIgniter\Database\MySQLi\Connection->execute('SELECT `sc`.*, ...')
#2 C:\xampp\htdocs\ITSI\vendor\codeigniter4\framework\system\Database\BaseConnection.php(652): CodeIgniter\Database\BaseConnection->simpleQuery('SELECT `sc`.*, ...')
#3 C:\xampp\htdocs\ITSI\vendor\codeigniter4\framework\system\Database\BaseBuilder.php(1649): CodeIgniter\Database\BaseConnection->query('SELECT `sc`.*, ...', Array, false)
#4 C:\xampp\htdocs\ITSI\app\Controllers\estudiante\PracticasEstudianteController.php(475): CodeIgniter\Database\BaseBuilder->get()
#5 C:\xampp\htdocs\ITSI\app\Controllers\estudiante\PracticasEstudianteController.php(50): App\Controllers\estudiante\PracticasEstudianteController->obtenerServiciosComunitarios('3')
#6 C:\xampp\htdocs\ITSI\vendor\codeigniter4\framework\system\CodeIgniter.php(933): App\Controllers\estudiante\PracticasEstudianteController->index()
#7 C:\xampp\htdocs\ITSI\vendor\codeigniter4\framework\system\CodeIgniter.php(507): CodeIgniter\CodeIgniter->runController(Object(App\Controllers\estudiante\PracticasEstudianteController))
#8 C:\xampp\htdocs\ITSI\vendor\codeigniter4\framework\system\CodeIgniter.php(354): CodeIgniter\CodeIgniter->handleRequest(NULL, Object(Config\Cache), false)
#9 C:\xampp\htdocs\ITSI\vendor\codeigniter4\framework\system\Boot.php(334): CodeIgniter\CodeIgniter->run()
#10 C:\xampp\htdocs\ITSI\vendor\codeigniter4\framework\system\Boot.php(67): CodeIgniter\Boot::runCodeIgniter(Object(CodeIgniter\CodeIgniter))
#11 C:\xampp\htdocs\ITSI\public\index.php(59): CodeIgniter\Boot::bootWeb(Object(Config\Paths))
#12 {main}
ERROR - 2026-03-03 09:53:23 --> Error al obtener servicios comunitarios: Table 'itsi.servicios_comunitarios' doesn't exist
DEBUG - 2026-03-03 10:00:01 --> Session: Class initialized using 'CodeIgniter\Session\Handlers\FileHandler' driver.
ERROR - 2026-03-03 10:00:01 --> mysqli_sql_exception: Table 'itsi.practicas_preprofesionales' doesn't exist in C:\xampp\htdocs\ITSI\vendor\codeigniter4\framework\system\Database\MySQLi\Connection.php:327
Stack trace:
#0 C:\xampp\htdocs\ITSI\vendor\codeigniter4\framework\system\Database\MySQLi\Connection.php(327): mysqli->query('SELECT COUNT(*)...', 0)
#1 C:\xampp\htdocs\ITSI\vendor\codeigniter4\framework\system\Database\BaseConnection.php(738): CodeIgniter\Database\MySQLi\Connection->execute('SELECT COUNT(*)...')
#2 C:\xampp\htdocs\ITSI\vendor\codeigniter4\framework\system\Database\BaseConnection.php(652): CodeIgniter\Database\BaseConnection->simpleQuery('SELECT COUNT(*)...')
#3 C:\xampp\htdocs\ITSI\vendor\codeigniter4\framework\system\Database\BaseBuilder.php(1733): CodeIgniter\Database\BaseConnection->query('SELECT COUNT(*)...', Array, false)
#4 C:\xampp\htdocs\ITSI\app\Controllers\estudiante\PracticasEstudianteController.php(281): CodeIgniter\Database\BaseBuilder->countAllResults()
#5 C:\xampp\htdocs\ITSI\app\Controllers\estudiante\PracticasEstudianteController.php(44): App\Controllers\estudiante\PracticasEstudianteController->obtenerEstadisticasEstudiante('3')
#6 C:\xampp\htdocs\ITSI\vendor\codeigniter4\framework\system\CodeIgniter.php(933): App\Controllers\estudiante\PracticasEstudianteController->index()
#7 C:\xampp\htdocs\ITSI\vendor\codeigniter4\framework\system\CodeIgniter.php(507): CodeIgniter\CodeIgniter->runController(Object(App\Controllers\estudiante\PracticasEstudianteController))
#8 C:\xampp\htdocs\ITSI\vendor\codeigniter4\framework\system\CodeIgniter.php(354): CodeIgniter\CodeIgniter->handleRequest(NULL, Object(Config\Cache), false)
#9 C:\xampp\htdocs\ITSI\vendor\codeigniter4\framework\system\Boot.php(334): CodeIgniter\CodeIgniter->run()
#10 C:\xampp\htdocs\ITSI\vendor\codeigniter4\framework\system\Boot.php(67): CodeIgniter\Boot::runCodeIgniter(Object(CodeIgniter\CodeIgniter))
#11 C:\xampp\htdocs\ITSI\public\index.php(59): CodeIgniter\Boot::bootWeb(Object(Config\Paths))
#12 {main}
ERROR - 2026-03-03 10:00:01 --> Error al obtener estadísticas: Table 'itsi.practicas_preprofesionales' doesn't exist
ERROR - 2026-03-03 10:00:01 --> mysqli_sql_exception: Table 'itsi.practicas_preprofesionales' doesn't exist in C:\xampp\htdocs\ITSI\vendor\codeigniter4\framework\system\Database\MySQLi\Connection.php:327
Stack trace:
#0 C:\xampp\htdocs\ITSI\vendor\codeigniter4\framework\system\Database\MySQLi\Connection.php(327): mysqli->query('SELECT `pp`.*, ...', 0)
#1 C:\xampp\htdocs\ITSI\vendor\codeigniter4\framework\system\Database\BaseConnection.php(738): CodeIgniter\Database\MySQLi\Connection->execute('SELECT `pp`.*, ...')
#2 C:\xampp\htdocs\ITSI\vendor\codeigniter4\framework\system\Database\BaseConnection.php(652): CodeIgniter\Database\BaseConnection->simpleQuery('SELECT `pp`.*, ...')
#3 C:\xampp\htdocs\ITSI\vendor\codeigniter4\framework\system\Database\BaseBuilder.php(1649): CodeIgniter\Database\BaseConnection->query('SELECT `pp`.*, ...', Array, false)
#4 C:\xampp\htdocs\ITSI\app\Controllers\estudiante\PracticasEstudianteController.php(456): CodeIgniter\Database\BaseBuilder->get()
#5 C:\xampp\htdocs\ITSI\app\Controllers\estudiante\PracticasEstudianteController.php(47): App\Controllers\estudiante\PracticasEstudianteController->obtenerPracticasPreprofesionales('3')
#6 C:\xampp\htdocs\ITSI\vendor\codeigniter4\framework\system\CodeIgniter.php(933): App\Controllers\estudiante\PracticasEstudianteController->index()
#7 C:\xampp\htdocs\ITSI\vendor\codeigniter4\framework\system\CodeIgniter.php(507): CodeIgniter\CodeIgniter->runController(Object(App\Controllers\estudiante\PracticasEstudianteController))
#8 C:\xampp\htdocs\ITSI\vendor\codeigniter4\framework\system\CodeIgniter.php(354): CodeIgniter\CodeIgniter->handleRequest(NULL, Object(Config\Cache), false)
#9 C:\xampp\htdocs\ITSI\vendor\codeigniter4\framework\system\Boot.php(334): CodeIgniter\CodeIgniter->run()
#10 C:\xampp\htdocs\ITSI\vendor\codeigniter4\framework\system\Boot.php(67): CodeIgniter\Boot::runCodeIgniter(Object(CodeIgniter\CodeIgniter))
#11 C:\xampp\htdocs\ITSI\public\index.php(59): CodeIgniter\Boot::bootWeb(Object(Config\Paths))
#12 {main}
ERROR - 2026-03-03 10:00:01 --> Error al obtener prácticas preprofesionales: Table 'itsi.practicas_preprofesionales' doesn't exist
ERROR - 2026-03-03 10:00:01 --> mysqli_sql_exception: Table 'itsi.servicios_comunitarios' doesn't exist in C:\xampp\htdocs\ITSI\vendor\codeigniter4\framework\system\Database\MySQLi\Connection.php:327
Stack trace:
#0 C:\xampp\htdocs\ITSI\vendor\codeigniter4\framework\system\Database\MySQLi\Connection.php(327): mysqli->query('SELECT `sc`.*, ...', 0)
#1 C:\xampp\htdocs\ITSI\vendor\codeigniter4\framework\system\Database\BaseConnection.php(738): CodeIgniter\Database\MySQLi\Connection->execute('SELECT `sc`.*, ...')
#2 C:\xampp\htdocs\ITSI\vendor\codeigniter4\framework\system\Database\BaseConnection.php(652): CodeIgniter\Database\BaseConnection->simpleQuery('SELECT `sc`.*, ...')
#3 C:\xampp\htdocs\ITSI\vendor\codeigniter4\framework\system\Database\BaseBuilder.php(1649): CodeIgniter\Database\BaseConnection->query('SELECT `sc`.*, ...', Array, false)
#4 C:\xampp\htdocs\ITSI\app\Controllers\estudiante\PracticasEstudianteController.php(475): CodeIgniter\Database\BaseBuilder->get()
#5 C:\xampp\htdocs\ITSI\app\Controllers\estudiante\PracticasEstudianteController.php(50): App\Controllers\estudiante\PracticasEstudianteController->obtenerServiciosComunitarios('3')
#6 C:\xampp\htdocs\ITSI\vendor\codeigniter4\framework\system\CodeIgniter.php(933): App\Controllers\estudiante\PracticasEstudianteController->index()
#7 C:\xampp\htdocs\ITSI\vendor\codeigniter4\framework\system\CodeIgniter.php(507): CodeIgniter\CodeIgniter->runController(Object(App\Controllers\estudiante\PracticasEstudianteController))
#8 C:\xampp\htdocs\ITSI\vendor\codeigniter4\framework\system\CodeIgniter.php(354): CodeIgniter\CodeIgniter->handleRequest(NULL, Object(Config\Cache), false)
#9 C:\xampp\htdocs\ITSI\vendor\codeigniter4\framework\system\Boot.php(334): CodeIgniter\CodeIgniter->run()
#10 C:\xampp\htdocs\ITSI\vendor\codeigniter4\framework\system\Boot.php(67): CodeIgniter\Boot::runCodeIgniter(Object(CodeIgniter\CodeIgniter))
#11 C:\xampp\htdocs\ITSI\public\index.php(59): CodeIgniter\Boot::bootWeb(Object(Config\Paths))
#12 {main}
ERROR - 2026-03-03 10:00:01 --> Error al obtener servicios comunitarios: Table 'itsi.servicios_comunitarios' doesn't exist
DEBUG - 2026-03-03 10:01:01 --> Session: Class initialized using 'CodeIgniter\Session\Handlers\FileHandler' driver.
ERROR - 2026-03-03 10:01:01 --> mysqli_sql_exception: Table 'itsi.practicas_preprofesionales' doesn't exist in C:\xampp\htdocs\ITSI\vendor\codeigniter4\framework\system\Database\MySQLi\Connection.php:327
Stack trace:
#0 C:\xampp\htdocs\ITSI\vendor\codeigniter4\framework\system\Database\MySQLi\Connection.php(327): mysqli->query('SELECT COUNT(*)...', 0)
#1 C:\xampp\htdocs\ITSI\vendor\codeigniter4\framework\system\Database\BaseConnection.php(738): CodeIgniter\Database\MySQLi\Connection->execute('SELECT COUNT(*)...')
#2 C:\xampp\htdocs\ITSI\vendor\codeigniter4\framework\system\Database\BaseConnection.php(652): CodeIgniter\Database\BaseConnection->simpleQuery('SELECT COUNT(*)...')
#3 C:\xampp\htdocs\ITSI\vendor\codeigniter4\framework\system\Database\BaseBuilder.php(1733): CodeIgniter\Database\BaseConnection->query('SELECT COUNT(*)...', Array, false)
#4 C:\xampp\htdocs\ITSI\app\Controllers\estudiante\PracticasEstudianteController.php(281): CodeIgniter\Database\BaseBuilder->countAllResults()
#5 C:\xampp\htdocs\ITSI\app\Controllers\estudiante\PracticasEstudianteController.php(44): App\Controllers\estudiante\PracticasEstudianteController->obtenerEstadisticasEstudiante('3')
#6 C:\xampp\htdocs\ITSI\vendor\codeigniter4\framework\system\CodeIgniter.php(933): App\Controllers\estudiante\PracticasEstudianteController->index()
#7 C:\xampp\htdocs\ITSI\vendor\codeigniter4\framework\system\CodeIgniter.php(507): CodeIgniter\CodeIgniter->runController(Object(App\Controllers\estudiante\PracticasEstudianteController))
#8 C:\xampp\htdocs\ITSI\vendor\codeigniter4\framework\system\CodeIgniter.php(354): CodeIgniter\CodeIgniter->handleRequest(NULL, Object(Config\Cache), false)
#9 C:\xampp\htdocs\ITSI\vendor\codeigniter4\framework\system\Boot.php(334): CodeIgniter\CodeIgniter->run()
#10 C:\xampp\htdocs\ITSI\vendor\codeigniter4\framework\system\Boot.php(67): CodeIgniter\Boot::runCodeIgniter(Object(CodeIgniter\CodeIgniter))
#11 C:\xampp\htdocs\ITSI\public\index.php(59): CodeIgniter\Boot::bootWeb(Object(Config\Paths))
#12 {main}
ERROR - 2026-03-03 10:01:01 --> Error al obtener estadísticas: Table 'itsi.practicas_preprofesionales' doesn't exist
ERROR - 2026-03-03 10:01:01 --> mysqli_sql_exception: Table 'itsi.practicas_preprofesionales' doesn't exist in C:\xampp\htdocs\ITSI\vendor\codeigniter4\framework\system\Database\MySQLi\Connection.php:327
Stack trace:
#0 C:\xampp\htdocs\ITSI\vendor\codeigniter4\framework\system\Database\MySQLi\Connection.php(327): mysqli->query('SELECT `pp`.*, ...', 0)
#1 C:\xampp\htdocs\ITSI\vendor\codeigniter4\framework\system\Database\BaseConnection.php(738): CodeIgniter\Database\MySQLi\Connection->execute('SELECT `pp`.*, ...')
#2 C:\xampp\htdocs\ITSI\vendor\codeigniter4\framework\system\Database\BaseConnection.php(652): CodeIgniter\Database\BaseConnection->simpleQuery('SELECT `pp`.*, ...')
#3 C:\xampp\htdocs\ITSI\vendor\codeigniter4\framework\system\Database\BaseBuilder.php(1649): CodeIgniter\Database\BaseConnection->query('SELECT `pp`.*, ...', Array, false)
#4 C:\xampp\htdocs\ITSI\app\Controllers\estudiante\PracticasEstudianteController.php(456): CodeIgniter\Database\BaseBuilder->get()
#5 C:\xampp\htdocs\ITSI\app\Controllers\estudiante\PracticasEstudianteController.php(47): App\Controllers\estudiante\PracticasEstudianteController->obtenerPracticasPreprofesionales('3')
#6 C:\xampp\htdocs\ITSI\vendor\codeigniter4\framework\system\CodeIgniter.php(933): App\Controllers\estudiante\PracticasEstudianteController->index()
#7 C:\xampp\htdocs\ITSI\vendor\codeigniter4\framework\system\CodeIgniter.php(507): CodeIgniter\CodeIgniter->runController(Object(App\Controllers\estudiante\PracticasEstudianteController))
#8 C:\xampp\htdocs\ITSI\vendor\codeigniter4\framework\system\CodeIgniter.php(354): CodeIgniter\CodeIgniter->handleRequest(NULL, Object(Config\Cache), false)
#9 C:\xampp\htdocs\ITSI\vendor\codeigniter4\framework\system\Boot.php(334): CodeIgniter\CodeIgniter->run()
#10 C:\xampp\htdocs\ITSI\vendor\codeigniter4\framework\system\Boot.php(67): CodeIgniter\Boot::runCodeIgniter(Object(CodeIgniter\CodeIgniter))
#11 C:\xampp\htdocs\ITSI\public\index.php(59): CodeIgniter\Boot::bootWeb(Object(Config\Paths))
#12 {main}
ERROR - 2026-03-03 10:01:01 --> Error al obtener prácticas preprofesionales: Table 'itsi.practicas_preprofesionales' doesn't exist
ERROR - 2026-03-03 10:01:01 --> mysqli_sql_exception: Table 'itsi.servicios_comunitarios' doesn't exist in C:\xampp\htdocs\ITSI\vendor\codeigniter4\framework\system\Database\MySQLi\Connection.php:327
Stack trace:
#0 C:\xampp\htdocs\ITSI\vendor\codeigniter4\framework\system\Database\MySQLi\Connection.php(327): mysqli->query('SELECT `sc`.*, ...', 0)
#1 C:\xampp\htdocs\ITSI\vendor\codeigniter4\framework\system\Database\BaseConnection.php(738): CodeIgniter\Database\MySQLi\Connection->execute('SELECT `sc`.*, ...')
#2 C:\xampp\htdocs\ITSI\vendor\codeigniter4\framework\system\Database\BaseConnection.php(652): CodeIgniter\Database\BaseConnection->simpleQuery('SELECT `sc`.*, ...')
#3 C:\xampp\htdocs\ITSI\vendor\codeigniter4\framework\system\Database\BaseBuilder.php(1649): CodeIgniter\Database\BaseConnection->query('SELECT `sc`.*, ...', Array, false)
#4 C:\xampp\htdocs\ITSI\app\Controllers\estudiante\PracticasEstudianteController.php(475): CodeIgniter\Database\BaseBuilder->get()
#5 C:\xampp\htdocs\ITSI\app\Controllers\estudiante\PracticasEstudianteController.php(50): App\Controllers\estudiante\PracticasEstudianteController->obtenerServiciosComunitarios('3')
#6 C:\xampp\htdocs\ITSI\vendor\codeigniter4\framework\system\CodeIgniter.php(933): App\Controllers\estudiante\PracticasEstudianteController->index()
#7 C:\xampp\htdocs\ITSI\vendor\codeigniter4\framework\system\CodeIgniter.php(507): CodeIgniter\CodeIgniter->runController(Object(App\Controllers\estudiante\PracticasEstudianteController))
#8 C:\xampp\htdocs\ITSI\vendor\codeigniter4\framework\system\CodeIgniter.php(354): CodeIgniter\CodeIgniter->handleRequest(NULL, Object(Config\Cache), false)
#9 C:\xampp\htdocs\ITSI\vendor\codeigniter4\framework\system\Boot.php(334): CodeIgniter\CodeIgniter->run()
#10 C:\xampp\htdocs\ITSI\vendor\codeigniter4\framework\system\Boot.php(67): CodeIgniter\Boot::runCodeIgniter(Object(CodeIgniter\CodeIgniter))
#11 C:\xampp\htdocs\ITSI\public\index.php(59): CodeIgniter\Boot::bootWeb(Object(Config\Paths))
#12 {main}
ERROR - 2026-03-03 10:01:01 --> Error al obtener servicios comunitarios: Table 'itsi.servicios_comunitarios' doesn't exist
DEBUG - 2026-03-03 10:01:04 --> Session: Class initialized using 'CodeIgniter\Session\Handlers\FileHandler' driver.
ERROR - 2026-03-03 10:01:04 --> mysqli_sql_exception: Table 'itsi.practicas_preprofesionales' doesn't exist in C:\xampp\htdocs\ITSI\vendor\codeigniter4\framework\system\Database\MySQLi\Connection.php:327
Stack trace:
#0 C:\xampp\htdocs\ITSI\vendor\codeigniter4\framework\system\Database\MySQLi\Connection.php(327): mysqli->query('SELECT COUNT(*)...', 0)
#1 C:\xampp\htdocs\ITSI\vendor\codeigniter4\framework\system\Database\BaseConnection.php(738): CodeIgniter\Database\MySQLi\Connection->execute('SELECT COUNT(*)...')
#2 C:\xampp\htdocs\ITSI\vendor\codeigniter4\framework\system\Database\BaseConnection.php(652): CodeIgniter\Database\BaseConnection->simpleQuery('SELECT COUNT(*)...')
#3 C:\xampp\htdocs\ITSI\vendor\codeigniter4\framework\system\Database\BaseBuilder.php(1733): CodeIgniter\Database\BaseConnection->query('SELECT COUNT(*)...', Array, false)
#4 C:\xampp\htdocs\ITSI\app\Controllers\estudiante\PracticasEstudianteController.php(281): CodeIgniter\Database\BaseBuilder->countAllResults()
#5 C:\xampp\htdocs\ITSI\app\Controllers\estudiante\PracticasEstudianteController.php(44): App\Controllers\estudiante\PracticasEstudianteController->obtenerEstadisticasEstudiante('3')
#6 C:\xampp\htdocs\ITSI\vendor\codeigniter4\framework\system\CodeIgniter.php(933): App\Controllers\estudiante\PracticasEstudianteController->index()
#7 C:\xampp\htdocs\ITSI\vendor\codeigniter4\framework\system\CodeIgniter.php(507): CodeIgniter\CodeIgniter->runController(Object(App\Controllers\estudiante\PracticasEstudianteController))
#8 C:\xampp\htdocs\ITSI\vendor\codeigniter4\framework\system\CodeIgniter.php(354): CodeIgniter\CodeIgniter->handleRequest(NULL, Object(Config\Cache), false)
#9 C:\xampp\htdocs\ITSI\vendor\codeigniter4\framework\system\Boot.php(334): CodeIgniter\CodeIgniter->run()
#10 C:\xampp\htdocs\ITSI\vendor\codeigniter4\framework\system\Boot.php(67): CodeIgniter\Boot::runCodeIgniter(Object(CodeIgniter\CodeIgniter))
#11 C:\xampp\htdocs\ITSI\public\index.php(59): CodeIgniter\Boot::bootWeb(Object(Config\Paths))
#12 {main}
ERROR - 2026-03-03 10:01:04 --> Error al obtener estadísticas: Table 'itsi.practicas_preprofesionales' doesn't exist
ERROR - 2026-03-03 10:01:04 --> mysqli_sql_exception: Table 'itsi.practicas_preprofesionales' doesn't exist in C:\xampp\htdocs\ITSI\vendor\codeigniter4\framework\system\Database\MySQLi\Connection.php:327
Stack trace:
#0 C:\xampp\htdocs\ITSI\vendor\codeigniter4\framework\system\Database\MySQLi\Connection.php(327): mysqli->query('SELECT `pp`.*, ...', 0)
#1 C:\xampp\htdocs\ITSI\vendor\codeigniter4\framework\system\Database\BaseConnection.php(738): CodeIgniter\Database\MySQLi\Connection->execute('SELECT `pp`.*, ...')
#2 C:\xampp\htdocs\ITSI\vendor\codeigniter4\framework\system\Database\BaseConnection.php(652): CodeIgniter\Database\BaseConnection->simpleQuery('SELECT `pp`.*, ...')
#3 C:\xampp\htdocs\ITSI\vendor\codeigniter4\framework\system\Database\BaseBuilder.php(1649): CodeIgniter\Database\BaseConnection->query('SELECT `pp`.*, ...', Array, false)
#4 C:\xampp\htdocs\ITSI\app\Controllers\estudiante\PracticasEstudianteController.php(456): CodeIgniter\Database\BaseBuilder->get()
#5 C:\xampp\htdocs\ITSI\app\Controllers\estudiante\PracticasEstudianteController.php(47): App\Controllers\estudiante\PracticasEstudianteController->obtenerPracticasPreprofesionales('3')
#6 C:\xampp\htdocs\ITSI\vendor\codeigniter4\framework\system\CodeIgniter.php(933): App\Controllers\estudiante\PracticasEstudianteController->index()
#7 C:\xampp\htdocs\ITSI\vendor\codeigniter4\framework\system\CodeIgniter.php(507): CodeIgniter\CodeIgniter->runController(Object(App\Controllers\estudiante\PracticasEstudianteController))
#8 C:\xampp\htdocs\ITSI\vendor\codeigniter4\framework\system\CodeIgniter.php(354): CodeIgniter\CodeIgniter->handleRequest(NULL, Object(Config\Cache), false)
#9 C:\xampp\htdocs\ITSI\vendor\codeigniter4\framework\system\Boot.php(334): CodeIgniter\CodeIgniter->run()
#10 C:\xampp\htdocs\ITSI\vendor\codeigniter4\framework\system\Boot.php(67): CodeIgniter\Boot::runCodeIgniter(Object(CodeIgniter\CodeIgniter))
#11 C:\xampp\htdocs\ITSI\public\index.php(59): CodeIgniter\Boot::bootWeb(Object(Config\Paths))
#12 {main}
ERROR - 2026-03-03 10:01:04 --> Error al obtener prácticas preprofesionales: Table 'itsi.practicas_preprofesionales' doesn't exist
ERROR - 2026-03-03 10:01:04 --> mysqli_sql_exception: Table 'itsi.servicios_comunitarios' doesn't exist in C:\xampp\htdocs\ITSI\vendor\codeigniter4\framework\system\Database\MySQLi\Connection.php:327
Stack trace:
#0 C:\xampp\htdocs\ITSI\vendor\codeigniter4\framework\system\Database\MySQLi\Connection.php(327): mysqli->query('SELECT `sc`.*, ...', 0)
#1 C:\xampp\htdocs\ITSI\vendor\codeigniter4\framework\system\Database\BaseConnection.php(738): CodeIgniter\Database\MySQLi\Connection->execute('SELECT `sc`.*, ...')
#2 C:\xampp\htdocs\ITSI\vendor\codeigniter4\framework\system\Database\BaseConnection.php(652): CodeIgniter\Database\BaseConnection->simpleQuery('SELECT `sc`.*, ...')
#3 C:\xampp\htdocs\ITSI\vendor\codeigniter4\framework\system\Database\BaseBuilder.php(1649): CodeIgniter\Database\BaseConnection->query('SELECT `sc`.*, ...', Array, false)
#4 C:\xampp\htdocs\ITSI\app\Controllers\estudiante\PracticasEstudianteController.php(475): CodeIgniter\Database\BaseBuilder->get()
#5 C:\xampp\htdocs\ITSI\app\Controllers\estudiante\PracticasEstudianteController.php(50): App\Controllers\estudiante\PracticasEstudianteController->obtenerServiciosComunitarios('3')
#6 C:\xampp\htdocs\ITSI\vendor\codeigniter4\framework\system\CodeIgniter.php(933): App\Controllers\estudiante\PracticasEstudianteController->index()
#7 C:\xampp\htdocs\ITSI\vendor\codeigniter4\framework\system\CodeIgniter.php(507): CodeIgniter\CodeIgniter->runController(Object(App\Controllers\estudiante\PracticasEstudianteController))
#8 C:\xampp\htdocs\ITSI\vendor\codeigniter4\framework\system\CodeIgniter.php(354): CodeIgniter\CodeIgniter->handleRequest(NULL, Object(Config\Cache), false)
#9 C:\xampp\htdocs\ITSI\vendor\codeigniter4\framework\system\Boot.php(334): CodeIgniter\CodeIgniter->run()
#10 C:\xampp\htdocs\ITSI\vendor\codeigniter4\framework\system\Boot.php(67): CodeIgniter\Boot::runCodeIgniter(Object(CodeIgniter\CodeIgniter))
#11 C:\xampp\htdocs\ITSI\public\index.php(59): CodeIgniter\Boot::bootWeb(Object(Config\Paths))
#12 {main}
ERROR - 2026-03-03 10:01:04 --> Error al obtener servicios comunitarios: Table 'itsi.servicios_comunitarios' doesn't exist
DEBUG - 2026-03-03 10:01:06 --> Session: Class initialized using 'CodeIgniter\Session\Handlers\FileHandler' driver.
ERROR - 2026-03-03 10:01:06 --> mysqli_sql_exception: Table 'itsi.practicas_preprofesionales' doesn't exist in C:\xampp\htdocs\ITSI\vendor\codeigniter4\framework\system\Database\MySQLi\Connection.php:327
Stack trace:
#0 C:\xampp\htdocs\ITSI\vendor\codeigniter4\framework\system\Database\MySQLi\Connection.php(327): mysqli->query('SELECT COUNT(*)...', 0)
#1 C:\xampp\htdocs\ITSI\vendor\codeigniter4\framework\system\Database\BaseConnection.php(738): CodeIgniter\Database\MySQLi\Connection->execute('SELECT COUNT(*)...')
#2 C:\xampp\htdocs\ITSI\vendor\codeigniter4\framework\system\Database\BaseConnection.php(652): CodeIgniter\Database\BaseConnection->simpleQuery('SELECT COUNT(*)...')
#3 C:\xampp\htdocs\ITSI\vendor\codeigniter4\framework\system\Database\BaseBuilder.php(1733): CodeIgniter\Database\BaseConnection->query('SELECT COUNT(*)...', Array, false)
#4 C:\xampp\htdocs\ITSI\app\Controllers\estudiante\PracticasEstudianteController.php(281): CodeIgniter\Database\BaseBuilder->countAllResults()
#5 C:\xampp\htdocs\ITSI\app\Controllers\estudiante\PracticasEstudianteController.php(44): App\Controllers\estudiante\PracticasEstudianteController->obtenerEstadisticasEstudiante('3')
#6 C:\xampp\htdocs\ITSI\vendor\codeigniter4\framework\system\CodeIgniter.php(933): App\Controllers\estudiante\PracticasEstudianteController->index()
#7 C:\xampp\htdocs\ITSI\vendor\codeigniter4\framework\system\CodeIgniter.php(507): CodeIgniter\CodeIgniter->runController(Object(App\Controllers\estudiante\PracticasEstudianteController))
#8 C:\xampp\htdocs\ITSI\vendor\codeigniter4\framework\system\CodeIgniter.php(354): CodeIgniter\CodeIgniter->handleRequest(NULL, Object(Config\Cache), false)
#9 C:\xampp\htdocs\ITSI\vendor\codeigniter4\framework\system\Boot.php(334): CodeIgniter\CodeIgniter->run()
#10 C:\xampp\htdocs\ITSI\vendor\codeigniter4\framework\system\Boot.php(67): CodeIgniter\Boot::runCodeIgniter(Object(CodeIgniter\CodeIgniter))
#11 C:\xampp\htdocs\ITSI\public\index.php(59): CodeIgniter\Boot::bootWeb(Object(Config\Paths))
#12 {main}
ERROR - 2026-03-03 10:01:06 --> Error al obtener estadísticas: Table 'itsi.practicas_preprofesionales' doesn't exist
ERROR - 2026-03-03 10:01:06 --> mysqli_sql_exception: Table 'itsi.practicas_preprofesionales' doesn't exist in C:\xampp\htdocs\ITSI\vendor\codeigniter4\framework\system\Database\MySQLi\Connection.php:327
Stack trace:
#0 C:\xampp\htdocs\ITSI\vendor\codeigniter4\framework\system\Database\MySQLi\Connection.php(327): mysqli->query('SELECT `pp`.*, ...', 0)
#1 C:\xampp\htdocs\ITSI\vendor\codeigniter4\framework\system\Database\BaseConnection.php(738): CodeIgniter\Database\MySQLi\Connection->execute('SELECT `pp`.*, ...')
#2 C:\xampp\htdocs\ITSI\vendor\codeigniter4\framework\system\Database\BaseConnection.php(652): CodeIgniter\Database\BaseConnection->simpleQuery('SELECT `pp`.*, ...')
#3 C:\xampp\htdocs\ITSI\vendor\codeigniter4\framework\system\Database\BaseBuilder.php(1649): CodeIgniter\Database\BaseConnection->query('SELECT `pp`.*, ...', Array, false)
#4 C:\xampp\htdocs\ITSI\app\Controllers\estudiante\PracticasEstudianteController.php(456): CodeIgniter\Database\BaseBuilder->get()
#5 C:\xampp\htdocs\ITSI\app\Controllers\estudiante\PracticasEstudianteController.php(47): App\Controllers\estudiante\PracticasEstudianteController->obtenerPracticasPreprofesionales('3')
#6 C:\xampp\htdocs\ITSI\vendor\codeigniter4\framework\system\CodeIgniter.php(933): App\Controllers\estudiante\PracticasEstudianteController->index()
#7 C:\xampp\htdocs\ITSI\vendor\codeigniter4\framework\system\CodeIgniter.php(507): CodeIgniter\CodeIgniter->runController(Object(App\Controllers\estudiante\PracticasEstudianteController))
#8 C:\xampp\htdocs\ITSI\vendor\codeigniter4\framework\system\CodeIgniter.php(354): CodeIgniter\CodeIgniter->handleRequest(NULL, Object(Config\Cache), false)
#9 C:\xampp\htdocs\ITSI\vendor\codeigniter4\framework\system\Boot.php(334): CodeIgniter\CodeIgniter->run()
#10 C:\xampp\htdocs\ITSI\vendor\codeigniter4\framework\system\Boot.php(67): CodeIgniter\Boot::runCodeIgniter(Object(CodeIgniter\CodeIgniter))
#11 C:\xampp\htdocs\ITSI\public\index.php(59): CodeIgniter\Boot::bootWeb(Object(Config\Paths))
#12 {main}
ERROR - 2026-03-03 10:01:06 --> Error al obtener prácticas preprofesionales: Table 'itsi.practicas_preprofesionales' doesn't exist
ERROR - 2026-03-03 10:01:06 --> mysqli_sql_exception: Table 'itsi.servicios_comunitarios' doesn't exist in C:\xampp\htdocs\ITSI\vendor\codeigniter4\framework\system\Database\MySQLi\Connection.php:327
Stack trace:
#0 C:\xampp\htdocs\ITSI\vendor\codeigniter4\framework\system\Database\MySQLi\Connection.php(327): mysqli->query('SELECT `sc`.*, ...', 0)
#1 C:\xampp\htdocs\ITSI\vendor\codeigniter4\framework\system\Database\BaseConnection.php(738): CodeIgniter\Database\MySQLi\Connection->execute('SELECT `sc`.*, ...')
#2 C:\xampp\htdocs\ITSI\vendor\codeigniter4\framework\system\Database\BaseConnection.php(652): CodeIgniter\Database\BaseConnection->simpleQuery('SELECT `sc`.*, ...')
#3 C:\xampp\htdocs\ITSI\vendor\codeigniter4\framework\system\Database\BaseBuilder.php(1649): CodeIgniter\Database\BaseConnection->query('SELECT `sc`.*, ...', Array, false)
#4 C:\xampp\htdocs\ITSI\app\Controllers\estudiante\PracticasEstudianteController.php(475): CodeIgniter\Database\BaseBuilder->get()
#5 C:\xampp\htdocs\ITSI\app\Controllers\estudiante\PracticasEstudianteController.php(50): App\Controllers\estudiante\PracticasEstudianteController->obtenerServiciosComunitarios('3')
#6 C:\xampp\htdocs\ITSI\vendor\codeigniter4\framework\system\CodeIgniter.php(933): App\Controllers\estudiante\PracticasEstudianteController->index()
#7 C:\xampp\htdocs\ITSI\vendor\codeigniter4\framework\system\CodeIgniter.php(507): CodeIgniter\CodeIgniter->runController(Object(App\Controllers\estudiante\PracticasEstudianteController))
#8 C:\xampp\htdocs\ITSI\vendor\codeigniter4\framework\system\CodeIgniter.php(354): CodeIgniter\CodeIgniter->handleRequest(NULL, Object(Config\Cache), false)
#9 C:\xampp\htdocs\ITSI\vendor\codeigniter4\framework\system\Boot.php(334): CodeIgniter\CodeIgniter->run()
#10 C:\xampp\htdocs\ITSI\vendor\codeigniter4\framework\system\Boot.php(67): CodeIgniter\Boot::runCodeIgniter(Object(CodeIgniter\CodeIgniter))
#11 C:\xampp\htdocs\ITSI\public\index.php(59): CodeIgniter\Boot::bootWeb(Object(Config\Paths))
#12 {main}
ERROR - 2026-03-03 10:01:06 --> Error al obtener servicios comunitarios: Table 'itsi.servicios_comunitarios' doesn't exist
DEBUG - 2026-03-03 10:01:08 --> Session: Class initialized using 'CodeIgniter\Session\Handlers\FileHandler' driver.
DEBUG - 2026-03-03 10:01:09 --> Session: Class initialized using 'CodeIgniter\Session\Handlers\FileHandler' driver.
ERROR - 2026-03-03 10:01:09 --> mysqli_sql_exception: Table 'itsi.practicas_preprofesionales' doesn't exist in C:\xampp\htdocs\ITSI\vendor\codeigniter4\framework\system\Database\MySQLi\Connection.php:327
Stack trace:
#0 C:\xampp\htdocs\ITSI\vendor\codeigniter4\framework\system\Database\MySQLi\Connection.php(327): mysqli->query('SELECT COUNT(*)...', 0)
#1 C:\xampp\htdocs\ITSI\vendor\codeigniter4\framework\system\Database\BaseConnection.php(738): CodeIgniter\Database\MySQLi\Connection->execute('SELECT COUNT(*)...')
#2 C:\xampp\htdocs\ITSI\vendor\codeigniter4\framework\system\Database\BaseConnection.php(652): CodeIgniter\Database\BaseConnection->simpleQuery('SELECT COUNT(*)...')
#3 C:\xampp\htdocs\ITSI\vendor\codeigniter4\framework\system\Database\BaseBuilder.php(1733): CodeIgniter\Database\BaseConnection->query('SELECT COUNT(*)...', Array, false)
#4 C:\xampp\htdocs\ITSI\app\Controllers\estudiante\PracticasEstudianteController.php(281): CodeIgniter\Database\BaseBuilder->countAllResults()
#5 C:\xampp\htdocs\ITSI\app\Controllers\estudiante\PracticasEstudianteController.php(44): App\Controllers\estudiante\PracticasEstudianteController->obtenerEstadisticasEstudiante('3')
#6 C:\xampp\htdocs\ITSI\vendor\codeigniter4\framework\system\CodeIgniter.php(933): App\Controllers\estudiante\PracticasEstudianteController->index()
#7 C:\xampp\htdocs\ITSI\vendor\codeigniter4\framework\system\CodeIgniter.php(507): CodeIgniter\CodeIgniter->runController(Object(App\Controllers\estudiante\PracticasEstudianteController))
#8 C:\xampp\htdocs\ITSI\vendor\codeigniter4\framework\system\CodeIgniter.php(354): CodeIgniter\CodeIgniter->handleRequest(NULL, Object(Config\Cache), false)
#9 C:\xampp\htdocs\ITSI\vendor\codeigniter4\framework\system\Boot.php(334): CodeIgniter\CodeIgniter->run()
#10 C:\xampp\htdocs\ITSI\vendor\codeigniter4\framework\system\Boot.php(67): CodeIgniter\Boot::runCodeIgniter(Object(CodeIgniter\CodeIgniter))
#11 C:\xampp\htdocs\ITSI\public\index.php(59): CodeIgniter\Boot::bootWeb(Object(Config\Paths))
#12 {main}
ERROR - 2026-03-03 10:01:09 --> Error al obtener estadísticas: Table 'itsi.practicas_preprofesionales' doesn't exist
ERROR - 2026-03-03 10:01:09 --> mysqli_sql_exception: Table 'itsi.practicas_preprofesionales' doesn't exist in C:\xampp\htdocs\ITSI\vendor\codeigniter4\framework\system\Database\MySQLi\Connection.php:327
Stack trace:
#0 C:\xampp\htdocs\ITSI\vendor\codeigniter4\framework\system\Database\MySQLi\Connection.php(327): mysqli->query('SELECT `pp`.*, ...', 0)
#1 C:\xampp\htdocs\ITSI\vendor\codeigniter4\framework\system\Database\BaseConnection.php(738): CodeIgniter\Database\MySQLi\Connection->execute('SELECT `pp`.*, ...')
#2 C:\xampp\htdocs\ITSI\vendor\codeigniter4\framework\system\Database\BaseConnection.php(652): CodeIgniter\Database\BaseConnection->simpleQuery('SELECT `pp`.*, ...')
#3 C:\xampp\htdocs\ITSI\vendor\codeigniter4\framework\system\Database\BaseBuilder.php(1649): CodeIgniter\Database\BaseConnection->query('SELECT `pp`.*, ...', Array, false)
#4 C:\xampp\htdocs\ITSI\app\Controllers\estudiante\PracticasEstudianteController.php(456): CodeIgniter\Database\BaseBuilder->get()
#5 C:\xampp\htdocs\ITSI\app\Controllers\estudiante\PracticasEstudianteController.php(47): App\Controllers\estudiante\PracticasEstudianteController->obtenerPracticasPreprofesionales('3')
#6 C:\xampp\htdocs\ITSI\vendor\codeigniter4\framework\system\CodeIgniter.php(933): App\Controllers\estudiante\PracticasEstudianteController->index()
#7 C:\xampp\htdocs\ITSI\vendor\codeigniter4\framework\system\CodeIgniter.php(507): CodeIgniter\CodeIgniter->runController(Object(App\Controllers\estudiante\PracticasEstudianteController))
#8 C:\xampp\htdocs\ITSI\vendor\codeigniter4\framework\system\CodeIgniter.php(354): CodeIgniter\CodeIgniter->handleRequest(NULL, Object(Config\Cache), false)
#9 C:\xampp\htdocs\ITSI\vendor\codeigniter4\framework\system\Boot.php(334): CodeIgniter\CodeIgniter->run()
#10 C:\xampp\htdocs\ITSI\vendor\codeigniter4\framework\system\Boot.php(67): CodeIgniter\Boot::runCodeIgniter(Object(CodeIgniter\CodeIgniter))
#11 C:\xampp\htdocs\ITSI\public\index.php(59): CodeIgniter\Boot::bootWeb(Object(Config\Paths))
#12 {main}
ERROR - 2026-03-03 10:01:09 --> Error al obtener prácticas preprofesionales: Table 'itsi.practicas_preprofesionales' doesn't exist
ERROR - 2026-03-03 10:01:09 --> mysqli_sql_exception: Table 'itsi.servicios_comunitarios' doesn't exist in C:\xampp\htdocs\ITSI\vendor\codeigniter4\framework\system\Database\MySQLi\Connection.php:327
Stack trace:
#0 C:\xampp\htdocs\ITSI\vendor\codeigniter4\framework\system\Database\MySQLi\Connection.php(327): mysqli->query('SELECT `sc`.*, ...', 0)
#1 C:\xampp\htdocs\ITSI\vendor\codeigniter4\framework\system\Database\BaseConnection.php(738): CodeIgniter\Database\MySQLi\Connection->execute('SELECT `sc`.*, ...')
#2 C:\xampp\htdocs\ITSI\vendor\codeigniter4\framework\system\Database\BaseConnection.php(652): CodeIgniter\Database\BaseConnection->simpleQuery('SELECT `sc`.*, ...')
#3 C:\xampp\htdocs\ITSI\vendor\codeigniter4\framework\system\Database\BaseBuilder.php(1649): CodeIgniter\Database\BaseConnection->query('SELECT `sc`.*, ...', Array, false)
#4 C:\xampp\htdocs\ITSI\app\Controllers\estudiante\PracticasEstudianteController.php(475): CodeIgniter\Database\BaseBuilder->get()
#5 C:\xampp\htdocs\ITSI\app\Controllers\estudiante\PracticasEstudianteController.php(50): App\Controllers\estudiante\PracticasEstudianteController->obtenerServiciosComunitarios('3')
#6 C:\xampp\htdocs\ITSI\vendor\codeigniter4\framework\system\CodeIgniter.php(933): App\Controllers\estudiante\PracticasEstudianteController->index()
#7 C:\xampp\htdocs\ITSI\vendor\codeigniter4\framework\system\CodeIgniter.php(507): CodeIgniter\CodeIgniter->runController(Object(App\Controllers\estudiante\PracticasEstudianteController))
#8 C:\xampp\htdocs\ITSI\vendor\codeigniter4\framework\system\CodeIgniter.php(354): CodeIgniter\CodeIgniter->handleRequest(NULL, Object(Config\Cache), false)
#9 C:\xampp\htdocs\ITSI\vendor\codeigniter4\framework\system\Boot.php(334): CodeIgniter\CodeIgniter->run()
#10 C:\xampp\htdocs\ITSI\vendor\codeigniter4\framework\system\Boot.php(67): CodeIgniter\Boot::runCodeIgniter(Object(CodeIgniter\CodeIgniter))
#11 C:\xampp\htdocs\ITSI\public\index.php(59): CodeIgniter\Boot::bootWeb(Object(Config\Paths))
#12 {main}
ERROR - 2026-03-03 10:01:09 --> Error al obtener servicios comunitarios: Table 'itsi.servicios_comunitarios' doesn't exist
DEBUG - 2026-03-03 10:03:22 --> Session: Class initialized using 'CodeIgniter\Session\Handlers\FileHandler' driver.
ERROR - 2026-03-03 10:03:22 --> mysqli_sql_exception: Table 'itsi.practicas_preprofesionales' doesn't exist in C:\xampp\htdocs\ITSI\vendor\codeigniter4\framework\system\Database\MySQLi\Connection.php:327
Stack trace:
#0 C:\xampp\htdocs\ITSI\vendor\codeigniter4\framework\system\Database\MySQLi\Connection.php(327): mysqli->query('SELECT COUNT(*)...', 0)
#1 C:\xampp\htdocs\ITSI\vendor\codeigniter4\framework\system\Database\BaseConnection.php(738): CodeIgniter\Database\MySQLi\Connection->execute('SELECT COUNT(*)...')
#2 C:\xampp\htdocs\ITSI\vendor\codeigniter4\framework\system\Database\BaseConnection.php(652): CodeIgniter\Database\BaseConnection->simpleQuery('SELECT COUNT(*)...')
#3 C:\xampp\htdocs\ITSI\vendor\codeigniter4\framework\system\Database\BaseBuilder.php(1733): CodeIgniter\Database\BaseConnection->query('SELECT COUNT(*)...', Array, false)
#4 C:\xampp\htdocs\ITSI\app\Controllers\estudiante\PracticasEstudianteController.php(281): CodeIgniter\Database\BaseBuilder->countAllResults()
#5 C:\xampp\htdocs\ITSI\app\Controllers\estudiante\PracticasEstudianteController.php(44): App\Controllers\estudiante\PracticasEstudianteController->obtenerEstadisticasEstudiante('3')
#6 C:\xampp\htdocs\ITSI\vendor\codeigniter4\framework\system\CodeIgniter.php(933): App\Controllers\estudiante\PracticasEstudianteController->index()
#7 C:\xampp\htdocs\ITSI\vendor\codeigniter4\framework\system\CodeIgniter.php(507): CodeIgniter\CodeIgniter->runController(Object(App\Controllers\estudiante\PracticasEstudianteController))
#8 C:\xampp\htdocs\ITSI\vendor\codeigniter4\framework\system\CodeIgniter.php(354): CodeIgniter\CodeIgniter->handleRequest(NULL, Object(Config\Cache), false)
#9 C:\xampp\htdocs\ITSI\vendor\codeigniter4\framework\system\Boot.php(334): CodeIgniter\CodeIgniter->run()
#10 C:\xampp\htdocs\ITSI\vendor\codeigniter4\framework\system\Boot.php(67): CodeIgniter\Boot::runCodeIgniter(Object(CodeIgniter\CodeIgniter))
#11 C:\xampp\htdocs\ITSI\public\index.php(59): CodeIgniter\Boot::bootWeb(Object(Config\Paths))
#12 {main}
ERROR - 2026-03-03 10:03:22 --> Error al obtener estadísticas: Table 'itsi.practicas_preprofesionales' doesn't exist
ERROR - 2026-03-03 10:03:22 --> mysqli_sql_exception: Table 'itsi.practicas_preprofesionales' doesn't exist in C:\xampp\htdocs\ITSI\vendor\codeigniter4\framework\system\Database\MySQLi\Connection.php:327
Stack trace:
#0 C:\xampp\htdocs\ITSI\vendor\codeigniter4\framework\system\Database\MySQLi\Connection.php(327): mysqli->query('SELECT `pp`.*, ...', 0)
#1 C:\xampp\htdocs\ITSI\vendor\codeigniter4\framework\system\Database\BaseConnection.php(738): CodeIgniter\Database\MySQLi\Connection->execute('SELECT `pp`.*, ...')
#2 C:\xampp\htdocs\ITSI\vendor\codeigniter4\framework\system\Database\BaseConnection.php(652): CodeIgniter\Database\BaseConnection->simpleQuery('SELECT `pp`.*, ...')
#3 C:\xampp\htdocs\ITSI\vendor\codeigniter4\framework\system\Database\BaseBuilder.php(1649): CodeIgniter\Database\BaseConnection->query('SELECT `pp`.*, ...', Array, false)
#4 C:\xampp\htdocs\ITSI\app\Controllers\estudiante\PracticasEstudianteController.php(456): CodeIgniter\Database\BaseBuilder->get()
#5 C:\xampp\htdocs\ITSI\app\Controllers\estudiante\PracticasEstudianteController.php(47): App\Controllers\estudiante\PracticasEstudianteController->obtenerPracticasPreprofesionales('3')
#6 C:\xampp\htdocs\ITSI\vendor\codeigniter4\framework\system\CodeIgniter.php(933): App\Controllers\estudiante\PracticasEstudianteController->index()
#7 C:\xampp\htdocs\ITSI\vendor\codeigniter4\framework\system\CodeIgniter.php(507): CodeIgniter\CodeIgniter->runController(Object(App\Controllers\estudiante\PracticasEstudianteController))
#8 C:\xampp\htdocs\ITSI\vendor\codeigniter4\framework\system\CodeIgniter.php(354): CodeIgniter\CodeIgniter->handleRequest(NULL, Object(Config\Cache), false)
#9 C:\xampp\htdocs\ITSI\vendor\codeigniter4\framework\system\Boot.php(334): CodeIgniter\CodeIgniter->run()
#10 C:\xampp\htdocs\ITSI\vendor\codeigniter4\framework\system\Boot.php(67): CodeIgniter\Boot::runCodeIgniter(Object(CodeIgniter\CodeIgniter))
#11 C:\xampp\htdocs\ITSI\public\index.php(59): CodeIgniter\Boot::bootWeb(Object(Config\Paths))
#12 {main}
ERROR - 2026-03-03 10:03:22 --> Error al obtener prácticas preprofesionales: Table 'itsi.practicas_preprofesionales' doesn't exist
ERROR - 2026-03-03 10:03:22 --> mysqli_sql_exception: Table 'itsi.servicios_comunitarios' doesn't exist in C:\xampp\htdocs\ITSI\vendor\codeigniter4\framework\system\Database\MySQLi\Connection.php:327
Stack trace:
#0 C:\xampp\htdocs\ITSI\vendor\codeigniter4\framework\system\Database\MySQLi\Connection.php(327): mysqli->query('SELECT `sc`.*, ...', 0)
#1 C:\xampp\htdocs\ITSI\vendor\codeigniter4\framework\system\Database\BaseConnection.php(738): CodeIgniter\Database\MySQLi\Connection->execute('SELECT `sc`.*, ...')
#2 C:\xampp\htdocs\ITSI\vendor\codeigniter4\framework\system\Database\BaseConnection.php(652): CodeIgniter\Database\BaseConnection->simpleQuery('SELECT `sc`.*, ...')
#3 C:\xampp\htdocs\ITSI\vendor\codeigniter4\framework\system\Database\BaseBuilder.php(1649): CodeIgniter\Database\BaseConnection->query('SELECT `sc`.*, ...', Array, false)
#4 C:\xampp\htdocs\ITSI\app\Controllers\estudiante\PracticasEstudianteController.php(475): CodeIgniter\Database\BaseBuilder->get()
#5 C:\xampp\htdocs\ITSI\app\Controllers\estudiante\PracticasEstudianteController.php(50): App\Controllers\estudiante\PracticasEstudianteController->obtenerServiciosComunitarios('3')
#6 C:\xampp\htdocs\ITSI\vendor\codeigniter4\framework\system\CodeIgniter.php(933): App\Controllers\estudiante\PracticasEstudianteController->index()
#7 C:\xampp\htdocs\ITSI\vendor\codeigniter4\framework\system\CodeIgniter.php(507): CodeIgniter\CodeIgniter->runController(Object(App\Controllers\estudiante\PracticasEstudianteController))
#8 C:\xampp\htdocs\ITSI\vendor\codeigniter4\framework\system\CodeIgniter.php(354): CodeIgniter\CodeIgniter->handleRequest(NULL, Object(Config\Cache), false)
#9 C:\xampp\htdocs\ITSI\vendor\codeigniter4\framework\system\Boot.php(334): CodeIgniter\CodeIgniter->run()
#10 C:\xampp\htdocs\ITSI\vendor\codeigniter4\framework\system\Boot.php(67): CodeIgniter\Boot::runCodeIgniter(Object(CodeIgniter\CodeIgniter))
#11 C:\xampp\htdocs\ITSI\public\index.php(59): CodeIgniter\Boot::bootWeb(Object(Config\Paths))
#12 {main}
ERROR - 2026-03-03 10:03:22 --> Error al obtener servicios comunitarios: Table 'itsi.servicios_comunitarios' doesn't exist
DEBUG - 2026-03-03 10:03:34 --> Session: Class initialized using 'CodeIgniter\Session\Handlers\FileHandler' driver.
ERROR - 2026-03-03 10:03:34 --> mysqli_sql_exception: Table 'itsi.practicas_preprofesionales' doesn't exist in C:\xampp\htdocs\ITSI\vendor\codeigniter4\framework\system\Database\MySQLi\Connection.php:327
Stack trace:
#0 C:\xampp\htdocs\ITSI\vendor\codeigniter4\framework\system\Database\MySQLi\Connection.php(327): mysqli->query('SELECT COUNT(*)...', 0)
#1 C:\xampp\htdocs\ITSI\vendor\codeigniter4\framework\system\Database\BaseConnection.php(738): CodeIgniter\Database\MySQLi\Connection->execute('SELECT COUNT(*)...')
#2 C:\xampp\htdocs\ITSI\vendor\codeigniter4\framework\system\Database\BaseConnection.php(652): CodeIgniter\Database\BaseConnection->simpleQuery('SELECT COUNT(*)...')
#3 C:\xampp\htdocs\ITSI\vendor\codeigniter4\framework\system\Database\BaseBuilder.php(1733): CodeIgniter\Database\BaseConnection->query('SELECT COUNT(*)...', Array, false)
#4 C:\xampp\htdocs\ITSI\app\Controllers\estudiante\PracticasEstudianteController.php(281): CodeIgniter\Database\BaseBuilder->countAllResults()
#5 C:\xampp\htdocs\ITSI\app\Controllers\estudiante\PracticasEstudianteController.php(44): App\Controllers\estudiante\PracticasEstudianteController->obtenerEstadisticasEstudiante('3')
#6 C:\xampp\htdocs\ITSI\vendor\codeigniter4\framework\system\CodeIgniter.php(933): App\Controllers\estudiante\PracticasEstudianteController->index()
#7 C:\xampp\htdocs\ITSI\vendor\codeigniter4\framework\system\CodeIgniter.php(507): CodeIgniter\CodeIgniter->runController(Object(App\Controllers\estudiante\PracticasEstudianteController))
#8 C:\xampp\htdocs\ITSI\vendor\codeigniter4\framework\system\CodeIgniter.php(354): CodeIgniter\CodeIgniter->handleRequest(NULL, Object(Config\Cache), false)
#9 C:\xampp\htdocs\ITSI\vendor\codeigniter4\framework\system\Boot.php(334): CodeIgniter\CodeIgniter->run()
#10 C:\xampp\htdocs\ITSI\vendor\codeigniter4\framework\system\Boot.php(67): CodeIgniter\Boot::runCodeIgniter(Object(CodeIgniter\CodeIgniter))
#11 C:\xampp\htdocs\ITSI\public\index.php(59): CodeIgniter\Boot::bootWeb(Object(Config\Paths))
#12 {main}
ERROR - 2026-03-03 10:03:34 --> Error al obtener estadísticas: Table 'itsi.practicas_preprofesionales' doesn't exist
ERROR - 2026-03-03 10:03:34 --> mysqli_sql_exception: Table 'itsi.practicas_preprofesionales' doesn't exist in C:\xampp\htdocs\ITSI\vendor\codeigniter4\framework\system\Database\MySQLi\Connection.php:327
Stack trace:
#0 C:\xampp\htdocs\ITSI\vendor\codeigniter4\framework\system\Database\MySQLi\Connection.php(327): mysqli->query('SELECT `pp`.*, ...', 0)
#1 C:\xampp\htdocs\ITSI\vendor\codeigniter4\framework\system\Database\BaseConnection.php(738): CodeIgniter\Database\MySQLi\Connection->execute('SELECT `pp`.*, ...')
#2 C:\xampp\htdocs\ITSI\vendor\codeigniter4\framework\system\Database\BaseConnection.php(652): CodeIgniter\Database\BaseConnection->simpleQuery('SELECT `pp`.*, ...')
#3 C:\xampp\htdocs\ITSI\vendor\codeigniter4\framework\system\Database\BaseBuilder.php(1649): CodeIgniter\Database\BaseConnection->query('SELECT `pp`.*, ...', Array, false)
#4 C:\xampp\htdocs\ITSI\app\Controllers\estudiante\PracticasEstudianteController.php(456): CodeIgniter\Database\BaseBuilder->get()
#5 C:\xampp\htdocs\ITSI\app\Controllers\estudiante\PracticasEstudianteController.php(47): App\Controllers\estudiante\PracticasEstudianteController->obtenerPracticasPreprofesionales('3')
#6 C:\xampp\htdocs\ITSI\vendor\codeigniter4\framework\system\CodeIgniter.php(933): App\Controllers\estudiante\PracticasEstudianteController->index()
#7 C:\xampp\htdocs\ITSI\vendor\codeigniter4\framework\system\CodeIgniter.php(507): CodeIgniter\CodeIgniter->runController(Object(App\Controllers\estudiante\PracticasEstudianteController))
#8 C:\xampp\htdocs\ITSI\vendor\codeigniter4\framework\system\CodeIgniter.php(354): CodeIgniter\CodeIgniter->handleRequest(NULL, Object(Config\Cache), false)
#9 C:\xampp\htdocs\ITSI\vendor\codeigniter4\framework\system\Boot.php(334): CodeIgniter\CodeIgniter->run()
#10 C:\xampp\htdocs\ITSI\vendor\codeigniter4\framework\system\Boot.php(67): CodeIgniter\Boot::runCodeIgniter(Object(CodeIgniter\CodeIgniter))
#11 C:\xampp\htdocs\ITSI\public\index.php(59): CodeIgniter\Boot::bootWeb(Object(Config\Paths))
#12 {main}
ERROR - 2026-03-03 10:03:34 --> Error al obtener prácticas preprofesionales: Table 'itsi.practicas_preprofesionales' doesn't exist
ERROR - 2026-03-03 10:03:34 --> mysqli_sql_exception: Table 'itsi.servicios_comunitarios' doesn't exist in C:\xampp\htdocs\ITSI\vendor\codeigniter4\framework\system\Database\MySQLi\Connection.php:327
Stack trace:
#0 C:\xampp\htdocs\ITSI\vendor\codeigniter4\framework\system\Database\MySQLi\Connection.php(327): mysqli->query('SELECT `sc`.*, ...', 0)
#1 C:\xampp\htdocs\ITSI\vendor\codeigniter4\framework\system\Database\BaseConnection.php(738): CodeIgniter\Database\MySQLi\Connection->execute('SELECT `sc`.*, ...')
#2 C:\xampp\htdocs\ITSI\vendor\codeigniter4\framework\system\Database\BaseConnection.php(652): CodeIgniter\Database\BaseConnection->simpleQuery('SELECT `sc`.*, ...')
#3 C:\xampp\htdocs\ITSI\vendor\codeigniter4\framework\system\Database\BaseBuilder.php(1649): CodeIgniter\Database\BaseConnection->query('SELECT `sc`.*, ...', Array, false)
#4 C:\xampp\htdocs\ITSI\app\Controllers\estudiante\PracticasEstudianteController.php(475): CodeIgniter\Database\BaseBuilder->get()
#5 C:\xampp\htdocs\ITSI\app\Controllers\estudiante\PracticasEstudianteController.php(50): App\Controllers\estudiante\PracticasEstudianteController->obtenerServiciosComunitarios('3')
#6 C:\xampp\htdocs\ITSI\vendor\codeigniter4\framework\system\CodeIgniter.php(933): App\Controllers\estudiante\PracticasEstudianteController->index()
#7 C:\xampp\htdocs\ITSI\vendor\codeigniter4\framework\system\CodeIgniter.php(507): CodeIgniter\CodeIgniter->runController(Object(App\Controllers\estudiante\PracticasEstudianteController))
#8 C:\xampp\htdocs\ITSI\vendor\codeigniter4\framework\system\CodeIgniter.php(354): CodeIgniter\CodeIgniter->handleRequest(NULL, Object(Config\Cache), false)
#9 C:\xampp\htdocs\ITSI\vendor\codeigniter4\framework\system\Boot.php(334): CodeIgniter\CodeIgniter->run()
#10 C:\xampp\htdocs\ITSI\vendor\codeigniter4\framework\system\Boot.php(67): CodeIgniter\Boot::runCodeIgniter(Object(CodeIgniter\CodeIgniter))
#11 C:\xampp\htdocs\ITSI\public\index.php(59): CodeIgniter\Boot::bootWeb(Object(Config\Paths))
#12 {main}
ERROR - 2026-03-03 10:03:34 --> Error al obtener servicios comunitarios: Table 'itsi.servicios_comunitarios' doesn't exist
DEBUG - 2026-03-03 10:03:44 --> Session: Class initialized using 'CodeIgniter\Session\Handlers\FileHandler' driver.
ERROR - 2026-03-03 10:03:44 --> mysqli_sql_exception: Table 'itsi.practicas_preprofesionales' doesn't exist in C:\xampp\htdocs\ITSI\vendor\codeigniter4\framework\system\Database\MySQLi\Connection.php:327
Stack trace:
#0 C:\xampp\htdocs\ITSI\vendor\codeigniter4\framework\system\Database\MySQLi\Connection.php(327): mysqli->query('SELECT COUNT(*)...', 0)
#1 C:\xampp\htdocs\ITSI\vendor\codeigniter4\framework\system\Database\BaseConnection.php(738): CodeIgniter\Database\MySQLi\Connection->execute('SELECT COUNT(*)...')
#2 C:\xampp\htdocs\ITSI\vendor\codeigniter4\framework\system\Database\BaseConnection.php(652): CodeIgniter\Database\BaseConnection->simpleQuery('SELECT COUNT(*)...')
#3 C:\xampp\htdocs\ITSI\vendor\codeigniter4\framework\system\Database\BaseBuilder.php(1733): CodeIgniter\Database\BaseConnection->query('SELECT COUNT(*)...', Array, false)
#4 C:\xampp\htdocs\ITSI\app\Controllers\estudiante\PracticasEstudianteController.php(281): CodeIgniter\Database\BaseBuilder->countAllResults()
#5 C:\xampp\htdocs\ITSI\app\Controllers\estudiante\PracticasEstudianteController.php(44): App\Controllers\estudiante\PracticasEstudianteController->obtenerEstadisticasEstudiante('3')
#6 C:\xampp\htdocs\ITSI\vendor\codeigniter4\framework\system\CodeIgniter.php(933): App\Controllers\estudiante\PracticasEstudianteController->index()
#7 C:\xampp\htdocs\ITSI\vendor\codeigniter4\framework\system\CodeIgniter.php(507): CodeIgniter\CodeIgniter->runController(Object(App\Controllers\estudiante\PracticasEstudianteController))
#8 C:\xampp\htdocs\ITSI\vendor\codeigniter4\framework\system\CodeIgniter.php(354): CodeIgniter\CodeIgniter->handleRequest(NULL, Object(Config\Cache), false)
#9 C:\xampp\htdocs\ITSI\vendor\codeigniter4\framework\system\Boot.php(334): CodeIgniter\CodeIgniter->run()
#10 C:\xampp\htdocs\ITSI\vendor\codeigniter4\framework\system\Boot.php(67): CodeIgniter\Boot::runCodeIgniter(Object(CodeIgniter\CodeIgniter))
#11 C:\xampp\htdocs\ITSI\public\index.php(59): CodeIgniter\Boot::bootWeb(Object(Config\Paths))
#12 {main}
ERROR - 2026-03-03 10:03:44 --> Error al obtener estadísticas: Table 'itsi.practicas_preprofesionales' doesn't exist
ERROR - 2026-03-03 10:03:44 --> mysqli_sql_exception: Table 'itsi.practicas_preprofesionales' doesn't exist in C:\xampp\htdocs\ITSI\vendor\codeigniter4\framework\system\Database\MySQLi\Connection.php:327
Stack trace:
#0 C:\xampp\htdocs\ITSI\vendor\codeigniter4\framework\system\Database\MySQLi\Connection.php(327): mysqli->query('SELECT `pp`.*, ...', 0)
#1 C:\xampp\htdocs\ITSI\vendor\codeigniter4\framework\system\Database\BaseConnection.php(738): CodeIgniter\Database\MySQLi\Connection->execute('SELECT `pp`.*, ...')
#2 C:\xampp\htdocs\ITSI\vendor\codeigniter4\framework\system\Database\BaseConnection.php(652): CodeIgniter\Database\BaseConnection->simpleQuery('SELECT `pp`.*, ...')
#3 C:\xampp\htdocs\ITSI\vendor\codeigniter4\framework\system\Database\BaseBuilder.php(1649): CodeIgniter\Database\BaseConnection->query('SELECT `pp`.*, ...', Array, false)
#4 C:\xampp\htdocs\ITSI\app\Controllers\estudiante\PracticasEstudianteController.php(456): CodeIgniter\Database\BaseBuilder->get()
#5 C:\xampp\htdocs\ITSI\app\Controllers\estudiante\PracticasEstudianteController.php(47): App\Controllers\estudiante\PracticasEstudianteController->obtenerPracticasPreprofesionales('3')
#6 C:\xampp\htdocs\ITSI\vendor\codeigniter4\framework\system\CodeIgniter.php(933): App\Controllers\estudiante\PracticasEstudianteController->index()
#7 C:\xampp\htdocs\ITSI\vendor\codeigniter4\framework\system\CodeIgniter.php(507): CodeIgniter\CodeIgniter->runController(Object(App\Controllers\estudiante\PracticasEstudianteController))
#8 C:\xampp\htdocs\ITSI\vendor\codeigniter4\framework\system\CodeIgniter.php(354): CodeIgniter\CodeIgniter->handleRequest(NULL, Object(Config\Cache), false)
#9 C:\xampp\htdocs\ITSI\vendor\codeigniter4\framework\system\Boot.php(334): CodeIgniter\CodeIgniter->run()
#10 C:\xampp\htdocs\ITSI\vendor\codeigniter4\framework\system\Boot.php(67): CodeIgniter\Boot::runCodeIgniter(Object(CodeIgniter\CodeIgniter))
#11 C:\xampp\htdocs\ITSI\public\index.php(59): CodeIgniter\Boot::bootWeb(Object(Config\Paths))
#12 {main}
ERROR - 2026-03-03 10:03:44 --> Error al obtener prácticas preprofesionales: Table 'itsi.practicas_preprofesionales' doesn't exist
ERROR - 2026-03-03 10:03:44 --> mysqli_sql_exception: Table 'itsi.servicios_comunitarios' doesn't exist in C:\xampp\htdocs\ITSI\vendor\codeigniter4\framework\system\Database\MySQLi\Connection.php:327
Stack trace:
#0 C:\xampp\htdocs\ITSI\vendor\codeigniter4\framework\system\Database\MySQLi\Connection.php(327): mysqli->query('SELECT `sc`.*, ...', 0)
#1 C:\xampp\htdocs\ITSI\vendor\codeigniter4\framework\system\Database\BaseConnection.php(738): CodeIgniter\Database\MySQLi\Connection->execute('SELECT `sc`.*, ...')
#2 C:\xampp\htdocs\ITSI\vendor\codeigniter4\framework\system\Database\BaseConnection.php(652): CodeIgniter\Database\BaseConnection->simpleQuery('SELECT `sc`.*, ...')
#3 C:\xampp\htdocs\ITSI\vendor\codeigniter4\framework\system\Database\BaseBuilder.php(1649): CodeIgniter\Database\BaseConnection->query('SELECT `sc`.*, ...', Array, false)
#4 C:\xampp\htdocs\ITSI\app\Controllers\estudiante\PracticasEstudianteController.php(475): CodeIgniter\Database\BaseBuilder->get()
#5 C:\xampp\htdocs\ITSI\app\Controllers\estudiante\PracticasEstudianteController.php(50): App\Controllers\estudiante\PracticasEstudianteController->obtenerServiciosComunitarios('3')
#6 C:\xampp\htdocs\ITSI\vendor\codeigniter4\framework\system\CodeIgniter.php(933): App\Controllers\estudiante\PracticasEstudianteController->index()
#7 C:\xampp\htdocs\ITSI\vendor\codeigniter4\framework\system\CodeIgniter.php(507): CodeIgniter\CodeIgniter->runController(Object(App\Controllers\estudiante\PracticasEstudianteController))
#8 C:\xampp\htdocs\ITSI\vendor\codeigniter4\framework\system\CodeIgniter.php(354): CodeIgniter\CodeIgniter->handleRequest(NULL, Object(Config\Cache), false)
#9 C:\xampp\htdocs\ITSI\vendor\codeigniter4\framework\system\Boot.php(334): CodeIgniter\CodeIgniter->run()
#10 C:\xampp\htdocs\ITSI\vendor\codeigniter4\framework\system\Boot.php(67): CodeIgniter\Boot::runCodeIgniter(Object(CodeIgniter\CodeIgniter))
#11 C:\xampp\htdocs\ITSI\public\index.php(59): CodeIgniter\Boot::bootWeb(Object(Config\Paths))
#12 {main}
ERROR - 2026-03-03 10:03:44 --> Error al obtener servicios comunitarios: Table 'itsi.servicios_comunitarios' doesn't exist
DEBUG - 2026-03-03 10:05:03 --> Session: Class initialized using 'CodeIgniter\Session\Handlers\FileHandler' driver.
ERROR - 2026-03-03 10:05:03 --> mysqli_sql_exception: Table 'itsi.practicas_preprofesionales' doesn't exist in C:\xampp\htdocs\ITSI\vendor\codeigniter4\framework\system\Database\MySQLi\Connection.php:327
Stack trace:
#0 C:\xampp\htdocs\ITSI\vendor\codeigniter4\framework\system\Database\MySQLi\Connection.php(327): mysqli->query('SELECT COUNT(*)...', 0)
#1 C:\xampp\htdocs\ITSI\vendor\codeigniter4\framework\system\Database\BaseConnection.php(738): CodeIgniter\Database\MySQLi\Connection->execute('SELECT COUNT(*)...')
#2 C:\xampp\htdocs\ITSI\vendor\codeigniter4\framework\system\Database\BaseConnection.php(652): CodeIgniter\Database\BaseConnection->simpleQuery('SELECT COUNT(*)...')
#3 C:\xampp\htdocs\ITSI\vendor\codeigniter4\framework\system\Database\BaseBuilder.php(1733): CodeIgniter\Database\BaseConnection->query('SELECT COUNT(*)...', Array, false)
#4 C:\xampp\htdocs\ITSI\app\Controllers\estudiante\PracticasEstudianteController.php(281): CodeIgniter\Database\BaseBuilder->countAllResults()
#5 C:\xampp\htdocs\ITSI\app\Controllers\estudiante\PracticasEstudianteController.php(44): App\Controllers\estudiante\PracticasEstudianteController->obtenerEstadisticasEstudiante('3')
#6 C:\xampp\htdocs\ITSI\vendor\codeigniter4\framework\system\CodeIgniter.php(933): App\Controllers\estudiante\PracticasEstudianteController->index()
#7 C:\xampp\htdocs\ITSI\vendor\codeigniter4\framework\system\CodeIgniter.php(507): CodeIgniter\CodeIgniter->runController(Object(App\Controllers\estudiante\PracticasEstudianteController))
#8 C:\xampp\htdocs\ITSI\vendor\codeigniter4\framework\system\CodeIgniter.php(354): CodeIgniter\CodeIgniter->handleRequest(NULL, Object(Config\Cache), false)
#9 C:\xampp\htdocs\ITSI\vendor\codeigniter4\framework\system\Boot.php(334): CodeIgniter\CodeIgniter->run()
#10 C:\xampp\htdocs\ITSI\vendor\codeigniter4\framework\system\Boot.php(67): CodeIgniter\Boot::runCodeIgniter(Object(CodeIgniter\CodeIgniter))
#11 C:\xampp\htdocs\ITSI\public\index.php(59): CodeIgniter\Boot::bootWeb(Object(Config\Paths))
#12 {main}
ERROR - 2026-03-03 10:05:03 --> Error al obtener estadísticas: Table 'itsi.practicas_preprofesionales' doesn't exist
ERROR - 2026-03-03 10:05:03 --> mysqli_sql_exception: Table 'itsi.practicas_preprofesionales' doesn't exist in C:\xampp\htdocs\ITSI\vendor\codeigniter4\framework\system\Database\MySQLi\Connection.php:327
Stack trace:
#0 C:\xampp\htdocs\ITSI\vendor\codeigniter4\framework\system\Database\MySQLi\Connection.php(327): mysqli->query('SELECT `pp`.*, ...', 0)
#1 C:\xampp\htdocs\ITSI\vendor\codeigniter4\framework\system\Database\BaseConnection.php(738): CodeIgniter\Database\MySQLi\Connection->execute('SELECT `pp`.*, ...')
#2 C:\xampp\htdocs\ITSI\vendor\codeigniter4\framework\system\Database\BaseConnection.php(652): CodeIgniter\Database\BaseConnection->simpleQuery('SELECT `pp`.*, ...')
#3 C:\xampp\htdocs\ITSI\vendor\codeigniter4\framework\system\Database\BaseBuilder.php(1649): CodeIgniter\Database\BaseConnection->query('SELECT `pp`.*, ...', Array, false)
#4 C:\xampp\htdocs\ITSI\app\Controllers\estudiante\PracticasEstudianteController.php(456): CodeIgniter\Database\BaseBuilder->get()
#5 C:\xampp\htdocs\ITSI\app\Controllers\estudiante\PracticasEstudianteController.php(47): App\Controllers\estudiante\PracticasEstudianteController->obtenerPracticasPreprofesionales('3')
#6 C:\xampp\htdocs\ITSI\vendor\codeigniter4\framework\system\CodeIgniter.php(933): App\Controllers\estudiante\PracticasEstudianteController->index()
#7 C:\xampp\htdocs\ITSI\vendor\codeigniter4\framework\system\CodeIgniter.php(507): CodeIgniter\CodeIgniter->runController(Object(App\Controllers\estudiante\PracticasEstudianteController))
#8 C:\xampp\htdocs\ITSI\vendor\codeigniter4\framework\system\CodeIgniter.php(354): CodeIgniter\CodeIgniter->handleRequest(NULL, Object(Config\Cache), false)
#9 C:\xampp\htdocs\ITSI\vendor\codeigniter4\framework\system\Boot.php(334): CodeIgniter\CodeIgniter->run()
#10 C:\xampp\htdocs\ITSI\vendor\codeigniter4\framework\system\Boot.php(67): CodeIgniter\Boot::runCodeIgniter(Object(CodeIgniter\CodeIgniter))
#11 C:\xampp\htdocs\ITSI\public\index.php(59): CodeIgniter\Boot::bootWeb(Object(Config\Paths))
#12 {main}
ERROR - 2026-03-03 10:05:03 --> Error al obtener prácticas preprofesionales: Table 'itsi.practicas_preprofesionales' doesn't exist
ERROR - 2026-03-03 10:05:03 --> mysqli_sql_exception: Table 'itsi.servicios_comunitarios' doesn't exist in C:\xampp\htdocs\ITSI\vendor\codeigniter4\framework\system\Database\MySQLi\Connection.php:327
Stack trace:
#0 C:\xampp\htdocs\ITSI\vendor\codeigniter4\framework\system\Database\MySQLi\Connection.php(327): mysqli->query('SELECT `sc`.*, ...', 0)
#1 C:\xampp\htdocs\ITSI\vendor\codeigniter4\framework\system\Database\BaseConnection.php(738): CodeIgniter\Database\MySQLi\Connection->execute('SELECT `sc`.*, ...')
#2 C:\xampp\htdocs\ITSI\vendor\codeigniter4\framework\system\Database\BaseConnection.php(652): CodeIgniter\Database\BaseConnection->simpleQuery('SELECT `sc`.*, ...')
#3 C:\xampp\htdocs\ITSI\vendor\codeigniter4\framework\system\Database\BaseBuilder.php(1649): CodeIgniter\Database\BaseConnection->query('SELECT `sc`.*, ...', Array, false)
#4 C:\xampp\htdocs\ITSI\app\Controllers\estudiante\PracticasEstudianteController.php(475): CodeIgniter\Database\BaseBuilder->get()
#5 C:\xampp\htdocs\ITSI\app\Controllers\estudiante\PracticasEstudianteController.php(50): App\Controllers\estudiante\PracticasEstudianteController->obtenerServiciosComunitarios('3')
#6 C:\xampp\htdocs\ITSI\vendor\codeigniter4\framework\system\CodeIgniter.php(933): App\Controllers\estudiante\PracticasEstudianteController->index()
#7 C:\xampp\htdocs\ITSI\vendor\codeigniter4\framework\system\CodeIgniter.php(507): CodeIgniter\CodeIgniter->runController(Object(App\Controllers\estudiante\PracticasEstudianteController))
#8 C:\xampp\htdocs\ITSI\vendor\codeigniter4\framework\system\CodeIgniter.php(354): CodeIgniter\CodeIgniter->handleRequest(NULL, Object(Config\Cache), false)
#9 C:\xampp\htdocs\ITSI\vendor\codeigniter4\framework\system\Boot.php(334): CodeIgniter\CodeIgniter->run()
#10 C:\xampp\htdocs\ITSI\vendor\codeigniter4\framework\system\Boot.php(67): CodeIgniter\Boot::runCodeIgniter(Object(CodeIgniter\CodeIgniter))
#11 C:\xampp\htdocs\ITSI\public\index.php(59): CodeIgniter\Boot::bootWeb(Object(Config\Paths))
#12 {main}
ERROR - 2026-03-03 10:05:03 --> Error al obtener servicios comunitarios: Table 'itsi.servicios_comunitarios' doesn't exist
DEBUG - 2026-03-03 10:05:15 --> Session: Class initialized using 'CodeIgniter\Session\Handlers\FileHandler' driver.
ERROR - 2026-03-03 10:05:15 --> mysqli_sql_exception: Table 'itsi.practicas_preprofesionales' doesn't exist in C:\xampp\htdocs\ITSI\vendor\codeigniter4\framework\system\Database\MySQLi\Connection.php:327
Stack trace:
#0 C:\xampp\htdocs\ITSI\vendor\codeigniter4\framework\system\Database\MySQLi\Connection.php(327): mysqli->query('SELECT COUNT(*)...', 0)
#1 C:\xampp\htdocs\ITSI\vendor\codeigniter4\framework\system\Database\BaseConnection.php(738): CodeIgniter\Database\MySQLi\Connection->execute('SELECT COUNT(*)...')
#2 C:\xampp\htdocs\ITSI\vendor\codeigniter4\framework\system\Database\BaseConnection.php(652): CodeIgniter\Database\BaseConnection->simpleQuery('SELECT COUNT(*)...')
#3 C:\xampp\htdocs\ITSI\vendor\codeigniter4\framework\system\Database\BaseBuilder.php(1733): CodeIgniter\Database\BaseConnection->query('SELECT COUNT(*)...', Array, false)
#4 C:\xampp\htdocs\ITSI\app\Controllers\estudiante\PracticasEstudianteController.php(281): CodeIgniter\Database\BaseBuilder->countAllResults()
#5 C:\xampp\htdocs\ITSI\app\Controllers\estudiante\PracticasEstudianteController.php(44): App\Controllers\estudiante\PracticasEstudianteController->obtenerEstadisticasEstudiante('3')
#6 C:\xampp\htdocs\ITSI\vendor\codeigniter4\framework\system\CodeIgniter.php(933): App\Controllers\estudiante\PracticasEstudianteController->index()
#7 C:\xampp\htdocs\ITSI\vendor\codeigniter4\framework\system\CodeIgniter.php(507): CodeIgniter\CodeIgniter->runController(Object(App\Controllers\estudiante\PracticasEstudianteController))
#8 C:\xampp\htdocs\ITSI\vendor\codeigniter4\framework\system\CodeIgniter.php(354): CodeIgniter\CodeIgniter->handleRequest(NULL, Object(Config\Cache), false)
#9 C:\xampp\htdocs\ITSI\vendor\codeigniter4\framework\system\Boot.php(334): CodeIgniter\CodeIgniter->run()
#10 C:\xampp\htdocs\ITSI\vendor\codeigniter4\framework\system\Boot.php(67): CodeIgniter\Boot::runCodeIgniter(Object(CodeIgniter\CodeIgniter))
#11 C:\xampp\htdocs\ITSI\public\index.php(59): CodeIgniter\Boot::bootWeb(Object(Config\Paths))
#12 {main}
ERROR - 2026-03-03 10:05:15 --> Error al obtener estadísticas: Table 'itsi.practicas_preprofesionales' doesn't exist
ERROR - 2026-03-03 10:05:15 --> mysqli_sql_exception: Table 'itsi.practicas_preprofesionales' doesn't exist in C:\xampp\htdocs\ITSI\vendor\codeigniter4\framework\system\Database\MySQLi\Connection.php:327
Stack trace:
#0 C:\xampp\htdocs\ITSI\vendor\codeigniter4\framework\system\Database\MySQLi\Connection.php(327): mysqli->query('SELECT `pp`.*, ...', 0)
#1 C:\xampp\htdocs\ITSI\vendor\codeigniter4\framework\system\Database\BaseConnection.php(738): CodeIgniter\Database\MySQLi\Connection->execute('SELECT `pp`.*, ...')
#2 C:\xampp\htdocs\ITSI\vendor\codeigniter4\framework\system\Database\BaseConnection.php(652): CodeIgniter\Database\BaseConnection->simpleQuery('SELECT `pp`.*, ...')
#3 C:\xampp\htdocs\ITSI\vendor\codeigniter4\framework\system\Database\BaseBuilder.php(1649): CodeIgniter\Database\BaseConnection->query('SELECT `pp`.*, ...', Array, false)
#4 C:\xampp\htdocs\ITSI\app\Controllers\estudiante\PracticasEstudianteController.php(456): CodeIgniter\Database\BaseBuilder->get()
#5 C:\xampp\htdocs\ITSI\app\Controllers\estudiante\PracticasEstudianteController.php(47): App\Controllers\estudiante\PracticasEstudianteController->obtenerPracticasPreprofesionales('3')
#6 C:\xampp\htdocs\ITSI\vendor\codeigniter4\framework\system\CodeIgniter.php(933): App\Controllers\estudiante\PracticasEstudianteController->index()
#7 C:\xampp\htdocs\ITSI\vendor\codeigniter4\framework\system\CodeIgniter.php(507): CodeIgniter\CodeIgniter->runController(Object(App\Controllers\estudiante\PracticasEstudianteController))
#8 C:\xampp\htdocs\ITSI\vendor\codeigniter4\framework\system\CodeIgniter.php(354): CodeIgniter\CodeIgniter->handleRequest(NULL, Object(Config\Cache), false)
#9 C:\xampp\htdocs\ITSI\vendor\codeigniter4\framework\system\Boot.php(334): CodeIgniter\CodeIgniter->run()
#10 C:\xampp\htdocs\ITSI\vendor\codeigniter4\framework\system\Boot.php(67): CodeIgniter\Boot::runCodeIgniter(Object(CodeIgniter\CodeIgniter))
#11 C:\xampp\htdocs\ITSI\public\index.php(59): CodeIgniter\Boot::bootWeb(Object(Config\Paths))
#12 {main}
ERROR - 2026-03-03 10:05:15 --> Error al obtener prácticas preprofesionales: Table 'itsi.practicas_preprofesionales' doesn't exist
ERROR - 2026-03-03 10:05:15 --> mysqli_sql_exception: Table 'itsi.servicios_comunitarios' doesn't exist in C:\xampp\htdocs\ITSI\vendor\codeigniter4\framework\system\Database\MySQLi\Connection.php:327
Stack trace:
#0 C:\xampp\htdocs\ITSI\vendor\codeigniter4\framework\system\Database\MySQLi\Connection.php(327): mysqli->query('SELECT `sc`.*, ...', 0)
#1 C:\xampp\htdocs\ITSI\vendor\codeigniter4\framework\system\Database\BaseConnection.php(738): CodeIgniter\Database\MySQLi\Connection->execute('SELECT `sc`.*, ...')
#2 C:\xampp\htdocs\ITSI\vendor\codeigniter4\framework\system\Database\BaseConnection.php(652): CodeIgniter\Database\BaseConnection->simpleQuery('SELECT `sc`.*, ...')
#3 C:\xampp\htdocs\ITSI\vendor\codeigniter4\framework\system\Database\BaseBuilder.php(1649): CodeIgniter\Database\BaseConnection->query('SELECT `sc`.*, ...', Array, false)
#4 C:\xampp\htdocs\ITSI\app\Controllers\estudiante\PracticasEstudianteController.php(475): CodeIgniter\Database\BaseBuilder->get()
#5 C:\xampp\htdocs\ITSI\app\Controllers\estudiante\PracticasEstudianteController.php(50): App\Controllers\estudiante\PracticasEstudianteController->obtenerServiciosComunitarios('3')
#6 C:\xampp\htdocs\ITSI\vendor\codeigniter4\framework\system\CodeIgniter.php(933): App\Controllers\estudiante\PracticasEstudianteController->index()
#7 C:\xampp\htdocs\ITSI\vendor\codeigniter4\framework\system\CodeIgniter.php(507): CodeIgniter\CodeIgniter->runController(Object(App\Controllers\estudiante\PracticasEstudianteController))
#8 C:\xampp\htdocs\ITSI\vendor\codeigniter4\framework\system\CodeIgniter.php(354): CodeIgniter\CodeIgniter->handleRequest(NULL, Object(Config\Cache), false)
#9 C:\xampp\htdocs\ITSI\vendor\codeigniter4\framework\system\Boot.php(334): CodeIgniter\CodeIgniter->run()
#10 C:\xampp\htdocs\ITSI\vendor\codeigniter4\framework\system\Boot.php(67): CodeIgniter\Boot::runCodeIgniter(Object(CodeIgniter\CodeIgniter))
#11 C:\xampp\htdocs\ITSI\public\index.php(59): CodeIgniter\Boot::bootWeb(Object(Config\Paths))
#12 {main}
ERROR - 2026-03-03 10:05:15 --> Error al obtener servicios comunitarios: Table 'itsi.servicios_comunitarios' doesn't exist
DEBUG - 2026-03-03 10:05:17 --> Session: Class initialized using 'CodeIgniter\Session\Handlers\FileHandler' driver.
ERROR - 2026-03-03 10:05:17 --> mysqli_sql_exception: Table 'itsi.practicas_preprofesionales' doesn't exist in C:\xampp\htdocs\ITSI\vendor\codeigniter4\framework\system\Database\MySQLi\Connection.php:327
Stack trace:
#0 C:\xampp\htdocs\ITSI\vendor\codeigniter4\framework\system\Database\MySQLi\Connection.php(327): mysqli->query('SELECT COUNT(*)...', 0)
#1 C:\xampp\htdocs\ITSI\vendor\codeigniter4\framework\system\Database\BaseConnection.php(738): CodeIgniter\Database\MySQLi\Connection->execute('SELECT COUNT(*)...')
#2 C:\xampp\htdocs\ITSI\vendor\codeigniter4\framework\system\Database\BaseConnection.php(652): CodeIgniter\Database\BaseConnection->simpleQuery('SELECT COUNT(*)...')
#3 C:\xampp\htdocs\ITSI\vendor\codeigniter4\framework\system\Database\BaseBuilder.php(1733): CodeIgniter\Database\BaseConnection->query('SELECT COUNT(*)...', Array, false)
#4 C:\xampp\htdocs\ITSI\app\Controllers\estudiante\PracticasEstudianteController.php(281): CodeIgniter\Database\BaseBuilder->countAllResults()
#5 C:\xampp\htdocs\ITSI\app\Controllers\estudiante\PracticasEstudianteController.php(44): App\Controllers\estudiante\PracticasEstudianteController->obtenerEstadisticasEstudiante('3')
#6 C:\xampp\htdocs\ITSI\vendor\codeigniter4\framework\system\CodeIgniter.php(933): App\Controllers\estudiante\PracticasEstudianteController->index()
#7 C:\xampp\htdocs\ITSI\vendor\codeigniter4\framework\system\CodeIgniter.php(507): CodeIgniter\CodeIgniter->runController(Object(App\Controllers\estudiante\PracticasEstudianteController))
#8 C:\xampp\htdocs\ITSI\vendor\codeigniter4\framework\system\CodeIgniter.php(354): CodeIgniter\CodeIgniter->handleRequest(NULL, Object(Config\Cache), false)
#9 C:\xampp\htdocs\ITSI\vendor\codeigniter4\framework\system\Boot.php(334): CodeIgniter\CodeIgniter->run()
#10 C:\xampp\htdocs\ITSI\vendor\codeigniter4\framework\system\Boot.php(67): CodeIgniter\Boot::runCodeIgniter(Object(CodeIgniter\CodeIgniter))
#11 C:\xampp\htdocs\ITSI\public\index.php(59): CodeIgniter\Boot::bootWeb(Object(Config\Paths))
#12 {main}
ERROR - 2026-03-03 10:05:17 --> Error al obtener estadísticas: Table 'itsi.practicas_preprofesionales' doesn't exist
ERROR - 2026-03-03 10:05:17 --> mysqli_sql_exception: Table 'itsi.practicas_preprofesionales' doesn't exist in C:\xampp\htdocs\ITSI\vendor\codeigniter4\framework\system\Database\MySQLi\Connection.php:327
Stack trace:
#0 C:\xampp\htdocs\ITSI\vendor\codeigniter4\framework\system\Database\MySQLi\Connection.php(327): mysqli->query('SELECT `pp`.*, ...', 0)
#1 C:\xampp\htdocs\ITSI\vendor\codeigniter4\framework\system\Database\BaseConnection.php(738): CodeIgniter\Database\MySQLi\Connection->execute('SELECT `pp`.*, ...')
#2 C:\xampp\htdocs\ITSI\vendor\codeigniter4\framework\system\Database\BaseConnection.php(652): CodeIgniter\Database\BaseConnection->simpleQuery('SELECT `pp`.*, ...')
#3 C:\xampp\htdocs\ITSI\vendor\codeigniter4\framework\system\Database\BaseBuilder.php(1649): CodeIgniter\Database\BaseConnection->query('SELECT `pp`.*, ...', Array, false)
#4 C:\xampp\htdocs\ITSI\app\Controllers\estudiante\PracticasEstudianteController.php(456): CodeIgniter\Database\BaseBuilder->get()
#5 C:\xampp\htdocs\ITSI\app\Controllers\estudiante\PracticasEstudianteController.php(47): App\Controllers\estudiante\PracticasEstudianteController->obtenerPracticasPreprofesionales('3')
#6 C:\xampp\htdocs\ITSI\vendor\codeigniter4\framework\system\CodeIgniter.php(933): App\Controllers\estudiante\PracticasEstudianteController->index()
#7 C:\xampp\htdocs\ITSI\vendor\codeigniter4\framework\system\CodeIgniter.php(507): CodeIgniter\CodeIgniter->runController(Object(App\Controllers\estudiante\PracticasEstudianteController))
#8 C:\xampp\htdocs\ITSI\vendor\codeigniter4\framework\system\CodeIgniter.php(354): CodeIgniter\CodeIgniter->handleRequest(NULL, Object(Config\Cache), false)
#9 C:\xampp\htdocs\ITSI\vendor\codeigniter4\framework\system\Boot.php(334): CodeIgniter\CodeIgniter->run()
#10 C:\xampp\htdocs\ITSI\vendor\codeigniter4\framework\system\Boot.php(67): CodeIgniter\Boot::runCodeIgniter(Object(CodeIgniter\CodeIgniter))
#11 C:\xampp\htdocs\ITSI\public\index.php(59): CodeIgniter\Boot::bootWeb(Object(Config\Paths))
#12 {main}
ERROR - 2026-03-03 10:05:17 --> Error al obtener prácticas preprofesionales: Table 'itsi.practicas_preprofesionales' doesn't exist
ERROR - 2026-03-03 10:05:17 --> mysqli_sql_exception: Table 'itsi.servicios_comunitarios' doesn't exist in C:\xampp\htdocs\ITSI\vendor\codeigniter4\framework\system\Database\MySQLi\Connection.php:327
Stack trace:
#0 C:\xampp\htdocs\ITSI\vendor\codeigniter4\framework\system\Database\MySQLi\Connection.php(327): mysqli->query('SELECT `sc`.*, ...', 0)
#1 C:\xampp\htdocs\ITSI\vendor\codeigniter4\framework\system\Database\BaseConnection.php(738): CodeIgniter\Database\MySQLi\Connection->execute('SELECT `sc`.*, ...')
#2 C:\xampp\htdocs\ITSI\vendor\codeigniter4\framework\system\Database\BaseConnection.php(652): CodeIgniter\Database\BaseConnection->simpleQuery('SELECT `sc`.*, ...')
#3 C:\xampp\htdocs\ITSI\vendor\codeigniter4\framework\system\Database\BaseBuilder.php(1649): CodeIgniter\Database\BaseConnection->query('SELECT `sc`.*, ...', Array, false)
#4 C:\xampp\htdocs\ITSI\app\Controllers\estudiante\PracticasEstudianteController.php(475): CodeIgniter\Database\BaseBuilder->get()
#5 C:\xampp\htdocs\ITSI\app\Controllers\estudiante\PracticasEstudianteController.php(50): App\Controllers\estudiante\PracticasEstudianteController->obtenerServiciosComunitarios('3')
#6 C:\xampp\htdocs\ITSI\vendor\codeigniter4\framework\system\CodeIgniter.php(933): App\Controllers\estudiante\PracticasEstudianteController->index()
#7 C:\xampp\htdocs\ITSI\vendor\codeigniter4\framework\system\CodeIgniter.php(507): CodeIgniter\CodeIgniter->runController(Object(App\Controllers\estudiante\PracticasEstudianteController))
#8 C:\xampp\htdocs\ITSI\vendor\codeigniter4\framework\system\CodeIgniter.php(354): CodeIgniter\CodeIgniter->handleRequest(NULL, Object(Config\Cache), false)
#9 C:\xampp\htdocs\ITSI\vendor\codeigniter4\framework\system\Boot.php(334): CodeIgniter\CodeIgniter->run()
#10 C:\xampp\htdocs\ITSI\vendor\codeigniter4\framework\system\Boot.php(67): CodeIgniter\Boot::runCodeIgniter(Object(CodeIgniter\CodeIgniter))
#11 C:\xampp\htdocs\ITSI\public\index.php(59): CodeIgniter\Boot::bootWeb(Object(Config\Paths))
#12 {main}
ERROR - 2026-03-03 10:05:17 --> Error al obtener servicios comunitarios: Table 'itsi.servicios_comunitarios' doesn't exist
DEBUG - 2026-03-03 10:05:18 --> Session: Class initialized using 'CodeIgniter\Session\Handlers\FileHandler' driver.
ERROR - 2026-03-03 10:05:18 --> mysqli_sql_exception: Table 'itsi.practicas_preprofesionales' doesn't exist in C:\xampp\htdocs\ITSI\vendor\codeigniter4\framework\system\Database\MySQLi\Connection.php:327
Stack trace:
#0 C:\xampp\htdocs\ITSI\vendor\codeigniter4\framework\system\Database\MySQLi\Connection.php(327): mysqli->query('SELECT COUNT(*)...', 0)
#1 C:\xampp\htdocs\ITSI\vendor\codeigniter4\framework\system\Database\BaseConnection.php(738): CodeIgniter\Database\MySQLi\Connection->execute('SELECT COUNT(*)...')
#2 C:\xampp\htdocs\ITSI\vendor\codeigniter4\framework\system\Database\BaseConnection.php(652): CodeIgniter\Database\BaseConnection->simpleQuery('SELECT COUNT(*)...')
#3 C:\xampp\htdocs\ITSI\vendor\codeigniter4\framework\system\Database\BaseBuilder.php(1733): CodeIgniter\Database\BaseConnection->query('SELECT COUNT(*)...', Array, false)
#4 C:\xampp\htdocs\ITSI\app\Controllers\estudiante\PracticasEstudianteController.php(281): CodeIgniter\Database\BaseBuilder->countAllResults()
#5 C:\xampp\htdocs\ITSI\app\Controllers\estudiante\PracticasEstudianteController.php(44): App\Controllers\estudiante\PracticasEstudianteController->obtenerEstadisticasEstudiante('3')
#6 C:\xampp\htdocs\ITSI\vendor\codeigniter4\framework\system\CodeIgniter.php(933): App\Controllers\estudiante\PracticasEstudianteController->index()
#7 C:\xampp\htdocs\ITSI\vendor\codeigniter4\framework\system\CodeIgniter.php(507): CodeIgniter\CodeIgniter->runController(Object(App\Controllers\estudiante\PracticasEstudianteController))
#8 C:\xampp\htdocs\ITSI\vendor\codeigniter4\framework\system\CodeIgniter.php(354): CodeIgniter\CodeIgniter->handleRequest(NULL, Object(Config\Cache), false)
#9 C:\xampp\htdocs\ITSI\vendor\codeigniter4\framework\system\Boot.php(334): CodeIgniter\CodeIgniter->run()
#10 C:\xampp\htdocs\ITSI\vendor\codeigniter4\framework\system\Boot.php(67): CodeIgniter\Boot::runCodeIgniter(Object(CodeIgniter\CodeIgniter))
#11 C:\xampp\htdocs\ITSI\public\index.php(59): CodeIgniter\Boot::bootWeb(Object(Config\Paths))
#12 {main}
ERROR - 2026-03-03 10:05:18 --> Error al obtener estadísticas: Table 'itsi.practicas_preprofesionales' doesn't exist
ERROR - 2026-03-03 10:05:18 --> mysqli_sql_exception: Table 'itsi.practicas_preprofesionales' doesn't exist in C:\xampp\htdocs\ITSI\vendor\codeigniter4\framework\system\Database\MySQLi\Connection.php:327
Stack trace:
#0 C:\xampp\htdocs\ITSI\vendor\codeigniter4\framework\system\Database\MySQLi\Connection.php(327): mysqli->query('SELECT `pp`.*, ...', 0)
#1 C:\xampp\htdocs\ITSI\vendor\codeigniter4\framework\system\Database\BaseConnection.php(738): CodeIgniter\Database\MySQLi\Connection->execute('SELECT `pp`.*, ...')
#2 C:\xampp\htdocs\ITSI\vendor\codeigniter4\framework\system\Database\BaseConnection.php(652): CodeIgniter\Database\BaseConnection->simpleQuery('SELECT `pp`.*, ...')
#3 C:\xampp\htdocs\ITSI\vendor\codeigniter4\framework\system\Database\BaseBuilder.php(1649): CodeIgniter\Database\BaseConnection->query('SELECT `pp`.*, ...', Array, false)
#4 C:\xampp\htdocs\ITSI\app\Controllers\estudiante\PracticasEstudianteController.php(456): CodeIgniter\Database\BaseBuilder->get()
#5 C:\xampp\htdocs\ITSI\app\Controllers\estudiante\PracticasEstudianteController.php(47): App\Controllers\estudiante\PracticasEstudianteController->obtenerPracticasPreprofesionales('3')
#6 C:\xampp\htdocs\ITSI\vendor\codeigniter4\framework\system\CodeIgniter.php(933): App\Controllers\estudiante\PracticasEstudianteController->index()
#7 C:\xampp\htdocs\ITSI\vendor\codeigniter4\framework\system\CodeIgniter.php(507): CodeIgniter\CodeIgniter->runController(Object(App\Controllers\estudiante\PracticasEstudianteController))
#8 C:\xampp\htdocs\ITSI\vendor\codeigniter4\framework\system\CodeIgniter.php(354): CodeIgniter\CodeIgniter->handleRequest(NULL, Object(Config\Cache), false)
#9 C:\xampp\htdocs\ITSI\vendor\codeigniter4\framework\system\Boot.php(334): CodeIgniter\CodeIgniter->run()
#10 C:\xampp\htdocs\ITSI\vendor\codeigniter4\framework\system\Boot.php(67): CodeIgniter\Boot::runCodeIgniter(Object(CodeIgniter\CodeIgniter))
#11 C:\xampp\htdocs\ITSI\public\index.php(59): CodeIgniter\Boot::bootWeb(Object(Config\Paths))
#12 {main}
ERROR - 2026-03-03 10:05:18 --> Error al obtener prácticas preprofesionales: Table 'itsi.practicas_preprofesionales' doesn't exist
ERROR - 2026-03-03 10:05:18 --> mysqli_sql_exception: Table 'itsi.servicios_comunitarios' doesn't exist in C:\xampp\htdocs\ITSI\vendor\codeigniter4\framework\system\Database\MySQLi\Connection.php:327
Stack trace:
#0 C:\xampp\htdocs\ITSI\vendor\codeigniter4\framework\system\Database\MySQLi\Connection.php(327): mysqli->query('SELECT `sc`.*, ...', 0)
#1 C:\xampp\htdocs\ITSI\vendor\codeigniter4\framework\system\Database\BaseConnection.php(738): CodeIgniter\Database\MySQLi\Connection->execute('SELECT `sc`.*, ...')
#2 C:\xampp\htdocs\ITSI\vendor\codeigniter4\framework\system\Database\BaseConnection.php(652): CodeIgniter\Database\BaseConnection->simpleQuery('SELECT `sc`.*, ...')
#3 C:\xampp\htdocs\ITSI\vendor\codeigniter4\framework\system\Database\BaseBuilder.php(1649): CodeIgniter\Database\BaseConnection->query('SELECT `sc`.*, ...', Array, false)
#4 C:\xampp\htdocs\ITSI\app\Controllers\estudiante\PracticasEstudianteController.php(475): CodeIgniter\Database\BaseBuilder->get()
#5 C:\xampp\htdocs\ITSI\app\Controllers\estudiante\PracticasEstudianteController.php(50): App\Controllers\estudiante\PracticasEstudianteController->obtenerServiciosComunitarios('3')
#6 C:\xampp\htdocs\ITSI\vendor\codeigniter4\framework\system\CodeIgniter.php(933): App\Controllers\estudiante\PracticasEstudianteController->index()
#7 C:\xampp\htdocs\ITSI\vendor\codeigniter4\framework\system\CodeIgniter.php(507): CodeIgniter\CodeIgniter->runController(Object(App\Controllers\estudiante\PracticasEstudianteController))
#8 C:\xampp\htdocs\ITSI\vendor\codeigniter4\framework\system\CodeIgniter.php(354): CodeIgniter\CodeIgniter->handleRequest(NULL, Object(Config\Cache), false)
#9 C:\xampp\htdocs\ITSI\vendor\codeigniter4\framework\system\Boot.php(334): CodeIgniter\CodeIgniter->run()
#10 C:\xampp\htdocs\ITSI\vendor\codeigniter4\framework\system\Boot.php(67): CodeIgniter\Boot::runCodeIgniter(Object(CodeIgniter\CodeIgniter))
#11 C:\xampp\htdocs\ITSI\public\index.php(59): CodeIgniter\Boot::bootWeb(Object(Config\Paths))
#12 {main}
ERROR - 2026-03-03 10:05:18 --> Error al obtener servicios comunitarios: Table 'itsi.servicios_comunitarios' doesn't exist
DEBUG - 2026-03-03 10:05:20 --> Session: Class initialized using 'CodeIgniter\Session\Handlers\FileHandler' driver.
DEBUG - 2026-03-03 10:05:37 --> Session: Class initialized using 'CodeIgniter\Session\Handlers\FileHandler' driver.
ERROR - 2026-03-03 10:05:37 --> mysqli_sql_exception: Table 'itsi.practicas_preprofesionales' doesn't exist in C:\xampp\htdocs\ITSI\vendor\codeigniter4\framework\system\Database\MySQLi\Connection.php:327
Stack trace:
#0 C:\xampp\htdocs\ITSI\vendor\codeigniter4\framework\system\Database\MySQLi\Connection.php(327): mysqli->query('SELECT COUNT(*)...', 0)
#1 C:\xampp\htdocs\ITSI\vendor\codeigniter4\framework\system\Database\BaseConnection.php(738): CodeIgniter\Database\MySQLi\Connection->execute('SELECT COUNT(*)...')
#2 C:\xampp\htdocs\ITSI\vendor\codeigniter4\framework\system\Database\BaseConnection.php(652): CodeIgniter\Database\BaseConnection->simpleQuery('SELECT COUNT(*)...')
#3 C:\xampp\htdocs\ITSI\vendor\codeigniter4\framework\system\Database\BaseBuilder.php(1733): CodeIgniter\Database\BaseConnection->query('SELECT COUNT(*)...', Array, false)
#4 C:\xampp\htdocs\ITSI\app\Controllers\estudiante\PracticasEstudianteController.php(281): CodeIgniter\Database\BaseBuilder->countAllResults()
#5 C:\xampp\htdocs\ITSI\app\Controllers\estudiante\PracticasEstudianteController.php(44): App\Controllers\estudiante\PracticasEstudianteController->obtenerEstadisticasEstudiante('3')
#6 C:\xampp\htdocs\ITSI\vendor\codeigniter4\framework\system\CodeIgniter.php(933): App\Controllers\estudiante\PracticasEstudianteController->index()
#7 C:\xampp\htdocs\ITSI\vendor\codeigniter4\framework\system\CodeIgniter.php(507): CodeIgniter\CodeIgniter->runController(Object(App\Controllers\estudiante\PracticasEstudianteController))
#8 C:\xampp\htdocs\ITSI\vendor\codeigniter4\framework\system\CodeIgniter.php(354): CodeIgniter\CodeIgniter->handleRequest(NULL, Object(Config\Cache), false)
#9 C:\xampp\htdocs\ITSI\vendor\codeigniter4\framework\system\Boot.php(334): CodeIgniter\CodeIgniter->run()
#10 C:\xampp\htdocs\ITSI\vendor\codeigniter4\framework\system\Boot.php(67): CodeIgniter\Boot::runCodeIgniter(Object(CodeIgniter\CodeIgniter))
#11 C:\xampp\htdocs\ITSI\public\index.php(59): CodeIgniter\Boot::bootWeb(Object(Config\Paths))
#12 {main}
ERROR - 2026-03-03 10:05:37 --> Error al obtener estadísticas: Table 'itsi.practicas_preprofesionales' doesn't exist
ERROR - 2026-03-03 10:05:37 --> mysqli_sql_exception: Table 'itsi.practicas_preprofesionales' doesn't exist in C:\xampp\htdocs\ITSI\vendor\codeigniter4\framework\system\Database\MySQLi\Connection.php:327
Stack trace:
#0 C:\xampp\htdocs\ITSI\vendor\codeigniter4\framework\system\Database\MySQLi\Connection.php(327): mysqli->query('SELECT `pp`.*, ...', 0)
#1 C:\xampp\htdocs\ITSI\vendor\codeigniter4\framework\system\Database\BaseConnection.php(738): CodeIgniter\Database\MySQLi\Connection->execute('SELECT `pp`.*, ...')
#2 C:\xampp\htdocs\ITSI\vendor\codeigniter4\framework\system\Database\BaseConnection.php(652): CodeIgniter\Database\BaseConnection->simpleQuery('SELECT `pp`.*, ...')
#3 C:\xampp\htdocs\ITSI\vendor\codeigniter4\framework\system\Database\BaseBuilder.php(1649): CodeIgniter\Database\BaseConnection->query('SELECT `pp`.*, ...', Array, false)
#4 C:\xampp\htdocs\ITSI\app\Controllers\estudiante\PracticasEstudianteController.php(456): CodeIgniter\Database\BaseBuilder->get()
#5 C:\xampp\htdocs\ITSI\app\Controllers\estudiante\PracticasEstudianteController.php(47): App\Controllers\estudiante\PracticasEstudianteController->obtenerPracticasPreprofesionales('3')
#6 C:\xampp\htdocs\ITSI\vendor\codeigniter4\framework\system\CodeIgniter.php(933): App\Controllers\estudiante\PracticasEstudianteController->index()
#7 C:\xampp\htdocs\ITSI\vendor\codeigniter4\framework\system\CodeIgniter.php(507): CodeIgniter\CodeIgniter->runController(Object(App\Controllers\estudiante\PracticasEstudianteController))
#8 C:\xampp\htdocs\ITSI\vendor\codeigniter4\framework\system\CodeIgniter.php(354): CodeIgniter\CodeIgniter->handleRequest(NULL, Object(Config\Cache), false)
#9 C:\xampp\htdocs\ITSI\vendor\codeigniter4\framework\system\Boot.php(334): CodeIgniter\CodeIgniter->run()
#10 C:\xampp\htdocs\ITSI\vendor\codeigniter4\framework\system\Boot.php(67): CodeIgniter\Boot::runCodeIgniter(Object(CodeIgniter\CodeIgniter))
#11 C:\xampp\htdocs\ITSI\public\index.php(59): CodeIgniter\Boot::bootWeb(Object(Config\Paths))
#12 {main}
ERROR - 2026-03-03 10:05:37 --> Error al obtener prácticas preprofesionales: Table 'itsi.practicas_preprofesionales' doesn't exist
ERROR - 2026-03-03 10:05:37 --> mysqli_sql_exception: Table 'itsi.servicios_comunitarios' doesn't exist in C:\xampp\htdocs\ITSI\vendor\codeigniter4\framework\system\Database\MySQLi\Connection.php:327
Stack trace:
#0 C:\xampp\htdocs\ITSI\vendor\codeigniter4\framework\system\Database\MySQLi\Connection.php(327): mysqli->query('SELECT `sc`.*, ...', 0)
#1 C:\xampp\htdocs\ITSI\vendor\codeigniter4\framework\system\Database\BaseConnection.php(738): CodeIgniter\Database\MySQLi\Connection->execute('SELECT `sc`.*, ...')
#2 C:\xampp\htdocs\ITSI\vendor\codeigniter4\framework\system\Database\BaseConnection.php(652): CodeIgniter\Database\BaseConnection->simpleQuery('SELECT `sc`.*, ...')
#3 C:\xampp\htdocs\ITSI\vendor\codeigniter4\framework\system\Database\BaseBuilder.php(1649): CodeIgniter\Database\BaseConnection->query('SELECT `sc`.*, ...', Array, false)
#4 C:\xampp\htdocs\ITSI\app\Controllers\estudiante\PracticasEstudianteController.php(475): CodeIgniter\Database\BaseBuilder->get()
#5 C:\xampp\htdocs\ITSI\app\Controllers\estudiante\PracticasEstudianteController.php(50): App\Controllers\estudiante\PracticasEstudianteController->obtenerServiciosComunitarios('3')
#6 C:\xampp\htdocs\ITSI\vendor\codeigniter4\framework\system\CodeIgniter.php(933): App\Controllers\estudiante\PracticasEstudianteController->index()
#7 C:\xampp\htdocs\ITSI\vendor\codeigniter4\framework\system\CodeIgniter.php(507): CodeIgniter\CodeIgniter->runController(Object(App\Controllers\estudiante\PracticasEstudianteController))
#8 C:\xampp\htdocs\ITSI\vendor\codeigniter4\framework\system\CodeIgniter.php(354): CodeIgniter\CodeIgniter->handleRequest(NULL, Object(Config\Cache), false)
#9 C:\xampp\htdocs\ITSI\vendor\codeigniter4\framework\system\Boot.php(334): CodeIgniter\CodeIgniter->run()
#10 C:\xampp\htdocs\ITSI\vendor\codeigniter4\framework\system\Boot.php(67): CodeIgniter\Boot::runCodeIgniter(Object(CodeIgniter\CodeIgniter))
#11 C:\xampp\htdocs\ITSI\public\index.php(59): CodeIgniter\Boot::bootWeb(Object(Config\Paths))
#12 {main}
ERROR - 2026-03-03 10:05:37 --> Error al obtener servicios comunitarios: Table 'itsi.servicios_comunitarios' doesn't exist
DEBUG - 2026-03-03 10:05:38 --> Session: Class initialized using 'CodeIgniter\Session\Handlers\FileHandler' driver.
ERROR - 2026-03-03 10:05:38 --> mysqli_sql_exception: Table 'itsi.servicios_comunitarios' doesn't exist in C:\xampp\htdocs\ITSI\vendor\codeigniter4\framework\system\Database\MySQLi\Connection.php:327
Stack trace:
#0 C:\xampp\htdocs\ITSI\vendor\codeigniter4\framework\system\Database\MySQLi\Connection.php(327): mysqli->query('SELECT COUNT(*)...', 0)
#1 C:\xampp\htdocs\ITSI\vendor\codeigniter4\framework\system\Database\BaseConnection.php(738): CodeIgniter\Database\MySQLi\Connection->execute('SELECT COUNT(*)...')
#2 C:\xampp\htdocs\ITSI\vendor\codeigniter4\framework\system\Database\BaseConnection.php(652): CodeIgniter\Database\BaseConnection->simpleQuery('SELECT COUNT(*)...')
#3 C:\xampp\htdocs\ITSI\vendor\codeigniter4\framework\system\Database\BaseBuilder.php(1733): CodeIgniter\Database\BaseConnection->query('SELECT COUNT(*)...', Array, false)
#4 C:\xampp\htdocs\ITSI\app\Controllers\estudiante\PracticasEstudianteController.php(334): CodeIgniter\Database\BaseBuilder->countAllResults()
#5 C:\xampp\htdocs\ITSI\app\Controllers\estudiante\PracticasEstudianteController.php(84): App\Controllers\estudiante\PracticasEstudianteController->obtenerEstadisticasServicioComunitario('3')
#6 C:\xampp\htdocs\ITSI\vendor\codeigniter4\framework\system\CodeIgniter.php(933): App\Controllers\estudiante\PracticasEstudianteController->servicioComunitario()
#7 C:\xampp\htdocs\ITSI\vendor\codeigniter4\framework\system\CodeIgniter.php(507): CodeIgniter\CodeIgniter->runController(Object(App\Controllers\estudiante\PracticasEstudianteController))
#8 C:\xampp\htdocs\ITSI\vendor\codeigniter4\framework\system\CodeIgniter.php(354): CodeIgniter\CodeIgniter->handleRequest(NULL, Object(Config\Cache), false)
#9 C:\xampp\htdocs\ITSI\vendor\codeigniter4\framework\system\Boot.php(334): CodeIgniter\CodeIgniter->run()
#10 C:\xampp\htdocs\ITSI\vendor\codeigniter4\framework\system\Boot.php(67): CodeIgniter\Boot::runCodeIgniter(Object(CodeIgniter\CodeIgniter))
#11 C:\xampp\htdocs\ITSI\public\index.php(59): CodeIgniter\Boot::bootWeb(Object(Config\Paths))
#12 {main}
ERROR - 2026-03-03 10:05:38 --> Error al obtener estadísticas servicio comunitario: Table 'itsi.servicios_comunitarios' doesn't exist
ERROR - 2026-03-03 10:05:38 --> mysqli_sql_exception: Table 'itsi.servicios_comunitarios' doesn't exist in C:\xampp\htdocs\ITSI\vendor\codeigniter4\framework\system\Database\MySQLi\Connection.php:327
Stack trace:
#0 C:\xampp\htdocs\ITSI\vendor\codeigniter4\framework\system\Database\MySQLi\Connection.php(327): mysqli->query('SELECT `sc`.*, ...', 0)
#1 C:\xampp\htdocs\ITSI\vendor\codeigniter4\framework\system\Database\BaseConnection.php(738): CodeIgniter\Database\MySQLi\Connection->execute('SELECT `sc`.*, ...')
#2 C:\xampp\htdocs\ITSI\vendor\codeigniter4\framework\system\Database\BaseConnection.php(652): CodeIgniter\Database\BaseConnection->simpleQuery('SELECT `sc`.*, ...')
#3 C:\xampp\htdocs\ITSI\vendor\codeigniter4\framework\system\Database\BaseBuilder.php(1649): CodeIgniter\Database\BaseConnection->query('SELECT `sc`.*, ...', Array, false)
#4 C:\xampp\htdocs\ITSI\app\Controllers\estudiante\PracticasEstudianteController.php(475): CodeIgniter\Database\BaseBuilder->get()
#5 C:\xampp\htdocs\ITSI\app\Controllers\estudiante\PracticasEstudianteController.php(85): App\Controllers\estudiante\PracticasEstudianteController->obtenerServiciosComunitarios('3')
#6 C:\xampp\htdocs\ITSI\vendor\codeigniter4\framework\system\CodeIgniter.php(933): App\Controllers\estudiante\PracticasEstudianteController->servicioComunitario()
#7 C:\xampp\htdocs\ITSI\vendor\codeigniter4\framework\system\CodeIgniter.php(507): CodeIgniter\CodeIgniter->runController(Object(App\Controllers\estudiante\PracticasEstudianteController))
#8 C:\xampp\htdocs\ITSI\vendor\codeigniter4\framework\system\CodeIgniter.php(354): CodeIgniter\CodeIgniter->handleRequest(NULL, Object(Config\Cache), false)
#9 C:\xampp\htdocs\ITSI\vendor\codeigniter4\framework\system\Boot.php(334): CodeIgniter\CodeIgniter->run()
#10 C:\xampp\htdocs\ITSI\vendor\codeigniter4\framework\system\Boot.php(67): CodeIgniter\Boot::runCodeIgniter(Object(CodeIgniter\CodeIgniter))
#11 C:\xampp\htdocs\ITSI\public\index.php(59): CodeIgniter\Boot::bootWeb(Object(Config\Paths))
#12 {main}
ERROR - 2026-03-03 10:05:38 --> Error al obtener servicios comunitarios: Table 'itsi.servicios_comunitarios' doesn't exist
DEBUG - 2026-03-03 10:05:42 --> Actividades cargadas: [{"ID_ACTIVIDAD_EDUCACION":"3","ID_PERIODO_ACADEMICO":null,"ID_INSTRUCTOR":"3","ID_TIPO_MODALIDAD":"1","ID_TIPO_ACTIVIDAD":"3","ID_USUARIO":"1","NOMBRE_ACTIVIDAD":"Inteligencia Artificial y Machine Learning","DESCRIPCION":"Seminario sobre tendencias actuales en IA y aplicaciones pr\u00e1cticas.","OBJETIVOS":"Actualizar conocimientos en inteligencia artificial y sus aplicaciones","DURACION_HORAS":"16","FECHA_INICIO":"2025-12-15","FECHA_FIN":"2025-12-16","LUGAR":"Auditorio Principal","HORARIO":"8:00-17:00","INCLUYE_CERTIFICADO":"1","PROGRAMA_DETALLADO":"Introducci\u00f3n a la IA\nMachine Learning b\u00e1sico\nDeep Learning\nAplicaciones pr\u00e1cticas\nCasos de estudio","ACTIVIDAD":"Seminario","MODALIDAD":"Presencial","ESPECIALIDAD":"Inteligencia Artificial","NOMBRE":"Mar\u00eda","APELLIDO":"Gonz\u00e1lez"},{"ID_ACTIVIDAD_EDUCACION":"5","ID_PERIODO_ACADEMICO":null,"ID_INSTRUCTOR":"2","ID_TIPO_MODALIDAD":"2","ID_TIPO_ACTIVIDAD":"2","ID_USUARIO":"1","NOMBRE_ACTIVIDAD":"Configuraci\u00f3n de Redes","DESCRIPCION":"Taller de configuraci\u00f3n y administraci\u00f3n de redes de computadoras.","OBJETIVOS":"Capacitar en configuraci\u00f3n y administraci\u00f3n de redes","DURACION_HORAS":"32","FECHA_INICIO":"2025-11-01","FECHA_FIN":"2025-11-30","LUGAR":"Laboratorio de Redes","HORARIO":"S\u00e1bados 8:00-12:00","INCLUYE_CERTIFICADO":"1","PROGRAMA_DETALLADO":"Protocolos de red\nConfiguraci\u00f3n de routers\nSwitches y VLANs\nSeguridad en redes","ACTIVIDAD":"Taller","MODALIDAD":"Virtual","ESPECIALIDAD":"Hardware y Redes","NOMBRE":"Ana","APELLIDO":"Ruiz"},{"ID_ACTIVIDAD_EDUCACION":"2","ID_PERIODO_ACADEMICO":null,"ID_INSTRUCTOR":"2","ID_TIPO_MODALIDAD":"2","ID_TIPO_ACTIVIDAD":"2","ID_USUARIO":"1","NOMBRE_ACTIVIDAD":"Reparaci\u00f3n de Equipos de C\u00f3mputo","DESCRIPCION":"Taller pr\u00e1ctico de mantenimiento y reparaci\u00f3n de hardware de computadoras.","OBJETIVOS":"Capacitar en t\u00e9cnicas de diagn\u00f3stico y reparaci\u00f3n de equipos","DURACION_HORAS":"40","FECHA_INICIO":"2025-10-01","FECHA_FIN":"2025-10-31","LUGAR":"Plataforma Virtual","HORARIO":"S\u00e1bados 9:00-13:00","INCLUYE_CERTIFICADO":"1","PROGRAMA_DETALLADO":"Diagn\u00f3stico de problemas\nReparaci\u00f3n de hardware\nMantenimiento preventivo\nInstalaci\u00f3n de software","ACTIVIDAD":"Taller","MODALIDAD":"Virtual","ESPECIALIDAD":"Hardware y Redes","NOMBRE":"Ana","APELLIDO":"Ruiz"},{"ID_ACTIVIDAD_EDUCACION":"1","ID_PERIODO_ACADEMICO":null,"ID_INSTRUCTOR":"1","ID_TIPO_MODALIDAD":"1","ID_TIPO_ACTIVIDAD":"1","ID_USUARIO":"1","NOMBRE_ACTIVIDAD":"Desarrollo Web Full Stack","DESCRIPCION":"Curso completo de desarrollo web con tecnolog\u00edas modernas como React, Node.js, MongoDB y m\u00e1s.","OBJETIVOS":"Formar desarrolladores full stack competentes en tecnolog\u00edas web modernas","DURACION_HORAS":"4","FECHA_INICIO":"2025-08-18","FECHA_FIN":"2025-08-19","LUGAR":"Laboratorio de Programaci\u00f3n","HORARIO":"Lunes a Martess 16:00-18:00","INCLUYE_CERTIFICADO":"1","PROGRAMA_DETALLADO":"M\u00f3dulo 1: HTML\/CSS\/JavaScript\r\nM\u00f3dulo 2: React.js\r\nM\u00f3dulo 3: Node.js\r\nM\u00f3dulo 4: Base de datos\r\nM\u00f3dulo 5: Proyecto final","ACTIVIDAD":"Curso","MODALIDAD":"Presencial","ESPECIALIDAD":"Desarrollo de Software","NOMBRE":"Carlos","APELLIDO":"Mendoza"},{"ID_ACTIVIDAD_EDUCACION":"4","ID_PERIODO_ACADEMICO":null,"ID_INSTRUCTOR":"1","ID_TIPO_MODALIDAD":"1","ID_TIPO_ACTIVIDAD":"1","ID_USUARIO":"1","NOMBRE_ACTIVIDAD":"Programaci\u00f3n en Python","DESCRIPCION":"Curso introductorio de programaci\u00f3n usando Python como lenguaje principal.","OBJETIVOS":"Ense\u00f1ar los fundamentos de programaci\u00f3n usando Python","DURACION_HORAS":"80","FECHA_INICIO":"2025-08-01","FECHA_FIN":"2025-09-30","LUGAR":"Laboratorio de Programaci\u00f3n","HORARIO":"Martes y Jueves 18:00-20:00","INCLUYE_CERTIFICADO":"1","PROGRAMA_DETALLADO":"Variables y tipos de datos\nEstructuras de control\nFunciones\nPOO\nLibrer\u00edas b\u00e1sicas","ACTIVIDAD":"Curso","MODALIDAD":"Presencial","ESPECIALIDAD":"Desarrollo de Software","NOMBRE":"Carlos","APELLIDO":"Mendoza"}]
DEBUG - 2026-03-03 10:05:42 --> Session: Class initialized using 'CodeIgniter\Session\Handlers\FileHandler' driver.
DEBUG - 2026-03-03 10:05:44 --> Session: Class initialized using 'CodeIgniter\Session\Handlers\FileHandler' driver.
ERROR - 2026-03-03 10:05:44 --> mysqli_sql_exception: Table 'itsi.practicas_preprofesionales' doesn't exist in C:\xampp\htdocs\ITSI\vendor\codeigniter4\framework\system\Database\MySQLi\Connection.php:327
Stack trace:
#0 C:\xampp\htdocs\ITSI\vendor\codeigniter4\framework\system\Database\MySQLi\Connection.php(327): mysqli->query('SELECT COUNT(*)...', 0)
#1 C:\xampp\htdocs\ITSI\vendor\codeigniter4\framework\system\Database\BaseConnection.php(738): CodeIgniter\Database\MySQLi\Connection->execute('SELECT COUNT(*)...')
#2 C:\xampp\htdocs\ITSI\vendor\codeigniter4\framework\system\Database\BaseConnection.php(652): CodeIgniter\Database\BaseConnection->simpleQuery('SELECT COUNT(*)...')
#3 C:\xampp\htdocs\ITSI\vendor\codeigniter4\framework\system\Database\BaseBuilder.php(1733): CodeIgniter\Database\BaseConnection->query('SELECT COUNT(*)...', Array, false)
#4 C:\xampp\htdocs\ITSI\app\Controllers\estudiante\PracticasEstudianteController.php(281): CodeIgniter\Database\BaseBuilder->countAllResults()
#5 C:\xampp\htdocs\ITSI\app\Controllers\estudiante\PracticasEstudianteController.php(44): App\Controllers\estudiante\PracticasEstudianteController->obtenerEstadisticasEstudiante('3')
#6 C:\xampp\htdocs\ITSI\vendor\codeigniter4\framework\system\CodeIgniter.php(933): App\Controllers\estudiante\PracticasEstudianteController->index()
#7 C:\xampp\htdocs\ITSI\vendor\codeigniter4\framework\system\CodeIgniter.php(507): CodeIgniter\CodeIgniter->runController(Object(App\Controllers\estudiante\PracticasEstudianteController))
#8 C:\xampp\htdocs\ITSI\vendor\codeigniter4\framework\system\CodeIgniter.php(354): CodeIgniter\CodeIgniter->handleRequest(NULL, Object(Config\Cache), false)
#9 C:\xampp\htdocs\ITSI\vendor\codeigniter4\framework\system\Boot.php(334): CodeIgniter\CodeIgniter->run()
#10 C:\xampp\htdocs\ITSI\vendor\codeigniter4\framework\system\Boot.php(67): CodeIgniter\Boot::runCodeIgniter(Object(CodeIgniter\CodeIgniter))
#11 C:\xampp\htdocs\ITSI\public\index.php(59): CodeIgniter\Boot::bootWeb(Object(Config\Paths))
#12 {main}
ERROR - 2026-03-03 10:05:44 --> Error al obtener estadísticas: Table 'itsi.practicas_preprofesionales' doesn't exist
ERROR - 2026-03-03 10:05:44 --> mysqli_sql_exception: Table 'itsi.practicas_preprofesionales' doesn't exist in C:\xampp\htdocs\ITSI\vendor\codeigniter4\framework\system\Database\MySQLi\Connection.php:327
Stack trace:
#0 C:\xampp\htdocs\ITSI\vendor\codeigniter4\framework\system\Database\MySQLi\Connection.php(327): mysqli->query('SELECT `pp`.*, ...', 0)
#1 C:\xampp\htdocs\ITSI\vendor\codeigniter4\framework\system\Database\BaseConnection.php(738): CodeIgniter\Database\MySQLi\Connection->execute('SELECT `pp`.*, ...')
#2 C:\xampp\htdocs\ITSI\vendor\codeigniter4\framework\system\Database\BaseConnection.php(652): CodeIgniter\Database\BaseConnection->simpleQuery('SELECT `pp`.*, ...')
#3 C:\xampp\htdocs\ITSI\vendor\codeigniter4\framework\system\Database\BaseBuilder.php(1649): CodeIgniter\Database\BaseConnection->query('SELECT `pp`.*, ...', Array, false)
#4 C:\xampp\htdocs\ITSI\app\Controllers\estudiante\PracticasEstudianteController.php(456): CodeIgniter\Database\BaseBuilder->get()
#5 C:\xampp\htdocs\ITSI\app\Controllers\estudiante\PracticasEstudianteController.php(47): App\Controllers\estudiante\PracticasEstudianteController->obtenerPracticasPreprofesionales('3')
#6 C:\xampp\htdocs\ITSI\vendor\codeigniter4\framework\system\CodeIgniter.php(933): App\Controllers\estudiante\PracticasEstudianteController->index()
#7 C:\xampp\htdocs\ITSI\vendor\codeigniter4\framework\system\CodeIgniter.php(507): CodeIgniter\CodeIgniter->runController(Object(App\Controllers\estudiante\PracticasEstudianteController))
#8 C:\xampp\htdocs\ITSI\vendor\codeigniter4\framework\system\CodeIgniter.php(354): CodeIgniter\CodeIgniter->handleRequest(NULL, Object(Config\Cache), false)
#9 C:\xampp\htdocs\ITSI\vendor\codeigniter4\framework\system\Boot.php(334): CodeIgniter\CodeIgniter->run()
#10 C:\xampp\htdocs\ITSI\vendor\codeigniter4\framework\system\Boot.php(67): CodeIgniter\Boot::runCodeIgniter(Object(CodeIgniter\CodeIgniter))
#11 C:\xampp\htdocs\ITSI\public\index.php(59): CodeIgniter\Boot::bootWeb(Object(Config\Paths))
#12 {main}
ERROR - 2026-03-03 10:05:44 --> Error al obtener prácticas preprofesionales: Table 'itsi.practicas_preprofesionales' doesn't exist
ERROR - 2026-03-03 10:05:44 --> mysqli_sql_exception: Table 'itsi.servicios_comunitarios' doesn't exist in C:\xampp\htdocs\ITSI\vendor\codeigniter4\framework\system\Database\MySQLi\Connection.php:327
Stack trace:
#0 C:\xampp\htdocs\ITSI\vendor\codeigniter4\framework\system\Database\MySQLi\Connection.php(327): mysqli->query('SELECT `sc`.*, ...', 0)
#1 C:\xampp\htdocs\ITSI\vendor\codeigniter4\framework\system\Database\BaseConnection.php(738): CodeIgniter\Database\MySQLi\Connection->execute('SELECT `sc`.*, ...')
#2 C:\xampp\htdocs\ITSI\vendor\codeigniter4\framework\system\Database\BaseConnection.php(652): CodeIgniter\Database\BaseConnection->simpleQuery('SELECT `sc`.*, ...')
#3 C:\xampp\htdocs\ITSI\vendor\codeigniter4\framework\system\Database\BaseBuilder.php(1649): CodeIgniter\Database\BaseConnection->query('SELECT `sc`.*, ...', Array, false)
#4 C:\xampp\htdocs\ITSI\app\Controllers\estudiante\PracticasEstudianteController.php(475): CodeIgniter\Database\BaseBuilder->get()
#5 C:\xampp\htdocs\ITSI\app\Controllers\estudiante\PracticasEstudianteController.php(50): App\Controllers\estudiante\PracticasEstudianteController->obtenerServiciosComunitarios('3')
#6 C:\xampp\htdocs\ITSI\vendor\codeigniter4\framework\system\CodeIgniter.php(933): App\Controllers\estudiante\PracticasEstudianteController->index()
#7 C:\xampp\htdocs\ITSI\vendor\codeigniter4\framework\system\CodeIgniter.php(507): CodeIgniter\CodeIgniter->runController(Object(App\Controllers\estudiante\PracticasEstudianteController))
#8 C:\xampp\htdocs\ITSI\vendor\codeigniter4\framework\system\CodeIgniter.php(354): CodeIgniter\CodeIgniter->handleRequest(NULL, Object(Config\Cache), false)
#9 C:\xampp\htdocs\ITSI\vendor\codeigniter4\framework\system\Boot.php(334): CodeIgniter\CodeIgniter->run()
#10 C:\xampp\htdocs\ITSI\vendor\codeigniter4\framework\system\Boot.php(67): CodeIgniter\Boot::runCodeIgniter(Object(CodeIgniter\CodeIgniter))
#11 C:\xampp\htdocs\ITSI\public\index.php(59): CodeIgniter\Boot::bootWeb(Object(Config\Paths))
#12 {main}
ERROR - 2026-03-03 10:05:44 --> Error al obtener servicios comunitarios: Table 'itsi.servicios_comunitarios' doesn't exist
DEBUG - 2026-03-03 10:05:45 --> Session: Class initialized using 'CodeIgniter\Session\Handlers\FileHandler' driver.
DEBUG - 2026-03-03 10:05:47 --> Actividades cargadas: [{"ID_ACTIVIDAD_EDUCACION":"3","ID_PERIODO_ACADEMICO":null,"ID_INSTRUCTOR":"3","ID_TIPO_MODALIDAD":"1","ID_TIPO_ACTIVIDAD":"3","ID_USUARIO":"1","NOMBRE_ACTIVIDAD":"Inteligencia Artificial y Machine Learning","DESCRIPCION":"Seminario sobre tendencias actuales en IA y aplicaciones pr\u00e1cticas.","OBJETIVOS":"Actualizar conocimientos en inteligencia artificial y sus aplicaciones","DURACION_HORAS":"16","FECHA_INICIO":"2025-12-15","FECHA_FIN":"2025-12-16","LUGAR":"Auditorio Principal","HORARIO":"8:00-17:00","INCLUYE_CERTIFICADO":"1","PROGRAMA_DETALLADO":"Introducci\u00f3n a la IA\nMachine Learning b\u00e1sico\nDeep Learning\nAplicaciones pr\u00e1cticas\nCasos de estudio","ACTIVIDAD":"Seminario","MODALIDAD":"Presencial","ESPECIALIDAD":"Inteligencia Artificial","NOMBRE":"Mar\u00eda","APELLIDO":"Gonz\u00e1lez"},{"ID_ACTIVIDAD_EDUCACION":"5","ID_PERIODO_ACADEMICO":null,"ID_INSTRUCTOR":"2","ID_TIPO_MODALIDAD":"2","ID_TIPO_ACTIVIDAD":"2","ID_USUARIO":"1","NOMBRE_ACTIVIDAD":"Configuraci\u00f3n de Redes","DESCRIPCION":"Taller de configuraci\u00f3n y administraci\u00f3n de redes de computadoras.","OBJETIVOS":"Capacitar en configuraci\u00f3n y administraci\u00f3n de redes","DURACION_HORAS":"32","FECHA_INICIO":"2025-11-01","FECHA_FIN":"2025-11-30","LUGAR":"Laboratorio de Redes","HORARIO":"S\u00e1bados 8:00-12:00","INCLUYE_CERTIFICADO":"1","PROGRAMA_DETALLADO":"Protocolos de red\nConfiguraci\u00f3n de routers\nSwitches y VLANs\nSeguridad en redes","ACTIVIDAD":"Taller","MODALIDAD":"Virtual","ESPECIALIDAD":"Hardware y Redes","NOMBRE":"Ana","APELLIDO":"Ruiz"},{"ID_ACTIVIDAD_EDUCACION":"2","ID_PERIODO_ACADEMICO":null,"ID_INSTRUCTOR":"2","ID_TIPO_MODALIDAD":"2","ID_TIPO_ACTIVIDAD":"2","ID_USUARIO":"1","NOMBRE_ACTIVIDAD":"Reparaci\u00f3n de Equipos de C\u00f3mputo","DESCRIPCION":"Taller pr\u00e1ctico de mantenimiento y reparaci\u00f3n de hardware de computadoras.","OBJETIVOS":"Capacitar en t\u00e9cnicas de diagn\u00f3stico y reparaci\u00f3n de equipos","DURACION_HORAS":"40","FECHA_INICIO":"2025-10-01","FECHA_FIN":"2025-10-31","LUGAR":"Plataforma Virtual","HORARIO":"S\u00e1bados 9:00-13:00","INCLUYE_CERTIFICADO":"1","PROGRAMA_DETALLADO":"Diagn\u00f3stico de problemas\nReparaci\u00f3n de hardware\nMantenimiento preventivo\nInstalaci\u00f3n de software","ACTIVIDAD":"Taller","MODALIDAD":"Virtual","ESPECIALIDAD":"Hardware y Redes","NOMBRE":"Ana","APELLIDO":"Ruiz"},{"ID_ACTIVIDAD_EDUCACION":"1","ID_PERIODO_ACADEMICO":null,"ID_INSTRUCTOR":"1","ID_TIPO_MODALIDAD":"1","ID_TIPO_ACTIVIDAD":"1","ID_USUARIO":"1","NOMBRE_ACTIVIDAD":"Desarrollo Web Full Stack","DESCRIPCION":"Curso completo de desarrollo web con tecnolog\u00edas modernas como React, Node.js, MongoDB y m\u00e1s.","OBJETIVOS":"Formar desarrolladores full stack competentes en tecnolog\u00edas web modernas","DURACION_HORAS":"4","FECHA_INICIO":"2025-08-18","FECHA_FIN":"2025-08-19","LUGAR":"Laboratorio de Programaci\u00f3n","HORARIO":"Lunes a Martess 16:00-18:00","INCLUYE_CERTIFICADO":"1","PROGRAMA_DETALLADO":"M\u00f3dulo 1: HTML\/CSS\/JavaScript\r\nM\u00f3dulo 2: React.js\r\nM\u00f3dulo 3: Node.js\r\nM\u00f3dulo 4: Base de datos\r\nM\u00f3dulo 5: Proyecto final","ACTIVIDAD":"Curso","MODALIDAD":"Presencial","ESPECIALIDAD":"Desarrollo de Software","NOMBRE":"Carlos","APELLIDO":"Mendoza"},{"ID_ACTIVIDAD_EDUCACION":"4","ID_PERIODO_ACADEMICO":null,"ID_INSTRUCTOR":"1","ID_TIPO_MODALIDAD":"1","ID_TIPO_ACTIVIDAD":"1","ID_USUARIO":"1","NOMBRE_ACTIVIDAD":"Programaci\u00f3n en Python","DESCRIPCION":"Curso introductorio de programaci\u00f3n usando Python como lenguaje principal.","OBJETIVOS":"Ense\u00f1ar los fundamentos de programaci\u00f3n usando Python","DURACION_HORAS":"80","FECHA_INICIO":"2025-08-01","FECHA_FIN":"2025-09-30","LUGAR":"Laboratorio de Programaci\u00f3n","HORARIO":"Martes y Jueves 18:00-20:00","INCLUYE_CERTIFICADO":"1","PROGRAMA_DETALLADO":"Variables y tipos de datos\nEstructuras de control\nFunciones\nPOO\nLibrer\u00edas b\u00e1sicas","ACTIVIDAD":"Curso","MODALIDAD":"Presencial","ESPECIALIDAD":"Desarrollo de Software","NOMBRE":"Carlos","APELLIDO":"Mendoza"}]
DEBUG - 2026-03-03 10:05:47 --> Session: Class initialized using 'CodeIgniter\Session\Handlers\FileHandler' driver.
DEBUG - 2026-03-03 10:05:48 --> Session: Class initialized using 'CodeIgniter\Session\Handlers\FileHandler' driver.
DEBUG - 2026-03-03 10:13:38 --> Session: Class initialized using 'CodeIgniter\Session\Handlers\FileHandler' driver.
ERROR - 2026-03-03 10:13:38 --> mysqli_sql_exception: Table 'itsi.estudiantes' doesn't exist in C:\xampp\htdocs\ITSI\vendor\codeigniter4\framework\system\Database\MySQLi\Connection.php:327
Stack trace:
#0 C:\xampp\htdocs\ITSI\vendor\codeigniter4\framework\system\Database\MySQLi\Connection.php(327): mysqli->query('SELECT *\nFROM `...', 0)
#1 C:\xampp\htdocs\ITSI\vendor\codeigniter4\framework\system\Database\BaseConnection.php(738): CodeIgniter\Database\MySQLi\Connection->execute('SELECT *\nFROM `...')
#2 C:\xampp\htdocs\ITSI\vendor\codeigniter4\framework\system\Database\BaseConnection.php(652): CodeIgniter\Database\BaseConnection->simpleQuery('SELECT *\nFROM `...')
#3 C:\xampp\htdocs\ITSI\vendor\codeigniter4\framework\system\Database\BaseBuilder.php(1649): CodeIgniter\Database\BaseConnection->query('SELECT *\nFROM `...', Array, false)
#4 C:\xampp\htdocs\ITSI\app\Controllers\estudiante\DashboardEstudianteController.php(33): CodeIgniter\Database\BaseBuilder->get()
#5 C:\xampp\htdocs\ITSI\vendor\codeigniter4\framework\system\CodeIgniter.php(933): App\Controllers\estudiante\DashboardEstudianteController->index()
#6 C:\xampp\htdocs\ITSI\vendor\codeigniter4\framework\system\CodeIgniter.php(507): CodeIgniter\CodeIgniter->runController(Object(App\Controllers\estudiante\DashboardEstudianteController))
#7 C:\xampp\htdocs\ITSI\vendor\codeigniter4\framework\system\CodeIgniter.php(354): CodeIgniter\CodeIgniter->handleRequest(NULL, Object(Config\Cache), false)
#8 C:\xampp\htdocs\ITSI\vendor\codeigniter4\framework\system\Boot.php(334): CodeIgniter\CodeIgniter->run()
#9 C:\xampp\htdocs\ITSI\vendor\codeigniter4\framework\system\Boot.php(67): CodeIgniter\Boot::runCodeIgniter(Object(CodeIgniter\CodeIgniter))
#10 C:\xampp\htdocs\ITSI\public\index.php(59): CodeIgniter\Boot::bootWeb(Object(Config\Paths))
#11 {main}
CRITICAL - 2026-03-03 10:13:38 --> CodeIgniter\Database\Exceptions\DatabaseException: Table 'itsi.estudiantes' doesn't exist
[Method: GET, Route: estudiante/dashboard]
in SYSTEMPATH\Database\BaseConnection.php on line 692.
 1 SYSTEMPATH\Database\BaseBuilder.php(1649): CodeIgniter\Database\BaseConnection->query('SELECT *
FROM `estudiantes`
WHERE `ID_USUARIO` = :ID_USUARIO:', [...], false)
 2 APPPATH\Controllers\estudiante\DashboardEstudianteController.php(33): CodeIgniter\Database\BaseBuilder->get()
 3 SYSTEMPATH\CodeIgniter.php(933): App\Controllers\estudiante\DashboardEstudianteController->index()
 4 SYSTEMPATH\CodeIgniter.php(507): CodeIgniter\CodeIgniter->runController(Object(App\Controllers\estudiante\DashboardEstudianteController))
 5 SYSTEMPATH\CodeIgniter.php(354): CodeIgniter\CodeIgniter->handleRequest(null, Object(Config\Cache), false)
 6 SYSTEMPATH\Boot.php(334): CodeIgniter\CodeIgniter->run()
 7 SYSTEMPATH\Boot.php(67): CodeIgniter\Boot::runCodeIgniter(Object(CodeIgniter\CodeIgniter))
 8 FCPATH\index.php(59): CodeIgniter\Boot::bootWeb(Object(Config\Paths))
CRITICAL - 2026-03-03 10:13:38 --> [Caused by] CodeIgniter\Database\Exceptions\DatabaseException: Table 'itsi.estudiantes' doesn't exist
in SYSTEMPATH\Database\MySQLi\Connection.php on line 332.
 1 SYSTEMPATH\Database\BaseConnection.php(738): CodeIgniter\Database\MySQLi\Connection->execute('SELECT *
FROM `estudiantes`
WHERE `ID_USUARIO` = \'3\'')
 2 SYSTEMPATH\Database\BaseConnection.php(652): CodeIgniter\Database\BaseConnection->simpleQuery('SELECT *
FROM `estudiantes`
WHERE `ID_USUARIO` = \'3\'')
 3 SYSTEMPATH\Database\BaseBuilder.php(1649): CodeIgniter\Database\BaseConnection->query('SELECT *
FROM `estudiantes`
WHERE `ID_USUARIO` = :ID_USUARIO:', [...], false)
 4 APPPATH\Controllers\estudiante\DashboardEstudianteController.php(33): CodeIgniter\Database\BaseBuilder->get()
 5 SYSTEMPATH\CodeIgniter.php(933): App\Controllers\estudiante\DashboardEstudianteController->index()
 6 SYSTEMPATH\CodeIgniter.php(507): CodeIgniter\CodeIgniter->runController(Object(App\Controllers\estudiante\DashboardEstudianteController))
 7 SYSTEMPATH\CodeIgniter.php(354): CodeIgniter\CodeIgniter->handleRequest(null, Object(Config\Cache), false)
 8 SYSTEMPATH\Boot.php(334): CodeIgniter\CodeIgniter->run()
 9 SYSTEMPATH\Boot.php(67): CodeIgniter\Boot::runCodeIgniter(Object(CodeIgniter\CodeIgniter))
10 FCPATH\index.php(59): CodeIgniter\Boot::bootWeb(Object(Config\Paths))
CRITICAL - 2026-03-03 10:13:38 --> [Caused by] mysqli_sql_exception: Table 'itsi.estudiantes' doesn't exist
in SYSTEMPATH\Database\MySQLi\Connection.php on line 327.
 1 SYSTEMPATH\Database\MySQLi\Connection.php(327): mysqli->query('SELECT *
FROM `estudiantes`
WHERE `ID_USUARIO` = \'3\'', 0)
 2 SYSTEMPATH\Database\BaseConnection.php(738): CodeIgniter\Database\MySQLi\Connection->execute('SELECT *
FROM `estudiantes`
WHERE `ID_USUARIO` = \'3\'')
 3 SYSTEMPATH\Database\BaseConnection.php(652): CodeIgniter\Database\BaseConnection->simpleQuery('SELECT *
FROM `estudiantes`
WHERE `ID_USUARIO` = \'3\'')
 4 SYSTEMPATH\Database\BaseBuilder.php(1649): CodeIgniter\Database\BaseConnection->query('SELECT *
FROM `estudiantes`
WHERE `ID_USUARIO` = :ID_USUARIO:', [...], false)
 5 APPPATH\Controllers\estudiante\DashboardEstudianteController.php(33): CodeIgniter\Database\BaseBuilder->get()
 6 SYSTEMPATH\CodeIgniter.php(933): App\Controllers\estudiante\DashboardEstudianteController->index()
 7 SYSTEMPATH\CodeIgniter.php(507): CodeIgniter\CodeIgniter->runController(Object(App\Controllers\estudiante\DashboardEstudianteController))
 8 SYSTEMPATH\CodeIgniter.php(354): CodeIgniter\CodeIgniter->handleRequest(null, Object(Config\Cache), false)
 9 SYSTEMPATH\Boot.php(334): CodeIgniter\CodeIgniter->run()
10 SYSTEMPATH\Boot.php(67): CodeIgniter\Boot::runCodeIgniter(Object(CodeIgniter\CodeIgniter))
11 FCPATH\index.php(59): CodeIgniter\Boot::bootWeb(Object(Config\Paths))
DEBUG - 2026-03-03 10:18:09 --> Session: Class initialized using 'CodeIgniter\Session\Handlers\FileHandler' driver.
ERROR - 2026-03-03 10:18:09 --> mysqli_sql_exception: Table 'itsi.estudiantes' doesn't exist in C:\xampp\htdocs\ITSI\vendor\codeigniter4\framework\system\Database\MySQLi\Connection.php:327
Stack trace:
#0 C:\xampp\htdocs\ITSI\vendor\codeigniter4\framework\system\Database\MySQLi\Connection.php(327): mysqli->query('SELECT *\nFROM `...', 0)
#1 C:\xampp\htdocs\ITSI\vendor\codeigniter4\framework\system\Database\BaseConnection.php(738): CodeIgniter\Database\MySQLi\Connection->execute('SELECT *\nFROM `...')
#2 C:\xampp\htdocs\ITSI\vendor\codeigniter4\framework\system\Database\BaseConnection.php(652): CodeIgniter\Database\BaseConnection->simpleQuery('SELECT *\nFROM `...')
#3 C:\xampp\htdocs\ITSI\vendor\codeigniter4\framework\system\Database\BaseBuilder.php(1649): CodeIgniter\Database\BaseConnection->query('SELECT *\nFROM `...', Array, false)
#4 C:\xampp\htdocs\ITSI\app\Controllers\estudiante\DashboardEstudianteController.php(33): CodeIgniter\Database\BaseBuilder->get()
#5 C:\xampp\htdocs\ITSI\vendor\codeigniter4\framework\system\CodeIgniter.php(933): App\Controllers\estudiante\DashboardEstudianteController->index()
#6 C:\xampp\htdocs\ITSI\vendor\codeigniter4\framework\system\CodeIgniter.php(507): CodeIgniter\CodeIgniter->runController(Object(App\Controllers\estudiante\DashboardEstudianteController))
#7 C:\xampp\htdocs\ITSI\vendor\codeigniter4\framework\system\CodeIgniter.php(354): CodeIgniter\CodeIgniter->handleRequest(NULL, Object(Config\Cache), false)
#8 C:\xampp\htdocs\ITSI\vendor\codeigniter4\framework\system\Boot.php(334): CodeIgniter\CodeIgniter->run()
#9 C:\xampp\htdocs\ITSI\vendor\codeigniter4\framework\system\Boot.php(67): CodeIgniter\Boot::runCodeIgniter(Object(CodeIgniter\CodeIgniter))
#10 C:\xampp\htdocs\ITSI\public\index.php(59): CodeIgniter\Boot::bootWeb(Object(Config\Paths))
#11 {main}
CRITICAL - 2026-03-03 10:18:09 --> CodeIgniter\Database\Exceptions\DatabaseException: Table 'itsi.estudiantes' doesn't exist
[Method: GET, Route: estudiante/dashboard]
in SYSTEMPATH\Database\BaseConnection.php on line 692.
 1 SYSTEMPATH\Database\BaseBuilder.php(1649): CodeIgniter\Database\BaseConnection->query('SELECT *
FROM `estudiantes`
WHERE `ID_USUARIO` = :ID_USUARIO:', [...], false)
 2 APPPATH\Controllers\estudiante\DashboardEstudianteController.php(33): CodeIgniter\Database\BaseBuilder->get()
 3 SYSTEMPATH\CodeIgniter.php(933): App\Controllers\estudiante\DashboardEstudianteController->index()
 4 SYSTEMPATH\CodeIgniter.php(507): CodeIgniter\CodeIgniter->runController(Object(App\Controllers\estudiante\DashboardEstudianteController))
 5 SYSTEMPATH\CodeIgniter.php(354): CodeIgniter\CodeIgniter->handleRequest(null, Object(Config\Cache), false)
 6 SYSTEMPATH\Boot.php(334): CodeIgniter\CodeIgniter->run()
 7 SYSTEMPATH\Boot.php(67): CodeIgniter\Boot::runCodeIgniter(Object(CodeIgniter\CodeIgniter))
 8 FCPATH\index.php(59): CodeIgniter\Boot::bootWeb(Object(Config\Paths))
CRITICAL - 2026-03-03 10:18:09 --> [Caused by] CodeIgniter\Database\Exceptions\DatabaseException: Table 'itsi.estudiantes' doesn't exist
in SYSTEMPATH\Database\MySQLi\Connection.php on line 332.
 1 SYSTEMPATH\Database\BaseConnection.php(738): CodeIgniter\Database\MySQLi\Connection->execute('SELECT *
FROM `estudiantes`
WHERE `ID_USUARIO` = \'3\'')
 2 SYSTEMPATH\Database\BaseConnection.php(652): CodeIgniter\Database\BaseConnection->simpleQuery('SELECT *
FROM `estudiantes`
WHERE `ID_USUARIO` = \'3\'')
 3 SYSTEMPATH\Database\BaseBuilder.php(1649): CodeIgniter\Database\BaseConnection->query('SELECT *
FROM `estudiantes`
WHERE `ID_USUARIO` = :ID_USUARIO:', [...], false)
 4 APPPATH\Controllers\estudiante\DashboardEstudianteController.php(33): CodeIgniter\Database\BaseBuilder->get()
 5 SYSTEMPATH\CodeIgniter.php(933): App\Controllers\estudiante\DashboardEstudianteController->index()
 6 SYSTEMPATH\CodeIgniter.php(507): CodeIgniter\CodeIgniter->runController(Object(App\Controllers\estudiante\DashboardEstudianteController))
 7 SYSTEMPATH\CodeIgniter.php(354): CodeIgniter\CodeIgniter->handleRequest(null, Object(Config\Cache), false)
 8 SYSTEMPATH\Boot.php(334): CodeIgniter\CodeIgniter->run()
 9 SYSTEMPATH\Boot.php(67): CodeIgniter\Boot::runCodeIgniter(Object(CodeIgniter\CodeIgniter))
10 FCPATH\index.php(59): CodeIgniter\Boot::bootWeb(Object(Config\Paths))
CRITICAL - 2026-03-03 10:18:09 --> [Caused by] mysqli_sql_exception: Table 'itsi.estudiantes' doesn't exist
in SYSTEMPATH\Database\MySQLi\Connection.php on line 327.
 1 SYSTEMPATH\Database\MySQLi\Connection.php(327): mysqli->query('SELECT *
FROM `estudiantes`
WHERE `ID_USUARIO` = \'3\'', 0)
 2 SYSTEMPATH\Database\BaseConnection.php(738): CodeIgniter\Database\MySQLi\Connection->execute('SELECT *
FROM `estudiantes`
WHERE `ID_USUARIO` = \'3\'')
 3 SYSTEMPATH\Database\BaseConnection.php(652): CodeIgniter\Database\BaseConnection->simpleQuery('SELECT *
FROM `estudiantes`
WHERE `ID_USUARIO` = \'3\'')
 4 SYSTEMPATH\Database\BaseBuilder.php(1649): CodeIgniter\Database\BaseConnection->query('SELECT *
FROM `estudiantes`
WHERE `ID_USUARIO` = :ID_USUARIO:', [...], false)
 5 APPPATH\Controllers\estudiante\DashboardEstudianteController.php(33): CodeIgniter\Database\BaseBuilder->get()
 6 SYSTEMPATH\CodeIgniter.php(933): App\Controllers\estudiante\DashboardEstudianteController->index()
 7 SYSTEMPATH\CodeIgniter.php(507): CodeIgniter\CodeIgniter->runController(Object(App\Controllers\estudiante\DashboardEstudianteController))
 8 SYSTEMPATH\CodeIgniter.php(354): CodeIgniter\CodeIgniter->handleRequest(null, Object(Config\Cache), false)
 9 SYSTEMPATH\Boot.php(334): CodeIgniter\CodeIgniter->run()
10 SYSTEMPATH\Boot.php(67): CodeIgniter\Boot::runCodeIgniter(Object(CodeIgniter\CodeIgniter))
11 FCPATH\index.php(59): CodeIgniter\Boot::bootWeb(Object(Config\Paths))
DEBUG - 2026-03-03 10:18:12 --> Session: Class initialized using 'CodeIgniter\Session\Handlers\FileHandler' driver.
ERROR - 2026-03-03 10:18:12 --> mysqli_sql_exception: Table 'itsi.estudiantes' doesn't exist in C:\xampp\htdocs\ITSI\vendor\codeigniter4\framework\system\Database\MySQLi\Connection.php:327
Stack trace:
#0 C:\xampp\htdocs\ITSI\vendor\codeigniter4\framework\system\Database\MySQLi\Connection.php(327): mysqli->query('SELECT *\nFROM `...', 0)
#1 C:\xampp\htdocs\ITSI\vendor\codeigniter4\framework\system\Database\BaseConnection.php(738): CodeIgniter\Database\MySQLi\Connection->execute('SELECT *\nFROM `...')
#2 C:\xampp\htdocs\ITSI\vendor\codeigniter4\framework\system\Database\BaseConnection.php(652): CodeIgniter\Database\BaseConnection->simpleQuery('SELECT *\nFROM `...')
#3 C:\xampp\htdocs\ITSI\vendor\codeigniter4\framework\system\Database\BaseBuilder.php(1649): CodeIgniter\Database\BaseConnection->query('SELECT *\nFROM `...', Array, false)
#4 C:\xampp\htdocs\ITSI\app\Controllers\estudiante\DashboardEstudianteController.php(33): CodeIgniter\Database\BaseBuilder->get()
#5 C:\xampp\htdocs\ITSI\vendor\codeigniter4\framework\system\CodeIgniter.php(933): App\Controllers\estudiante\DashboardEstudianteController->index()
#6 C:\xampp\htdocs\ITSI\vendor\codeigniter4\framework\system\CodeIgniter.php(507): CodeIgniter\CodeIgniter->runController(Object(App\Controllers\estudiante\DashboardEstudianteController))
#7 C:\xampp\htdocs\ITSI\vendor\codeigniter4\framework\system\CodeIgniter.php(354): CodeIgniter\CodeIgniter->handleRequest(NULL, Object(Config\Cache), false)
#8 C:\xampp\htdocs\ITSI\vendor\codeigniter4\framework\system\Boot.php(334): CodeIgniter\CodeIgniter->run()
#9 C:\xampp\htdocs\ITSI\vendor\codeigniter4\framework\system\Boot.php(67): CodeIgniter\Boot::runCodeIgniter(Object(CodeIgniter\CodeIgniter))
#10 C:\xampp\htdocs\ITSI\public\index.php(59): CodeIgniter\Boot::bootWeb(Object(Config\Paths))
#11 {main}
CRITICAL - 2026-03-03 10:18:12 --> CodeIgniter\Database\Exceptions\DatabaseException: Table 'itsi.estudiantes' doesn't exist
[Method: GET, Route: estudiante/dashboard]
in SYSTEMPATH\Database\BaseConnection.php on line 692.
 1 SYSTEMPATH\Database\BaseBuilder.php(1649): CodeIgniter\Database\BaseConnection->query('SELECT *
FROM `estudiantes`
WHERE `ID_USUARIO` = :ID_USUARIO:', [...], false)
 2 APPPATH\Controllers\estudiante\DashboardEstudianteController.php(33): CodeIgniter\Database\BaseBuilder->get()
 3 SYSTEMPATH\CodeIgniter.php(933): App\Controllers\estudiante\DashboardEstudianteController->index()
 4 SYSTEMPATH\CodeIgniter.php(507): CodeIgniter\CodeIgniter->runController(Object(App\Controllers\estudiante\DashboardEstudianteController))
 5 SYSTEMPATH\CodeIgniter.php(354): CodeIgniter\CodeIgniter->handleRequest(null, Object(Config\Cache), false)
 6 SYSTEMPATH\Boot.php(334): CodeIgniter\CodeIgniter->run()
 7 SYSTEMPATH\Boot.php(67): CodeIgniter\Boot::runCodeIgniter(Object(CodeIgniter\CodeIgniter))
 8 FCPATH\index.php(59): CodeIgniter\Boot::bootWeb(Object(Config\Paths))
CRITICAL - 2026-03-03 10:18:12 --> [Caused by] CodeIgniter\Database\Exceptions\DatabaseException: Table 'itsi.estudiantes' doesn't exist
in SYSTEMPATH\Database\MySQLi\Connection.php on line 332.
 1 SYSTEMPATH\Database\BaseConnection.php(738): CodeIgniter\Database\MySQLi\Connection->execute('SELECT *
FROM `estudiantes`
WHERE `ID_USUARIO` = \'3\'')
 2 SYSTEMPATH\Database\BaseConnection.php(652): CodeIgniter\Database\BaseConnection->simpleQuery('SELECT *
FROM `estudiantes`
WHERE `ID_USUARIO` = \'3\'')
 3 SYSTEMPATH\Database\BaseBuilder.php(1649): CodeIgniter\Database\BaseConnection->query('SELECT *
FROM `estudiantes`
WHERE `ID_USUARIO` = :ID_USUARIO:', [...], false)
 4 APPPATH\Controllers\estudiante\DashboardEstudianteController.php(33): CodeIgniter\Database\BaseBuilder->get()
 5 SYSTEMPATH\CodeIgniter.php(933): App\Controllers\estudiante\DashboardEstudianteController->index()
 6 SYSTEMPATH\CodeIgniter.php(507): CodeIgniter\CodeIgniter->runController(Object(App\Controllers\estudiante\DashboardEstudianteController))
 7 SYSTEMPATH\CodeIgniter.php(354): CodeIgniter\CodeIgniter->handleRequest(null, Object(Config\Cache), false)
 8 SYSTEMPATH\Boot.php(334): CodeIgniter\CodeIgniter->run()
 9 SYSTEMPATH\Boot.php(67): CodeIgniter\Boot::runCodeIgniter(Object(CodeIgniter\CodeIgniter))
10 FCPATH\index.php(59): CodeIgniter\Boot::bootWeb(Object(Config\Paths))
CRITICAL - 2026-03-03 10:18:12 --> [Caused by] mysqli_sql_exception: Table 'itsi.estudiantes' doesn't exist
in SYSTEMPATH\Database\MySQLi\Connection.php on line 327.
 1 SYSTEMPATH\Database\MySQLi\Connection.php(327): mysqli->query('SELECT *
FROM `estudiantes`
WHERE `ID_USUARIO` = \'3\'', 0)
 2 SYSTEMPATH\Database\BaseConnection.php(738): CodeIgniter\Database\MySQLi\Connection->execute('SELECT *
FROM `estudiantes`
WHERE `ID_USUARIO` = \'3\'')
 3 SYSTEMPATH\Database\BaseConnection.php(652): CodeIgniter\Database\BaseConnection->simpleQuery('SELECT *
FROM `estudiantes`
WHERE `ID_USUARIO` = \'3\'')
 4 SYSTEMPATH\Database\BaseBuilder.php(1649): CodeIgniter\Database\BaseConnection->query('SELECT *
FROM `estudiantes`
WHERE `ID_USUARIO` = :ID_USUARIO:', [...], false)
 5 APPPATH\Controllers\estudiante\DashboardEstudianteController.php(33): CodeIgniter\Database\BaseBuilder->get()
 6 SYSTEMPATH\CodeIgniter.php(933): App\Controllers\estudiante\DashboardEstudianteController->index()
 7 SYSTEMPATH\CodeIgniter.php(507): CodeIgniter\CodeIgniter->runController(Object(App\Controllers\estudiante\DashboardEstudianteController))
 8 SYSTEMPATH\CodeIgniter.php(354): CodeIgniter\CodeIgniter->handleRequest(null, Object(Config\Cache), false)
 9 SYSTEMPATH\Boot.php(334): CodeIgniter\CodeIgniter->run()
10 SYSTEMPATH\Boot.php(67): CodeIgniter\Boot::runCodeIgniter(Object(CodeIgniter\CodeIgniter))
11 FCPATH\index.php(59): CodeIgniter\Boot::bootWeb(Object(Config\Paths))
DEBUG - 2026-03-03 10:20:49 --> Session: Class initialized using 'CodeIgniter\Session\Handlers\FileHandler' driver.
ERROR - 2026-03-03 10:20:49 --> mysqli_sql_exception: Table 'itsi.practicas_preprofesionales' doesn't exist in C:\xampp\htdocs\ITSI\vendor\codeigniter4\framework\system\Database\MySQLi\Connection.php:327
Stack trace:
#0 C:\xampp\htdocs\ITSI\vendor\codeigniter4\framework\system\Database\MySQLi\Connection.php(327): mysqli->query('SELECT COUNT(*)...', 0)
#1 C:\xampp\htdocs\ITSI\vendor\codeigniter4\framework\system\Database\BaseConnection.php(738): CodeIgniter\Database\MySQLi\Connection->execute('SELECT COUNT(*)...')
#2 C:\xampp\htdocs\ITSI\vendor\codeigniter4\framework\system\Database\BaseConnection.php(652): CodeIgniter\Database\BaseConnection->simpleQuery('SELECT COUNT(*)...')
#3 C:\xampp\htdocs\ITSI\vendor\codeigniter4\framework\system\Database\BaseBuilder.php(1733): CodeIgniter\Database\BaseConnection->query('SELECT COUNT(*)...', Array, false)
#4 C:\xampp\htdocs\ITSI\app\Controllers\estudiante\DashboardEstudianteController.php(74): CodeIgniter\Database\BaseBuilder->countAllResults()
#5 C:\xampp\htdocs\ITSI\vendor\codeigniter4\framework\system\CodeIgniter.php(933): App\Controllers\estudiante\DashboardEstudianteController->index()
#6 C:\xampp\htdocs\ITSI\vendor\codeigniter4\framework\system\CodeIgniter.php(507): CodeIgniter\CodeIgniter->runController(Object(App\Controllers\estudiante\DashboardEstudianteController))
#7 C:\xampp\htdocs\ITSI\vendor\codeigniter4\framework\system\CodeIgniter.php(354): CodeIgniter\CodeIgniter->handleRequest(NULL, Object(Config\Cache), false)
#8 C:\xampp\htdocs\ITSI\vendor\codeigniter4\framework\system\Boot.php(334): CodeIgniter\CodeIgniter->run()
#9 C:\xampp\htdocs\ITSI\vendor\codeigniter4\framework\system\Boot.php(67): CodeIgniter\Boot::runCodeIgniter(Object(CodeIgniter\CodeIgniter))
#10 C:\xampp\htdocs\ITSI\public\index.php(59): CodeIgniter\Boot::bootWeb(Object(Config\Paths))
#11 {main}
ERROR - 2026-03-03 10:20:49 --> Dashboard preprofesionales: Table 'itsi.practicas_preprofesionales' doesn't exist
ERROR - 2026-03-03 10:20:49 --> mysqli_sql_exception: Table 'itsi.servicios_comunitarios' doesn't exist in C:\xampp\htdocs\ITSI\vendor\codeigniter4\framework\system\Database\MySQLi\Connection.php:327
Stack trace:
#0 C:\xampp\htdocs\ITSI\vendor\codeigniter4\framework\system\Database\MySQLi\Connection.php(327): mysqli->query('SELECT COUNT(*)...', 0)
#1 C:\xampp\htdocs\ITSI\vendor\codeigniter4\framework\system\Database\BaseConnection.php(738): CodeIgniter\Database\MySQLi\Connection->execute('SELECT COUNT(*)...')
#2 C:\xampp\htdocs\ITSI\vendor\codeigniter4\framework\system\Database\BaseConnection.php(652): CodeIgniter\Database\BaseConnection->simpleQuery('SELECT COUNT(*)...')
#3 C:\xampp\htdocs\ITSI\vendor\codeigniter4\framework\system\Database\BaseBuilder.php(1733): CodeIgniter\Database\BaseConnection->query('SELECT COUNT(*)...', Array, false)
#4 C:\xampp\htdocs\ITSI\app\Controllers\estudiante\DashboardEstudianteController.php(103): CodeIgniter\Database\BaseBuilder->countAllResults()
#5 C:\xampp\htdocs\ITSI\vendor\codeigniter4\framework\system\CodeIgniter.php(933): App\Controllers\estudiante\DashboardEstudianteController->index()
#6 C:\xampp\htdocs\ITSI\vendor\codeigniter4\framework\system\CodeIgniter.php(507): CodeIgniter\CodeIgniter->runController(Object(App\Controllers\estudiante\DashboardEstudianteController))
#7 C:\xampp\htdocs\ITSI\vendor\codeigniter4\framework\system\CodeIgniter.php(354): CodeIgniter\CodeIgniter->handleRequest(NULL, Object(Config\Cache), false)
#8 C:\xampp\htdocs\ITSI\vendor\codeigniter4\framework\system\Boot.php(334): CodeIgniter\CodeIgniter->run()
#9 C:\xampp\htdocs\ITSI\vendor\codeigniter4\framework\system\Boot.php(67): CodeIgniter\Boot::runCodeIgniter(Object(CodeIgniter\CodeIgniter))
#10 C:\xampp\htdocs\ITSI\public\index.php(59): CodeIgniter\Boot::bootWeb(Object(Config\Paths))
#11 {main}
ERROR - 2026-03-03 10:20:49 --> Dashboard servicio comunitario: Table 'itsi.servicios_comunitarios' doesn't exist
DEBUG - 2026-03-03 10:43:31 --> Session: Class initialized using 'CodeIgniter\Session\Handlers\FileHandler' driver.
ERROR - 2026-03-03 10:43:31 --> mysqli_sql_exception: Table 'itsi.practicas_preprofesionales' doesn't exist in C:\xampp\htdocs\ITSI\vendor\codeigniter4\framework\system\Database\MySQLi\Connection.php:327
Stack trace:
#0 C:\xampp\htdocs\ITSI\vendor\codeigniter4\framework\system\Database\MySQLi\Connection.php(327): mysqli->query('SELECT COUNT(*)...', 0)
#1 C:\xampp\htdocs\ITSI\vendor\codeigniter4\framework\system\Database\BaseConnection.php(738): CodeIgniter\Database\MySQLi\Connection->execute('SELECT COUNT(*)...')
#2 C:\xampp\htdocs\ITSI\vendor\codeigniter4\framework\system\Database\BaseConnection.php(652): CodeIgniter\Database\BaseConnection->simpleQuery('SELECT COUNT(*)...')
#3 C:\xampp\htdocs\ITSI\vendor\codeigniter4\framework\system\Database\BaseBuilder.php(1733): CodeIgniter\Database\BaseConnection->query('SELECT COUNT(*)...', Array, false)
#4 C:\xampp\htdocs\ITSI\app\Controllers\estudiante\PracticasEstudianteController.php(281): CodeIgniter\Database\BaseBuilder->countAllResults()
#5 C:\xampp\htdocs\ITSI\app\Controllers\estudiante\PracticasEstudianteController.php(44): App\Controllers\estudiante\PracticasEstudianteController->obtenerEstadisticasEstudiante('3')
#6 C:\xampp\htdocs\ITSI\vendor\codeigniter4\framework\system\CodeIgniter.php(933): App\Controllers\estudiante\PracticasEstudianteController->index()
#7 C:\xampp\htdocs\ITSI\vendor\codeigniter4\framework\system\CodeIgniter.php(507): CodeIgniter\CodeIgniter->runController(Object(App\Controllers\estudiante\PracticasEstudianteController))
#8 C:\xampp\htdocs\ITSI\vendor\codeigniter4\framework\system\CodeIgniter.php(354): CodeIgniter\CodeIgniter->handleRequest(NULL, Object(Config\Cache), false)
#9 C:\xampp\htdocs\ITSI\vendor\codeigniter4\framework\system\Boot.php(334): CodeIgniter\CodeIgniter->run()
#10 C:\xampp\htdocs\ITSI\vendor\codeigniter4\framework\system\Boot.php(67): CodeIgniter\Boot::runCodeIgniter(Object(CodeIgniter\CodeIgniter))
#11 C:\xampp\htdocs\ITSI\public\index.php(59): CodeIgniter\Boot::bootWeb(Object(Config\Paths))
#12 {main}
ERROR - 2026-03-03 10:43:31 --> Error al obtener estadísticas: Table 'itsi.practicas_preprofesionales' doesn't exist
ERROR - 2026-03-03 10:43:31 --> mysqli_sql_exception: Table 'itsi.practicas_preprofesionales' doesn't exist in C:\xampp\htdocs\ITSI\vendor\codeigniter4\framework\system\Database\MySQLi\Connection.php:327
Stack trace:
#0 C:\xampp\htdocs\ITSI\vendor\codeigniter4\framework\system\Database\MySQLi\Connection.php(327): mysqli->query('SELECT `pp`.*, ...', 0)
#1 C:\xampp\htdocs\ITSI\vendor\codeigniter4\framework\system\Database\BaseConnection.php(738): CodeIgniter\Database\MySQLi\Connection->execute('SELECT `pp`.*, ...')
#2 C:\xampp\htdocs\ITSI\vendor\codeigniter4\framework\system\Database\BaseConnection.php(652): CodeIgniter\Database\BaseConnection->simpleQuery('SELECT `pp`.*, ...')
#3 C:\xampp\htdocs\ITSI\vendor\codeigniter4\framework\system\Database\BaseBuilder.php(1649): CodeIgniter\Database\BaseConnection->query('SELECT `pp`.*, ...', Array, false)
#4 C:\xampp\htdocs\ITSI\app\Controllers\estudiante\PracticasEstudianteController.php(456): CodeIgniter\Database\BaseBuilder->get()
#5 C:\xampp\htdocs\ITSI\app\Controllers\estudiante\PracticasEstudianteController.php(47): App\Controllers\estudiante\PracticasEstudianteController->obtenerPracticasPreprofesionales('3')
#6 C:\xampp\htdocs\ITSI\vendor\codeigniter4\framework\system\CodeIgniter.php(933): App\Controllers\estudiante\PracticasEstudianteController->index()
#7 C:\xampp\htdocs\ITSI\vendor\codeigniter4\framework\system\CodeIgniter.php(507): CodeIgniter\CodeIgniter->runController(Object(App\Controllers\estudiante\PracticasEstudianteController))
#8 C:\xampp\htdocs\ITSI\vendor\codeigniter4\framework\system\CodeIgniter.php(354): CodeIgniter\CodeIgniter->handleRequest(NULL, Object(Config\Cache), false)
#9 C:\xampp\htdocs\ITSI\vendor\codeigniter4\framework\system\Boot.php(334): CodeIgniter\CodeIgniter->run()
#10 C:\xampp\htdocs\ITSI\vendor\codeigniter4\framework\system\Boot.php(67): CodeIgniter\Boot::runCodeIgniter(Object(CodeIgniter\CodeIgniter))
#11 C:\xampp\htdocs\ITSI\public\index.php(59): CodeIgniter\Boot::bootWeb(Object(Config\Paths))
#12 {main}
ERROR - 2026-03-03 10:43:31 --> Error al obtener prácticas preprofesionales: Table 'itsi.practicas_preprofesionales' doesn't exist
ERROR - 2026-03-03 10:43:31 --> mysqli_sql_exception: Table 'itsi.servicios_comunitarios' doesn't exist in C:\xampp\htdocs\ITSI\vendor\codeigniter4\framework\system\Database\MySQLi\Connection.php:327
Stack trace:
#0 C:\xampp\htdocs\ITSI\vendor\codeigniter4\framework\system\Database\MySQLi\Connection.php(327): mysqli->query('SELECT `sc`.*, ...', 0)
#1 C:\xampp\htdocs\ITSI\vendor\codeigniter4\framework\system\Database\BaseConnection.php(738): CodeIgniter\Database\MySQLi\Connection->execute('SELECT `sc`.*, ...')
#2 C:\xampp\htdocs\ITSI\vendor\codeigniter4\framework\system\Database\BaseConnection.php(652): CodeIgniter\Database\BaseConnection->simpleQuery('SELECT `sc`.*, ...')
#3 C:\xampp\htdocs\ITSI\vendor\codeigniter4\framework\system\Database\BaseBuilder.php(1649): CodeIgniter\Database\BaseConnection->query('SELECT `sc`.*, ...', Array, false)
#4 C:\xampp\htdocs\ITSI\app\Controllers\estudiante\PracticasEstudianteController.php(475): CodeIgniter\Database\BaseBuilder->get()
#5 C:\xampp\htdocs\ITSI\app\Controllers\estudiante\PracticasEstudianteController.php(50): App\Controllers\estudiante\PracticasEstudianteController->obtenerServiciosComunitarios('3')
#6 C:\xampp\htdocs\ITSI\vendor\codeigniter4\framework\system\CodeIgniter.php(933): App\Controllers\estudiante\PracticasEstudianteController->index()
#7 C:\xampp\htdocs\ITSI\vendor\codeigniter4\framework\system\CodeIgniter.php(507): CodeIgniter\CodeIgniter->runController(Object(App\Controllers\estudiante\PracticasEstudianteController))
#8 C:\xampp\htdocs\ITSI\vendor\codeigniter4\framework\system\CodeIgniter.php(354): CodeIgniter\CodeIgniter->handleRequest(NULL, Object(Config\Cache), false)
#9 C:\xampp\htdocs\ITSI\vendor\codeigniter4\framework\system\Boot.php(334): CodeIgniter\CodeIgniter->run()
#10 C:\xampp\htdocs\ITSI\vendor\codeigniter4\framework\system\Boot.php(67): CodeIgniter\Boot::runCodeIgniter(Object(CodeIgniter\CodeIgniter))
#11 C:\xampp\htdocs\ITSI\public\index.php(59): CodeIgniter\Boot::bootWeb(Object(Config\Paths))
#12 {main}
ERROR - 2026-03-03 10:43:31 --> Error al obtener servicios comunitarios: Table 'itsi.servicios_comunitarios' doesn't exist
DEBUG - 2026-03-03 10:43:32 --> Session: Class initialized using 'CodeIgniter\Session\Handlers\FileHandler' driver.
ERROR - 2026-03-03 10:43:32 --> mysqli_sql_exception: Table 'itsi.practicas_preprofesionales' doesn't exist in C:\xampp\htdocs\ITSI\vendor\codeigniter4\framework\system\Database\MySQLi\Connection.php:327
Stack trace:
#0 C:\xampp\htdocs\ITSI\vendor\codeigniter4\framework\system\Database\MySQLi\Connection.php(327): mysqli->query('SELECT COUNT(*)...', 0)
#1 C:\xampp\htdocs\ITSI\vendor\codeigniter4\framework\system\Database\BaseConnection.php(738): CodeIgniter\Database\MySQLi\Connection->execute('SELECT COUNT(*)...')
#2 C:\xampp\htdocs\ITSI\vendor\codeigniter4\framework\system\Database\BaseConnection.php(652): CodeIgniter\Database\BaseConnection->simpleQuery('SELECT COUNT(*)...')
#3 C:\xampp\htdocs\ITSI\vendor\codeigniter4\framework\system\Database\BaseBuilder.php(1733): CodeIgniter\Database\BaseConnection->query('SELECT COUNT(*)...', Array, false)
#4 C:\xampp\htdocs\ITSI\app\Controllers\estudiante\PracticasEstudianteController.php(281): CodeIgniter\Database\BaseBuilder->countAllResults()
#5 C:\xampp\htdocs\ITSI\app\Controllers\estudiante\PracticasEstudianteController.php(44): App\Controllers\estudiante\PracticasEstudianteController->obtenerEstadisticasEstudiante('3')
#6 C:\xampp\htdocs\ITSI\vendor\codeigniter4\framework\system\CodeIgniter.php(933): App\Controllers\estudiante\PracticasEstudianteController->index()
#7 C:\xampp\htdocs\ITSI\vendor\codeigniter4\framework\system\CodeIgniter.php(507): CodeIgniter\CodeIgniter->runController(Object(App\Controllers\estudiante\PracticasEstudianteController))
#8 C:\xampp\htdocs\ITSI\vendor\codeigniter4\framework\system\CodeIgniter.php(354): CodeIgniter\CodeIgniter->handleRequest(NULL, Object(Config\Cache), false)
#9 C:\xampp\htdocs\ITSI\vendor\codeigniter4\framework\system\Boot.php(334): CodeIgniter\CodeIgniter->run()
#10 C:\xampp\htdocs\ITSI\vendor\codeigniter4\framework\system\Boot.php(67): CodeIgniter\Boot::runCodeIgniter(Object(CodeIgniter\CodeIgniter))
#11 C:\xampp\htdocs\ITSI\public\index.php(59): CodeIgniter\Boot::bootWeb(Object(Config\Paths))
#12 {main}
ERROR - 2026-03-03 10:43:32 --> Error al obtener estadísticas: Table 'itsi.practicas_preprofesionales' doesn't exist
ERROR - 2026-03-03 10:43:32 --> mysqli_sql_exception: Table 'itsi.practicas_preprofesionales' doesn't exist in C:\xampp\htdocs\ITSI\vendor\codeigniter4\framework\system\Database\MySQLi\Connection.php:327
Stack trace:
#0 C:\xampp\htdocs\ITSI\vendor\codeigniter4\framework\system\Database\MySQLi\Connection.php(327): mysqli->query('SELECT `pp`.*, ...', 0)
#1 C:\xampp\htdocs\ITSI\vendor\codeigniter4\framework\system\Database\BaseConnection.php(738): CodeIgniter\Database\MySQLi\Connection->execute('SELECT `pp`.*, ...')
#2 C:\xampp\htdocs\ITSI\vendor\codeigniter4\framework\system\Database\BaseConnection.php(652): CodeIgniter\Database\BaseConnection->simpleQuery('SELECT `pp`.*, ...')
#3 C:\xampp\htdocs\ITSI\vendor\codeigniter4\framework\system\Database\BaseBuilder.php(1649): CodeIgniter\Database\BaseConnection->query('SELECT `pp`.*, ...', Array, false)
#4 C:\xampp\htdocs\ITSI\app\Controllers\estudiante\PracticasEstudianteController.php(456): CodeIgniter\Database\BaseBuilder->get()
#5 C:\xampp\htdocs\ITSI\app\Controllers\estudiante\PracticasEstudianteController.php(47): App\Controllers\estudiante\PracticasEstudianteController->obtenerPracticasPreprofesionales('3')
#6 C:\xampp\htdocs\ITSI\vendor\codeigniter4\framework\system\CodeIgniter.php(933): App\Controllers\estudiante\PracticasEstudianteController->index()
#7 C:\xampp\htdocs\ITSI\vendor\codeigniter4\framework\system\CodeIgniter.php(507): CodeIgniter\CodeIgniter->runController(Object(App\Controllers\estudiante\PracticasEstudianteController))
#8 C:\xampp\htdocs\ITSI\vendor\codeigniter4\framework\system\CodeIgniter.php(354): CodeIgniter\CodeIgniter->handleRequest(NULL, Object(Config\Cache), false)
#9 C:\xampp\htdocs\ITSI\vendor\codeigniter4\framework\system\Boot.php(334): CodeIgniter\CodeIgniter->run()
#10 C:\xampp\htdocs\ITSI\vendor\codeigniter4\framework\system\Boot.php(67): CodeIgniter\Boot::runCodeIgniter(Object(CodeIgniter\CodeIgniter))
#11 C:\xampp\htdocs\ITSI\public\index.php(59): CodeIgniter\Boot::bootWeb(Object(Config\Paths))
#12 {main}
ERROR - 2026-03-03 10:43:32 --> Error al obtener prácticas preprofesionales: Table 'itsi.practicas_preprofesionales' doesn't exist
ERROR - 2026-03-03 10:43:32 --> mysqli_sql_exception: Table 'itsi.servicios_comunitarios' doesn't exist in C:\xampp\htdocs\ITSI\vendor\codeigniter4\framework\system\Database\MySQLi\Connection.php:327
Stack trace:
#0 C:\xampp\htdocs\ITSI\vendor\codeigniter4\framework\system\Database\MySQLi\Connection.php(327): mysqli->query('SELECT `sc`.*, ...', 0)
#1 C:\xampp\htdocs\ITSI\vendor\codeigniter4\framework\system\Database\BaseConnection.php(738): CodeIgniter\Database\MySQLi\Connection->execute('SELECT `sc`.*, ...')
#2 C:\xampp\htdocs\ITSI\vendor\codeigniter4\framework\system\Database\BaseConnection.php(652): CodeIgniter\Database\BaseConnection->simpleQuery('SELECT `sc`.*, ...')
#3 C:\xampp\htdocs\ITSI\vendor\codeigniter4\framework\system\Database\BaseBuilder.php(1649): CodeIgniter\Database\BaseConnection->query('SELECT `sc`.*, ...', Array, false)
#4 C:\xampp\htdocs\ITSI\app\Controllers\estudiante\PracticasEstudianteController.php(475): CodeIgniter\Database\BaseBuilder->get()
#5 C:\xampp\htdocs\ITSI\app\Controllers\estudiante\PracticasEstudianteController.php(50): App\Controllers\estudiante\PracticasEstudianteController->obtenerServiciosComunitarios('3')
#6 C:\xampp\htdocs\ITSI\vendor\codeigniter4\framework\system\CodeIgniter.php(933): App\Controllers\estudiante\PracticasEstudianteController->index()
#7 C:\xampp\htdocs\ITSI\vendor\codeigniter4\framework\system\CodeIgniter.php(507): CodeIgniter\CodeIgniter->runController(Object(App\Controllers\estudiante\PracticasEstudianteController))
#8 C:\xampp\htdocs\ITSI\vendor\codeigniter4\framework\system\CodeIgniter.php(354): CodeIgniter\CodeIgniter->handleRequest(NULL, Object(Config\Cache), false)
#9 C:\xampp\htdocs\ITSI\vendor\codeigniter4\framework\system\Boot.php(334): CodeIgniter\CodeIgniter->run()
#10 C:\xampp\htdocs\ITSI\vendor\codeigniter4\framework\system\Boot.php(67): CodeIgniter\Boot::runCodeIgniter(Object(CodeIgniter\CodeIgniter))
#11 C:\xampp\htdocs\ITSI\public\index.php(59): CodeIgniter\Boot::bootWeb(Object(Config\Paths))
#12 {main}
ERROR - 2026-03-03 10:43:32 --> Error al obtener servicios comunitarios: Table 'itsi.servicios_comunitarios' doesn't exist
DEBUG - 2026-03-03 10:43:34 --> Session: Class initialized using 'CodeIgniter\Session\Handlers\FileHandler' driver.
ERROR - 2026-03-03 10:43:34 --> mysqli_sql_exception: Table 'itsi.servicios_comunitarios' doesn't exist in C:\xampp\htdocs\ITSI\vendor\codeigniter4\framework\system\Database\MySQLi\Connection.php:327
Stack trace:
#0 C:\xampp\htdocs\ITSI\vendor\codeigniter4\framework\system\Database\MySQLi\Connection.php(327): mysqli->query('SELECT COUNT(*)...', 0)
#1 C:\xampp\htdocs\ITSI\vendor\codeigniter4\framework\system\Database\BaseConnection.php(738): CodeIgniter\Database\MySQLi\Connection->execute('SELECT COUNT(*)...')
#2 C:\xampp\htdocs\ITSI\vendor\codeigniter4\framework\system\Database\BaseConnection.php(652): CodeIgniter\Database\BaseConnection->simpleQuery('SELECT COUNT(*)...')
#3 C:\xampp\htdocs\ITSI\vendor\codeigniter4\framework\system\Database\BaseBuilder.php(1733): CodeIgniter\Database\BaseConnection->query('SELECT COUNT(*)...', Array, false)
#4 C:\xampp\htdocs\ITSI\app\Controllers\estudiante\PracticasEstudianteController.php(334): CodeIgniter\Database\BaseBuilder->countAllResults()
#5 C:\xampp\htdocs\ITSI\app\Controllers\estudiante\PracticasEstudianteController.php(84): App\Controllers\estudiante\PracticasEstudianteController->obtenerEstadisticasServicioComunitario('3')
#6 C:\xampp\htdocs\ITSI\vendor\codeigniter4\framework\system\CodeIgniter.php(933): App\Controllers\estudiante\PracticasEstudianteController->servicioComunitario()
#7 C:\xampp\htdocs\ITSI\vendor\codeigniter4\framework\system\CodeIgniter.php(507): CodeIgniter\CodeIgniter->runController(Object(App\Controllers\estudiante\PracticasEstudianteController))
#8 C:\xampp\htdocs\ITSI\vendor\codeigniter4\framework\system\CodeIgniter.php(354): CodeIgniter\CodeIgniter->handleRequest(NULL, Object(Config\Cache), false)
#9 C:\xampp\htdocs\ITSI\vendor\codeigniter4\framework\system\Boot.php(334): CodeIgniter\CodeIgniter->run()
#10 C:\xampp\htdocs\ITSI\vendor\codeigniter4\framework\system\Boot.php(67): CodeIgniter\Boot::runCodeIgniter(Object(CodeIgniter\CodeIgniter))
#11 C:\xampp\htdocs\ITSI\public\index.php(59): CodeIgniter\Boot::bootWeb(Object(Config\Paths))
#12 {main}
ERROR - 2026-03-03 10:43:34 --> Error al obtener estadísticas servicio comunitario: Table 'itsi.servicios_comunitarios' doesn't exist
ERROR - 2026-03-03 10:43:34 --> mysqli_sql_exception: Table 'itsi.servicios_comunitarios' doesn't exist in C:\xampp\htdocs\ITSI\vendor\codeigniter4\framework\system\Database\MySQLi\Connection.php:327
Stack trace:
#0 C:\xampp\htdocs\ITSI\vendor\codeigniter4\framework\system\Database\MySQLi\Connection.php(327): mysqli->query('SELECT `sc`.*, ...', 0)
#1 C:\xampp\htdocs\ITSI\vendor\codeigniter4\framework\system\Database\BaseConnection.php(738): CodeIgniter\Database\MySQLi\Connection->execute('SELECT `sc`.*, ...')
#2 C:\xampp\htdocs\ITSI\vendor\codeigniter4\framework\system\Database\BaseConnection.php(652): CodeIgniter\Database\BaseConnection->simpleQuery('SELECT `sc`.*, ...')
#3 C:\xampp\htdocs\ITSI\vendor\codeigniter4\framework\system\Database\BaseBuilder.php(1649): CodeIgniter\Database\BaseConnection->query('SELECT `sc`.*, ...', Array, false)
#4 C:\xampp\htdocs\ITSI\app\Controllers\estudiante\PracticasEstudianteController.php(475): CodeIgniter\Database\BaseBuilder->get()
#5 C:\xampp\htdocs\ITSI\app\Controllers\estudiante\PracticasEstudianteController.php(85): App\Controllers\estudiante\PracticasEstudianteController->obtenerServiciosComunitarios('3')
#6 C:\xampp\htdocs\ITSI\vendor\codeigniter4\framework\system\CodeIgniter.php(933): App\Controllers\estudiante\PracticasEstudianteController->servicioComunitario()
#7 C:\xampp\htdocs\ITSI\vendor\codeigniter4\framework\system\CodeIgniter.php(507): CodeIgniter\CodeIgniter->runController(Object(App\Controllers\estudiante\PracticasEstudianteController))
#8 C:\xampp\htdocs\ITSI\vendor\codeigniter4\framework\system\CodeIgniter.php(354): CodeIgniter\CodeIgniter->handleRequest(NULL, Object(Config\Cache), false)
#9 C:\xampp\htdocs\ITSI\vendor\codeigniter4\framework\system\Boot.php(334): CodeIgniter\CodeIgniter->run()
#10 C:\xampp\htdocs\ITSI\vendor\codeigniter4\framework\system\Boot.php(67): CodeIgniter\Boot::runCodeIgniter(Object(CodeIgniter\CodeIgniter))
#11 C:\xampp\htdocs\ITSI\public\index.php(59): CodeIgniter\Boot::bootWeb(Object(Config\Paths))
#12 {main}
ERROR - 2026-03-03 10:43:34 --> Error al obtener servicios comunitarios: Table 'itsi.servicios_comunitarios' doesn't exist
DEBUG - 2026-03-03 10:49:04 --> Session: Class initialized using 'CodeIgniter\Session\Handlers\FileHandler' driver.
ERROR - 2026-03-03 10:49:04 --> mysqli_sql_exception: Table 'itsi.servicios_comunitarios' doesn't exist in C:\xampp\htdocs\ITSI\vendor\codeigniter4\framework\system\Database\MySQLi\Connection.php:327
Stack trace:
#0 C:\xampp\htdocs\ITSI\vendor\codeigniter4\framework\system\Database\MySQLi\Connection.php(327): mysqli->query('SELECT COUNT(*)...', 0)
#1 C:\xampp\htdocs\ITSI\vendor\codeigniter4\framework\system\Database\BaseConnection.php(738): CodeIgniter\Database\MySQLi\Connection->execute('SELECT COUNT(*)...')
#2 C:\xampp\htdocs\ITSI\vendor\codeigniter4\framework\system\Database\BaseConnection.php(652): CodeIgniter\Database\BaseConnection->simpleQuery('SELECT COUNT(*)...')
#3 C:\xampp\htdocs\ITSI\vendor\codeigniter4\framework\system\Database\BaseBuilder.php(1733): CodeIgniter\Database\BaseConnection->query('SELECT COUNT(*)...', Array, false)
#4 C:\xampp\htdocs\ITSI\app\Controllers\estudiante\PracticasEstudianteController.php(334): CodeIgniter\Database\BaseBuilder->countAllResults()
#5 C:\xampp\htdocs\ITSI\app\Controllers\estudiante\PracticasEstudianteController.php(84): App\Controllers\estudiante\PracticasEstudianteController->obtenerEstadisticasServicioComunitario('3')
#6 C:\xampp\htdocs\ITSI\vendor\codeigniter4\framework\system\CodeIgniter.php(933): App\Controllers\estudiante\PracticasEstudianteController->servicioComunitario()
#7 C:\xampp\htdocs\ITSI\vendor\codeigniter4\framework\system\CodeIgniter.php(507): CodeIgniter\CodeIgniter->runController(Object(App\Controllers\estudiante\PracticasEstudianteController))
#8 C:\xampp\htdocs\ITSI\vendor\codeigniter4\framework\system\CodeIgniter.php(354): CodeIgniter\CodeIgniter->handleRequest(NULL, Object(Config\Cache), false)
#9 C:\xampp\htdocs\ITSI\vendor\codeigniter4\framework\system\Boot.php(334): CodeIgniter\CodeIgniter->run()
#10 C:\xampp\htdocs\ITSI\vendor\codeigniter4\framework\system\Boot.php(67): CodeIgniter\Boot::runCodeIgniter(Object(CodeIgniter\CodeIgniter))
#11 C:\xampp\htdocs\ITSI\public\index.php(59): CodeIgniter\Boot::bootWeb(Object(Config\Paths))
#12 {main}
ERROR - 2026-03-03 10:49:04 --> Error al obtener estadísticas servicio comunitario: Table 'itsi.servicios_comunitarios' doesn't exist
ERROR - 2026-03-03 10:49:04 --> mysqli_sql_exception: Table 'itsi.servicios_comunitarios' doesn't exist in C:\xampp\htdocs\ITSI\vendor\codeigniter4\framework\system\Database\MySQLi\Connection.php:327
Stack trace:
#0 C:\xampp\htdocs\ITSI\vendor\codeigniter4\framework\system\Database\MySQLi\Connection.php(327): mysqli->query('SELECT `sc`.*, ...', 0)
#1 C:\xampp\htdocs\ITSI\vendor\codeigniter4\framework\system\Database\BaseConnection.php(738): CodeIgniter\Database\MySQLi\Connection->execute('SELECT `sc`.*, ...')
#2 C:\xampp\htdocs\ITSI\vendor\codeigniter4\framework\system\Database\BaseConnection.php(652): CodeIgniter\Database\BaseConnection->simpleQuery('SELECT `sc`.*, ...')
#3 C:\xampp\htdocs\ITSI\vendor\codeigniter4\framework\system\Database\BaseBuilder.php(1649): CodeIgniter\Database\BaseConnection->query('SELECT `sc`.*, ...', Array, false)
#4 C:\xampp\htdocs\ITSI\app\Controllers\estudiante\PracticasEstudianteController.php(475): CodeIgniter\Database\BaseBuilder->get()
#5 C:\xampp\htdocs\ITSI\app\Controllers\estudiante\PracticasEstudianteController.php(85): App\Controllers\estudiante\PracticasEstudianteController->obtenerServiciosComunitarios('3')
#6 C:\xampp\htdocs\ITSI\vendor\codeigniter4\framework\system\CodeIgniter.php(933): App\Controllers\estudiante\PracticasEstudianteController->servicioComunitario()
#7 C:\xampp\htdocs\ITSI\vendor\codeigniter4\framework\system\CodeIgniter.php(507): CodeIgniter\CodeIgniter->runController(Object(App\Controllers\estudiante\PracticasEstudianteController))
#8 C:\xampp\htdocs\ITSI\vendor\codeigniter4\framework\system\CodeIgniter.php(354): CodeIgniter\CodeIgniter->handleRequest(NULL, Object(Config\Cache), false)
#9 C:\xampp\htdocs\ITSI\vendor\codeigniter4\framework\system\Boot.php(334): CodeIgniter\CodeIgniter->run()
#10 C:\xampp\htdocs\ITSI\vendor\codeigniter4\framework\system\Boot.php(67): CodeIgniter\Boot::runCodeIgniter(Object(CodeIgniter\CodeIgniter))
#11 C:\xampp\htdocs\ITSI\public\index.php(59): CodeIgniter\Boot::bootWeb(Object(Config\Paths))
#12 {main}
ERROR - 2026-03-03 10:49:04 --> Error al obtener servicios comunitarios: Table 'itsi.servicios_comunitarios' doesn't exist
DEBUG - 2026-03-03 10:49:06 --> Actividades cargadas: [{"ID_ACTIVIDAD_EDUCACION":"3","ID_PERIODO_ACADEMICO":null,"ID_INSTRUCTOR":"3","ID_TIPO_MODALIDAD":"1","ID_TIPO_ACTIVIDAD":"3","ID_USUARIO":"1","NOMBRE_ACTIVIDAD":"Inteligencia Artificial y Machine Learning","DESCRIPCION":"Seminario sobre tendencias actuales en IA y aplicaciones pr\u00e1cticas.","OBJETIVOS":"Actualizar conocimientos en inteligencia artificial y sus aplicaciones","DURACION_HORAS":"16","FECHA_INICIO":"2025-12-15","FECHA_FIN":"2025-12-16","LUGAR":"Auditorio Principal","HORARIO":"8:00-17:00","INCLUYE_CERTIFICADO":"1","PROGRAMA_DETALLADO":"Introducci\u00f3n a la IA\nMachine Learning b\u00e1sico\nDeep Learning\nAplicaciones pr\u00e1cticas\nCasos de estudio","ACTIVIDAD":"Seminario","MODALIDAD":"Presencial","ESPECIALIDAD":"Inteligencia Artificial","NOMBRE":"Mar\u00eda","APELLIDO":"Gonz\u00e1lez"},{"ID_ACTIVIDAD_EDUCACION":"5","ID_PERIODO_ACADEMICO":null,"ID_INSTRUCTOR":"2","ID_TIPO_MODALIDAD":"2","ID_TIPO_ACTIVIDAD":"2","ID_USUARIO":"1","NOMBRE_ACTIVIDAD":"Configuraci\u00f3n de Redes","DESCRIPCION":"Taller de configuraci\u00f3n y administraci\u00f3n de redes de computadoras.","OBJETIVOS":"Capacitar en configuraci\u00f3n y administraci\u00f3n de redes","DURACION_HORAS":"32","FECHA_INICIO":"2025-11-01","FECHA_FIN":"2025-11-30","LUGAR":"Laboratorio de Redes","HORARIO":"S\u00e1bados 8:00-12:00","INCLUYE_CERTIFICADO":"1","PROGRAMA_DETALLADO":"Protocolos de red\nConfiguraci\u00f3n de routers\nSwitches y VLANs\nSeguridad en redes","ACTIVIDAD":"Taller","MODALIDAD":"Virtual","ESPECIALIDAD":"Hardware y Redes","NOMBRE":"Ana","APELLIDO":"Ruiz"},{"ID_ACTIVIDAD_EDUCACION":"2","ID_PERIODO_ACADEMICO":null,"ID_INSTRUCTOR":"2","ID_TIPO_MODALIDAD":"2","ID_TIPO_ACTIVIDAD":"2","ID_USUARIO":"1","NOMBRE_ACTIVIDAD":"Reparaci\u00f3n de Equipos de C\u00f3mputo","DESCRIPCION":"Taller pr\u00e1ctico de mantenimiento y reparaci\u00f3n de hardware de computadoras.","OBJETIVOS":"Capacitar en t\u00e9cnicas de diagn\u00f3stico y reparaci\u00f3n de equipos","DURACION_HORAS":"40","FECHA_INICIO":"2025-10-01","FECHA_FIN":"2025-10-31","LUGAR":"Plataforma Virtual","HORARIO":"S\u00e1bados 9:00-13:00","INCLUYE_CERTIFICADO":"1","PROGRAMA_DETALLADO":"Diagn\u00f3stico de problemas\nReparaci\u00f3n de hardware\nMantenimiento preventivo\nInstalaci\u00f3n de software","ACTIVIDAD":"Taller","MODALIDAD":"Virtual","ESPECIALIDAD":"Hardware y Redes","NOMBRE":"Ana","APELLIDO":"Ruiz"},{"ID_ACTIVIDAD_EDUCACION":"1","ID_PERIODO_ACADEMICO":null,"ID_INSTRUCTOR":"1","ID_TIPO_MODALIDAD":"1","ID_TIPO_ACTIVIDAD":"1","ID_USUARIO":"1","NOMBRE_ACTIVIDAD":"Desarrollo Web Full Stack","DESCRIPCION":"Curso completo de desarrollo web con tecnolog\u00edas modernas como React, Node.js, MongoDB y m\u00e1s.","OBJETIVOS":"Formar desarrolladores full stack competentes en tecnolog\u00edas web modernas","DURACION_HORAS":"4","FECHA_INICIO":"2025-08-18","FECHA_FIN":"2025-08-19","LUGAR":"Laboratorio de Programaci\u00f3n","HORARIO":"Lunes a Martess 16:00-18:00","INCLUYE_CERTIFICADO":"1","PROGRAMA_DETALLADO":"M\u00f3dulo 1: HTML\/CSS\/JavaScript\r\nM\u00f3dulo 2: React.js\r\nM\u00f3dulo 3: Node.js\r\nM\u00f3dulo 4: Base de datos\r\nM\u00f3dulo 5: Proyecto final","ACTIVIDAD":"Curso","MODALIDAD":"Presencial","ESPECIALIDAD":"Desarrollo de Software","NOMBRE":"Carlos","APELLIDO":"Mendoza"},{"ID_ACTIVIDAD_EDUCACION":"4","ID_PERIODO_ACADEMICO":null,"ID_INSTRUCTOR":"1","ID_TIPO_MODALIDAD":"1","ID_TIPO_ACTIVIDAD":"1","ID_USUARIO":"1","NOMBRE_ACTIVIDAD":"Programaci\u00f3n en Python","DESCRIPCION":"Curso introductorio de programaci\u00f3n usando Python como lenguaje principal.","OBJETIVOS":"Ense\u00f1ar los fundamentos de programaci\u00f3n usando Python","DURACION_HORAS":"80","FECHA_INICIO":"2025-08-01","FECHA_FIN":"2025-09-30","LUGAR":"Laboratorio de Programaci\u00f3n","HORARIO":"Martes y Jueves 18:00-20:00","INCLUYE_CERTIFICADO":"1","PROGRAMA_DETALLADO":"Variables y tipos de datos\nEstructuras de control\nFunciones\nPOO\nLibrer\u00edas b\u00e1sicas","ACTIVIDAD":"Curso","MODALIDAD":"Presencial","ESPECIALIDAD":"Desarrollo de Software","NOMBRE":"Carlos","APELLIDO":"Mendoza"}]
DEBUG - 2026-03-03 10:49:06 --> Session: Class initialized using 'CodeIgniter\Session\Handlers\FileHandler' driver.
DEBUG - 2026-03-03 10:49:08 --> Session: Class initialized using 'CodeIgniter\Session\Handlers\FileHandler' driver.
ERROR - 2026-03-03 10:49:08 --> mysqli_sql_exception: Table 'itsi.servicios_comunitarios' doesn't exist in C:\xampp\htdocs\ITSI\vendor\codeigniter4\framework\system\Database\MySQLi\Connection.php:327
Stack trace:
#0 C:\xampp\htdocs\ITSI\vendor\codeigniter4\framework\system\Database\MySQLi\Connection.php(327): mysqli->query('SELECT COUNT(*)...', 0)
#1 C:\xampp\htdocs\ITSI\vendor\codeigniter4\framework\system\Database\BaseConnection.php(738): CodeIgniter\Database\MySQLi\Connection->execute('SELECT COUNT(*)...')
#2 C:\xampp\htdocs\ITSI\vendor\codeigniter4\framework\system\Database\BaseConnection.php(652): CodeIgniter\Database\BaseConnection->simpleQuery('SELECT COUNT(*)...')
#3 C:\xampp\htdocs\ITSI\vendor\codeigniter4\framework\system\Database\BaseBuilder.php(1733): CodeIgniter\Database\BaseConnection->query('SELECT COUNT(*)...', Array, false)
#4 C:\xampp\htdocs\ITSI\app\Controllers\estudiante\PracticasEstudianteController.php(334): CodeIgniter\Database\BaseBuilder->countAllResults()
#5 C:\xampp\htdocs\ITSI\app\Controllers\estudiante\PracticasEstudianteController.php(84): App\Controllers\estudiante\PracticasEstudianteController->obtenerEstadisticasServicioComunitario('3')
#6 C:\xampp\htdocs\ITSI\vendor\codeigniter4\framework\system\CodeIgniter.php(933): App\Controllers\estudiante\PracticasEstudianteController->servicioComunitario()
#7 C:\xampp\htdocs\ITSI\vendor\codeigniter4\framework\system\CodeIgniter.php(507): CodeIgniter\CodeIgniter->runController(Object(App\Controllers\estudiante\PracticasEstudianteController))
#8 C:\xampp\htdocs\ITSI\vendor\codeigniter4\framework\system\CodeIgniter.php(354): CodeIgniter\CodeIgniter->handleRequest(NULL, Object(Config\Cache), false)
#9 C:\xampp\htdocs\ITSI\vendor\codeigniter4\framework\system\Boot.php(334): CodeIgniter\CodeIgniter->run()
#10 C:\xampp\htdocs\ITSI\vendor\codeigniter4\framework\system\Boot.php(67): CodeIgniter\Boot::runCodeIgniter(Object(CodeIgniter\CodeIgniter))
#11 C:\xampp\htdocs\ITSI\public\index.php(59): CodeIgniter\Boot::bootWeb(Object(Config\Paths))
#12 {main}
ERROR - 2026-03-03 10:49:08 --> Error al obtener estadísticas servicio comunitario: Table 'itsi.servicios_comunitarios' doesn't exist
ERROR - 2026-03-03 10:49:08 --> mysqli_sql_exception: Table 'itsi.servicios_comunitarios' doesn't exist in C:\xampp\htdocs\ITSI\vendor\codeigniter4\framework\system\Database\MySQLi\Connection.php:327
Stack trace:
#0 C:\xampp\htdocs\ITSI\vendor\codeigniter4\framework\system\Database\MySQLi\Connection.php(327): mysqli->query('SELECT `sc`.*, ...', 0)
#1 C:\xampp\htdocs\ITSI\vendor\codeigniter4\framework\system\Database\BaseConnection.php(738): CodeIgniter\Database\MySQLi\Connection->execute('SELECT `sc`.*, ...')
#2 C:\xampp\htdocs\ITSI\vendor\codeigniter4\framework\system\Database\BaseConnection.php(652): CodeIgniter\Database\BaseConnection->simpleQuery('SELECT `sc`.*, ...')
#3 C:\xampp\htdocs\ITSI\vendor\codeigniter4\framework\system\Database\BaseBuilder.php(1649): CodeIgniter\Database\BaseConnection->query('SELECT `sc`.*, ...', Array, false)
#4 C:\xampp\htdocs\ITSI\app\Controllers\estudiante\PracticasEstudianteController.php(475): CodeIgniter\Database\BaseBuilder->get()
#5 C:\xampp\htdocs\ITSI\app\Controllers\estudiante\PracticasEstudianteController.php(85): App\Controllers\estudiante\PracticasEstudianteController->obtenerServiciosComunitarios('3')
#6 C:\xampp\htdocs\ITSI\vendor\codeigniter4\framework\system\CodeIgniter.php(933): App\Controllers\estudiante\PracticasEstudianteController->servicioComunitario()
#7 C:\xampp\htdocs\ITSI\vendor\codeigniter4\framework\system\CodeIgniter.php(507): CodeIgniter\CodeIgniter->runController(Object(App\Controllers\estudiante\PracticasEstudianteController))
#8 C:\xampp\htdocs\ITSI\vendor\codeigniter4\framework\system\CodeIgniter.php(354): CodeIgniter\CodeIgniter->handleRequest(NULL, Object(Config\Cache), false)
#9 C:\xampp\htdocs\ITSI\vendor\codeigniter4\framework\system\Boot.php(334): CodeIgniter\CodeIgniter->run()
#10 C:\xampp\htdocs\ITSI\vendor\codeigniter4\framework\system\Boot.php(67): CodeIgniter\Boot::runCodeIgniter(Object(CodeIgniter\CodeIgniter))
#11 C:\xampp\htdocs\ITSI\public\index.php(59): CodeIgniter\Boot::bootWeb(Object(Config\Paths))
#12 {main}
ERROR - 2026-03-03 10:49:08 --> Error al obtener servicios comunitarios: Table 'itsi.servicios_comunitarios' doesn't exist
DEBUG - 2026-03-03 10:49:42 --> Actividades cargadas: [{"ID_ACTIVIDAD_EDUCACION":"3","ID_PERIODO_ACADEMICO":null,"ID_INSTRUCTOR":"3","ID_TIPO_MODALIDAD":"1","ID_TIPO_ACTIVIDAD":"3","ID_USUARIO":"1","NOMBRE_ACTIVIDAD":"Inteligencia Artificial y Machine Learning","DESCRIPCION":"Seminario sobre tendencias actuales en IA y aplicaciones pr\u00e1cticas.","OBJETIVOS":"Actualizar conocimientos en inteligencia artificial y sus aplicaciones","DURACION_HORAS":"16","FECHA_INICIO":"2025-12-15","FECHA_FIN":"2025-12-16","LUGAR":"Auditorio Principal","HORARIO":"8:00-17:00","INCLUYE_CERTIFICADO":"1","PROGRAMA_DETALLADO":"Introducci\u00f3n a la IA\nMachine Learning b\u00e1sico\nDeep Learning\nAplicaciones pr\u00e1cticas\nCasos de estudio","ACTIVIDAD":"Seminario","MODALIDAD":"Presencial","ESPECIALIDAD":"Inteligencia Artificial","NOMBRE":"Mar\u00eda","APELLIDO":"Gonz\u00e1lez"},{"ID_ACTIVIDAD_EDUCACION":"5","ID_PERIODO_ACADEMICO":null,"ID_INSTRUCTOR":"2","ID_TIPO_MODALIDAD":"2","ID_TIPO_ACTIVIDAD":"2","ID_USUARIO":"1","NOMBRE_ACTIVIDAD":"Configuraci\u00f3n de Redes","DESCRIPCION":"Taller de configuraci\u00f3n y administraci\u00f3n de redes de computadoras.","OBJETIVOS":"Capacitar en configuraci\u00f3n y administraci\u00f3n de redes","DURACION_HORAS":"32","FECHA_INICIO":"2025-11-01","FECHA_FIN":"2025-11-30","LUGAR":"Laboratorio de Redes","HORARIO":"S\u00e1bados 8:00-12:00","INCLUYE_CERTIFICADO":"1","PROGRAMA_DETALLADO":"Protocolos de red\nConfiguraci\u00f3n de routers\nSwitches y VLANs\nSeguridad en redes","ACTIVIDAD":"Taller","MODALIDAD":"Virtual","ESPECIALIDAD":"Hardware y Redes","NOMBRE":"Ana","APELLIDO":"Ruiz"},{"ID_ACTIVIDAD_EDUCACION":"2","ID_PERIODO_ACADEMICO":null,"ID_INSTRUCTOR":"2","ID_TIPO_MODALIDAD":"2","ID_TIPO_ACTIVIDAD":"2","ID_USUARIO":"1","NOMBRE_ACTIVIDAD":"Reparaci\u00f3n de Equipos de C\u00f3mputo","DESCRIPCION":"Taller pr\u00e1ctico de mantenimiento y reparaci\u00f3n de hardware de computadoras.","OBJETIVOS":"Capacitar en t\u00e9cnicas de diagn\u00f3stico y reparaci\u00f3n de equipos","DURACION_HORAS":"40","FECHA_INICIO":"2025-10-01","FECHA_FIN":"2025-10-31","LUGAR":"Plataforma Virtual","HORARIO":"S\u00e1bados 9:00-13:00","INCLUYE_CERTIFICADO":"1","PROGRAMA_DETALLADO":"Diagn\u00f3stico de problemas\nReparaci\u00f3n de hardware\nMantenimiento preventivo\nInstalaci\u00f3n de software","ACTIVIDAD":"Taller","MODALIDAD":"Virtual","ESPECIALIDAD":"Hardware y Redes","NOMBRE":"Ana","APELLIDO":"Ruiz"},{"ID_ACTIVIDAD_EDUCACION":"1","ID_PERIODO_ACADEMICO":null,"ID_INSTRUCTOR":"1","ID_TIPO_MODALIDAD":"1","ID_TIPO_ACTIVIDAD":"1","ID_USUARIO":"1","NOMBRE_ACTIVIDAD":"Desarrollo Web Full Stack","DESCRIPCION":"Curso completo de desarrollo web con tecnolog\u00edas modernas como React, Node.js, MongoDB y m\u00e1s.","OBJETIVOS":"Formar desarrolladores full stack competentes en tecnolog\u00edas web modernas","DURACION_HORAS":"4","FECHA_INICIO":"2025-08-18","FECHA_FIN":"2025-08-19","LUGAR":"Laboratorio de Programaci\u00f3n","HORARIO":"Lunes a Martess 16:00-18:00","INCLUYE_CERTIFICADO":"1","PROGRAMA_DETALLADO":"M\u00f3dulo 1: HTML\/CSS\/JavaScript\r\nM\u00f3dulo 2: React.js\r\nM\u00f3dulo 3: Node.js\r\nM\u00f3dulo 4: Base de datos\r\nM\u00f3dulo 5: Proyecto final","ACTIVIDAD":"Curso","MODALIDAD":"Presencial","ESPECIALIDAD":"Desarrollo de Software","NOMBRE":"Carlos","APELLIDO":"Mendoza"},{"ID_ACTIVIDAD_EDUCACION":"4","ID_PERIODO_ACADEMICO":null,"ID_INSTRUCTOR":"1","ID_TIPO_MODALIDAD":"1","ID_TIPO_ACTIVIDAD":"1","ID_USUARIO":"1","NOMBRE_ACTIVIDAD":"Programaci\u00f3n en Python","DESCRIPCION":"Curso introductorio de programaci\u00f3n usando Python como lenguaje principal.","OBJETIVOS":"Ense\u00f1ar los fundamentos de programaci\u00f3n usando Python","DURACION_HORAS":"80","FECHA_INICIO":"2025-08-01","FECHA_FIN":"2025-09-30","LUGAR":"Laboratorio de Programaci\u00f3n","HORARIO":"Martes y Jueves 18:00-20:00","INCLUYE_CERTIFICADO":"1","PROGRAMA_DETALLADO":"Variables y tipos de datos\nEstructuras de control\nFunciones\nPOO\nLibrer\u00edas b\u00e1sicas","ACTIVIDAD":"Curso","MODALIDAD":"Presencial","ESPECIALIDAD":"Desarrollo de Software","NOMBRE":"Carlos","APELLIDO":"Mendoza"}]
DEBUG - 2026-03-03 10:49:42 --> Session: Class initialized using 'CodeIgniter\Session\Handlers\FileHandler' driver.
DEBUG - 2026-03-03 10:49:43 --> Session: Class initialized using 'CodeIgniter\Session\Handlers\FileHandler' driver.
ERROR - 2026-03-03 10:49:43 --> mysqli_sql_exception: Table 'itsi.servicios_comunitarios' doesn't exist in C:\xampp\htdocs\ITSI\vendor\codeigniter4\framework\system\Database\MySQLi\Connection.php:327
Stack trace:
#0 C:\xampp\htdocs\ITSI\vendor\codeigniter4\framework\system\Database\MySQLi\Connection.php(327): mysqli->query('SELECT COUNT(*)...', 0)
#1 C:\xampp\htdocs\ITSI\vendor\codeigniter4\framework\system\Database\BaseConnection.php(738): CodeIgniter\Database\MySQLi\Connection->execute('SELECT COUNT(*)...')
#2 C:\xampp\htdocs\ITSI\vendor\codeigniter4\framework\system\Database\BaseConnection.php(652): CodeIgniter\Database\BaseConnection->simpleQuery('SELECT COUNT(*)...')
#3 C:\xampp\htdocs\ITSI\vendor\codeigniter4\framework\system\Database\BaseBuilder.php(1733): CodeIgniter\Database\BaseConnection->query('SELECT COUNT(*)...', Array, false)
#4 C:\xampp\htdocs\ITSI\app\Controllers\estudiante\PracticasEstudianteController.php(334): CodeIgniter\Database\BaseBuilder->countAllResults()
#5 C:\xampp\htdocs\ITSI\app\Controllers\estudiante\PracticasEstudianteController.php(84): App\Controllers\estudiante\PracticasEstudianteController->obtenerEstadisticasServicioComunitario('3')
#6 C:\xampp\htdocs\ITSI\vendor\codeigniter4\framework\system\CodeIgniter.php(933): App\Controllers\estudiante\PracticasEstudianteController->servicioComunitario()
#7 C:\xampp\htdocs\ITSI\vendor\codeigniter4\framework\system\CodeIgniter.php(507): CodeIgniter\CodeIgniter->runController(Object(App\Controllers\estudiante\PracticasEstudianteController))
#8 C:\xampp\htdocs\ITSI\vendor\codeigniter4\framework\system\CodeIgniter.php(354): CodeIgniter\CodeIgniter->handleRequest(NULL, Object(Config\Cache), false)
#9 C:\xampp\htdocs\ITSI\vendor\codeigniter4\framework\system\Boot.php(334): CodeIgniter\CodeIgniter->run()
#10 C:\xampp\htdocs\ITSI\vendor\codeigniter4\framework\system\Boot.php(67): CodeIgniter\Boot::runCodeIgniter(Object(CodeIgniter\CodeIgniter))
#11 C:\xampp\htdocs\ITSI\public\index.php(59): CodeIgniter\Boot::bootWeb(Object(Config\Paths))
#12 {main}
ERROR - 2026-03-03 10:49:43 --> Error al obtener estadísticas servicio comunitario: Table 'itsi.servicios_comunitarios' doesn't exist
ERROR - 2026-03-03 10:49:43 --> mysqli_sql_exception: Table 'itsi.servicios_comunitarios' doesn't exist in C:\xampp\htdocs\ITSI\vendor\codeigniter4\framework\system\Database\MySQLi\Connection.php:327
Stack trace:
#0 C:\xampp\htdocs\ITSI\vendor\codeigniter4\framework\system\Database\MySQLi\Connection.php(327): mysqli->query('SELECT `sc`.*, ...', 0)
#1 C:\xampp\htdocs\ITSI\vendor\codeigniter4\framework\system\Database\BaseConnection.php(738): CodeIgniter\Database\MySQLi\Connection->execute('SELECT `sc`.*, ...')
#2 C:\xampp\htdocs\ITSI\vendor\codeigniter4\framework\system\Database\BaseConnection.php(652): CodeIgniter\Database\BaseConnection->simpleQuery('SELECT `sc`.*, ...')
#3 C:\xampp\htdocs\ITSI\vendor\codeigniter4\framework\system\Database\BaseBuilder.php(1649): CodeIgniter\Database\BaseConnection->query('SELECT `sc`.*, ...', Array, false)
#4 C:\xampp\htdocs\ITSI\app\Controllers\estudiante\PracticasEstudianteController.php(475): CodeIgniter\Database\BaseBuilder->get()
#5 C:\xampp\htdocs\ITSI\app\Controllers\estudiante\PracticasEstudianteController.php(85): App\Controllers\estudiante\PracticasEstudianteController->obtenerServiciosComunitarios('3')
#6 C:\xampp\htdocs\ITSI\vendor\codeigniter4\framework\system\CodeIgniter.php(933): App\Controllers\estudiante\PracticasEstudianteController->servicioComunitario()
#7 C:\xampp\htdocs\ITSI\vendor\codeigniter4\framework\system\CodeIgniter.php(507): CodeIgniter\CodeIgniter->runController(Object(App\Controllers\estudiante\PracticasEstudianteController))
#8 C:\xampp\htdocs\ITSI\vendor\codeigniter4\framework\system\CodeIgniter.php(354): CodeIgniter\CodeIgniter->handleRequest(NULL, Object(Config\Cache), false)
#9 C:\xampp\htdocs\ITSI\vendor\codeigniter4\framework\system\Boot.php(334): CodeIgniter\CodeIgniter->run()
#10 C:\xampp\htdocs\ITSI\vendor\codeigniter4\framework\system\Boot.php(67): CodeIgniter\Boot::runCodeIgniter(Object(CodeIgniter\CodeIgniter))
#11 C:\xampp\htdocs\ITSI\public\index.php(59): CodeIgniter\Boot::bootWeb(Object(Config\Paths))
#12 {main}
ERROR - 2026-03-03 10:49:43 --> Error al obtener servicios comunitarios: Table 'itsi.servicios_comunitarios' doesn't exist
DEBUG - 2026-03-03 10:50:38 --> Session: Class initialized using 'CodeIgniter\Session\Handlers\FileHandler' driver.
DEBUG - 2026-03-03 10:50:38 --> Session: Class initialized using 'CodeIgniter\Session\Handlers\FileHandler' driver.
ERROR - 2026-03-03 10:50:38 --> mysqli_sql_exception: Table 'itsi.practicas_preprofesionales' doesn't exist in C:\xampp\htdocs\ITSI\vendor\codeigniter4\framework\system\Database\MySQLi\Connection.php:327
Stack trace:
#0 C:\xampp\htdocs\ITSI\vendor\codeigniter4\framework\system\Database\MySQLi\Connection.php(327): mysqli->query('SELECT COUNT(*)...', 0)
#1 C:\xampp\htdocs\ITSI\vendor\codeigniter4\framework\system\Database\BaseConnection.php(738): CodeIgniter\Database\MySQLi\Connection->execute('SELECT COUNT(*)...')
#2 C:\xampp\htdocs\ITSI\vendor\codeigniter4\framework\system\Database\BaseConnection.php(652): CodeIgniter\Database\BaseConnection->simpleQuery('SELECT COUNT(*)...')
#3 C:\xampp\htdocs\ITSI\vendor\codeigniter4\framework\system\Database\BaseBuilder.php(1733): CodeIgniter\Database\BaseConnection->query('SELECT COUNT(*)...', Array, false)
#4 C:\xampp\htdocs\ITSI\app\Controllers\estudiante\DashboardEstudianteController.php(74): CodeIgniter\Database\BaseBuilder->countAllResults()
#5 C:\xampp\htdocs\ITSI\vendor\codeigniter4\framework\system\CodeIgniter.php(933): App\Controllers\estudiante\DashboardEstudianteController->index()
#6 C:\xampp\htdocs\ITSI\vendor\codeigniter4\framework\system\CodeIgniter.php(507): CodeIgniter\CodeIgniter->runController(Object(App\Controllers\estudiante\DashboardEstudianteController))
#7 C:\xampp\htdocs\ITSI\vendor\codeigniter4\framework\system\CodeIgniter.php(354): CodeIgniter\CodeIgniter->handleRequest(NULL, Object(Config\Cache), false)
#8 C:\xampp\htdocs\ITSI\vendor\codeigniter4\framework\system\Boot.php(334): CodeIgniter\CodeIgniter->run()
#9 C:\xampp\htdocs\ITSI\vendor\codeigniter4\framework\system\Boot.php(67): CodeIgniter\Boot::runCodeIgniter(Object(CodeIgniter\CodeIgniter))
#10 C:\xampp\htdocs\ITSI\public\index.php(59): CodeIgniter\Boot::bootWeb(Object(Config\Paths))
#11 {main}
ERROR - 2026-03-03 10:50:38 --> Dashboard preprofesionales: Table 'itsi.practicas_preprofesionales' doesn't exist
ERROR - 2026-03-03 10:50:38 --> mysqli_sql_exception: Table 'itsi.servicios_comunitarios' doesn't exist in C:\xampp\htdocs\ITSI\vendor\codeigniter4\framework\system\Database\MySQLi\Connection.php:327
Stack trace:
#0 C:\xampp\htdocs\ITSI\vendor\codeigniter4\framework\system\Database\MySQLi\Connection.php(327): mysqli->query('SELECT COUNT(*)...', 0)
#1 C:\xampp\htdocs\ITSI\vendor\codeigniter4\framework\system\Database\BaseConnection.php(738): CodeIgniter\Database\MySQLi\Connection->execute('SELECT COUNT(*)...')
#2 C:\xampp\htdocs\ITSI\vendor\codeigniter4\framework\system\Database\BaseConnection.php(652): CodeIgniter\Database\BaseConnection->simpleQuery('SELECT COUNT(*)...')
#3 C:\xampp\htdocs\ITSI\vendor\codeigniter4\framework\system\Database\BaseBuilder.php(1733): CodeIgniter\Database\BaseConnection->query('SELECT COUNT(*)...', Array, false)
#4 C:\xampp\htdocs\ITSI\app\Controllers\estudiante\DashboardEstudianteController.php(103): CodeIgniter\Database\BaseBuilder->countAllResults()
#5 C:\xampp\htdocs\ITSI\vendor\codeigniter4\framework\system\CodeIgniter.php(933): App\Controllers\estudiante\DashboardEstudianteController->index()
#6 C:\xampp\htdocs\ITSI\vendor\codeigniter4\framework\system\CodeIgniter.php(507): CodeIgniter\CodeIgniter->runController(Object(App\Controllers\estudiante\DashboardEstudianteController))
#7 C:\xampp\htdocs\ITSI\vendor\codeigniter4\framework\system\CodeIgniter.php(354): CodeIgniter\CodeIgniter->handleRequest(NULL, Object(Config\Cache), false)
#8 C:\xampp\htdocs\ITSI\vendor\codeigniter4\framework\system\Boot.php(334): CodeIgniter\CodeIgniter->run()
#9 C:\xampp\htdocs\ITSI\vendor\codeigniter4\framework\system\Boot.php(67): CodeIgniter\Boot::runCodeIgniter(Object(CodeIgniter\CodeIgniter))
#10 C:\xampp\htdocs\ITSI\public\index.php(59): CodeIgniter\Boot::bootWeb(Object(Config\Paths))
#11 {main}
ERROR - 2026-03-03 10:50:38 --> Dashboard servicio comunitario: Table 'itsi.servicios_comunitarios' doesn't exist
DEBUG - 2026-03-03 10:50:59 --> Session: Class initialized using 'CodeIgniter\Session\Handlers\FileHandler' driver.
ERROR - 2026-03-03 10:50:59 --> mysqli_sql_exception: Table 'itsi.servicios_comunitarios' doesn't exist in C:\xampp\htdocs\ITSI\vendor\codeigniter4\framework\system\Database\MySQLi\Connection.php:327
Stack trace:
#0 C:\xampp\htdocs\ITSI\vendor\codeigniter4\framework\system\Database\MySQLi\Connection.php(327): mysqli->query('SELECT COUNT(*)...', 0)
#1 C:\xampp\htdocs\ITSI\vendor\codeigniter4\framework\system\Database\BaseConnection.php(738): CodeIgniter\Database\MySQLi\Connection->execute('SELECT COUNT(*)...')
#2 C:\xampp\htdocs\ITSI\vendor\codeigniter4\framework\system\Database\BaseConnection.php(652): CodeIgniter\Database\BaseConnection->simpleQuery('SELECT COUNT(*)...')
#3 C:\xampp\htdocs\ITSI\vendor\codeigniter4\framework\system\Database\BaseBuilder.php(1733): CodeIgniter\Database\BaseConnection->query('SELECT COUNT(*)...', Array, false)
#4 C:\xampp\htdocs\ITSI\app\Controllers\estudiante\PracticasEstudianteController.php(334): CodeIgniter\Database\BaseBuilder->countAllResults()
#5 C:\xampp\htdocs\ITSI\app\Controllers\estudiante\PracticasEstudianteController.php(84): App\Controllers\estudiante\PracticasEstudianteController->obtenerEstadisticasServicioComunitario('3')
#6 C:\xampp\htdocs\ITSI\vendor\codeigniter4\framework\system\CodeIgniter.php(933): App\Controllers\estudiante\PracticasEstudianteController->servicioComunitario()
#7 C:\xampp\htdocs\ITSI\vendor\codeigniter4\framework\system\CodeIgniter.php(507): CodeIgniter\CodeIgniter->runController(Object(App\Controllers\estudiante\PracticasEstudianteController))
#8 C:\xampp\htdocs\ITSI\vendor\codeigniter4\framework\system\CodeIgniter.php(354): CodeIgniter\CodeIgniter->handleRequest(NULL, Object(Config\Cache), false)
#9 C:\xampp\htdocs\ITSI\vendor\codeigniter4\framework\system\Boot.php(334): CodeIgniter\CodeIgniter->run()
#10 C:\xampp\htdocs\ITSI\vendor\codeigniter4\framework\system\Boot.php(67): CodeIgniter\Boot::runCodeIgniter(Object(CodeIgniter\CodeIgniter))
#11 C:\xampp\htdocs\ITSI\public\index.php(59): CodeIgniter\Boot::bootWeb(Object(Config\Paths))
#12 {main}
ERROR - 2026-03-03 10:50:59 --> Error al obtener estadísticas servicio comunitario: Table 'itsi.servicios_comunitarios' doesn't exist
ERROR - 2026-03-03 10:50:59 --> mysqli_sql_exception: Table 'itsi.servicios_comunitarios' doesn't exist in C:\xampp\htdocs\ITSI\vendor\codeigniter4\framework\system\Database\MySQLi\Connection.php:327
Stack trace:
#0 C:\xampp\htdocs\ITSI\vendor\codeigniter4\framework\system\Database\MySQLi\Connection.php(327): mysqli->query('SELECT `sc`.*, ...', 0)
#1 C:\xampp\htdocs\ITSI\vendor\codeigniter4\framework\system\Database\BaseConnection.php(738): CodeIgniter\Database\MySQLi\Connection->execute('SELECT `sc`.*, ...')
#2 C:\xampp\htdocs\ITSI\vendor\codeigniter4\framework\system\Database\BaseConnection.php(652): CodeIgniter\Database\BaseConnection->simpleQuery('SELECT `sc`.*, ...')
#3 C:\xampp\htdocs\ITSI\vendor\codeigniter4\framework\system\Database\BaseBuilder.php(1649): CodeIgniter\Database\BaseConnection->query('SELECT `sc`.*, ...', Array, false)
#4 C:\xampp\htdocs\ITSI\app\Controllers\estudiante\PracticasEstudianteController.php(475): CodeIgniter\Database\BaseBuilder->get()
#5 C:\xampp\htdocs\ITSI\app\Controllers\estudiante\PracticasEstudianteController.php(85): App\Controllers\estudiante\PracticasEstudianteController->obtenerServiciosComunitarios('3')
#6 C:\xampp\htdocs\ITSI\vendor\codeigniter4\framework\system\CodeIgniter.php(933): App\Controllers\estudiante\PracticasEstudianteController->servicioComunitario()
#7 C:\xampp\htdocs\ITSI\vendor\codeigniter4\framework\system\CodeIgniter.php(507): CodeIgniter\CodeIgniter->runController(Object(App\Controllers\estudiante\PracticasEstudianteController))
#8 C:\xampp\htdocs\ITSI\vendor\codeigniter4\framework\system\CodeIgniter.php(354): CodeIgniter\CodeIgniter->handleRequest(NULL, Object(Config\Cache), false)
#9 C:\xampp\htdocs\ITSI\vendor\codeigniter4\framework\system\Boot.php(334): CodeIgniter\CodeIgniter->run()
#10 C:\xampp\htdocs\ITSI\vendor\codeigniter4\framework\system\Boot.php(67): CodeIgniter\Boot::runCodeIgniter(Object(CodeIgniter\CodeIgniter))
#11 C:\xampp\htdocs\ITSI\public\index.php(59): CodeIgniter\Boot::bootWeb(Object(Config\Paths))
#12 {main}
ERROR - 2026-03-03 10:50:59 --> Error al obtener servicios comunitarios: Table 'itsi.servicios_comunitarios' doesn't exist
DEBUG - 2026-03-03 10:51:01 --> Session: Class initialized using 'CodeIgniter\Session\Handlers\FileHandler' driver.
ERROR - 2026-03-03 10:51:01 --> mysqli_sql_exception: Table 'itsi.practicas_preprofesionales' doesn't exist in C:\xampp\htdocs\ITSI\vendor\codeigniter4\framework\system\Database\MySQLi\Connection.php:327
Stack trace:
#0 C:\xampp\htdocs\ITSI\vendor\codeigniter4\framework\system\Database\MySQLi\Connection.php(327): mysqli->query('SELECT COUNT(*)...', 0)
#1 C:\xampp\htdocs\ITSI\vendor\codeigniter4\framework\system\Database\BaseConnection.php(738): CodeIgniter\Database\MySQLi\Connection->execute('SELECT COUNT(*)...')
#2 C:\xampp\htdocs\ITSI\vendor\codeigniter4\framework\system\Database\BaseConnection.php(652): CodeIgniter\Database\BaseConnection->simpleQuery('SELECT COUNT(*)...')
#3 C:\xampp\htdocs\ITSI\vendor\codeigniter4\framework\system\Database\BaseBuilder.php(1733): CodeIgniter\Database\BaseConnection->query('SELECT COUNT(*)...', Array, false)
#4 C:\xampp\htdocs\ITSI\app\Controllers\estudiante\PracticasEstudianteController.php(281): CodeIgniter\Database\BaseBuilder->countAllResults()
#5 C:\xampp\htdocs\ITSI\app\Controllers\estudiante\PracticasEstudianteController.php(44): App\Controllers\estudiante\PracticasEstudianteController->obtenerEstadisticasEstudiante('3')
#6 C:\xampp\htdocs\ITSI\vendor\codeigniter4\framework\system\CodeIgniter.php(933): App\Controllers\estudiante\PracticasEstudianteController->index()
#7 C:\xampp\htdocs\ITSI\vendor\codeigniter4\framework\system\CodeIgniter.php(507): CodeIgniter\CodeIgniter->runController(Object(App\Controllers\estudiante\PracticasEstudianteController))
#8 C:\xampp\htdocs\ITSI\vendor\codeigniter4\framework\system\CodeIgniter.php(354): CodeIgniter\CodeIgniter->handleRequest(NULL, Object(Config\Cache), false)
#9 C:\xampp\htdocs\ITSI\vendor\codeigniter4\framework\system\Boot.php(334): CodeIgniter\CodeIgniter->run()
#10 C:\xampp\htdocs\ITSI\vendor\codeigniter4\framework\system\Boot.php(67): CodeIgniter\Boot::runCodeIgniter(Object(CodeIgniter\CodeIgniter))
#11 C:\xampp\htdocs\ITSI\public\index.php(59): CodeIgniter\Boot::bootWeb(Object(Config\Paths))
#12 {main}
ERROR - 2026-03-03 10:51:01 --> Error al obtener estadísticas: Table 'itsi.practicas_preprofesionales' doesn't exist
ERROR - 2026-03-03 10:51:01 --> mysqli_sql_exception: Table 'itsi.practicas_preprofesionales' doesn't exist in C:\xampp\htdocs\ITSI\vendor\codeigniter4\framework\system\Database\MySQLi\Connection.php:327
Stack trace:
#0 C:\xampp\htdocs\ITSI\vendor\codeigniter4\framework\system\Database\MySQLi\Connection.php(327): mysqli->query('SELECT `pp`.*, ...', 0)
#1 C:\xampp\htdocs\ITSI\vendor\codeigniter4\framework\system\Database\BaseConnection.php(738): CodeIgniter\Database\MySQLi\Connection->execute('SELECT `pp`.*, ...')
#2 C:\xampp\htdocs\ITSI\vendor\codeigniter4\framework\system\Database\BaseConnection.php(652): CodeIgniter\Database\BaseConnection->simpleQuery('SELECT `pp`.*, ...')
#3 C:\xampp\htdocs\ITSI\vendor\codeigniter4\framework\system\Database\BaseBuilder.php(1649): CodeIgniter\Database\BaseConnection->query('SELECT `pp`.*, ...', Array, false)
#4 C:\xampp\htdocs\ITSI\app\Controllers\estudiante\PracticasEstudianteController.php(456): CodeIgniter\Database\BaseBuilder->get()
#5 C:\xampp\htdocs\ITSI\app\Controllers\estudiante\PracticasEstudianteController.php(47): App\Controllers\estudiante\PracticasEstudianteController->obtenerPracticasPreprofesionales('3')
#6 C:\xampp\htdocs\ITSI\vendor\codeigniter4\framework\system\CodeIgniter.php(933): App\Controllers\estudiante\PracticasEstudianteController->index()
#7 C:\xampp\htdocs\ITSI\vendor\codeigniter4\framework\system\CodeIgniter.php(507): CodeIgniter\CodeIgniter->runController(Object(App\Controllers\estudiante\PracticasEstudianteController))
#8 C:\xampp\htdocs\ITSI\vendor\codeigniter4\framework\system\CodeIgniter.php(354): CodeIgniter\CodeIgniter->handleRequest(NULL, Object(Config\Cache), false)
#9 C:\xampp\htdocs\ITSI\vendor\codeigniter4\framework\system\Boot.php(334): CodeIgniter\CodeIgniter->run()
#10 C:\xampp\htdocs\ITSI\vendor\codeigniter4\framework\system\Boot.php(67): CodeIgniter\Boot::runCodeIgniter(Object(CodeIgniter\CodeIgniter))
#11 C:\xampp\htdocs\ITSI\public\index.php(59): CodeIgniter\Boot::bootWeb(Object(Config\Paths))
#12 {main}
ERROR - 2026-03-03 10:51:01 --> Error al obtener prácticas preprofesionales: Table 'itsi.practicas_preprofesionales' doesn't exist
ERROR - 2026-03-03 10:51:01 --> mysqli_sql_exception: Table 'itsi.servicios_comunitarios' doesn't exist in C:\xampp\htdocs\ITSI\vendor\codeigniter4\framework\system\Database\MySQLi\Connection.php:327
Stack trace:
#0 C:\xampp\htdocs\ITSI\vendor\codeigniter4\framework\system\Database\MySQLi\Connection.php(327): mysqli->query('SELECT `sc`.*, ...', 0)
#1 C:\xampp\htdocs\ITSI\vendor\codeigniter4\framework\system\Database\BaseConnection.php(738): CodeIgniter\Database\MySQLi\Connection->execute('SELECT `sc`.*, ...')
#2 C:\xampp\htdocs\ITSI\vendor\codeigniter4\framework\system\Database\BaseConnection.php(652): CodeIgniter\Database\BaseConnection->simpleQuery('SELECT `sc`.*, ...')
#3 C:\xampp\htdocs\ITSI\vendor\codeigniter4\framework\system\Database\BaseBuilder.php(1649): CodeIgniter\Database\BaseConnection->query('SELECT `sc`.*, ...', Array, false)
#4 C:\xampp\htdocs\ITSI\app\Controllers\estudiante\PracticasEstudianteController.php(475): CodeIgniter\Database\BaseBuilder->get()
#5 C:\xampp\htdocs\ITSI\app\Controllers\estudiante\PracticasEstudianteController.php(50): App\Controllers\estudiante\PracticasEstudianteController->obtenerServiciosComunitarios('3')
#6 C:\xampp\htdocs\ITSI\vendor\codeigniter4\framework\system\CodeIgniter.php(933): App\Controllers\estudiante\PracticasEstudianteController->index()
#7 C:\xampp\htdocs\ITSI\vendor\codeigniter4\framework\system\CodeIgniter.php(507): CodeIgniter\CodeIgniter->runController(Object(App\Controllers\estudiante\PracticasEstudianteController))
#8 C:\xampp\htdocs\ITSI\vendor\codeigniter4\framework\system\CodeIgniter.php(354): CodeIgniter\CodeIgniter->handleRequest(NULL, Object(Config\Cache), false)
#9 C:\xampp\htdocs\ITSI\vendor\codeigniter4\framework\system\Boot.php(334): CodeIgniter\CodeIgniter->run()
#10 C:\xampp\htdocs\ITSI\vendor\codeigniter4\framework\system\Boot.php(67): CodeIgniter\Boot::runCodeIgniter(Object(CodeIgniter\CodeIgniter))
#11 C:\xampp\htdocs\ITSI\public\index.php(59): CodeIgniter\Boot::bootWeb(Object(Config\Paths))
#12 {main}
ERROR - 2026-03-03 10:51:01 --> Error al obtener servicios comunitarios: Table 'itsi.servicios_comunitarios' doesn't exist
DEBUG - 2026-03-03 10:51:02 --> Session: Class initialized using 'CodeIgniter\Session\Handlers\FileHandler' driver.
ERROR - 2026-03-03 10:51:02 --> mysqli_sql_exception: Table 'itsi.practicas_preprofesionales' doesn't exist in C:\xampp\htdocs\ITSI\vendor\codeigniter4\framework\system\Database\MySQLi\Connection.php:327
Stack trace:
#0 C:\xampp\htdocs\ITSI\vendor\codeigniter4\framework\system\Database\MySQLi\Connection.php(327): mysqli->query('SELECT COUNT(*)...', 0)
#1 C:\xampp\htdocs\ITSI\vendor\codeigniter4\framework\system\Database\BaseConnection.php(738): CodeIgniter\Database\MySQLi\Connection->execute('SELECT COUNT(*)...')
#2 C:\xampp\htdocs\ITSI\vendor\codeigniter4\framework\system\Database\BaseConnection.php(652): CodeIgniter\Database\BaseConnection->simpleQuery('SELECT COUNT(*)...')
#3 C:\xampp\htdocs\ITSI\vendor\codeigniter4\framework\system\Database\BaseBuilder.php(1733): CodeIgniter\Database\BaseConnection->query('SELECT COUNT(*)...', Array, false)
#4 C:\xampp\htdocs\ITSI\app\Controllers\estudiante\DashboardEstudianteController.php(74): CodeIgniter\Database\BaseBuilder->countAllResults()
#5 C:\xampp\htdocs\ITSI\vendor\codeigniter4\framework\system\CodeIgniter.php(933): App\Controllers\estudiante\DashboardEstudianteController->index()
#6 C:\xampp\htdocs\ITSI\vendor\codeigniter4\framework\system\CodeIgniter.php(507): CodeIgniter\CodeIgniter->runController(Object(App\Controllers\estudiante\DashboardEstudianteController))
#7 C:\xampp\htdocs\ITSI\vendor\codeigniter4\framework\system\CodeIgniter.php(354): CodeIgniter\CodeIgniter->handleRequest(NULL, Object(Config\Cache), false)
#8 C:\xampp\htdocs\ITSI\vendor\codeigniter4\framework\system\Boot.php(334): CodeIgniter\CodeIgniter->run()
#9 C:\xampp\htdocs\ITSI\vendor\codeigniter4\framework\system\Boot.php(67): CodeIgniter\Boot::runCodeIgniter(Object(CodeIgniter\CodeIgniter))
#10 C:\xampp\htdocs\ITSI\public\index.php(59): CodeIgniter\Boot::bootWeb(Object(Config\Paths))
#11 {main}
ERROR - 2026-03-03 10:51:02 --> Dashboard preprofesionales: Table 'itsi.practicas_preprofesionales' doesn't exist
ERROR - 2026-03-03 10:51:02 --> mysqli_sql_exception: Table 'itsi.servicios_comunitarios' doesn't exist in C:\xampp\htdocs\ITSI\vendor\codeigniter4\framework\system\Database\MySQLi\Connection.php:327
Stack trace:
#0 C:\xampp\htdocs\ITSI\vendor\codeigniter4\framework\system\Database\MySQLi\Connection.php(327): mysqli->query('SELECT COUNT(*)...', 0)
#1 C:\xampp\htdocs\ITSI\vendor\codeigniter4\framework\system\Database\BaseConnection.php(738): CodeIgniter\Database\MySQLi\Connection->execute('SELECT COUNT(*)...')
#2 C:\xampp\htdocs\ITSI\vendor\codeigniter4\framework\system\Database\BaseConnection.php(652): CodeIgniter\Database\BaseConnection->simpleQuery('SELECT COUNT(*)...')
#3 C:\xampp\htdocs\ITSI\vendor\codeigniter4\framework\system\Database\BaseBuilder.php(1733): CodeIgniter\Database\BaseConnection->query('SELECT COUNT(*)...', Array, false)
#4 C:\xampp\htdocs\ITSI\app\Controllers\estudiante\DashboardEstudianteController.php(103): CodeIgniter\Database\BaseBuilder->countAllResults()
#5 C:\xampp\htdocs\ITSI\vendor\codeigniter4\framework\system\CodeIgniter.php(933): App\Controllers\estudiante\DashboardEstudianteController->index()
#6 C:\xampp\htdocs\ITSI\vendor\codeigniter4\framework\system\CodeIgniter.php(507): CodeIgniter\CodeIgniter->runController(Object(App\Controllers\estudiante\DashboardEstudianteController))
#7 C:\xampp\htdocs\ITSI\vendor\codeigniter4\framework\system\CodeIgniter.php(354): CodeIgniter\CodeIgniter->handleRequest(NULL, Object(Config\Cache), false)
#8 C:\xampp\htdocs\ITSI\vendor\codeigniter4\framework\system\Boot.php(334): CodeIgniter\CodeIgniter->run()
#9 C:\xampp\htdocs\ITSI\vendor\codeigniter4\framework\system\Boot.php(67): CodeIgniter\Boot::runCodeIgniter(Object(CodeIgniter\CodeIgniter))
#10 C:\xampp\htdocs\ITSI\public\index.php(59): CodeIgniter\Boot::bootWeb(Object(Config\Paths))
#11 {main}
ERROR - 2026-03-03 10:51:02 --> Dashboard servicio comunitario: Table 'itsi.servicios_comunitarios' doesn't exist
DEBUG - 2026-03-03 10:54:45 --> Session: Class initialized using 'CodeIgniter\Session\Handlers\FileHandler' driver.
ERROR - 2026-03-03 10:54:45 --> mysqli_sql_exception: Table 'itsi.practicas_preprofesionales' doesn't exist in C:\xampp\htdocs\ITSI\vendor\codeigniter4\framework\system\Database\MySQLi\Connection.php:327
Stack trace:
#0 C:\xampp\htdocs\ITSI\vendor\codeigniter4\framework\system\Database\MySQLi\Connection.php(327): mysqli->query('SELECT COUNT(*)...', 0)
#1 C:\xampp\htdocs\ITSI\vendor\codeigniter4\framework\system\Database\BaseConnection.php(738): CodeIgniter\Database\MySQLi\Connection->execute('SELECT COUNT(*)...')
#2 C:\xampp\htdocs\ITSI\vendor\codeigniter4\framework\system\Database\BaseConnection.php(652): CodeIgniter\Database\BaseConnection->simpleQuery('SELECT COUNT(*)...')
#3 C:\xampp\htdocs\ITSI\vendor\codeigniter4\framework\system\Database\BaseBuilder.php(1733): CodeIgniter\Database\BaseConnection->query('SELECT COUNT(*)...', Array, false)
#4 C:\xampp\htdocs\ITSI\app\Controllers\estudiante\DashboardEstudianteController.php(74): CodeIgniter\Database\BaseBuilder->countAllResults()
#5 C:\xampp\htdocs\ITSI\vendor\codeigniter4\framework\system\CodeIgniter.php(933): App\Controllers\estudiante\DashboardEstudianteController->index()
#6 C:\xampp\htdocs\ITSI\vendor\codeigniter4\framework\system\CodeIgniter.php(507): CodeIgniter\CodeIgniter->runController(Object(App\Controllers\estudiante\DashboardEstudianteController))
#7 C:\xampp\htdocs\ITSI\vendor\codeigniter4\framework\system\CodeIgniter.php(354): CodeIgniter\CodeIgniter->handleRequest(NULL, Object(Config\Cache), false)
#8 C:\xampp\htdocs\ITSI\vendor\codeigniter4\framework\system\Boot.php(334): CodeIgniter\CodeIgniter->run()
#9 C:\xampp\htdocs\ITSI\vendor\codeigniter4\framework\system\Boot.php(67): CodeIgniter\Boot::runCodeIgniter(Object(CodeIgniter\CodeIgniter))
#10 C:\xampp\htdocs\ITSI\public\index.php(59): CodeIgniter\Boot::bootWeb(Object(Config\Paths))
#11 {main}
ERROR - 2026-03-03 10:54:45 --> Dashboard preprofesionales: Table 'itsi.practicas_preprofesionales' doesn't exist
ERROR - 2026-03-03 10:54:45 --> mysqli_sql_exception: Table 'itsi.servicios_comunitarios' doesn't exist in C:\xampp\htdocs\ITSI\vendor\codeigniter4\framework\system\Database\MySQLi\Connection.php:327
Stack trace:
#0 C:\xampp\htdocs\ITSI\vendor\codeigniter4\framework\system\Database\MySQLi\Connection.php(327): mysqli->query('SELECT COUNT(*)...', 0)
#1 C:\xampp\htdocs\ITSI\vendor\codeigniter4\framework\system\Database\BaseConnection.php(738): CodeIgniter\Database\MySQLi\Connection->execute('SELECT COUNT(*)...')
#2 C:\xampp\htdocs\ITSI\vendor\codeigniter4\framework\system\Database\BaseConnection.php(652): CodeIgniter\Database\BaseConnection->simpleQuery('SELECT COUNT(*)...')
#3 C:\xampp\htdocs\ITSI\vendor\codeigniter4\framework\system\Database\BaseBuilder.php(1733): CodeIgniter\Database\BaseConnection->query('SELECT COUNT(*)...', Array, false)
#4 C:\xampp\htdocs\ITSI\app\Controllers\estudiante\DashboardEstudianteController.php(103): CodeIgniter\Database\BaseBuilder->countAllResults()
#5 C:\xampp\htdocs\ITSI\vendor\codeigniter4\framework\system\CodeIgniter.php(933): App\Controllers\estudiante\DashboardEstudianteController->index()
#6 C:\xampp\htdocs\ITSI\vendor\codeigniter4\framework\system\CodeIgniter.php(507): CodeIgniter\CodeIgniter->runController(Object(App\Controllers\estudiante\DashboardEstudianteController))
#7 C:\xampp\htdocs\ITSI\vendor\codeigniter4\framework\system\CodeIgniter.php(354): CodeIgniter\CodeIgniter->handleRequest(NULL, Object(Config\Cache), false)
#8 C:\xampp\htdocs\ITSI\vendor\codeigniter4\framework\system\Boot.php(334): CodeIgniter\CodeIgniter->run()
#9 C:\xampp\htdocs\ITSI\vendor\codeigniter4\framework\system\Boot.php(67): CodeIgniter\Boot::runCodeIgniter(Object(CodeIgniter\CodeIgniter))
#10 C:\xampp\htdocs\ITSI\public\index.php(59): CodeIgniter\Boot::bootWeb(Object(Config\Paths))
#11 {main}
ERROR - 2026-03-03 10:54:45 --> Dashboard servicio comunitario: Table 'itsi.servicios_comunitarios' doesn't exist
DEBUG - 2026-03-03 10:55:12 --> Session: Class initialized using 'CodeIgniter\Session\Handlers\FileHandler' driver.
DEBUG - 2026-03-03 10:55:28 --> Session: Class initialized using 'CodeIgniter\Session\Handlers\FileHandler' driver.
DEBUG - 2026-03-03 10:55:29 --> Session: Class initialized using 'CodeIgniter\Session\Handlers\FileHandler' driver.
DEBUG - 2026-03-03 10:55:45 --> Session: Class initialized using 'CodeIgniter\Session\Handlers\FileHandler' driver.
DEBUG - 2026-03-03 10:55:46 --> Session: Class initialized using 'CodeIgniter\Session\Handlers\FileHandler' driver.
DEBUG - 2026-03-03 10:55:57 --> Session: Class initialized using 'CodeIgniter\Session\Handlers\FileHandler' driver.
DEBUG - 2026-03-03 10:55:58 --> Session: Class initialized using 'CodeIgniter\Session\Handlers\FileHandler' driver.
DEBUG - 2026-03-03 10:56:51 --> Session: Class initialized using 'CodeIgniter\Session\Handlers\FileHandler' driver.
ERROR - 2026-03-03 10:56:51 --> mysqli_sql_exception: Table 'itsi.practicas_preprofesionales' doesn't exist in C:\xampp\htdocs\ITSI\vendor\codeigniter4\framework\system\Database\MySQLi\Connection.php:327
Stack trace:
#0 C:\xampp\htdocs\ITSI\vendor\codeigniter4\framework\system\Database\MySQLi\Connection.php(327): mysqli->query('SELECT COUNT(*)...', 0)
#1 C:\xampp\htdocs\ITSI\vendor\codeigniter4\framework\system\Database\BaseConnection.php(738): CodeIgniter\Database\MySQLi\Connection->execute('SELECT COUNT(*)...')
#2 C:\xampp\htdocs\ITSI\vendor\codeigniter4\framework\system\Database\BaseConnection.php(652): CodeIgniter\Database\BaseConnection->simpleQuery('SELECT COUNT(*)...')
#3 C:\xampp\htdocs\ITSI\vendor\codeigniter4\framework\system\Database\BaseBuilder.php(1733): CodeIgniter\Database\BaseConnection->query('SELECT COUNT(*)...', Array, false)
#4 C:\xampp\htdocs\ITSI\app\Controllers\estudiante\DashboardEstudianteController.php(74): CodeIgniter\Database\BaseBuilder->countAllResults()
#5 C:\xampp\htdocs\ITSI\vendor\codeigniter4\framework\system\CodeIgniter.php(933): App\Controllers\estudiante\DashboardEstudianteController->index()
#6 C:\xampp\htdocs\ITSI\vendor\codeigniter4\framework\system\CodeIgniter.php(507): CodeIgniter\CodeIgniter->runController(Object(App\Controllers\estudiante\DashboardEstudianteController))
#7 C:\xampp\htdocs\ITSI\vendor\codeigniter4\framework\system\CodeIgniter.php(354): CodeIgniter\CodeIgniter->handleRequest(NULL, Object(Config\Cache), false)
#8 C:\xampp\htdocs\ITSI\vendor\codeigniter4\framework\system\Boot.php(334): CodeIgniter\CodeIgniter->run()
#9 C:\xampp\htdocs\ITSI\vendor\codeigniter4\framework\system\Boot.php(67): CodeIgniter\Boot::runCodeIgniter(Object(CodeIgniter\CodeIgniter))
#10 C:\xampp\htdocs\ITSI\public\index.php(59): CodeIgniter\Boot::bootWeb(Object(Config\Paths))
#11 {main}
ERROR - 2026-03-03 10:56:51 --> Dashboard preprofesionales: Table 'itsi.practicas_preprofesionales' doesn't exist
ERROR - 2026-03-03 10:56:51 --> mysqli_sql_exception: Table 'itsi.servicios_comunitarios' doesn't exist in C:\xampp\htdocs\ITSI\vendor\codeigniter4\framework\system\Database\MySQLi\Connection.php:327
Stack trace:
#0 C:\xampp\htdocs\ITSI\vendor\codeigniter4\framework\system\Database\MySQLi\Connection.php(327): mysqli->query('SELECT COUNT(*)...', 0)
#1 C:\xampp\htdocs\ITSI\vendor\codeigniter4\framework\system\Database\BaseConnection.php(738): CodeIgniter\Database\MySQLi\Connection->execute('SELECT COUNT(*)...')
#2 C:\xampp\htdocs\ITSI\vendor\codeigniter4\framework\system\Database\BaseConnection.php(652): CodeIgniter\Database\BaseConnection->simpleQuery('SELECT COUNT(*)...')
#3 C:\xampp\htdocs\ITSI\vendor\codeigniter4\framework\system\Database\BaseBuilder.php(1733): CodeIgniter\Database\BaseConnection->query('SELECT COUNT(*)...', Array, false)
#4 C:\xampp\htdocs\ITSI\app\Controllers\estudiante\DashboardEstudianteController.php(103): CodeIgniter\Database\BaseBuilder->countAllResults()
#5 C:\xampp\htdocs\ITSI\vendor\codeigniter4\framework\system\CodeIgniter.php(933): App\Controllers\estudiante\DashboardEstudianteController->index()
#6 C:\xampp\htdocs\ITSI\vendor\codeigniter4\framework\system\CodeIgniter.php(507): CodeIgniter\CodeIgniter->runController(Object(App\Controllers\estudiante\DashboardEstudianteController))
#7 C:\xampp\htdocs\ITSI\vendor\codeigniter4\framework\system\CodeIgniter.php(354): CodeIgniter\CodeIgniter->handleRequest(NULL, Object(Config\Cache), false)
#8 C:\xampp\htdocs\ITSI\vendor\codeigniter4\framework\system\Boot.php(334): CodeIgniter\CodeIgniter->run()
#9 C:\xampp\htdocs\ITSI\vendor\codeigniter4\framework\system\Boot.php(67): CodeIgniter\Boot::runCodeIgniter(Object(CodeIgniter\CodeIgniter))
#10 C:\xampp\htdocs\ITSI\public\index.php(59): CodeIgniter\Boot::bootWeb(Object(Config\Paths))
#11 {main}
ERROR - 2026-03-03 10:56:51 --> Dashboard servicio comunitario: Table 'itsi.servicios_comunitarios' doesn't exist
DEBUG - 2026-03-03 10:59:26 --> Session: Class initialized using 'CodeIgniter\Session\Handlers\FileHandler' driver.
DEBUG - 2026-03-03 10:59:28 --> Session: Class initialized using 'CodeIgniter\Session\Handlers\FileHandler' driver.
DEBUG - 2026-03-03 10:59:42 --> Session: Class initialized using 'CodeIgniter\Session\Handlers\FileHandler' driver.
INFO - 2026-03-03 10:59:42 --> Solicitud recuperación contraseña para: yamilex.campues2023@itsi.edu.ec
DEBUG - 2026-03-03 10:59:42 --> Session: Class initialized using 'CodeIgniter\Session\Handlers\FileHandler' driver.
DEBUG - 2026-03-03 11:00:08 --> Session: Class initialized using 'CodeIgniter\Session\Handlers\FileHandler' driver.
INFO - 2026-03-03 11:00:08 --> Solicitud recuperación contraseña para: yamilex.campues2023@itsi.edu.ec
DEBUG - 2026-03-03 11:00:08 --> Session: Class initialized using 'CodeIgniter\Session\Handlers\FileHandler' driver.
DEBUG - 2026-03-03 11:03:43 --> Session: Class initialized using 'CodeIgniter\Session\Handlers\FileHandler' driver.
INFO - 2026-03-03 11:03:43 --> Solicitud recuperación contraseña para: yamilex.campues2023@itsi.edu.ec
DEBUG - 2026-03-03 11:03:43 --> Session: Class initialized using 'CodeIgniter\Session\Handlers\FileHandler' driver.
DEBUG - 2026-03-03 11:08:09 --> Session: Class initialized using 'CodeIgniter\Session\Handlers\FileHandler' driver.
ERROR - 2026-03-03 11:08:09 --> Recuperación de contraseña: configure fromEmail en app/Config/Email.php o en .env
ERROR - 2026-03-03 11:08:09 --> No se pudo enviar el correo de recuperación a: yamilex.campues2023@itsi.edu.ec
DEBUG - 2026-03-03 11:08:09 --> Session: Class initialized using 'CodeIgniter\Session\Handlers\FileHandler' driver.
DEBUG - 2026-03-03 11:19:17 --> Session: Class initialized using 'CodeIgniter\Session\Handlers\FileHandler' driver.
ERROR - 2026-03-03 11:19:17 --> Recuperación de contraseña: configure fromEmail en app/Config/Email.php
ERROR - 2026-03-03 11:19:17 --> No se pudo enviar el correo de recuperación a: yamilex.campues2023@itsi.edu.ec
DEBUG - 2026-03-03 11:19:17 --> Session: Class initialized using 'CodeIgniter\Session\Handlers\FileHandler' driver.
DEBUG - 2026-03-03 11:19:20 --> Session: Class initialized using 'CodeIgniter\Session\Handlers\FileHandler' driver.
DEBUG - 2026-03-03 11:19:21 --> Session: Class initialized using 'CodeIgniter\Session\Handlers\FileHandler' driver.
DEBUG - 2026-03-03 11:19:24 --> Session: Class initialized using 'CodeIgniter\Session\Handlers\FileHandler' driver.
DEBUG - 2026-03-03 11:19:27 --> Session: Class initialized using 'CodeIgniter\Session\Handlers\FileHandler' driver.
ERROR - 2026-03-03 11:19:27 --> Recuperación de contraseña: configure fromEmail en app/Config/Email.php
ERROR - 2026-03-03 11:19:27 --> No se pudo enviar el correo de recuperación a: yamilex.campues2023@itsi.edu.ec
DEBUG - 2026-03-03 11:19:27 --> Session: Class initialized using 'CodeIgniter\Session\Handlers\FileHandler' driver.
DEBUG - 2026-03-03 11:35:05 --> Session: Class initialized using 'CodeIgniter\Session\Handlers\FileHandler' driver.
ERROR - 2026-03-03 11:35:05 --> Recuperación de contraseña: configure fromEmail en app/Config/Email.php
ERROR - 2026-03-03 11:35:05 --> No se pudo enviar el correo de recuperación a: yamilex.campues2023@itsi.edu.ec
DEBUG - 2026-03-03 11:35:05 --> Session: Class initialized using 'CodeIgniter\Session\Handlers\FileHandler' driver.
DEBUG - 2026-03-03 11:36:50 --> Session: Class initialized using 'CodeIgniter\Session\Handlers\FileHandler' driver.
DEBUG - 2026-03-03 11:37:05 --> Session: Class initialized using 'CodeIgniter\Session\Handlers\FileHandler' driver.
DEBUG - 2026-03-03 11:37:05 --> Session: Class initialized using 'CodeIgniter\Session\Handlers\FileHandler' driver.
DEBUG - 2026-03-03 11:37:17 --> Session: Class initialized using 'CodeIgniter\Session\Handlers\FileHandler' driver.
INFO - 2026-03-03 11:37:17 --> Usuario autenticado: 1004191845 con rol: 1 - requiere cambio password: no
DEBUG - 2026-03-03 11:37:17 --> Session: Class initialized using 'CodeIgniter\Session\Handlers\FileHandler' driver.
DEBUG - 2026-03-03 11:37:17 --> Estadísticas mensuales: [{"mes":"Abr 2025","actividades":0,"practicas":0},{"mes":"May 2025","actividades":0,"practicas":0},{"mes":"Jun 2025","actividades":0,"practicas":1},{"mes":"Jul 2025","actividades":0,"practicas":1},{"mes":"Ago 2025","actividades":2,"practicas":1},{"mes":"Sep 2025","actividades":0,"practicas":1},{"mes":"Oct 2025","actividades":1,"practicas":1},{"mes":"Nov 2025","actividades":1,"practicas":1},{"mes":"Dic 2025","actividades":1,"practicas":1},{"mes":"Ene 2026","actividades":0,"practicas":1},{"mes":"Feb 2026","actividades":0,"practicas":1},{"mes":"Mar 2026","actividades":0,"practicas":1}]
DEBUG - 2026-03-03 11:37:17 --> Distribución carreras: [{"CARRERA":"Desarrollo de Software","TOTAL":"5"},{"CARRERA":"Dise\u00f1o Gr\u00e1fico","TOTAL":"4"},{"CARRERA":"Redes y Telecomunicaciones","TOTAL":"3"},{"CARRERA":"Administraci\u00f3n","TOTAL":"2"},{"CARRERA":"Marketing Digital y Comercio Electronico","TOTAL":"1"},{"CARRERA":"Atenci\u00f3n Integral a Adultos Mayores","TOTAL":"1"}]
DEBUG - 2026-03-03 21:24:09 --> Session: Class initialized using 'CodeIgniter\Session\Handlers\FileHandler' driver.
DEBUG - 2026-03-03 21:24:09 --> Session: Class initialized using 'CodeIgniter\Session\Handlers\FileHandler' driver.
DEBUG - 2026-03-03 21:24:21 --> Session: Class initialized using 'CodeIgniter\Session\Handlers\FileHandler' driver.
INFO - 2026-03-03 21:24:22 --> Usuario autenticado: paguirre con rol: 3 - requiere cambio password: no
DEBUG - 2026-03-03 21:24:22 --> Session: Class initialized using 'CodeIgniter\Session\Handlers\FileHandler' driver.
ERROR - 2026-03-03 21:24:22 --> mysqli_sql_exception: Table 'itsi.practicas_preprofesionales' doesn't exist in C:\xampp\htdocs\ITSI\vendor\codeigniter4\framework\system\Database\MySQLi\Connection.php:327
Stack trace:
#0 C:\xampp\htdocs\ITSI\vendor\codeigniter4\framework\system\Database\MySQLi\Connection.php(327): mysqli->query('SELECT COUNT(*)...', 0)
#1 C:\xampp\htdocs\ITSI\vendor\codeigniter4\framework\system\Database\BaseConnection.php(738): CodeIgniter\Database\MySQLi\Connection->execute('SELECT COUNT(*)...')
#2 C:\xampp\htdocs\ITSI\vendor\codeigniter4\framework\system\Database\BaseConnection.php(652): CodeIgniter\Database\BaseConnection->simpleQuery('SELECT COUNT(*)...')
#3 C:\xampp\htdocs\ITSI\vendor\codeigniter4\framework\system\Database\BaseBuilder.php(1733): CodeIgniter\Database\BaseConnection->query('SELECT COUNT(*)...', Array, false)
#4 C:\xampp\htdocs\ITSI\app\Controllers\estudiante\DashboardEstudianteController.php(74): CodeIgniter\Database\BaseBuilder->countAllResults()
#5 C:\xampp\htdocs\ITSI\vendor\codeigniter4\framework\system\CodeIgniter.php(933): App\Controllers\estudiante\DashboardEstudianteController->index()
#6 C:\xampp\htdocs\ITSI\vendor\codeigniter4\framework\system\CodeIgniter.php(507): CodeIgniter\CodeIgniter->runController(Object(App\Controllers\estudiante\DashboardEstudianteController))
#7 C:\xampp\htdocs\ITSI\vendor\codeigniter4\framework\system\CodeIgniter.php(354): CodeIgniter\CodeIgniter->handleRequest(NULL, Object(Config\Cache), false)
#8 C:\xampp\htdocs\ITSI\vendor\codeigniter4\framework\system\Boot.php(334): CodeIgniter\CodeIgniter->run()
#9 C:\xampp\htdocs\ITSI\vendor\codeigniter4\framework\system\Boot.php(67): CodeIgniter\Boot::runCodeIgniter(Object(CodeIgniter\CodeIgniter))
#10 C:\xampp\htdocs\ITSI\public\index.php(59): CodeIgniter\Boot::bootWeb(Object(Config\Paths))
#11 {main}
ERROR - 2026-03-03 21:24:22 --> Dashboard preprofesionales: Table 'itsi.practicas_preprofesionales' doesn't exist
ERROR - 2026-03-03 21:24:22 --> mysqli_sql_exception: Table 'itsi.servicios_comunitarios' doesn't exist in C:\xampp\htdocs\ITSI\vendor\codeigniter4\framework\system\Database\MySQLi\Connection.php:327
Stack trace:
#0 C:\xampp\htdocs\ITSI\vendor\codeigniter4\framework\system\Database\MySQLi\Connection.php(327): mysqli->query('SELECT COUNT(*)...', 0)
#1 C:\xampp\htdocs\ITSI\vendor\codeigniter4\framework\system\Database\BaseConnection.php(738): CodeIgniter\Database\MySQLi\Connection->execute('SELECT COUNT(*)...')
#2 C:\xampp\htdocs\ITSI\vendor\codeigniter4\framework\system\Database\BaseConnection.php(652): CodeIgniter\Database\BaseConnection->simpleQuery('SELECT COUNT(*)...')
#3 C:\xampp\htdocs\ITSI\vendor\codeigniter4\framework\system\Database\BaseBuilder.php(1733): CodeIgniter\Database\BaseConnection->query('SELECT COUNT(*)...', Array, false)
#4 C:\xampp\htdocs\ITSI\app\Controllers\estudiante\DashboardEstudianteController.php(103): CodeIgniter\Database\BaseBuilder->countAllResults()
#5 C:\xampp\htdocs\ITSI\vendor\codeigniter4\framework\system\CodeIgniter.php(933): App\Controllers\estudiante\DashboardEstudianteController->index()
#6 C:\xampp\htdocs\ITSI\vendor\codeigniter4\framework\system\CodeIgniter.php(507): CodeIgniter\CodeIgniter->runController(Object(App\Controllers\estudiante\DashboardEstudianteController))
#7 C:\xampp\htdocs\ITSI\vendor\codeigniter4\framework\system\CodeIgniter.php(354): CodeIgniter\CodeIgniter->handleRequest(NULL, Object(Config\Cache), false)
#8 C:\xampp\htdocs\ITSI\vendor\codeigniter4\framework\system\Boot.php(334): CodeIgniter\CodeIgniter->run()
#9 C:\xampp\htdocs\ITSI\vendor\codeigniter4\framework\system\Boot.php(67): CodeIgniter\Boot::runCodeIgniter(Object(CodeIgniter\CodeIgniter))
#10 C:\xampp\htdocs\ITSI\public\index.php(59): CodeIgniter\Boot::bootWeb(Object(Config\Paths))
#11 {main}
ERROR - 2026-03-03 21:24:22 --> Dashboard servicio comunitario: Table 'itsi.servicios_comunitarios' doesn't exist
DEBUG - 2026-03-03 21:27:21 --> Session: Class initialized using 'CodeIgniter\Session\Handlers\FileHandler' driver.
ERROR - 2026-03-03 21:27:21 --> mysqli_sql_exception: Table 'itsi.practicas_preprofesionales' doesn't exist in C:\xampp\htdocs\ITSI\vendor\codeigniter4\framework\system\Database\MySQLi\Connection.php:327
Stack trace:
#0 C:\xampp\htdocs\ITSI\vendor\codeigniter4\framework\system\Database\MySQLi\Connection.php(327): mysqli->query('SELECT COUNT(*)...', 0)
#1 C:\xampp\htdocs\ITSI\vendor\codeigniter4\framework\system\Database\BaseConnection.php(738): CodeIgniter\Database\MySQLi\Connection->execute('SELECT COUNT(*)...')
#2 C:\xampp\htdocs\ITSI\vendor\codeigniter4\framework\system\Database\BaseConnection.php(652): CodeIgniter\Database\BaseConnection->simpleQuery('SELECT COUNT(*)...')
#3 C:\xampp\htdocs\ITSI\vendor\codeigniter4\framework\system\Database\BaseBuilder.php(1733): CodeIgniter\Database\BaseConnection->query('SELECT COUNT(*)...', Array, false)
#4 C:\xampp\htdocs\ITSI\app\Controllers\estudiante\DashboardEstudianteController.php(74): CodeIgniter\Database\BaseBuilder->countAllResults()
#5 C:\xampp\htdocs\ITSI\vendor\codeigniter4\framework\system\CodeIgniter.php(933): App\Controllers\estudiante\DashboardEstudianteController->index()
#6 C:\xampp\htdocs\ITSI\vendor\codeigniter4\framework\system\CodeIgniter.php(507): CodeIgniter\CodeIgniter->runController(Object(App\Controllers\estudiante\DashboardEstudianteController))
#7 C:\xampp\htdocs\ITSI\vendor\codeigniter4\framework\system\CodeIgniter.php(354): CodeIgniter\CodeIgniter->handleRequest(NULL, Object(Config\Cache), false)
#8 C:\xampp\htdocs\ITSI\vendor\codeigniter4\framework\system\Boot.php(334): CodeIgniter\CodeIgniter->run()
#9 C:\xampp\htdocs\ITSI\vendor\codeigniter4\framework\system\Boot.php(67): CodeIgniter\Boot::runCodeIgniter(Object(CodeIgniter\CodeIgniter))
#10 C:\xampp\htdocs\ITSI\public\index.php(59): CodeIgniter\Boot::bootWeb(Object(Config\Paths))
#11 {main}
ERROR - 2026-03-03 21:27:21 --> Dashboard preprofesionales: Table 'itsi.practicas_preprofesionales' doesn't exist
ERROR - 2026-03-03 21:27:21 --> mysqli_sql_exception: Table 'itsi.servicios_comunitarios' doesn't exist in C:\xampp\htdocs\ITSI\vendor\codeigniter4\framework\system\Database\MySQLi\Connection.php:327
Stack trace:
#0 C:\xampp\htdocs\ITSI\vendor\codeigniter4\framework\system\Database\MySQLi\Connection.php(327): mysqli->query('SELECT COUNT(*)...', 0)
#1 C:\xampp\htdocs\ITSI\vendor\codeigniter4\framework\system\Database\BaseConnection.php(738): CodeIgniter\Database\MySQLi\Connection->execute('SELECT COUNT(*)...')
#2 C:\xampp\htdocs\ITSI\vendor\codeigniter4\framework\system\Database\BaseConnection.php(652): CodeIgniter\Database\BaseConnection->simpleQuery('SELECT COUNT(*)...')
#3 C:\xampp\htdocs\ITSI\vendor\codeigniter4\framework\system\Database\BaseBuilder.php(1733): CodeIgniter\Database\BaseConnection->query('SELECT COUNT(*)...', Array, false)
#4 C:\xampp\htdocs\ITSI\app\Controllers\estudiante\DashboardEstudianteController.php(103): CodeIgniter\Database\BaseBuilder->countAllResults()
#5 C:\xampp\htdocs\ITSI\vendor\codeigniter4\framework\system\CodeIgniter.php(933): App\Controllers\estudiante\DashboardEstudianteController->index()
#6 C:\xampp\htdocs\ITSI\vendor\codeigniter4\framework\system\CodeIgniter.php(507): CodeIgniter\CodeIgniter->runController(Object(App\Controllers\estudiante\DashboardEstudianteController))
#7 C:\xampp\htdocs\ITSI\vendor\codeigniter4\framework\system\CodeIgniter.php(354): CodeIgniter\CodeIgniter->handleRequest(NULL, Object(Config\Cache), false)
#8 C:\xampp\htdocs\ITSI\vendor\codeigniter4\framework\system\Boot.php(334): CodeIgniter\CodeIgniter->run()
#9 C:\xampp\htdocs\ITSI\vendor\codeigniter4\framework\system\Boot.php(67): CodeIgniter\Boot::runCodeIgniter(Object(CodeIgniter\CodeIgniter))
#10 C:\xampp\htdocs\ITSI\public\index.php(59): CodeIgniter\Boot::bootWeb(Object(Config\Paths))
#11 {main}
ERROR - 2026-03-03 21:27:21 --> Dashboard servicio comunitario: Table 'itsi.servicios_comunitarios' doesn't exist
DEBUG - 2026-03-03 21:27:45 --> Session: Class initialized using 'CodeIgniter\Session\Handlers\FileHandler' driver.
ERROR - 2026-03-03 21:27:45 --> mysqli_sql_exception: Table 'itsi.practicas_preprofesionales' doesn't exist in C:\xampp\htdocs\ITSI\vendor\codeigniter4\framework\system\Database\MySQLi\Connection.php:327
Stack trace:
#0 C:\xampp\htdocs\ITSI\vendor\codeigniter4\framework\system\Database\MySQLi\Connection.php(327): mysqli->query('SELECT COUNT(*)...', 0)
#1 C:\xampp\htdocs\ITSI\vendor\codeigniter4\framework\system\Database\BaseConnection.php(738): CodeIgniter\Database\MySQLi\Connection->execute('SELECT COUNT(*)...')
#2 C:\xampp\htdocs\ITSI\vendor\codeigniter4\framework\system\Database\BaseConnection.php(652): CodeIgniter\Database\BaseConnection->simpleQuery('SELECT COUNT(*)...')
#3 C:\xampp\htdocs\ITSI\vendor\codeigniter4\framework\system\Database\BaseBuilder.php(1733): CodeIgniter\Database\BaseConnection->query('SELECT COUNT(*)...', Array, false)
#4 C:\xampp\htdocs\ITSI\app\Controllers\estudiante\DashboardEstudianteController.php(74): CodeIgniter\Database\BaseBuilder->countAllResults()
#5 C:\xampp\htdocs\ITSI\vendor\codeigniter4\framework\system\CodeIgniter.php(933): App\Controllers\estudiante\DashboardEstudianteController->index()
#6 C:\xampp\htdocs\ITSI\vendor\codeigniter4\framework\system\CodeIgniter.php(507): CodeIgniter\CodeIgniter->runController(Object(App\Controllers\estudiante\DashboardEstudianteController))
#7 C:\xampp\htdocs\ITSI\vendor\codeigniter4\framework\system\CodeIgniter.php(354): CodeIgniter\CodeIgniter->handleRequest(NULL, Object(Config\Cache), false)
#8 C:\xampp\htdocs\ITSI\vendor\codeigniter4\framework\system\Boot.php(334): CodeIgniter\CodeIgniter->run()
#9 C:\xampp\htdocs\ITSI\vendor\codeigniter4\framework\system\Boot.php(67): CodeIgniter\Boot::runCodeIgniter(Object(CodeIgniter\CodeIgniter))
#10 C:\xampp\htdocs\ITSI\public\index.php(59): CodeIgniter\Boot::bootWeb(Object(Config\Paths))
#11 {main}
ERROR - 2026-03-03 21:27:45 --> Dashboard preprofesionales: Table 'itsi.practicas_preprofesionales' doesn't exist
ERROR - 2026-03-03 21:27:45 --> mysqli_sql_exception: Table 'itsi.servicios_comunitarios' doesn't exist in C:\xampp\htdocs\ITSI\vendor\codeigniter4\framework\system\Database\MySQLi\Connection.php:327
Stack trace:
#0 C:\xampp\htdocs\ITSI\vendor\codeigniter4\framework\system\Database\MySQLi\Connection.php(327): mysqli->query('SELECT COUNT(*)...', 0)
#1 C:\xampp\htdocs\ITSI\vendor\codeigniter4\framework\system\Database\BaseConnection.php(738): CodeIgniter\Database\MySQLi\Connection->execute('SELECT COUNT(*)...')
#2 C:\xampp\htdocs\ITSI\vendor\codeigniter4\framework\system\Database\BaseConnection.php(652): CodeIgniter\Database\BaseConnection->simpleQuery('SELECT COUNT(*)...')
#3 C:\xampp\htdocs\ITSI\vendor\codeigniter4\framework\system\Database\BaseBuilder.php(1733): CodeIgniter\Database\BaseConnection->query('SELECT COUNT(*)...', Array, false)
#4 C:\xampp\htdocs\ITSI\app\Controllers\estudiante\DashboardEstudianteController.php(103): CodeIgniter\Database\BaseBuilder->countAllResults()
#5 C:\xampp\htdocs\ITSI\vendor\codeigniter4\framework\system\CodeIgniter.php(933): App\Controllers\estudiante\DashboardEstudianteController->index()
#6 C:\xampp\htdocs\ITSI\vendor\codeigniter4\framework\system\CodeIgniter.php(507): CodeIgniter\CodeIgniter->runController(Object(App\Controllers\estudiante\DashboardEstudianteController))
#7 C:\xampp\htdocs\ITSI\vendor\codeigniter4\framework\system\CodeIgniter.php(354): CodeIgniter\CodeIgniter->handleRequest(NULL, Object(Config\Cache), false)
#8 C:\xampp\htdocs\ITSI\vendor\codeigniter4\framework\system\Boot.php(334): CodeIgniter\CodeIgniter->run()
#9 C:\xampp\htdocs\ITSI\vendor\codeigniter4\framework\system\Boot.php(67): CodeIgniter\Boot::runCodeIgniter(Object(CodeIgniter\CodeIgniter))
#10 C:\xampp\htdocs\ITSI\public\index.php(59): CodeIgniter\Boot::bootWeb(Object(Config\Paths))
#11 {main}
ERROR - 2026-03-03 21:27:45 --> Dashboard servicio comunitario: Table 'itsi.servicios_comunitarios' doesn't exist
DEBUG - 2026-03-03 21:28:55 --> Session: Class initialized using 'CodeIgniter\Session\Handlers\FileHandler' driver.
DEBUG - 2026-03-03 21:28:55 --> Estadísticas mensuales: [{"mes":"Abr 2025","actividades":0,"practicas":0},{"mes":"May 2025","actividades":0,"practicas":0},{"mes":"Jun 2025","actividades":0,"practicas":1},{"mes":"Jul 2025","actividades":0,"practicas":1},{"mes":"Ago 2025","actividades":2,"practicas":1},{"mes":"Sep 2025","actividades":0,"practicas":1},{"mes":"Oct 2025","actividades":1,"practicas":1},{"mes":"Nov 2025","actividades":1,"practicas":1},{"mes":"Dic 2025","actividades":1,"practicas":1},{"mes":"Ene 2026","actividades":0,"practicas":1},{"mes":"Feb 2026","actividades":0,"practicas":1},{"mes":"Mar 2026","actividades":0,"practicas":1}]
DEBUG - 2026-03-03 21:28:55 --> Distribución carreras: [{"CARRERA":"Desarrollo de Software","TOTAL":"5"},{"CARRERA":"Dise\u00f1o Gr\u00e1fico","TOTAL":"4"},{"CARRERA":"Redes y Telecomunicaciones","TOTAL":"3"},{"CARRERA":"Administraci\u00f3n","TOTAL":"2"},{"CARRERA":"Marketing Digital y Comercio Electronico","TOTAL":"1"},{"CARRERA":"Atenci\u00f3n Integral a Adultos Mayores","TOTAL":"1"}]
DEBUG - 2026-03-03 21:28:56 --> Session: Class initialized using 'CodeIgniter\Session\Handlers\FileHandler' driver.
ERROR - 2026-03-03 21:28:56 --> mysqli_sql_exception: Table 'itsi.practicas_preprofesionales' doesn't exist in C:\xampp\htdocs\ITSI\vendor\codeigniter4\framework\system\Database\MySQLi\Connection.php:327
Stack trace:
#0 C:\xampp\htdocs\ITSI\vendor\codeigniter4\framework\system\Database\MySQLi\Connection.php(327): mysqli->query('SELECT COUNT(*)...', 0)
#1 C:\xampp\htdocs\ITSI\vendor\codeigniter4\framework\system\Database\BaseConnection.php(738): CodeIgniter\Database\MySQLi\Connection->execute('SELECT COUNT(*)...')
#2 C:\xampp\htdocs\ITSI\vendor\codeigniter4\framework\system\Database\BaseConnection.php(652): CodeIgniter\Database\BaseConnection->simpleQuery('SELECT COUNT(*)...')
#3 C:\xampp\htdocs\ITSI\vendor\codeigniter4\framework\system\Database\BaseBuilder.php(1733): CodeIgniter\Database\BaseConnection->query('SELECT COUNT(*)...', Array, false)
#4 C:\xampp\htdocs\ITSI\app\Controllers\estudiante\DashboardEstudianteController.php(74): CodeIgniter\Database\BaseBuilder->countAllResults()
#5 C:\xampp\htdocs\ITSI\vendor\codeigniter4\framework\system\CodeIgniter.php(933): App\Controllers\estudiante\DashboardEstudianteController->index()
#6 C:\xampp\htdocs\ITSI\vendor\codeigniter4\framework\system\CodeIgniter.php(507): CodeIgniter\CodeIgniter->runController(Object(App\Controllers\estudiante\DashboardEstudianteController))
#7 C:\xampp\htdocs\ITSI\vendor\codeigniter4\framework\system\CodeIgniter.php(354): CodeIgniter\CodeIgniter->handleRequest(NULL, Object(Config\Cache), false)
#8 C:\xampp\htdocs\ITSI\vendor\codeigniter4\framework\system\Boot.php(334): CodeIgniter\CodeIgniter->run()
#9 C:\xampp\htdocs\ITSI\vendor\codeigniter4\framework\system\Boot.php(67): CodeIgniter\Boot::runCodeIgniter(Object(CodeIgniter\CodeIgniter))
#10 C:\xampp\htdocs\ITSI\public\index.php(59): CodeIgniter\Boot::bootWeb(Object(Config\Paths))
#11 {main}
ERROR - 2026-03-03 21:28:56 --> Dashboard preprofesionales: Table 'itsi.practicas_preprofesionales' doesn't exist
ERROR - 2026-03-03 21:28:56 --> mysqli_sql_exception: Table 'itsi.servicios_comunitarios' doesn't exist in C:\xampp\htdocs\ITSI\vendor\codeigniter4\framework\system\Database\MySQLi\Connection.php:327
Stack trace:
#0 C:\xampp\htdocs\ITSI\vendor\codeigniter4\framework\system\Database\MySQLi\Connection.php(327): mysqli->query('SELECT COUNT(*)...', 0)
#1 C:\xampp\htdocs\ITSI\vendor\codeigniter4\framework\system\Database\BaseConnection.php(738): CodeIgniter\Database\MySQLi\Connection->execute('SELECT COUNT(*)...')
#2 C:\xampp\htdocs\ITSI\vendor\codeigniter4\framework\system\Database\BaseConnection.php(652): CodeIgniter\Database\BaseConnection->simpleQuery('SELECT COUNT(*)...')
#3 C:\xampp\htdocs\ITSI\vendor\codeigniter4\framework\system\Database\BaseBuilder.php(1733): CodeIgniter\Database\BaseConnection->query('SELECT COUNT(*)...', Array, false)
#4 C:\xampp\htdocs\ITSI\app\Controllers\estudiante\DashboardEstudianteController.php(103): CodeIgniter\Database\BaseBuilder->countAllResults()
#5 C:\xampp\htdocs\ITSI\vendor\codeigniter4\framework\system\CodeIgniter.php(933): App\Controllers\estudiante\DashboardEstudianteController->index()
#6 C:\xampp\htdocs\ITSI\vendor\codeigniter4\framework\system\CodeIgniter.php(507): CodeIgniter\CodeIgniter->runController(Object(App\Controllers\estudiante\DashboardEstudianteController))
#7 C:\xampp\htdocs\ITSI\vendor\codeigniter4\framework\system\CodeIgniter.php(354): CodeIgniter\CodeIgniter->handleRequest(NULL, Object(Config\Cache), false)
#8 C:\xampp\htdocs\ITSI\vendor\codeigniter4\framework\system\Boot.php(334): CodeIgniter\CodeIgniter->run()
#9 C:\xampp\htdocs\ITSI\vendor\codeigniter4\framework\system\Boot.php(67): CodeIgniter\Boot::runCodeIgniter(Object(CodeIgniter\CodeIgniter))
#10 C:\xampp\htdocs\ITSI\public\index.php(59): CodeIgniter\Boot::bootWeb(Object(Config\Paths))
#11 {main}
ERROR - 2026-03-03 21:28:56 --> Dashboard servicio comunitario: Table 'itsi.servicios_comunitarios' doesn't exist
DEBUG - 2026-03-03 21:29:55 --> Session: Class initialized using 'CodeIgniter\Session\Handlers\FileHandler' driver.
ERROR - 2026-03-03 21:29:55 --> mysqli_sql_exception: Table 'itsi.practicas_preprofesionales' doesn't exist in C:\xampp\htdocs\ITSI\vendor\codeigniter4\framework\system\Database\MySQLi\Connection.php:327
Stack trace:
#0 C:\xampp\htdocs\ITSI\vendor\codeigniter4\framework\system\Database\MySQLi\Connection.php(327): mysqli->query('SELECT COUNT(*)...', 0)
#1 C:\xampp\htdocs\ITSI\vendor\codeigniter4\framework\system\Database\BaseConnection.php(738): CodeIgniter\Database\MySQLi\Connection->execute('SELECT COUNT(*)...')
#2 C:\xampp\htdocs\ITSI\vendor\codeigniter4\framework\system\Database\BaseConnection.php(652): CodeIgniter\Database\BaseConnection->simpleQuery('SELECT COUNT(*)...')
#3 C:\xampp\htdocs\ITSI\vendor\codeigniter4\framework\system\Database\BaseBuilder.php(1733): CodeIgniter\Database\BaseConnection->query('SELECT COUNT(*)...', Array, false)
#4 C:\xampp\htdocs\ITSI\app\Controllers\estudiante\DashboardEstudianteController.php(74): CodeIgniter\Database\BaseBuilder->countAllResults()
#5 C:\xampp\htdocs\ITSI\vendor\codeigniter4\framework\system\CodeIgniter.php(933): App\Controllers\estudiante\DashboardEstudianteController->index()
#6 C:\xampp\htdocs\ITSI\vendor\codeigniter4\framework\system\CodeIgniter.php(507): CodeIgniter\CodeIgniter->runController(Object(App\Controllers\estudiante\DashboardEstudianteController))
#7 C:\xampp\htdocs\ITSI\vendor\codeigniter4\framework\system\CodeIgniter.php(354): CodeIgniter\CodeIgniter->handleRequest(NULL, Object(Config\Cache), false)
#8 C:\xampp\htdocs\ITSI\vendor\codeigniter4\framework\system\Boot.php(334): CodeIgniter\CodeIgniter->run()
#9 C:\xampp\htdocs\ITSI\vendor\codeigniter4\framework\system\Boot.php(67): CodeIgniter\Boot::runCodeIgniter(Object(CodeIgniter\CodeIgniter))
#10 C:\xampp\htdocs\ITSI\public\index.php(59): CodeIgniter\Boot::bootWeb(Object(Config\Paths))
#11 {main}
ERROR - 2026-03-03 21:29:55 --> Dashboard preprofesionales: Table 'itsi.practicas_preprofesionales' doesn't exist
ERROR - 2026-03-03 21:29:55 --> mysqli_sql_exception: Table 'itsi.servicios_comunitarios' doesn't exist in C:\xampp\htdocs\ITSI\vendor\codeigniter4\framework\system\Database\MySQLi\Connection.php:327
Stack trace:
#0 C:\xampp\htdocs\ITSI\vendor\codeigniter4\framework\system\Database\MySQLi\Connection.php(327): mysqli->query('SELECT COUNT(*)...', 0)
#1 C:\xampp\htdocs\ITSI\vendor\codeigniter4\framework\system\Database\BaseConnection.php(738): CodeIgniter\Database\MySQLi\Connection->execute('SELECT COUNT(*)...')
#2 C:\xampp\htdocs\ITSI\vendor\codeigniter4\framework\system\Database\BaseConnection.php(652): CodeIgniter\Database\BaseConnection->simpleQuery('SELECT COUNT(*)...')
#3 C:\xampp\htdocs\ITSI\vendor\codeigniter4\framework\system\Database\BaseBuilder.php(1733): CodeIgniter\Database\BaseConnection->query('SELECT COUNT(*)...', Array, false)
#4 C:\xampp\htdocs\ITSI\app\Controllers\estudiante\DashboardEstudianteController.php(103): CodeIgniter\Database\BaseBuilder->countAllResults()
#5 C:\xampp\htdocs\ITSI\vendor\codeigniter4\framework\system\CodeIgniter.php(933): App\Controllers\estudiante\DashboardEstudianteController->index()
#6 C:\xampp\htdocs\ITSI\vendor\codeigniter4\framework\system\CodeIgniter.php(507): CodeIgniter\CodeIgniter->runController(Object(App\Controllers\estudiante\DashboardEstudianteController))
#7 C:\xampp\htdocs\ITSI\vendor\codeigniter4\framework\system\CodeIgniter.php(354): CodeIgniter\CodeIgniter->handleRequest(NULL, Object(Config\Cache), false)
#8 C:\xampp\htdocs\ITSI\vendor\codeigniter4\framework\system\Boot.php(334): CodeIgniter\CodeIgniter->run()
#9 C:\xampp\htdocs\ITSI\vendor\codeigniter4\framework\system\Boot.php(67): CodeIgniter\Boot::runCodeIgniter(Object(CodeIgniter\CodeIgniter))
#10 C:\xampp\htdocs\ITSI\public\index.php(59): CodeIgniter\Boot::bootWeb(Object(Config\Paths))
#11 {main}
ERROR - 2026-03-03 21:29:55 --> Dashboard servicio comunitario: Table 'itsi.servicios_comunitarios' doesn't exist
DEBUG - 2026-03-03 21:35:58 --> Session: Class initialized using 'CodeIgniter\Session\Handlers\FileHandler' driver.
DEBUG - 2026-03-03 21:35:58 --> Estadísticas mensuales: [{"mes":"Abr 2025","actividades":0,"practicas":0},{"mes":"May 2025","actividades":0,"practicas":0},{"mes":"Jun 2025","actividades":0,"practicas":1},{"mes":"Jul 2025","actividades":0,"practicas":1},{"mes":"Ago 2025","actividades":2,"practicas":1},{"mes":"Sep 2025","actividades":0,"practicas":1},{"mes":"Oct 2025","actividades":1,"practicas":1},{"mes":"Nov 2025","actividades":1,"practicas":1},{"mes":"Dic 2025","actividades":1,"practicas":1},{"mes":"Ene 2026","actividades":0,"practicas":1},{"mes":"Feb 2026","actividades":0,"practicas":1},{"mes":"Mar 2026","actividades":0,"practicas":1}]
DEBUG - 2026-03-03 21:35:58 --> Distribución carreras: [{"CARRERA":"Desarrollo de Software","TOTAL":"5"},{"CARRERA":"Dise\u00f1o Gr\u00e1fico","TOTAL":"4"},{"CARRERA":"Redes y Telecomunicaciones","TOTAL":"3"},{"CARRERA":"Administraci\u00f3n","TOTAL":"2"},{"CARRERA":"Marketing Digital y Comercio Electronico","TOTAL":"1"},{"CARRERA":"Atenci\u00f3n Integral a Adultos Mayores","TOTAL":"1"}]
DEBUG - 2026-03-03 21:38:03 --> Session: Class initialized using 'CodeIgniter\Session\Handlers\FileHandler' driver.
DEBUG - 2026-03-03 21:38:03 --> Estadísticas mensuales: [{"mes":"Abr 2025","actividades":0,"practicas":0},{"mes":"May 2025","actividades":0,"practicas":0},{"mes":"Jun 2025","actividades":0,"practicas":1},{"mes":"Jul 2025","actividades":0,"practicas":1},{"mes":"Ago 2025","actividades":2,"practicas":1},{"mes":"Sep 2025","actividades":0,"practicas":1},{"mes":"Oct 2025","actividades":1,"practicas":1},{"mes":"Nov 2025","actividades":1,"practicas":1},{"mes":"Dic 2025","actividades":1,"practicas":1},{"mes":"Ene 2026","actividades":0,"practicas":1},{"mes":"Feb 2026","actividades":0,"practicas":1},{"mes":"Mar 2026","actividades":0,"practicas":1}]
DEBUG - 2026-03-03 21:38:03 --> Distribución carreras: [{"CARRERA":"Desarrollo de Software","TOTAL":"5"},{"CARRERA":"Dise\u00f1o Gr\u00e1fico","TOTAL":"4"},{"CARRERA":"Redes y Telecomunicaciones","TOTAL":"3"},{"CARRERA":"Administraci\u00f3n","TOTAL":"2"},{"CARRERA":"Marketing Digital y Comercio Electronico","TOTAL":"1"},{"CARRERA":"Atenci\u00f3n Integral a Adultos Mayores","TOTAL":"1"}]
DEBUG - 2026-03-03 21:43:15 --> Session: Class initialized using 'CodeIgniter\Session\Handlers\FileHandler' driver.
DEBUG - 2026-03-03 21:43:15 --> Estadísticas mensuales: [{"mes":"Abr 2025","actividades":0,"practicas":0},{"mes":"May 2025","actividades":0,"practicas":0},{"mes":"Jun 2025","actividades":0,"practicas":1},{"mes":"Jul 2025","actividades":0,"practicas":1},{"mes":"Ago 2025","actividades":2,"practicas":1},{"mes":"Sep 2025","actividades":0,"practicas":1},{"mes":"Oct 2025","actividades":1,"practicas":1},{"mes":"Nov 2025","actividades":1,"practicas":1},{"mes":"Dic 2025","actividades":1,"practicas":1},{"mes":"Ene 2026","actividades":0,"practicas":1},{"mes":"Feb 2026","actividades":0,"practicas":1},{"mes":"Mar 2026","actividades":0,"practicas":1}]
DEBUG - 2026-03-03 21:43:15 --> Distribución carreras: [{"CARRERA":"Desarrollo de Software","TOTAL":"5"},{"CARRERA":"Dise\u00f1o Gr\u00e1fico","TOTAL":"4"},{"CARRERA":"Redes y Telecomunicaciones","TOTAL":"3"},{"CARRERA":"Administraci\u00f3n","TOTAL":"2"},{"CARRERA":"Marketing Digital y Comercio Electronico","TOTAL":"1"},{"CARRERA":"Atenci\u00f3n Integral a Adultos Mayores","TOTAL":"1"}]
DEBUG - 2026-03-03 21:43:21 --> Session: Class initialized using 'CodeIgniter\Session\Handlers\FileHandler' driver.
DEBUG - 2026-03-03 21:43:21 --> Estadísticas mensuales: [{"mes":"Abr 2025","actividades":0,"practicas":0},{"mes":"May 2025","actividades":0,"practicas":0},{"mes":"Jun 2025","actividades":0,"practicas":1},{"mes":"Jul 2025","actividades":0,"practicas":1},{"mes":"Ago 2025","actividades":2,"practicas":1},{"mes":"Sep 2025","actividades":0,"practicas":1},{"mes":"Oct 2025","actividades":1,"practicas":1},{"mes":"Nov 2025","actividades":1,"practicas":1},{"mes":"Dic 2025","actividades":1,"practicas":1},{"mes":"Ene 2026","actividades":0,"practicas":1},{"mes":"Feb 2026","actividades":0,"practicas":1},{"mes":"Mar 2026","actividades":0,"practicas":1}]
DEBUG - 2026-03-03 21:43:21 --> Distribución carreras: [{"CARRERA":"Desarrollo de Software","TOTAL":"5"},{"CARRERA":"Dise\u00f1o Gr\u00e1fico","TOTAL":"4"},{"CARRERA":"Redes y Telecomunicaciones","TOTAL":"3"},{"CARRERA":"Administraci\u00f3n","TOTAL":"2"},{"CARRERA":"Marketing Digital y Comercio Electronico","TOTAL":"1"},{"CARRERA":"Atenci\u00f3n Integral a Adultos Mayores","TOTAL":"1"}]
DEBUG - 2026-03-03 21:43:22 --> Session: Class initialized using 'CodeIgniter\Session\Handlers\FileHandler' driver.
DEBUG - 2026-03-03 21:43:22 --> Estadísticas mensuales: [{"mes":"Abr 2025","actividades":0,"practicas":0},{"mes":"May 2025","actividades":0,"practicas":0},{"mes":"Jun 2025","actividades":0,"practicas":1},{"mes":"Jul 2025","actividades":0,"practicas":1},{"mes":"Ago 2025","actividades":2,"practicas":1},{"mes":"Sep 2025","actividades":0,"practicas":1},{"mes":"Oct 2025","actividades":1,"practicas":1},{"mes":"Nov 2025","actividades":1,"practicas":1},{"mes":"Dic 2025","actividades":1,"practicas":1},{"mes":"Ene 2026","actividades":0,"practicas":1},{"mes":"Feb 2026","actividades":0,"practicas":1},{"mes":"Mar 2026","actividades":0,"practicas":1}]
DEBUG - 2026-03-03 21:43:22 --> Distribución carreras: [{"CARRERA":"Desarrollo de Software","TOTAL":"5"},{"CARRERA":"Dise\u00f1o Gr\u00e1fico","TOTAL":"4"},{"CARRERA":"Redes y Telecomunicaciones","TOTAL":"3"},{"CARRERA":"Administraci\u00f3n","TOTAL":"2"},{"CARRERA":"Marketing Digital y Comercio Electronico","TOTAL":"1"},{"CARRERA":"Atenci\u00f3n Integral a Adultos Mayores","TOTAL":"1"}]
DEBUG - 2026-03-03 21:51:36 --> Session: Class initialized using 'CodeIgniter\Session\Handlers\FileHandler' driver.
DEBUG - 2026-03-03 21:51:36 --> Estadísticas mensuales: [{"mes":"Abr 2025","actividades":0,"practicas":0},{"mes":"May 2025","actividades":0,"practicas":0},{"mes":"Jun 2025","actividades":0,"practicas":1},{"mes":"Jul 2025","actividades":0,"practicas":1},{"mes":"Ago 2025","actividades":2,"practicas":1},{"mes":"Sep 2025","actividades":0,"practicas":1},{"mes":"Oct 2025","actividades":1,"practicas":1},{"mes":"Nov 2025","actividades":1,"practicas":1},{"mes":"Dic 2025","actividades":1,"practicas":1},{"mes":"Ene 2026","actividades":0,"practicas":1},{"mes":"Feb 2026","actividades":0,"practicas":1},{"mes":"Mar 2026","actividades":0,"practicas":1}]
DEBUG - 2026-03-03 21:51:36 --> Distribución carreras: [{"CARRERA":"Desarrollo de Software","TOTAL":"5"},{"CARRERA":"Dise\u00f1o Gr\u00e1fico","TOTAL":"4"},{"CARRERA":"Redes y Telecomunicaciones","TOTAL":"3"},{"CARRERA":"Administraci\u00f3n","TOTAL":"2"},{"CARRERA":"Marketing Digital y Comercio Electronico","TOTAL":"1"},{"CARRERA":"Atenci\u00f3n Integral a Adultos Mayores","TOTAL":"1"}]
DEBUG - 2026-03-03 21:51:43 --> Session: Class initialized using 'CodeIgniter\Session\Handlers\FileHandler' driver.
DEBUG - 2026-03-03 21:51:43 --> Estadísticas mensuales: [{"mes":"Abr 2025","actividades":0,"practicas":0},{"mes":"May 2025","actividades":0,"practicas":0},{"mes":"Jun 2025","actividades":0,"practicas":1},{"mes":"Jul 2025","actividades":0,"practicas":1},{"mes":"Ago 2025","actividades":2,"practicas":1},{"mes":"Sep 2025","actividades":0,"practicas":1},{"mes":"Oct 2025","actividades":1,"practicas":1},{"mes":"Nov 2025","actividades":1,"practicas":1},{"mes":"Dic 2025","actividades":1,"practicas":1},{"mes":"Ene 2026","actividades":0,"practicas":1},{"mes":"Feb 2026","actividades":0,"practicas":1},{"mes":"Mar 2026","actividades":0,"practicas":1}]
DEBUG - 2026-03-03 21:51:43 --> Distribución carreras: [{"CARRERA":"Desarrollo de Software","TOTAL":"5"},{"CARRERA":"Dise\u00f1o Gr\u00e1fico","TOTAL":"4"},{"CARRERA":"Redes y Telecomunicaciones","TOTAL":"3"},{"CARRERA":"Administraci\u00f3n","TOTAL":"2"},{"CARRERA":"Marketing Digital y Comercio Electronico","TOTAL":"1"},{"CARRERA":"Atenci\u00f3n Integral a Adultos Mayores","TOTAL":"1"}]
DEBUG - 2026-03-03 21:52:04 --> Session: Class initialized using 'CodeIgniter\Session\Handlers\FileHandler' driver.
INFO - 2026-03-03 21:52:04 --> Iniciando proceso de cierre de sesión para usuario: paguirre
INFO - 2026-03-03 21:52:04 --> Sesión cerrada exitosamente
DEBUG - 2026-03-03 21:52:05 --> Session: Class initialized using 'CodeIgniter\Session\Handlers\FileHandler' driver.
DEBUG - 2026-03-03 21:52:20 --> Session: Class initialized using 'CodeIgniter\Session\Handlers\FileHandler' driver.
DEBUG - 2026-03-03 21:52:20 --> Session: Class initialized using 'CodeIgniter\Session\Handlers\FileHandler' driver.
DEBUG - 2026-03-03 21:52:37 --> Session: Class initialized using 'CodeIgniter\Session\Handlers\FileHandler' driver.
DEBUG - 2026-03-03 21:52:37 --> Session: Class initialized using 'CodeIgniter\Session\Handlers\FileHandler' driver.
DEBUG - 2026-03-03 21:52:39 --> Session: Class initialized using 'CodeIgniter\Session\Handlers\FileHandler' driver.
DEBUG - 2026-03-03 21:52:43 --> Session: Class initialized using 'CodeIgniter\Session\Handlers\FileHandler' driver.
ERROR - 2026-03-03 21:52:43 --> Recuperación de contraseña: configure fromEmail en app/Config/Email.php
ERROR - 2026-03-03 21:52:43 --> No se pudo enviar el correo de recuperación a: yamilex.campues2023@itsi.edu.ec
DEBUG - 2026-03-03 21:52:44 --> Session: Class initialized using 'CodeIgniter\Session\Handlers\FileHandler' driver.
DEBUG - 2026-03-03 21:52:45 --> Session: Class initialized using 'CodeIgniter\Session\Handlers\FileHandler' driver.
DEBUG - 2026-03-03 21:53:00 --> Session: Class initialized using 'CodeIgniter\Session\Handlers\FileHandler' driver.
DEBUG - 2026-03-03 21:53:00 --> Session: Class initialized using 'CodeIgniter\Session\Handlers\FileHandler' driver.
DEBUG - 2026-03-03 21:53:08 --> Session: Class initialized using 'CodeIgniter\Session\Handlers\FileHandler' driver.
INFO - 2026-03-03 21:53:09 --> Usuario autenticado: 1004191845 con rol: 1 - requiere cambio password: no
DEBUG - 2026-03-03 21:53:09 --> Session: Class initialized using 'CodeIgniter\Session\Handlers\FileHandler' driver.
DEBUG - 2026-03-03 21:53:09 --> Estadísticas mensuales: [{"mes":"Abr 2025","actividades":0,"practicas":0},{"mes":"May 2025","actividades":0,"practicas":0},{"mes":"Jun 2025","actividades":0,"practicas":1},{"mes":"Jul 2025","actividades":0,"practicas":1},{"mes":"Ago 2025","actividades":2,"practicas":1},{"mes":"Sep 2025","actividades":0,"practicas":1},{"mes":"Oct 2025","actividades":1,"practicas":1},{"mes":"Nov 2025","actividades":1,"practicas":1},{"mes":"Dic 2025","actividades":1,"practicas":1},{"mes":"Ene 2026","actividades":0,"practicas":1},{"mes":"Feb 2026","actividades":0,"practicas":1},{"mes":"Mar 2026","actividades":0,"practicas":1}]
DEBUG - 2026-03-03 21:53:09 --> Distribución carreras: [{"CARRERA":"Desarrollo de Software","TOTAL":"5"},{"CARRERA":"Dise\u00f1o Gr\u00e1fico","TOTAL":"4"},{"CARRERA":"Redes y Telecomunicaciones","TOTAL":"3"},{"CARRERA":"Administraci\u00f3n","TOTAL":"2"},{"CARRERA":"Marketing Digital y Comercio Electronico","TOTAL":"1"},{"CARRERA":"Atenci\u00f3n Integral a Adultos Mayores","TOTAL":"1"}]
DEBUG - 2026-03-03 21:55:08 --> Session: Class initialized using 'CodeIgniter\Session\Handlers\FileHandler' driver.
DEBUG - 2026-03-03 21:55:08 --> Estadísticas mensuales: [{"mes":"Abr 2025","actividades":0,"practicas":0},{"mes":"May 2025","actividades":0,"practicas":0},{"mes":"Jun 2025","actividades":0,"practicas":1},{"mes":"Jul 2025","actividades":0,"practicas":1},{"mes":"Ago 2025","actividades":2,"practicas":1},{"mes":"Sep 2025","actividades":0,"practicas":1},{"mes":"Oct 2025","actividades":1,"practicas":1},{"mes":"Nov 2025","actividades":1,"practicas":1},{"mes":"Dic 2025","actividades":1,"practicas":1},{"mes":"Ene 2026","actividades":0,"practicas":1},{"mes":"Feb 2026","actividades":0,"practicas":1},{"mes":"Mar 2026","actividades":0,"practicas":1}]
DEBUG - 2026-03-03 21:55:08 --> Distribución carreras: [{"CARRERA":"Desarrollo de Software","TOTAL":"5"},{"CARRERA":"Dise\u00f1o Gr\u00e1fico","TOTAL":"4"},{"CARRERA":"Redes y Telecomunicaciones","TOTAL":"3"},{"CARRERA":"Administraci\u00f3n","TOTAL":"2"},{"CARRERA":"Marketing Digital y Comercio Electronico","TOTAL":"1"},{"CARRERA":"Atenci\u00f3n Integral a Adultos Mayores","TOTAL":"1"}]
DEBUG - 2026-03-03 21:58:57 --> Actividades cargadas: [{"ID_ACTIVIDAD_EDUCACION":"3","ID_PERIODO_ACADEMICO":null,"ID_INSTRUCTOR":"3","ID_TIPO_MODALIDAD":"1","ID_TIPO_ACTIVIDAD":"3","ID_USUARIO":"1","NOMBRE_ACTIVIDAD":"Inteligencia Artificial y Machine Learning","DESCRIPCION":"Seminario sobre tendencias actuales en IA y aplicaciones pr\u00e1cticas.","OBJETIVOS":"Actualizar conocimientos en inteligencia artificial y sus aplicaciones","DURACION_HORAS":"16","FECHA_INICIO":"2025-12-15","FECHA_FIN":"2025-12-16","LUGAR":"Auditorio Principal","HORARIO":"8:00-17:00","INCLUYE_CERTIFICADO":"1","PROGRAMA_DETALLADO":"Introducci\u00f3n a la IA\nMachine Learning b\u00e1sico\nDeep Learning\nAplicaciones pr\u00e1cticas\nCasos de estudio","ACTIVIDAD":"Seminario","MODALIDAD":"Presencial","ESPECIALIDAD":"Inteligencia Artificial","NOMBRE":"Mar\u00eda","APELLIDO":"Gonz\u00e1lez"},{"ID_ACTIVIDAD_EDUCACION":"5","ID_PERIODO_ACADEMICO":null,"ID_INSTRUCTOR":"2","ID_TIPO_MODALIDAD":"2","ID_TIPO_ACTIVIDAD":"2","ID_USUARIO":"1","NOMBRE_ACTIVIDAD":"Configuraci\u00f3n de Redes","DESCRIPCION":"Taller de configuraci\u00f3n y administraci\u00f3n de redes de computadoras.","OBJETIVOS":"Capacitar en configuraci\u00f3n y administraci\u00f3n de redes","DURACION_HORAS":"32","FECHA_INICIO":"2025-11-01","FECHA_FIN":"2025-11-30","LUGAR":"Laboratorio de Redes","HORARIO":"S\u00e1bados 8:00-12:00","INCLUYE_CERTIFICADO":"1","PROGRAMA_DETALLADO":"Protocolos de red\nConfiguraci\u00f3n de routers\nSwitches y VLANs\nSeguridad en redes","ACTIVIDAD":"Taller","MODALIDAD":"Virtual","ESPECIALIDAD":"Hardware y Redes","NOMBRE":"Ana","APELLIDO":"Ruiz"},{"ID_ACTIVIDAD_EDUCACION":"2","ID_PERIODO_ACADEMICO":null,"ID_INSTRUCTOR":"2","ID_TIPO_MODALIDAD":"2","ID_TIPO_ACTIVIDAD":"2","ID_USUARIO":"1","NOMBRE_ACTIVIDAD":"Reparaci\u00f3n de Equipos de C\u00f3mputo","DESCRIPCION":"Taller pr\u00e1ctico de mantenimiento y reparaci\u00f3n de hardware de computadoras.","OBJETIVOS":"Capacitar en t\u00e9cnicas de diagn\u00f3stico y reparaci\u00f3n de equipos","DURACION_HORAS":"40","FECHA_INICIO":"2025-10-01","FECHA_FIN":"2025-10-31","LUGAR":"Plataforma Virtual","HORARIO":"S\u00e1bados 9:00-13:00","INCLUYE_CERTIFICADO":"1","PROGRAMA_DETALLADO":"Diagn\u00f3stico de problemas\nReparaci\u00f3n de hardware\nMantenimiento preventivo\nInstalaci\u00f3n de software","ACTIVIDAD":"Taller","MODALIDAD":"Virtual","ESPECIALIDAD":"Hardware y Redes","NOMBRE":"Ana","APELLIDO":"Ruiz"},{"ID_ACTIVIDAD_EDUCACION":"1","ID_PERIODO_ACADEMICO":null,"ID_INSTRUCTOR":"1","ID_TIPO_MODALIDAD":"1","ID_TIPO_ACTIVIDAD":"1","ID_USUARIO":"1","NOMBRE_ACTIVIDAD":"Desarrollo Web Full Stack","DESCRIPCION":"Curso completo de desarrollo web con tecnolog\u00edas modernas como React, Node.js, MongoDB y m\u00e1s.","OBJETIVOS":"Formar desarrolladores full stack competentes en tecnolog\u00edas web modernas","DURACION_HORAS":"4","FECHA_INICIO":"2025-08-18","FECHA_FIN":"2025-08-19","LUGAR":"Laboratorio de Programaci\u00f3n","HORARIO":"Lunes a Martess 16:00-18:00","INCLUYE_CERTIFICADO":"1","PROGRAMA_DETALLADO":"M\u00f3dulo 1: HTML\/CSS\/JavaScript\r\nM\u00f3dulo 2: React.js\r\nM\u00f3dulo 3: Node.js\r\nM\u00f3dulo 4: Base de datos\r\nM\u00f3dulo 5: Proyecto final","ACTIVIDAD":"Curso","MODALIDAD":"Presencial","ESPECIALIDAD":"Desarrollo de Software","NOMBRE":"Carlos","APELLIDO":"Mendoza"},{"ID_ACTIVIDAD_EDUCACION":"4","ID_PERIODO_ACADEMICO":null,"ID_INSTRUCTOR":"1","ID_TIPO_MODALIDAD":"1","ID_TIPO_ACTIVIDAD":"1","ID_USUARIO":"1","NOMBRE_ACTIVIDAD":"Programaci\u00f3n en Python","DESCRIPCION":"Curso introductorio de programaci\u00f3n usando Python como lenguaje principal.","OBJETIVOS":"Ense\u00f1ar los fundamentos de programaci\u00f3n usando Python","DURACION_HORAS":"80","FECHA_INICIO":"2025-08-01","FECHA_FIN":"2025-09-30","LUGAR":"Laboratorio de Programaci\u00f3n","HORARIO":"Martes y Jueves 18:00-20:00","INCLUYE_CERTIFICADO":"1","PROGRAMA_DETALLADO":"Variables y tipos de datos\nEstructuras de control\nFunciones\nPOO\nLibrer\u00edas b\u00e1sicas","ACTIVIDAD":"Curso","MODALIDAD":"Presencial","ESPECIALIDAD":"Desarrollo de Software","NOMBRE":"Carlos","APELLIDO":"Mendoza"}]
DEBUG - 2026-03-03 21:58:57 --> Session: Class initialized using 'CodeIgniter\Session\Handlers\FileHandler' driver.
DEBUG - 2026-03-03 21:58:59 --> Session: Class initialized using 'CodeIgniter\Session\Handlers\FileHandler' driver.
DEBUG - 2026-03-03 21:58:59 --> Estadísticas mensuales: [{"mes":"Abr 2025","actividades":0,"practicas":0},{"mes":"May 2025","actividades":0,"practicas":0},{"mes":"Jun 2025","actividades":0,"practicas":1},{"mes":"Jul 2025","actividades":0,"practicas":1},{"mes":"Ago 2025","actividades":2,"practicas":1},{"mes":"Sep 2025","actividades":0,"practicas":1},{"mes":"Oct 2025","actividades":1,"practicas":1},{"mes":"Nov 2025","actividades":1,"practicas":1},{"mes":"Dic 2025","actividades":1,"practicas":1},{"mes":"Ene 2026","actividades":0,"practicas":1},{"mes":"Feb 2026","actividades":0,"practicas":1},{"mes":"Mar 2026","actividades":0,"practicas":1}]
DEBUG - 2026-03-03 21:58:59 --> Distribución carreras: [{"CARRERA":"Desarrollo de Software","TOTAL":"5"},{"CARRERA":"Dise\u00f1o Gr\u00e1fico","TOTAL":"4"},{"CARRERA":"Redes y Telecomunicaciones","TOTAL":"3"},{"CARRERA":"Administraci\u00f3n","TOTAL":"2"},{"CARRERA":"Marketing Digital y Comercio Electronico","TOTAL":"1"},{"CARRERA":"Atenci\u00f3n Integral a Adultos Mayores","TOTAL":"1"}]
DEBUG - 2026-03-03 22:00:21 --> Session: Class initialized using 'CodeIgniter\Session\Handlers\FileHandler' driver.
INFO - 2026-03-03 22:00:21 --> Iniciando proceso de cierre de sesión para usuario: ycampues
INFO - 2026-03-03 22:00:21 --> Sesión cerrada exitosamente
DEBUG - 2026-03-03 22:00:21 --> Session: Class initialized using 'CodeIgniter\Session\Handlers\FileHandler' driver.
DEBUG - 2026-03-03 22:00:33 --> Session: Class initialized using 'CodeIgniter\Session\Handlers\FileHandler' driver.
INFO - 2026-03-03 22:00:33 --> Usuario autenticado: ayandun con rol: 2 - requiere cambio password: no
DEBUG - 2026-03-03 22:00:33 --> Session: Class initialized using 'CodeIgniter\Session\Handlers\FileHandler' driver.
DEBUG - 2026-03-03 22:01:05 --> Session: Class initialized using 'CodeIgniter\Session\Handlers\FileHandler' driver.
INFO - 2026-03-03 22:01:05 --> Iniciando proceso de cierre de sesión para usuario: ayandun
INFO - 2026-03-03 22:01:05 --> Sesión cerrada exitosamente
DEBUG - 2026-03-03 22:01:06 --> Session: Class initialized using 'CodeIgniter\Session\Handlers\FileHandler' driver.
DEBUG - 2026-03-03 22:01:14 --> Session: Class initialized using 'CodeIgniter\Session\Handlers\FileHandler' driver.
INFO - 2026-03-03 22:01:14 --> Usuario autenticado: 1004191845 con rol: 1 - requiere cambio password: no
DEBUG - 2026-03-03 22:01:15 --> Session: Class initialized using 'CodeIgniter\Session\Handlers\FileHandler' driver.
DEBUG - 2026-03-03 22:01:15 --> Estadísticas mensuales: [{"mes":"Abr 2025","actividades":0,"practicas":0},{"mes":"May 2025","actividades":0,"practicas":0},{"mes":"Jun 2025","actividades":0,"practicas":1},{"mes":"Jul 2025","actividades":0,"practicas":1},{"mes":"Ago 2025","actividades":2,"practicas":1},{"mes":"Sep 2025","actividades":0,"practicas":1},{"mes":"Oct 2025","actividades":1,"practicas":1},{"mes":"Nov 2025","actividades":1,"practicas":1},{"mes":"Dic 2025","actividades":1,"practicas":1},{"mes":"Ene 2026","actividades":0,"practicas":1},{"mes":"Feb 2026","actividades":0,"practicas":1},{"mes":"Mar 2026","actividades":0,"practicas":1}]
DEBUG - 2026-03-03 22:01:15 --> Distribución carreras: [{"CARRERA":"Desarrollo de Software","TOTAL":"5"},{"CARRERA":"Dise\u00f1o Gr\u00e1fico","TOTAL":"4"},{"CARRERA":"Redes y Telecomunicaciones","TOTAL":"3"},{"CARRERA":"Administraci\u00f3n","TOTAL":"2"},{"CARRERA":"Marketing Digital y Comercio Electronico","TOTAL":"1"},{"CARRERA":"Atenci\u00f3n Integral a Adultos Mayores","TOTAL":"1"}]
DEBUG - 2026-03-03 22:01:24 --> Session: Class initialized using 'CodeIgniter\Session\Handlers\FileHandler' driver.
INFO - 2026-03-03 22:01:24 --> Iniciando proceso de cierre de sesión para usuario: ycampues
INFO - 2026-03-03 22:01:24 --> Sesión cerrada exitosamente
DEBUG - 2026-03-03 22:01:24 --> Session: Class initialized using 'CodeIgniter\Session\Handlers\FileHandler' driver.
DEBUG - 2026-03-03 22:03:19 --> Session: Class initialized using 'CodeIgniter\Session\Handlers\FileHandler' driver.
INFO - 2026-03-03 22:03:20 --> Token de recordarme creado para usuario: 1004191845
INFO - 2026-03-03 22:03:20 --> Usuario autenticado: 1004191845 con rol: 1 - requiere cambio password: no
DEBUG - 2026-03-03 22:03:20 --> Session: Class initialized using 'CodeIgniter\Session\Handlers\FileHandler' driver.
DEBUG - 2026-03-03 22:03:20 --> Estadísticas mensuales: [{"mes":"Abr 2025","actividades":0,"practicas":0},{"mes":"May 2025","actividades":0,"practicas":0},{"mes":"Jun 2025","actividades":0,"practicas":1},{"mes":"Jul 2025","actividades":0,"practicas":1},{"mes":"Ago 2025","actividades":2,"practicas":1},{"mes":"Sep 2025","actividades":0,"practicas":1},{"mes":"Oct 2025","actividades":1,"practicas":1},{"mes":"Nov 2025","actividades":1,"practicas":1},{"mes":"Dic 2025","actividades":1,"practicas":1},{"mes":"Ene 2026","actividades":0,"practicas":1},{"mes":"Feb 2026","actividades":0,"practicas":1},{"mes":"Mar 2026","actividades":0,"practicas":1}]
DEBUG - 2026-03-03 22:03:20 --> Distribución carreras: [{"CARRERA":"Desarrollo de Software","TOTAL":"5"},{"CARRERA":"Dise\u00f1o Gr\u00e1fico","TOTAL":"4"},{"CARRERA":"Redes y Telecomunicaciones","TOTAL":"3"},{"CARRERA":"Administraci\u00f3n","TOTAL":"2"},{"CARRERA":"Marketing Digital y Comercio Electronico","TOTAL":"1"},{"CARRERA":"Atenci\u00f3n Integral a Adultos Mayores","TOTAL":"1"}]
DEBUG - 2026-03-03 22:04:10 --> Session: Class initialized using 'CodeIgniter\Session\Handlers\FileHandler' driver.
DEBUG - 2026-03-03 22:04:10 --> Estadísticas mensuales: [{"mes":"Abr 2025","actividades":0,"practicas":0},{"mes":"May 2025","actividades":0,"practicas":0},{"mes":"Jun 2025","actividades":0,"practicas":1},{"mes":"Jul 2025","actividades":0,"practicas":1},{"mes":"Ago 2025","actividades":2,"practicas":1},{"mes":"Sep 2025","actividades":0,"practicas":1},{"mes":"Oct 2025","actividades":1,"practicas":1},{"mes":"Nov 2025","actividades":1,"practicas":1},{"mes":"Dic 2025","actividades":1,"practicas":1},{"mes":"Ene 2026","actividades":0,"practicas":1},{"mes":"Feb 2026","actividades":0,"practicas":1},{"mes":"Mar 2026","actividades":0,"practicas":1}]
DEBUG - 2026-03-03 22:04:10 --> Distribución carreras: [{"CARRERA":"Desarrollo de Software","TOTAL":"5"},{"CARRERA":"Dise\u00f1o Gr\u00e1fico","TOTAL":"4"},{"CARRERA":"Redes y Telecomunicaciones","TOTAL":"3"},{"CARRERA":"Administraci\u00f3n","TOTAL":"2"},{"CARRERA":"Marketing Digital y Comercio Electronico","TOTAL":"1"},{"CARRERA":"Atenci\u00f3n Integral a Adultos Mayores","TOTAL":"1"}]
DEBUG - 2026-03-03 22:04:14 --> Session: Class initialized using 'CodeIgniter\Session\Handlers\FileHandler' driver.
INFO - 2026-03-03 22:04:14 --> Iniciando proceso de cierre de sesión para usuario: ycampues
INFO - 2026-03-03 22:04:14 --> Sesión cerrada exitosamente
DEBUG - 2026-03-03 22:04:14 --> Session: Class initialized using 'CodeIgniter\Session\Handlers\FileHandler' driver.
DEBUG - 2026-03-03 22:04:36 --> Session: Class initialized using 'CodeIgniter\Session\Handlers\FileHandler' driver.
DEBUG - 2026-03-03 22:04:36 --> Session: Class initialized using 'CodeIgniter\Session\Handlers\FileHandler' driver.
DEBUG - 2026-03-03 22:04:43 --> Session: Class initialized using 'CodeIgniter\Session\Handlers\FileHandler' driver.
INFO - 2026-03-03 22:04:43 --> Token de recordarme creado para usuario: 1004191845
INFO - 2026-03-03 22:04:43 --> Usuario autenticado: 1004191845 con rol: 1 - requiere cambio password: no
DEBUG - 2026-03-03 22:04:43 --> Session: Class initialized using 'CodeIgniter\Session\Handlers\FileHandler' driver.
DEBUG - 2026-03-03 22:04:43 --> Estadísticas mensuales: [{"mes":"Abr 2025","actividades":0,"practicas":0},{"mes":"May 2025","actividades":0,"practicas":0},{"mes":"Jun 2025","actividades":0,"practicas":1},{"mes":"Jul 2025","actividades":0,"practicas":1},{"mes":"Ago 2025","actividades":2,"practicas":1},{"mes":"Sep 2025","actividades":0,"practicas":1},{"mes":"Oct 2025","actividades":1,"practicas":1},{"mes":"Nov 2025","actividades":1,"practicas":1},{"mes":"Dic 2025","actividades":1,"practicas":1},{"mes":"Ene 2026","actividades":0,"practicas":1},{"mes":"Feb 2026","actividades":0,"practicas":1},{"mes":"Mar 2026","actividades":0,"practicas":1}]
DEBUG - 2026-03-03 22:04:43 --> Distribución carreras: [{"CARRERA":"Desarrollo de Software","TOTAL":"5"},{"CARRERA":"Dise\u00f1o Gr\u00e1fico","TOTAL":"4"},{"CARRERA":"Redes y Telecomunicaciones","TOTAL":"3"},{"CARRERA":"Administraci\u00f3n","TOTAL":"2"},{"CARRERA":"Marketing Digital y Comercio Electronico","TOTAL":"1"},{"CARRERA":"Atenci\u00f3n Integral a Adultos Mayores","TOTAL":"1"}]
DEBUG - 2026-03-03 22:05:42 --> Session: Class initialized using 'CodeIgniter\Session\Handlers\FileHandler' driver.
DEBUG - 2026-03-03 22:05:42 --> Estadísticas mensuales: [{"mes":"Abr 2025","actividades":0,"practicas":0},{"mes":"May 2025","actividades":0,"practicas":0},{"mes":"Jun 2025","actividades":0,"practicas":1},{"mes":"Jul 2025","actividades":0,"practicas":1},{"mes":"Ago 2025","actividades":2,"practicas":1},{"mes":"Sep 2025","actividades":0,"practicas":1},{"mes":"Oct 2025","actividades":1,"practicas":1},{"mes":"Nov 2025","actividades":1,"practicas":1},{"mes":"Dic 2025","actividades":1,"practicas":1},{"mes":"Ene 2026","actividades":0,"practicas":1},{"mes":"Feb 2026","actividades":0,"practicas":1},{"mes":"Mar 2026","actividades":0,"practicas":1}]
DEBUG - 2026-03-03 22:05:42 --> Distribución carreras: [{"CARRERA":"Desarrollo de Software","TOTAL":"5"},{"CARRERA":"Dise\u00f1o Gr\u00e1fico","TOTAL":"4"},{"CARRERA":"Redes y Telecomunicaciones","TOTAL":"3"},{"CARRERA":"Administraci\u00f3n","TOTAL":"2"},{"CARRERA":"Marketing Digital y Comercio Electronico","TOTAL":"1"},{"CARRERA":"Atenci\u00f3n Integral a Adultos Mayores","TOTAL":"1"}]
DEBUG - 2026-03-03 22:06:51 --> Actividades cargadas: [{"ID_ACTIVIDAD_EDUCACION":"3","ID_PERIODO_ACADEMICO":null,"ID_INSTRUCTOR":"3","ID_TIPO_MODALIDAD":"1","ID_TIPO_ACTIVIDAD":"3","ID_USUARIO":"1","NOMBRE_ACTIVIDAD":"Inteligencia Artificial y Machine Learning","DESCRIPCION":"Seminario sobre tendencias actuales en IA y aplicaciones pr\u00e1cticas.","OBJETIVOS":"Actualizar conocimientos en inteligencia artificial y sus aplicaciones","DURACION_HORAS":"16","FECHA_INICIO":"2025-12-15","FECHA_FIN":"2025-12-16","LUGAR":"Auditorio Principal","HORARIO":"8:00-17:00","INCLUYE_CERTIFICADO":"1","PROGRAMA_DETALLADO":"Introducci\u00f3n a la IA\nMachine Learning b\u00e1sico\nDeep Learning\nAplicaciones pr\u00e1cticas\nCasos de estudio","ACTIVIDAD":"Seminario","MODALIDAD":"Presencial","ESPECIALIDAD":"Inteligencia Artificial","NOMBRE":"Mar\u00eda","APELLIDO":"Gonz\u00e1lez"},{"ID_ACTIVIDAD_EDUCACION":"5","ID_PERIODO_ACADEMICO":null,"ID_INSTRUCTOR":"2","ID_TIPO_MODALIDAD":"2","ID_TIPO_ACTIVIDAD":"2","ID_USUARIO":"1","NOMBRE_ACTIVIDAD":"Configuraci\u00f3n de Redes","DESCRIPCION":"Taller de configuraci\u00f3n y administraci\u00f3n de redes de computadoras.","OBJETIVOS":"Capacitar en configuraci\u00f3n y administraci\u00f3n de redes","DURACION_HORAS":"32","FECHA_INICIO":"2025-11-01","FECHA_FIN":"2025-11-30","LUGAR":"Laboratorio de Redes","HORARIO":"S\u00e1bados 8:00-12:00","INCLUYE_CERTIFICADO":"1","PROGRAMA_DETALLADO":"Protocolos de red\nConfiguraci\u00f3n de routers\nSwitches y VLANs\nSeguridad en redes","ACTIVIDAD":"Taller","MODALIDAD":"Virtual","ESPECIALIDAD":"Hardware y Redes","NOMBRE":"Ana","APELLIDO":"Ruiz"},{"ID_ACTIVIDAD_EDUCACION":"2","ID_PERIODO_ACADEMICO":null,"ID_INSTRUCTOR":"2","ID_TIPO_MODALIDAD":"2","ID_TIPO_ACTIVIDAD":"2","ID_USUARIO":"1","NOMBRE_ACTIVIDAD":"Reparaci\u00f3n de Equipos de C\u00f3mputo","DESCRIPCION":"Taller pr\u00e1ctico de mantenimiento y reparaci\u00f3n de hardware de computadoras.","OBJETIVOS":"Capacitar en t\u00e9cnicas de diagn\u00f3stico y reparaci\u00f3n de equipos","DURACION_HORAS":"40","FECHA_INICIO":"2025-10-01","FECHA_FIN":"2025-10-31","LUGAR":"Plataforma Virtual","HORARIO":"S\u00e1bados 9:00-13:00","INCLUYE_CERTIFICADO":"1","PROGRAMA_DETALLADO":"Diagn\u00f3stico de problemas\nReparaci\u00f3n de hardware\nMantenimiento preventivo\nInstalaci\u00f3n de software","ACTIVIDAD":"Taller","MODALIDAD":"Virtual","ESPECIALIDAD":"Hardware y Redes","NOMBRE":"Ana","APELLIDO":"Ruiz"},{"ID_ACTIVIDAD_EDUCACION":"1","ID_PERIODO_ACADEMICO":null,"ID_INSTRUCTOR":"1","ID_TIPO_MODALIDAD":"1","ID_TIPO_ACTIVIDAD":"1","ID_USUARIO":"1","NOMBRE_ACTIVIDAD":"Desarrollo Web Full Stack","DESCRIPCION":"Curso completo de desarrollo web con tecnolog\u00edas modernas como React, Node.js, MongoDB y m\u00e1s.","OBJETIVOS":"Formar desarrolladores full stack competentes en tecnolog\u00edas web modernas","DURACION_HORAS":"4","FECHA_INICIO":"2025-08-18","FECHA_FIN":"2025-08-19","LUGAR":"Laboratorio de Programaci\u00f3n","HORARIO":"Lunes a Martess 16:00-18:00","INCLUYE_CERTIFICADO":"1","PROGRAMA_DETALLADO":"M\u00f3dulo 1: HTML\/CSS\/JavaScript\r\nM\u00f3dulo 2: React.js\r\nM\u00f3dulo 3: Node.js\r\nM\u00f3dulo 4: Base de datos\r\nM\u00f3dulo 5: Proyecto final","ACTIVIDAD":"Curso","MODALIDAD":"Presencial","ESPECIALIDAD":"Desarrollo de Software","NOMBRE":"Carlos","APELLIDO":"Mendoza"},{"ID_ACTIVIDAD_EDUCACION":"4","ID_PERIODO_ACADEMICO":null,"ID_INSTRUCTOR":"1","ID_TIPO_MODALIDAD":"1","ID_TIPO_ACTIVIDAD":"1","ID_USUARIO":"1","NOMBRE_ACTIVIDAD":"Programaci\u00f3n en Python","DESCRIPCION":"Curso introductorio de programaci\u00f3n usando Python como lenguaje principal.","OBJETIVOS":"Ense\u00f1ar los fundamentos de programaci\u00f3n usando Python","DURACION_HORAS":"80","FECHA_INICIO":"2025-08-01","FECHA_FIN":"2025-09-30","LUGAR":"Laboratorio de Programaci\u00f3n","HORARIO":"Martes y Jueves 18:00-20:00","INCLUYE_CERTIFICADO":"1","PROGRAMA_DETALLADO":"Variables y tipos de datos\nEstructuras de control\nFunciones\nPOO\nLibrer\u00edas b\u00e1sicas","ACTIVIDAD":"Curso","MODALIDAD":"Presencial","ESPECIALIDAD":"Desarrollo de Software","NOMBRE":"Carlos","APELLIDO":"Mendoza"}]
DEBUG - 2026-03-03 22:06:51 --> Session: Class initialized using 'CodeIgniter\Session\Handlers\FileHandler' driver.
DEBUG - 2026-03-03 22:06:56 --> Session: Class initialized using 'CodeIgniter\Session\Handlers\FileHandler' driver.
DEBUG - 2026-03-03 22:07:03 --> Session: Class initialized using 'CodeIgniter\Session\Handlers\FileHandler' driver.
DEBUG - 2026-03-03 22:07:07 --> Actividades cargadas: [{"ID_ACTIVIDAD_EDUCACION":"3","ID_PERIODO_ACADEMICO":null,"ID_INSTRUCTOR":"3","ID_TIPO_MODALIDAD":"1","ID_TIPO_ACTIVIDAD":"3","ID_USUARIO":"1","NOMBRE_ACTIVIDAD":"Inteligencia Artificial y Machine Learning","DESCRIPCION":"Seminario sobre tendencias actuales en IA y aplicaciones pr\u00e1cticas.","OBJETIVOS":"Actualizar conocimientos en inteligencia artificial y sus aplicaciones","DURACION_HORAS":"16","FECHA_INICIO":"2025-12-15","FECHA_FIN":"2025-12-16","LUGAR":"Auditorio Principal","HORARIO":"8:00-17:00","INCLUYE_CERTIFICADO":"1","PROGRAMA_DETALLADO":"Introducci\u00f3n a la IA\nMachine Learning b\u00e1sico\nDeep Learning\nAplicaciones pr\u00e1cticas\nCasos de estudio","ACTIVIDAD":"Seminario","MODALIDAD":"Presencial","ESPECIALIDAD":"Inteligencia Artificial","NOMBRE":"Mar\u00eda","APELLIDO":"Gonz\u00e1lez"},{"ID_ACTIVIDAD_EDUCACION":"5","ID_PERIODO_ACADEMICO":null,"ID_INSTRUCTOR":"2","ID_TIPO_MODALIDAD":"2","ID_TIPO_ACTIVIDAD":"2","ID_USUARIO":"1","NOMBRE_ACTIVIDAD":"Configuraci\u00f3n de Redes","DESCRIPCION":"Taller de configuraci\u00f3n y administraci\u00f3n de redes de computadoras.","OBJETIVOS":"Capacitar en configuraci\u00f3n y administraci\u00f3n de redes","DURACION_HORAS":"32","FECHA_INICIO":"2025-11-01","FECHA_FIN":"2025-11-30","LUGAR":"Laboratorio de Redes","HORARIO":"S\u00e1bados 8:00-12:00","INCLUYE_CERTIFICADO":"1","PROGRAMA_DETALLADO":"Protocolos de red\nConfiguraci\u00f3n de routers\nSwitches y VLANs\nSeguridad en redes","ACTIVIDAD":"Taller","MODALIDAD":"Virtual","ESPECIALIDAD":"Hardware y Redes","NOMBRE":"Ana","APELLIDO":"Ruiz"},{"ID_ACTIVIDAD_EDUCACION":"2","ID_PERIODO_ACADEMICO":null,"ID_INSTRUCTOR":"2","ID_TIPO_MODALIDAD":"2","ID_TIPO_ACTIVIDAD":"2","ID_USUARIO":"1","NOMBRE_ACTIVIDAD":"Reparaci\u00f3n de Equipos de C\u00f3mputo","DESCRIPCION":"Taller pr\u00e1ctico de mantenimiento y reparaci\u00f3n de hardware de computadoras.","OBJETIVOS":"Capacitar en t\u00e9cnicas de diagn\u00f3stico y reparaci\u00f3n de equipos","DURACION_HORAS":"40","FECHA_INICIO":"2025-10-01","FECHA_FIN":"2025-10-31","LUGAR":"Plataforma Virtual","HORARIO":"S\u00e1bados 9:00-13:00","INCLUYE_CERTIFICADO":"1","PROGRAMA_DETALLADO":"Diagn\u00f3stico de problemas\nReparaci\u00f3n de hardware\nMantenimiento preventivo\nInstalaci\u00f3n de software","ACTIVIDAD":"Taller","MODALIDAD":"Virtual","ESPECIALIDAD":"Hardware y Redes","NOMBRE":"Ana","APELLIDO":"Ruiz"},{"ID_ACTIVIDAD_EDUCACION":"1","ID_PERIODO_ACADEMICO":null,"ID_INSTRUCTOR":"1","ID_TIPO_MODALIDAD":"1","ID_TIPO_ACTIVIDAD":"1","ID_USUARIO":"1","NOMBRE_ACTIVIDAD":"Desarrollo Web Full Stack","DESCRIPCION":"Curso completo de desarrollo web con tecnolog\u00edas modernas como React, Node.js, MongoDB y m\u00e1s.","OBJETIVOS":"Formar desarrolladores full stack competentes en tecnolog\u00edas web modernas","DURACION_HORAS":"4","FECHA_INICIO":"2025-08-18","FECHA_FIN":"2025-08-19","LUGAR":"Laboratorio de Programaci\u00f3n","HORARIO":"Lunes a Martess 16:00-18:00","INCLUYE_CERTIFICADO":"1","PROGRAMA_DETALLADO":"M\u00f3dulo 1: HTML\/CSS\/JavaScript\r\nM\u00f3dulo 2: React.js\r\nM\u00f3dulo 3: Node.js\r\nM\u00f3dulo 4: Base de datos\r\nM\u00f3dulo 5: Proyecto final","ACTIVIDAD":"Curso","MODALIDAD":"Presencial","ESPECIALIDAD":"Desarrollo de Software","NOMBRE":"Carlos","APELLIDO":"Mendoza"},{"ID_ACTIVIDAD_EDUCACION":"4","ID_PERIODO_ACADEMICO":null,"ID_INSTRUCTOR":"1","ID_TIPO_MODALIDAD":"1","ID_TIPO_ACTIVIDAD":"1","ID_USUARIO":"1","NOMBRE_ACTIVIDAD":"Programaci\u00f3n en Python","DESCRIPCION":"Curso introductorio de programaci\u00f3n usando Python como lenguaje principal.","OBJETIVOS":"Ense\u00f1ar los fundamentos de programaci\u00f3n usando Python","DURACION_HORAS":"80","FECHA_INICIO":"2025-08-01","FECHA_FIN":"2025-09-30","LUGAR":"Laboratorio de Programaci\u00f3n","HORARIO":"Martes y Jueves 18:00-20:00","INCLUYE_CERTIFICADO":"1","PROGRAMA_DETALLADO":"Variables y tipos de datos\nEstructuras de control\nFunciones\nPOO\nLibrer\u00edas b\u00e1sicas","ACTIVIDAD":"Curso","MODALIDAD":"Presencial","ESPECIALIDAD":"Desarrollo de Software","NOMBRE":"Carlos","APELLIDO":"Mendoza"}]
DEBUG - 2026-03-03 22:07:07 --> Session: Class initialized using 'CodeIgniter\Session\Handlers\FileHandler' driver.
DEBUG - 2026-03-03 22:07:09 --> Session: Class initialized using 'CodeIgniter\Session\Handlers\FileHandler' driver.
DEBUG - 2026-03-03 22:07:25 --> Actividades cargadas: [{"ID_ACTIVIDAD_EDUCACION":"3","ID_PERIODO_ACADEMICO":null,"ID_INSTRUCTOR":"3","ID_TIPO_MODALIDAD":"1","ID_TIPO_ACTIVIDAD":"3","ID_USUARIO":"1","NOMBRE_ACTIVIDAD":"Inteligencia Artificial y Machine Learning","DESCRIPCION":"Seminario sobre tendencias actuales en IA y aplicaciones pr\u00e1cticas.","OBJETIVOS":"Actualizar conocimientos en inteligencia artificial y sus aplicaciones","DURACION_HORAS":"16","FECHA_INICIO":"2025-12-15","FECHA_FIN":"2025-12-16","LUGAR":"Auditorio Principal","HORARIO":"8:00-17:00","INCLUYE_CERTIFICADO":"1","PROGRAMA_DETALLADO":"Introducci\u00f3n a la IA\nMachine Learning b\u00e1sico\nDeep Learning\nAplicaciones pr\u00e1cticas\nCasos de estudio","ACTIVIDAD":"Seminario","MODALIDAD":"Presencial","ESPECIALIDAD":"Inteligencia Artificial","NOMBRE":"Mar\u00eda","APELLIDO":"Gonz\u00e1lez"},{"ID_ACTIVIDAD_EDUCACION":"5","ID_PERIODO_ACADEMICO":null,"ID_INSTRUCTOR":"2","ID_TIPO_MODALIDAD":"2","ID_TIPO_ACTIVIDAD":"2","ID_USUARIO":"1","NOMBRE_ACTIVIDAD":"Configuraci\u00f3n de Redes","DESCRIPCION":"Taller de configuraci\u00f3n y administraci\u00f3n de redes de computadoras.","OBJETIVOS":"Capacitar en configuraci\u00f3n y administraci\u00f3n de redes","DURACION_HORAS":"32","FECHA_INICIO":"2025-11-01","FECHA_FIN":"2025-11-30","LUGAR":"Laboratorio de Redes","HORARIO":"S\u00e1bados 8:00-12:00","INCLUYE_CERTIFICADO":"1","PROGRAMA_DETALLADO":"Protocolos de red\nConfiguraci\u00f3n de routers\nSwitches y VLANs\nSeguridad en redes","ACTIVIDAD":"Taller","MODALIDAD":"Virtual","ESPECIALIDAD":"Hardware y Redes","NOMBRE":"Ana","APELLIDO":"Ruiz"},{"ID_ACTIVIDAD_EDUCACION":"2","ID_PERIODO_ACADEMICO":null,"ID_INSTRUCTOR":"2","ID_TIPO_MODALIDAD":"2","ID_TIPO_ACTIVIDAD":"2","ID_USUARIO":"1","NOMBRE_ACTIVIDAD":"Reparaci\u00f3n de Equipos de C\u00f3mputo","DESCRIPCION":"Taller pr\u00e1ctico de mantenimiento y reparaci\u00f3n de hardware de computadoras.","OBJETIVOS":"Capacitar en t\u00e9cnicas de diagn\u00f3stico y reparaci\u00f3n de equipos","DURACION_HORAS":"40","FECHA_INICIO":"2025-10-01","FECHA_FIN":"2025-10-31","LUGAR":"Plataforma Virtual","HORARIO":"S\u00e1bados 9:00-13:00","INCLUYE_CERTIFICADO":"1","PROGRAMA_DETALLADO":"Diagn\u00f3stico de problemas\nReparaci\u00f3n de hardware\nMantenimiento preventivo\nInstalaci\u00f3n de software","ACTIVIDAD":"Taller","MODALIDAD":"Virtual","ESPECIALIDAD":"Hardware y Redes","NOMBRE":"Ana","APELLIDO":"Ruiz"},{"ID_ACTIVIDAD_EDUCACION":"1","ID_PERIODO_ACADEMICO":null,"ID_INSTRUCTOR":"1","ID_TIPO_MODALIDAD":"1","ID_TIPO_ACTIVIDAD":"1","ID_USUARIO":"1","NOMBRE_ACTIVIDAD":"Desarrollo Web Full Stack","DESCRIPCION":"Curso completo de desarrollo web con tecnolog\u00edas modernas como React, Node.js, MongoDB y m\u00e1s.","OBJETIVOS":"Formar desarrolladores full stack competentes en tecnolog\u00edas web modernas","DURACION_HORAS":"4","FECHA_INICIO":"2025-08-18","FECHA_FIN":"2025-08-19","LUGAR":"Laboratorio de Programaci\u00f3n","HORARIO":"Lunes a Martess 16:00-18:00","INCLUYE_CERTIFICADO":"1","PROGRAMA_DETALLADO":"M\u00f3dulo 1: HTML\/CSS\/JavaScript\r\nM\u00f3dulo 2: React.js\r\nM\u00f3dulo 3: Node.js\r\nM\u00f3dulo 4: Base de datos\r\nM\u00f3dulo 5: Proyecto final","ACTIVIDAD":"Curso","MODALIDAD":"Presencial","ESPECIALIDAD":"Desarrollo de Software","NOMBRE":"Carlos","APELLIDO":"Mendoza"},{"ID_ACTIVIDAD_EDUCACION":"4","ID_PERIODO_ACADEMICO":null,"ID_INSTRUCTOR":"1","ID_TIPO_MODALIDAD":"1","ID_TIPO_ACTIVIDAD":"1","ID_USUARIO":"1","NOMBRE_ACTIVIDAD":"Programaci\u00f3n en Python","DESCRIPCION":"Curso introductorio de programaci\u00f3n usando Python como lenguaje principal.","OBJETIVOS":"Ense\u00f1ar los fundamentos de programaci\u00f3n usando Python","DURACION_HORAS":"80","FECHA_INICIO":"2025-08-01","FECHA_FIN":"2025-09-30","LUGAR":"Laboratorio de Programaci\u00f3n","HORARIO":"Martes y Jueves 18:00-20:00","INCLUYE_CERTIFICADO":"1","PROGRAMA_DETALLADO":"Variables y tipos de datos\nEstructuras de control\nFunciones\nPOO\nLibrer\u00edas b\u00e1sicas","ACTIVIDAD":"Curso","MODALIDAD":"Presencial","ESPECIALIDAD":"Desarrollo de Software","NOMBRE":"Carlos","APELLIDO":"Mendoza"}]
DEBUG - 2026-03-03 22:07:25 --> Session: Class initialized using 'CodeIgniter\Session\Handlers\FileHandler' driver.
DEBUG - 2026-03-03 22:07:32 --> Actividades cargadas: [{"ID_ACTIVIDAD_EDUCACION":"3","ID_PERIODO_ACADEMICO":null,"ID_INSTRUCTOR":"3","ID_TIPO_MODALIDAD":"1","ID_TIPO_ACTIVIDAD":"3","ID_USUARIO":"1","NOMBRE_ACTIVIDAD":"Inteligencia Artificial y Machine Learning","DESCRIPCION":"Seminario sobre tendencias actuales en IA y aplicaciones pr\u00e1cticas.","OBJETIVOS":"Actualizar conocimientos en inteligencia artificial y sus aplicaciones","DURACION_HORAS":"16","FECHA_INICIO":"2025-12-15","FECHA_FIN":"2025-12-16","LUGAR":"Auditorio Principal","HORARIO":"8:00-17:00","INCLUYE_CERTIFICADO":"1","PROGRAMA_DETALLADO":"Introducci\u00f3n a la IA\nMachine Learning b\u00e1sico\nDeep Learning\nAplicaciones pr\u00e1cticas\nCasos de estudio","ACTIVIDAD":"Seminario","MODALIDAD":"Presencial","ESPECIALIDAD":"Inteligencia Artificial","NOMBRE":"Mar\u00eda","APELLIDO":"Gonz\u00e1lez"},{"ID_ACTIVIDAD_EDUCACION":"5","ID_PERIODO_ACADEMICO":null,"ID_INSTRUCTOR":"2","ID_TIPO_MODALIDAD":"2","ID_TIPO_ACTIVIDAD":"2","ID_USUARIO":"1","NOMBRE_ACTIVIDAD":"Configuraci\u00f3n de Redes","DESCRIPCION":"Taller de configuraci\u00f3n y administraci\u00f3n de redes de computadoras.","OBJETIVOS":"Capacitar en configuraci\u00f3n y administraci\u00f3n de redes","DURACION_HORAS":"32","FECHA_INICIO":"2025-11-01","FECHA_FIN":"2025-11-30","LUGAR":"Laboratorio de Redes","HORARIO":"S\u00e1bados 8:00-12:00","INCLUYE_CERTIFICADO":"1","PROGRAMA_DETALLADO":"Protocolos de red\nConfiguraci\u00f3n de routers\nSwitches y VLANs\nSeguridad en redes","ACTIVIDAD":"Taller","MODALIDAD":"Virtual","ESPECIALIDAD":"Hardware y Redes","NOMBRE":"Ana","APELLIDO":"Ruiz"},{"ID_ACTIVIDAD_EDUCACION":"2","ID_PERIODO_ACADEMICO":null,"ID_INSTRUCTOR":"2","ID_TIPO_MODALIDAD":"2","ID_TIPO_ACTIVIDAD":"2","ID_USUARIO":"1","NOMBRE_ACTIVIDAD":"Reparaci\u00f3n de Equipos de C\u00f3mputo","DESCRIPCION":"Taller pr\u00e1ctico de mantenimiento y reparaci\u00f3n de hardware de computadoras.","OBJETIVOS":"Capacitar en t\u00e9cnicas de diagn\u00f3stico y reparaci\u00f3n de equipos","DURACION_HORAS":"40","FECHA_INICIO":"2025-10-01","FECHA_FIN":"2025-10-31","LUGAR":"Plataforma Virtual","HORARIO":"S\u00e1bados 9:00-13:00","INCLUYE_CERTIFICADO":"1","PROGRAMA_DETALLADO":"Diagn\u00f3stico de problemas\nReparaci\u00f3n de hardware\nMantenimiento preventivo\nInstalaci\u00f3n de software","ACTIVIDAD":"Taller","MODALIDAD":"Virtual","ESPECIALIDAD":"Hardware y Redes","NOMBRE":"Ana","APELLIDO":"Ruiz"},{"ID_ACTIVIDAD_EDUCACION":"1","ID_PERIODO_ACADEMICO":null,"ID_INSTRUCTOR":"1","ID_TIPO_MODALIDAD":"1","ID_TIPO_ACTIVIDAD":"1","ID_USUARIO":"1","NOMBRE_ACTIVIDAD":"Desarrollo Web Full Stack","DESCRIPCION":"Curso completo de desarrollo web con tecnolog\u00edas modernas como React, Node.js, MongoDB y m\u00e1s.","OBJETIVOS":"Formar desarrolladores full stack competentes en tecnolog\u00edas web modernas","DURACION_HORAS":"4","FECHA_INICIO":"2025-08-18","FECHA_FIN":"2025-08-19","LUGAR":"Laboratorio de Programaci\u00f3n","HORARIO":"Lunes a Martess 16:00-18:00","INCLUYE_CERTIFICADO":"1","PROGRAMA_DETALLADO":"M\u00f3dulo 1: HTML\/CSS\/JavaScript\r\nM\u00f3dulo 2: React.js\r\nM\u00f3dulo 3: Node.js\r\nM\u00f3dulo 4: Base de datos\r\nM\u00f3dulo 5: Proyecto final","ACTIVIDAD":"Curso","MODALIDAD":"Presencial","ESPECIALIDAD":"Desarrollo de Software","NOMBRE":"Carlos","APELLIDO":"Mendoza"},{"ID_ACTIVIDAD_EDUCACION":"4","ID_PERIODO_ACADEMICO":null,"ID_INSTRUCTOR":"1","ID_TIPO_MODALIDAD":"1","ID_TIPO_ACTIVIDAD":"1","ID_USUARIO":"1","NOMBRE_ACTIVIDAD":"Programaci\u00f3n en Python","DESCRIPCION":"Curso introductorio de programaci\u00f3n usando Python como lenguaje principal.","OBJETIVOS":"Ense\u00f1ar los fundamentos de programaci\u00f3n usando Python","DURACION_HORAS":"80","FECHA_INICIO":"2025-08-01","FECHA_FIN":"2025-09-30","LUGAR":"Laboratorio de Programaci\u00f3n","HORARIO":"Martes y Jueves 18:00-20:00","INCLUYE_CERTIFICADO":"1","PROGRAMA_DETALLADO":"Variables y tipos de datos\nEstructuras de control\nFunciones\nPOO\nLibrer\u00edas b\u00e1sicas","ACTIVIDAD":"Curso","MODALIDAD":"Presencial","ESPECIALIDAD":"Desarrollo de Software","NOMBRE":"Carlos","APELLIDO":"Mendoza"}]
DEBUG - 2026-03-03 22:07:32 --> Session: Class initialized using 'CodeIgniter\Session\Handlers\FileHandler' driver.
DEBUG - 2026-03-03 22:07:36 --> Session: Class initialized using 'CodeIgniter\Session\Handlers\FileHandler' driver.
DEBUG - 2026-03-03 22:07:36 --> Session: Class initialized using 'CodeIgniter\Session\Handlers\FileHandler' driver.
DEBUG - 2026-03-03 22:07:37 --> Total evaluaciones en BD: 3
DEBUG - 2026-03-03 22:07:37 --> Evaluaciones activas encontradas: 3
DEBUG - 2026-03-03 22:07:37 --> Session: Class initialized using 'CodeIgniter\Session\Handlers\FileHandler' driver.
DEBUG - 2026-03-03 22:08:04 --> Session: Class initialized using 'CodeIgniter\Session\Handlers\FileHandler' driver.
INFO - 2026-03-03 22:08:04 --> Iniciando proceso de cierre de sesión para usuario: ycampues
INFO - 2026-03-03 22:08:04 --> Sesión cerrada exitosamente
DEBUG - 2026-03-03 22:08:04 --> Session: Class initialized using 'CodeIgniter\Session\Handlers\FileHandler' driver.
DEBUG - 2026-03-03 22:08:23 --> Session: Class initialized using 'CodeIgniter\Session\Handlers\FileHandler' driver.
DEBUG - 2026-03-03 22:08:23 --> Session: Class initialized using 'CodeIgniter\Session\Handlers\FileHandler' driver.
DEBUG - 2026-03-03 22:08:39 --> Session: Class initialized using 'CodeIgniter\Session\Handlers\FileHandler' driver.
DEBUG - 2026-03-03 22:08:39 --> Session: Class initialized using 'CodeIgniter\Session\Handlers\FileHandler' driver.
DEBUG - 2026-03-03 22:08:44 --> Session: Class initialized using 'CodeIgniter\Session\Handlers\FileHandler' driver.
DEBUG - 2026-03-03 22:08:50 --> Session: Class initialized using 'CodeIgniter\Session\Handlers\FileHandler' driver.
DEBUG - 2026-03-03 22:08:50 --> Session: Class initialized using 'CodeIgniter\Session\Handlers\FileHandler' driver.
DEBUG - 2026-03-03 22:08:56 --> Session: Class initialized using 'CodeIgniter\Session\Handlers\FileHandler' driver.
DEBUG - 2026-03-03 22:09:08 --> Session: Class initialized using 'CodeIgniter\Session\Handlers\FileHandler' driver.
INFO - 2026-03-03 22:09:08 --> Token de recordarme creado para usuario: paguirre
INFO - 2026-03-03 22:09:08 --> Usuario autenticado: paguirre con rol: 3 - requiere cambio password: no
DEBUG - 2026-03-03 22:09:08 --> Session: Class initialized using 'CodeIgniter\Session\Handlers\FileHandler' driver.
ERROR - 2026-03-03 22:09:08 --> mysqli_sql_exception: Table 'itsi.practicas_preprofesionales' doesn't exist in C:\xampp\htdocs\ITSI\vendor\codeigniter4\framework\system\Database\MySQLi\Connection.php:327
Stack trace:
#0 C:\xampp\htdocs\ITSI\vendor\codeigniter4\framework\system\Database\MySQLi\Connection.php(327): mysqli->query('SELECT COUNT(*)...', 0)
#1 C:\xampp\htdocs\ITSI\vendor\codeigniter4\framework\system\Database\BaseConnection.php(738): CodeIgniter\Database\MySQLi\Connection->execute('SELECT COUNT(*)...')
#2 C:\xampp\htdocs\ITSI\vendor\codeigniter4\framework\system\Database\BaseConnection.php(652): CodeIgniter\Database\BaseConnection->simpleQuery('SELECT COUNT(*)...')
#3 C:\xampp\htdocs\ITSI\vendor\codeigniter4\framework\system\Database\BaseBuilder.php(1733): CodeIgniter\Database\BaseConnection->query('SELECT COUNT(*)...', Array, false)
#4 C:\xampp\htdocs\ITSI\app\Controllers\estudiante\DashboardEstudianteController.php(74): CodeIgniter\Database\BaseBuilder->countAllResults()
#5 C:\xampp\htdocs\ITSI\vendor\codeigniter4\framework\system\CodeIgniter.php(933): App\Controllers\estudiante\DashboardEstudianteController->index()
#6 C:\xampp\htdocs\ITSI\vendor\codeigniter4\framework\system\CodeIgniter.php(507): CodeIgniter\CodeIgniter->runController(Object(App\Controllers\estudiante\DashboardEstudianteController))
#7 C:\xampp\htdocs\ITSI\vendor\codeigniter4\framework\system\CodeIgniter.php(354): CodeIgniter\CodeIgniter->handleRequest(NULL, Object(Config\Cache), false)
#8 C:\xampp\htdocs\ITSI\vendor\codeigniter4\framework\system\Boot.php(334): CodeIgniter\CodeIgniter->run()
#9 C:\xampp\htdocs\ITSI\vendor\codeigniter4\framework\system\Boot.php(67): CodeIgniter\Boot::runCodeIgniter(Object(CodeIgniter\CodeIgniter))
#10 C:\xampp\htdocs\ITSI\public\index.php(59): CodeIgniter\Boot::bootWeb(Object(Config\Paths))
#11 {main}
ERROR - 2026-03-03 22:09:08 --> Dashboard preprofesionales: Table 'itsi.practicas_preprofesionales' doesn't exist
ERROR - 2026-03-03 22:09:08 --> mysqli_sql_exception: Table 'itsi.servicios_comunitarios' doesn't exist in C:\xampp\htdocs\ITSI\vendor\codeigniter4\framework\system\Database\MySQLi\Connection.php:327
Stack trace:
#0 C:\xampp\htdocs\ITSI\vendor\codeigniter4\framework\system\Database\MySQLi\Connection.php(327): mysqli->query('SELECT COUNT(*)...', 0)
#1 C:\xampp\htdocs\ITSI\vendor\codeigniter4\framework\system\Database\BaseConnection.php(738): CodeIgniter\Database\MySQLi\Connection->execute('SELECT COUNT(*)...')
#2 C:\xampp\htdocs\ITSI\vendor\codeigniter4\framework\system\Database\BaseConnection.php(652): CodeIgniter\Database\BaseConnection->simpleQuery('SELECT COUNT(*)...')
#3 C:\xampp\htdocs\ITSI\vendor\codeigniter4\framework\system\Database\BaseBuilder.php(1733): CodeIgniter\Database\BaseConnection->query('SELECT COUNT(*)...', Array, false)
#4 C:\xampp\htdocs\ITSI\app\Controllers\estudiante\DashboardEstudianteController.php(103): CodeIgniter\Database\BaseBuilder->countAllResults()
#5 C:\xampp\htdocs\ITSI\vendor\codeigniter4\framework\system\CodeIgniter.php(933): App\Controllers\estudiante\DashboardEstudianteController->index()
#6 C:\xampp\htdocs\ITSI\vendor\codeigniter4\framework\system\CodeIgniter.php(507): CodeIgniter\CodeIgniter->runController(Object(App\Controllers\estudiante\DashboardEstudianteController))
#7 C:\xampp\htdocs\ITSI\vendor\codeigniter4\framework\system\CodeIgniter.php(354): CodeIgniter\CodeIgniter->handleRequest(NULL, Object(Config\Cache), false)
#8 C:\xampp\htdocs\ITSI\vendor\codeigniter4\framework\system\Boot.php(334): CodeIgniter\CodeIgniter->run()
#9 C:\xampp\htdocs\ITSI\vendor\codeigniter4\framework\system\Boot.php(67): CodeIgniter\Boot::runCodeIgniter(Object(CodeIgniter\CodeIgniter))
#10 C:\xampp\htdocs\ITSI\public\index.php(59): CodeIgniter\Boot::bootWeb(Object(Config\Paths))
#11 {main}
ERROR - 2026-03-03 22:09:08 --> Dashboard servicio comunitario: Table 'itsi.servicios_comunitarios' doesn't exist
DEBUG - 2026-03-03 22:09:12 --> Actividades cargadas: [{"ID_ACTIVIDAD_EDUCACION":"3","ID_PERIODO_ACADEMICO":null,"ID_INSTRUCTOR":"3","ID_TIPO_MODALIDAD":"1","ID_TIPO_ACTIVIDAD":"3","ID_USUARIO":"1","NOMBRE_ACTIVIDAD":"Inteligencia Artificial y Machine Learning","DESCRIPCION":"Seminario sobre tendencias actuales en IA y aplicaciones pr\u00e1cticas.","OBJETIVOS":"Actualizar conocimientos en inteligencia artificial y sus aplicaciones","DURACION_HORAS":"16","FECHA_INICIO":"2025-12-15","FECHA_FIN":"2025-12-16","LUGAR":"Auditorio Principal","HORARIO":"8:00-17:00","INCLUYE_CERTIFICADO":"1","PROGRAMA_DETALLADO":"Introducci\u00f3n a la IA\nMachine Learning b\u00e1sico\nDeep Learning\nAplicaciones pr\u00e1cticas\nCasos de estudio","ACTIVIDAD":"Seminario","MODALIDAD":"Presencial","ESPECIALIDAD":"Inteligencia Artificial","NOMBRE":"Mar\u00eda","APELLIDO":"Gonz\u00e1lez"},{"ID_ACTIVIDAD_EDUCACION":"5","ID_PERIODO_ACADEMICO":null,"ID_INSTRUCTOR":"2","ID_TIPO_MODALIDAD":"2","ID_TIPO_ACTIVIDAD":"2","ID_USUARIO":"1","NOMBRE_ACTIVIDAD":"Configuraci\u00f3n de Redes","DESCRIPCION":"Taller de configuraci\u00f3n y administraci\u00f3n de redes de computadoras.","OBJETIVOS":"Capacitar en configuraci\u00f3n y administraci\u00f3n de redes","DURACION_HORAS":"32","FECHA_INICIO":"2025-11-01","FECHA_FIN":"2025-11-30","LUGAR":"Laboratorio de Redes","HORARIO":"S\u00e1bados 8:00-12:00","INCLUYE_CERTIFICADO":"1","PROGRAMA_DETALLADO":"Protocolos de red\nConfiguraci\u00f3n de routers\nSwitches y VLANs\nSeguridad en redes","ACTIVIDAD":"Taller","MODALIDAD":"Virtual","ESPECIALIDAD":"Hardware y Redes","NOMBRE":"Ana","APELLIDO":"Ruiz"},{"ID_ACTIVIDAD_EDUCACION":"2","ID_PERIODO_ACADEMICO":null,"ID_INSTRUCTOR":"2","ID_TIPO_MODALIDAD":"2","ID_TIPO_ACTIVIDAD":"2","ID_USUARIO":"1","NOMBRE_ACTIVIDAD":"Reparaci\u00f3n de Equipos de C\u00f3mputo","DESCRIPCION":"Taller pr\u00e1ctico de mantenimiento y reparaci\u00f3n de hardware de computadoras.","OBJETIVOS":"Capacitar en t\u00e9cnicas de diagn\u00f3stico y reparaci\u00f3n de equipos","DURACION_HORAS":"40","FECHA_INICIO":"2025-10-01","FECHA_FIN":"2025-10-31","LUGAR":"Plataforma Virtual","HORARIO":"S\u00e1bados 9:00-13:00","INCLUYE_CERTIFICADO":"1","PROGRAMA_DETALLADO":"Diagn\u00f3stico de problemas\nReparaci\u00f3n de hardware\nMantenimiento preventivo\nInstalaci\u00f3n de software","ACTIVIDAD":"Taller","MODALIDAD":"Virtual","ESPECIALIDAD":"Hardware y Redes","NOMBRE":"Ana","APELLIDO":"Ruiz"},{"ID_ACTIVIDAD_EDUCACION":"1","ID_PERIODO_ACADEMICO":null,"ID_INSTRUCTOR":"1","ID_TIPO_MODALIDAD":"1","ID_TIPO_ACTIVIDAD":"1","ID_USUARIO":"1","NOMBRE_ACTIVIDAD":"Desarrollo Web Full Stack","DESCRIPCION":"Curso completo de desarrollo web con tecnolog\u00edas modernas como React, Node.js, MongoDB y m\u00e1s.","OBJETIVOS":"Formar desarrolladores full stack competentes en tecnolog\u00edas web modernas","DURACION_HORAS":"4","FECHA_INICIO":"2025-08-18","FECHA_FIN":"2025-08-19","LUGAR":"Laboratorio de Programaci\u00f3n","HORARIO":"Lunes a Martess 16:00-18:00","INCLUYE_CERTIFICADO":"1","PROGRAMA_DETALLADO":"M\u00f3dulo 1: HTML\/CSS\/JavaScript\r\nM\u00f3dulo 2: React.js\r\nM\u00f3dulo 3: Node.js\r\nM\u00f3dulo 4: Base de datos\r\nM\u00f3dulo 5: Proyecto final","ACTIVIDAD":"Curso","MODALIDAD":"Presencial","ESPECIALIDAD":"Desarrollo de Software","NOMBRE":"Carlos","APELLIDO":"Mendoza"},{"ID_ACTIVIDAD_EDUCACION":"4","ID_PERIODO_ACADEMICO":null,"ID_INSTRUCTOR":"1","ID_TIPO_MODALIDAD":"1","ID_TIPO_ACTIVIDAD":"1","ID_USUARIO":"1","NOMBRE_ACTIVIDAD":"Programaci\u00f3n en Python","DESCRIPCION":"Curso introductorio de programaci\u00f3n usando Python como lenguaje principal.","OBJETIVOS":"Ense\u00f1ar los fundamentos de programaci\u00f3n usando Python","DURACION_HORAS":"80","FECHA_INICIO":"2025-08-01","FECHA_FIN":"2025-09-30","LUGAR":"Laboratorio de Programaci\u00f3n","HORARIO":"Martes y Jueves 18:00-20:00","INCLUYE_CERTIFICADO":"1","PROGRAMA_DETALLADO":"Variables y tipos de datos\nEstructuras de control\nFunciones\nPOO\nLibrer\u00edas b\u00e1sicas","ACTIVIDAD":"Curso","MODALIDAD":"Presencial","ESPECIALIDAD":"Desarrollo de Software","NOMBRE":"Carlos","APELLIDO":"Mendoza"}]
DEBUG - 2026-03-03 22:09:12 --> Session: Class initialized using 'CodeIgniter\Session\Handlers\FileHandler' driver.
DEBUG - 2026-03-03 22:09:18 --> Session: Class initialized using 'CodeIgniter\Session\Handlers\FileHandler' driver.
DEBUG - 2026-03-03 22:09:20 --> Session: Class initialized using 'CodeIgniter\Session\Handlers\FileHandler' driver.
ERROR - 2026-03-03 22:09:20 --> mysqli_sql_exception: Table 'itsi.practicas_preprofesionales' doesn't exist in C:\xampp\htdocs\ITSI\vendor\codeigniter4\framework\system\Database\MySQLi\Connection.php:327
Stack trace:
#0 C:\xampp\htdocs\ITSI\vendor\codeigniter4\framework\system\Database\MySQLi\Connection.php(327): mysqli->query('SELECT COUNT(*)...', 0)
#1 C:\xampp\htdocs\ITSI\vendor\codeigniter4\framework\system\Database\BaseConnection.php(738): CodeIgniter\Database\MySQLi\Connection->execute('SELECT COUNT(*)...')
#2 C:\xampp\htdocs\ITSI\vendor\codeigniter4\framework\system\Database\BaseConnection.php(652): CodeIgniter\Database\BaseConnection->simpleQuery('SELECT COUNT(*)...')
#3 C:\xampp\htdocs\ITSI\vendor\codeigniter4\framework\system\Database\BaseBuilder.php(1733): CodeIgniter\Database\BaseConnection->query('SELECT COUNT(*)...', Array, false)
#4 C:\xampp\htdocs\ITSI\app\Controllers\estudiante\DashboardEstudianteController.php(74): CodeIgniter\Database\BaseBuilder->countAllResults()
#5 C:\xampp\htdocs\ITSI\vendor\codeigniter4\framework\system\CodeIgniter.php(933): App\Controllers\estudiante\DashboardEstudianteController->index()
#6 C:\xampp\htdocs\ITSI\vendor\codeigniter4\framework\system\CodeIgniter.php(507): CodeIgniter\CodeIgniter->runController(Object(App\Controllers\estudiante\DashboardEstudianteController))
#7 C:\xampp\htdocs\ITSI\vendor\codeigniter4\framework\system\CodeIgniter.php(354): CodeIgniter\CodeIgniter->handleRequest(NULL, Object(Config\Cache), false)
#8 C:\xampp\htdocs\ITSI\vendor\codeigniter4\framework\system\Boot.php(334): CodeIgniter\CodeIgniter->run()
#9 C:\xampp\htdocs\ITSI\vendor\codeigniter4\framework\system\Boot.php(67): CodeIgniter\Boot::runCodeIgniter(Object(CodeIgniter\CodeIgniter))
#10 C:\xampp\htdocs\ITSI\public\index.php(59): CodeIgniter\Boot::bootWeb(Object(Config\Paths))
#11 {main}
ERROR - 2026-03-03 22:09:20 --> Dashboard preprofesionales: Table 'itsi.practicas_preprofesionales' doesn't exist
ERROR - 2026-03-03 22:09:20 --> mysqli_sql_exception: Table 'itsi.servicios_comunitarios' doesn't exist in C:\xampp\htdocs\ITSI\vendor\codeigniter4\framework\system\Database\MySQLi\Connection.php:327
Stack trace:
#0 C:\xampp\htdocs\ITSI\vendor\codeigniter4\framework\system\Database\MySQLi\Connection.php(327): mysqli->query('SELECT COUNT(*)...', 0)
#1 C:\xampp\htdocs\ITSI\vendor\codeigniter4\framework\system\Database\BaseConnection.php(738): CodeIgniter\Database\MySQLi\Connection->execute('SELECT COUNT(*)...')
#2 C:\xampp\htdocs\ITSI\vendor\codeigniter4\framework\system\Database\BaseConnection.php(652): CodeIgniter\Database\BaseConnection->simpleQuery('SELECT COUNT(*)...')
#3 C:\xampp\htdocs\ITSI\vendor\codeigniter4\framework\system\Database\BaseBuilder.php(1733): CodeIgniter\Database\BaseConnection->query('SELECT COUNT(*)...', Array, false)
#4 C:\xampp\htdocs\ITSI\app\Controllers\estudiante\DashboardEstudianteController.php(103): CodeIgniter\Database\BaseBuilder->countAllResults()
#5 C:\xampp\htdocs\ITSI\vendor\codeigniter4\framework\system\CodeIgniter.php(933): App\Controllers\estudiante\DashboardEstudianteController->index()
#6 C:\xampp\htdocs\ITSI\vendor\codeigniter4\framework\system\CodeIgniter.php(507): CodeIgniter\CodeIgniter->runController(Object(App\Controllers\estudiante\DashboardEstudianteController))
#7 C:\xampp\htdocs\ITSI\vendor\codeigniter4\framework\system\CodeIgniter.php(354): CodeIgniter\CodeIgniter->handleRequest(NULL, Object(Config\Cache), false)
#8 C:\xampp\htdocs\ITSI\vendor\codeigniter4\framework\system\Boot.php(334): CodeIgniter\CodeIgniter->run()
#9 C:\xampp\htdocs\ITSI\vendor\codeigniter4\framework\system\Boot.php(67): CodeIgniter\Boot::runCodeIgniter(Object(CodeIgniter\CodeIgniter))
#10 C:\xampp\htdocs\ITSI\public\index.php(59): CodeIgniter\Boot::bootWeb(Object(Config\Paths))
#11 {main}
ERROR - 2026-03-03 22:09:20 --> Dashboard servicio comunitario: Table 'itsi.servicios_comunitarios' doesn't exist
DEBUG - 2026-03-03 22:13:26 --> Session: Class initialized using 'CodeIgniter\Session\Handlers\FileHandler' driver.
ERROR - 2026-03-03 22:13:26 --> mysqli_sql_exception: Table 'itsi.practicas_preprofesionales' doesn't exist in C:\xampp\htdocs\ITSI\vendor\codeigniter4\framework\system\Database\MySQLi\Connection.php:327
Stack trace:
#0 C:\xampp\htdocs\ITSI\vendor\codeigniter4\framework\system\Database\MySQLi\Connection.php(327): mysqli->query('SELECT COUNT(*)...', 0)
#1 C:\xampp\htdocs\ITSI\vendor\codeigniter4\framework\system\Database\BaseConnection.php(738): CodeIgniter\Database\MySQLi\Connection->execute('SELECT COUNT(*)...')
#2 C:\xampp\htdocs\ITSI\vendor\codeigniter4\framework\system\Database\BaseConnection.php(652): CodeIgniter\Database\BaseConnection->simpleQuery('SELECT COUNT(*)...')
#3 C:\xampp\htdocs\ITSI\vendor\codeigniter4\framework\system\Database\BaseBuilder.php(1733): CodeIgniter\Database\BaseConnection->query('SELECT COUNT(*)...', Array, false)
#4 C:\xampp\htdocs\ITSI\app\Controllers\estudiante\DashboardEstudianteController.php(74): CodeIgniter\Database\BaseBuilder->countAllResults()
#5 C:\xampp\htdocs\ITSI\vendor\codeigniter4\framework\system\CodeIgniter.php(933): App\Controllers\estudiante\DashboardEstudianteController->index()
#6 C:\xampp\htdocs\ITSI\vendor\codeigniter4\framework\system\CodeIgniter.php(507): CodeIgniter\CodeIgniter->runController(Object(App\Controllers\estudiante\DashboardEstudianteController))
#7 C:\xampp\htdocs\ITSI\vendor\codeigniter4\framework\system\CodeIgniter.php(354): CodeIgniter\CodeIgniter->handleRequest(NULL, Object(Config\Cache), false)
#8 C:\xampp\htdocs\ITSI\vendor\codeigniter4\framework\system\Boot.php(334): CodeIgniter\CodeIgniter->run()
#9 C:\xampp\htdocs\ITSI\vendor\codeigniter4\framework\system\Boot.php(67): CodeIgniter\Boot::runCodeIgniter(Object(CodeIgniter\CodeIgniter))
#10 C:\xampp\htdocs\ITSI\public\index.php(59): CodeIgniter\Boot::bootWeb(Object(Config\Paths))
#11 {main}
ERROR - 2026-03-03 22:13:26 --> Dashboard preprofesionales: Table 'itsi.practicas_preprofesionales' doesn't exist
ERROR - 2026-03-03 22:13:26 --> mysqli_sql_exception: Table 'itsi.servicios_comunitarios' doesn't exist in C:\xampp\htdocs\ITSI\vendor\codeigniter4\framework\system\Database\MySQLi\Connection.php:327
Stack trace:
#0 C:\xampp\htdocs\ITSI\vendor\codeigniter4\framework\system\Database\MySQLi\Connection.php(327): mysqli->query('SELECT COUNT(*)...', 0)
#1 C:\xampp\htdocs\ITSI\vendor\codeigniter4\framework\system\Database\BaseConnection.php(738): CodeIgniter\Database\MySQLi\Connection->execute('SELECT COUNT(*)...')
#2 C:\xampp\htdocs\ITSI\vendor\codeigniter4\framework\system\Database\BaseConnection.php(652): CodeIgniter\Database\BaseConnection->simpleQuery('SELECT COUNT(*)...')
#3 C:\xampp\htdocs\ITSI\vendor\codeigniter4\framework\system\Database\BaseBuilder.php(1733): CodeIgniter\Database\BaseConnection->query('SELECT COUNT(*)...', Array, false)
#4 C:\xampp\htdocs\ITSI\app\Controllers\estudiante\DashboardEstudianteController.php(103): CodeIgniter\Database\BaseBuilder->countAllResults()
#5 C:\xampp\htdocs\ITSI\vendor\codeigniter4\framework\system\CodeIgniter.php(933): App\Controllers\estudiante\DashboardEstudianteController->index()
#6 C:\xampp\htdocs\ITSI\vendor\codeigniter4\framework\system\CodeIgniter.php(507): CodeIgniter\CodeIgniter->runController(Object(App\Controllers\estudiante\DashboardEstudianteController))
#7 C:\xampp\htdocs\ITSI\vendor\codeigniter4\framework\system\CodeIgniter.php(354): CodeIgniter\CodeIgniter->handleRequest(NULL, Object(Config\Cache), false)
#8 C:\xampp\htdocs\ITSI\vendor\codeigniter4\framework\system\Boot.php(334): CodeIgniter\CodeIgniter->run()
#9 C:\xampp\htdocs\ITSI\vendor\codeigniter4\framework\system\Boot.php(67): CodeIgniter\Boot::runCodeIgniter(Object(CodeIgniter\CodeIgniter))
#10 C:\xampp\htdocs\ITSI\public\index.php(59): CodeIgniter\Boot::bootWeb(Object(Config\Paths))
#11 {main}
ERROR - 2026-03-03 22:13:26 --> Dashboard servicio comunitario: Table 'itsi.servicios_comunitarios' doesn't exist
DEBUG - 2026-03-03 22:13:36 --> Actividades cargadas: [{"ID_ACTIVIDAD_EDUCACION":"3","ID_PERIODO_ACADEMICO":null,"ID_INSTRUCTOR":"3","ID_TIPO_MODALIDAD":"1","ID_TIPO_ACTIVIDAD":"3","ID_USUARIO":"1","NOMBRE_ACTIVIDAD":"Inteligencia Artificial y Machine Learning","DESCRIPCION":"Seminario sobre tendencias actuales en IA y aplicaciones pr\u00e1cticas.","OBJETIVOS":"Actualizar conocimientos en inteligencia artificial y sus aplicaciones","DURACION_HORAS":"16","FECHA_INICIO":"2025-12-15","FECHA_FIN":"2025-12-16","LUGAR":"Auditorio Principal","HORARIO":"8:00-17:00","INCLUYE_CERTIFICADO":"1","PROGRAMA_DETALLADO":"Introducci\u00f3n a la IA\nMachine Learning b\u00e1sico\nDeep Learning\nAplicaciones pr\u00e1cticas\nCasos de estudio","ACTIVIDAD":"Seminario","MODALIDAD":"Presencial","ESPECIALIDAD":"Inteligencia Artificial","NOMBRE":"Mar\u00eda","APELLIDO":"Gonz\u00e1lez"},{"ID_ACTIVIDAD_EDUCACION":"5","ID_PERIODO_ACADEMICO":null,"ID_INSTRUCTOR":"2","ID_TIPO_MODALIDAD":"2","ID_TIPO_ACTIVIDAD":"2","ID_USUARIO":"1","NOMBRE_ACTIVIDAD":"Configuraci\u00f3n de Redes","DESCRIPCION":"Taller de configuraci\u00f3n y administraci\u00f3n de redes de computadoras.","OBJETIVOS":"Capacitar en configuraci\u00f3n y administraci\u00f3n de redes","DURACION_HORAS":"32","FECHA_INICIO":"2025-11-01","FECHA_FIN":"2025-11-30","LUGAR":"Laboratorio de Redes","HORARIO":"S\u00e1bados 8:00-12:00","INCLUYE_CERTIFICADO":"1","PROGRAMA_DETALLADO":"Protocolos de red\nConfiguraci\u00f3n de routers\nSwitches y VLANs\nSeguridad en redes","ACTIVIDAD":"Taller","MODALIDAD":"Virtual","ESPECIALIDAD":"Hardware y Redes","NOMBRE":"Ana","APELLIDO":"Ruiz"},{"ID_ACTIVIDAD_EDUCACION":"2","ID_PERIODO_ACADEMICO":null,"ID_INSTRUCTOR":"2","ID_TIPO_MODALIDAD":"2","ID_TIPO_ACTIVIDAD":"2","ID_USUARIO":"1","NOMBRE_ACTIVIDAD":"Reparaci\u00f3n de Equipos de C\u00f3mputo","DESCRIPCION":"Taller pr\u00e1ctico de mantenimiento y reparaci\u00f3n de hardware de computadoras.","OBJETIVOS":"Capacitar en t\u00e9cnicas de diagn\u00f3stico y reparaci\u00f3n de equipos","DURACION_HORAS":"40","FECHA_INICIO":"2025-10-01","FECHA_FIN":"2025-10-31","LUGAR":"Plataforma Virtual","HORARIO":"S\u00e1bados 9:00-13:00","INCLUYE_CERTIFICADO":"1","PROGRAMA_DETALLADO":"Diagn\u00f3stico de problemas\nReparaci\u00f3n de hardware\nMantenimiento preventivo\nInstalaci\u00f3n de software","ACTIVIDAD":"Taller","MODALIDAD":"Virtual","ESPECIALIDAD":"Hardware y Redes","NOMBRE":"Ana","APELLIDO":"Ruiz"},{"ID_ACTIVIDAD_EDUCACION":"1","ID_PERIODO_ACADEMICO":null,"ID_INSTRUCTOR":"1","ID_TIPO_MODALIDAD":"1","ID_TIPO_ACTIVIDAD":"1","ID_USUARIO":"1","NOMBRE_ACTIVIDAD":"Desarrollo Web Full Stack","DESCRIPCION":"Curso completo de desarrollo web con tecnolog\u00edas modernas como React, Node.js, MongoDB y m\u00e1s.","OBJETIVOS":"Formar desarrolladores full stack competentes en tecnolog\u00edas web modernas","DURACION_HORAS":"4","FECHA_INICIO":"2025-08-18","FECHA_FIN":"2025-08-19","LUGAR":"Laboratorio de Programaci\u00f3n","HORARIO":"Lunes a Martess 16:00-18:00","INCLUYE_CERTIFICADO":"1","PROGRAMA_DETALLADO":"M\u00f3dulo 1: HTML\/CSS\/JavaScript\r\nM\u00f3dulo 2: React.js\r\nM\u00f3dulo 3: Node.js\r\nM\u00f3dulo 4: Base de datos\r\nM\u00f3dulo 5: Proyecto final","ACTIVIDAD":"Curso","MODALIDAD":"Presencial","ESPECIALIDAD":"Desarrollo de Software","NOMBRE":"Carlos","APELLIDO":"Mendoza"},{"ID_ACTIVIDAD_EDUCACION":"4","ID_PERIODO_ACADEMICO":null,"ID_INSTRUCTOR":"1","ID_TIPO_MODALIDAD":"1","ID_TIPO_ACTIVIDAD":"1","ID_USUARIO":"1","NOMBRE_ACTIVIDAD":"Programaci\u00f3n en Python","DESCRIPCION":"Curso introductorio de programaci\u00f3n usando Python como lenguaje principal.","OBJETIVOS":"Ense\u00f1ar los fundamentos de programaci\u00f3n usando Python","DURACION_HORAS":"80","FECHA_INICIO":"2025-08-01","FECHA_FIN":"2025-09-30","LUGAR":"Laboratorio de Programaci\u00f3n","HORARIO":"Martes y Jueves 18:00-20:00","INCLUYE_CERTIFICADO":"1","PROGRAMA_DETALLADO":"Variables y tipos de datos\nEstructuras de control\nFunciones\nPOO\nLibrer\u00edas b\u00e1sicas","ACTIVIDAD":"Curso","MODALIDAD":"Presencial","ESPECIALIDAD":"Desarrollo de Software","NOMBRE":"Carlos","APELLIDO":"Mendoza"}]
DEBUG - 2026-03-03 22:13:36 --> Session: Class initialized using 'CodeIgniter\Session\Handlers\FileHandler' driver.
DEBUG - 2026-03-03 22:13:37 --> Session: Class initialized using 'CodeIgniter\Session\Handlers\FileHandler' driver.
DEBUG - 2026-03-03 22:13:38 --> Session: Class initialized using 'CodeIgniter\Session\Handlers\FileHandler' driver.
DEBUG - 2026-03-03 22:13:38 --> Session: Class initialized using 'CodeIgniter\Session\Handlers\FileHandler' driver.
DEBUG - 2026-03-03 22:13:52 --> Session: Class initialized using 'CodeIgniter\Session\Handlers\FileHandler' driver.
DEBUG - 2026-03-03 22:13:52 --> Actividades cargadas: [{"ID_ACTIVIDAD_EDUCACION":"3","ID_PERIODO_ACADEMICO":null,"ID_INSTRUCTOR":"3","ID_TIPO_MODALIDAD":"1","ID_TIPO_ACTIVIDAD":"3","ID_USUARIO":"1","NOMBRE_ACTIVIDAD":"Inteligencia Artificial y Machine Learning","DESCRIPCION":"Seminario sobre tendencias actuales en IA y aplicaciones pr\u00e1cticas.","OBJETIVOS":"Actualizar conocimientos en inteligencia artificial y sus aplicaciones","DURACION_HORAS":"16","FECHA_INICIO":"2025-12-15","FECHA_FIN":"2025-12-16","LUGAR":"Auditorio Principal","HORARIO":"8:00-17:00","INCLUYE_CERTIFICADO":"1","PROGRAMA_DETALLADO":"Introducci\u00f3n a la IA\nMachine Learning b\u00e1sico\nDeep Learning\nAplicaciones pr\u00e1cticas\nCasos de estudio","ACTIVIDAD":"Seminario","MODALIDAD":"Presencial","ESPECIALIDAD":"Inteligencia Artificial","NOMBRE":"Mar\u00eda","APELLIDO":"Gonz\u00e1lez"},{"ID_ACTIVIDAD_EDUCACION":"5","ID_PERIODO_ACADEMICO":null,"ID_INSTRUCTOR":"2","ID_TIPO_MODALIDAD":"2","ID_TIPO_ACTIVIDAD":"2","ID_USUARIO":"1","NOMBRE_ACTIVIDAD":"Configuraci\u00f3n de Redes","DESCRIPCION":"Taller de configuraci\u00f3n y administraci\u00f3n de redes de computadoras.","OBJETIVOS":"Capacitar en configuraci\u00f3n y administraci\u00f3n de redes","DURACION_HORAS":"32","FECHA_INICIO":"2025-11-01","FECHA_FIN":"2025-11-30","LUGAR":"Laboratorio de Redes","HORARIO":"S\u00e1bados 8:00-12:00","INCLUYE_CERTIFICADO":"1","PROGRAMA_DETALLADO":"Protocolos de red\nConfiguraci\u00f3n de routers\nSwitches y VLANs\nSeguridad en redes","ACTIVIDAD":"Taller","MODALIDAD":"Virtual","ESPECIALIDAD":"Hardware y Redes","NOMBRE":"Ana","APELLIDO":"Ruiz"},{"ID_ACTIVIDAD_EDUCACION":"2","ID_PERIODO_ACADEMICO":null,"ID_INSTRUCTOR":"2","ID_TIPO_MODALIDAD":"2","ID_TIPO_ACTIVIDAD":"2","ID_USUARIO":"1","NOMBRE_ACTIVIDAD":"Reparaci\u00f3n de Equipos de C\u00f3mputo","DESCRIPCION":"Taller pr\u00e1ctico de mantenimiento y reparaci\u00f3n de hardware de computadoras.","OBJETIVOS":"Capacitar en t\u00e9cnicas de diagn\u00f3stico y reparaci\u00f3n de equipos","DURACION_HORAS":"40","FECHA_INICIO":"2025-10-01","FECHA_FIN":"2025-10-31","LUGAR":"Plataforma Virtual","HORARIO":"S\u00e1bados 9:00-13:00","INCLUYE_CERTIFICADO":"1","PROGRAMA_DETALLADO":"Diagn\u00f3stico de problemas\nReparaci\u00f3n de hardware\nMantenimiento preventivo\nInstalaci\u00f3n de software","ACTIVIDAD":"Taller","MODALIDAD":"Virtual","ESPECIALIDAD":"Hardware y Redes","NOMBRE":"Ana","APELLIDO":"Ruiz"},{"ID_ACTIVIDAD_EDUCACION":"1","ID_PERIODO_ACADEMICO":null,"ID_INSTRUCTOR":"1","ID_TIPO_MODALIDAD":"1","ID_TIPO_ACTIVIDAD":"1","ID_USUARIO":"1","NOMBRE_ACTIVIDAD":"Desarrollo Web Full Stack","DESCRIPCION":"Curso completo de desarrollo web con tecnolog\u00edas modernas como React, Node.js, MongoDB y m\u00e1s.","OBJETIVOS":"Formar desarrolladores full stack competentes en tecnolog\u00edas web modernas","DURACION_HORAS":"4","FECHA_INICIO":"2025-08-18","FECHA_FIN":"2025-08-19","LUGAR":"Laboratorio de Programaci\u00f3n","HORARIO":"Lunes a Martess 16:00-18:00","INCLUYE_CERTIFICADO":"1","PROGRAMA_DETALLADO":"M\u00f3dulo 1: HTML\/CSS\/JavaScript\r\nM\u00f3dulo 2: React.js\r\nM\u00f3dulo 3: Node.js\r\nM\u00f3dulo 4: Base de datos\r\nM\u00f3dulo 5: Proyecto final","ACTIVIDAD":"Curso","MODALIDAD":"Presencial","ESPECIALIDAD":"Desarrollo de Software","NOMBRE":"Carlos","APELLIDO":"Mendoza"},{"ID_ACTIVIDAD_EDUCACION":"4","ID_PERIODO_ACADEMICO":null,"ID_INSTRUCTOR":"1","ID_TIPO_MODALIDAD":"1","ID_TIPO_ACTIVIDAD":"1","ID_USUARIO":"1","NOMBRE_ACTIVIDAD":"Programaci\u00f3n en Python","DESCRIPCION":"Curso introductorio de programaci\u00f3n usando Python como lenguaje principal.","OBJETIVOS":"Ense\u00f1ar los fundamentos de programaci\u00f3n usando Python","DURACION_HORAS":"80","FECHA_INICIO":"2025-08-01","FECHA_FIN":"2025-09-30","LUGAR":"Laboratorio de Programaci\u00f3n","HORARIO":"Martes y Jueves 18:00-20:00","INCLUYE_CERTIFICADO":"1","PROGRAMA_DETALLADO":"Variables y tipos de datos\nEstructuras de control\nFunciones\nPOO\nLibrer\u00edas b\u00e1sicas","ACTIVIDAD":"Curso","MODALIDAD":"Presencial","ESPECIALIDAD":"Desarrollo de Software","NOMBRE":"Carlos","APELLIDO":"Mendoza"}]
DEBUG - 2026-03-03 22:13:52 --> Session: Class initialized using 'CodeIgniter\Session\Handlers\FileHandler' driver.
DEBUG - 2026-03-03 22:13:57 --> Session: Class initialized using 'CodeIgniter\Session\Handlers\FileHandler' driver.
ERROR - 2026-03-03 22:13:57 --> mysqli_sql_exception: Table 'itsi.practicas_preprofesionales' doesn't exist in C:\xampp\htdocs\ITSI\vendor\codeigniter4\framework\system\Database\MySQLi\Connection.php:327
Stack trace:
#0 C:\xampp\htdocs\ITSI\vendor\codeigniter4\framework\system\Database\MySQLi\Connection.php(327): mysqli->query('SELECT COUNT(*)...', 0)
#1 C:\xampp\htdocs\ITSI\vendor\codeigniter4\framework\system\Database\BaseConnection.php(738): CodeIgniter\Database\MySQLi\Connection->execute('SELECT COUNT(*)...')
#2 C:\xampp\htdocs\ITSI\vendor\codeigniter4\framework\system\Database\BaseConnection.php(652): CodeIgniter\Database\BaseConnection->simpleQuery('SELECT COUNT(*)...')
#3 C:\xampp\htdocs\ITSI\vendor\codeigniter4\framework\system\Database\BaseBuilder.php(1733): CodeIgniter\Database\BaseConnection->query('SELECT COUNT(*)...', Array, false)
#4 C:\xampp\htdocs\ITSI\app\Controllers\estudiante\PracticasEstudianteController.php(281): CodeIgniter\Database\BaseBuilder->countAllResults()
#5 C:\xampp\htdocs\ITSI\app\Controllers\estudiante\PracticasEstudianteController.php(44): App\Controllers\estudiante\PracticasEstudianteController->obtenerEstadisticasEstudiante('3')
#6 C:\xampp\htdocs\ITSI\vendor\codeigniter4\framework\system\CodeIgniter.php(933): App\Controllers\estudiante\PracticasEstudianteController->index()
#7 C:\xampp\htdocs\ITSI\vendor\codeigniter4\framework\system\CodeIgniter.php(507): CodeIgniter\CodeIgniter->runController(Object(App\Controllers\estudiante\PracticasEstudianteController))
#8 C:\xampp\htdocs\ITSI\vendor\codeigniter4\framework\system\CodeIgniter.php(354): CodeIgniter\CodeIgniter->handleRequest(NULL, Object(Config\Cache), false)
#9 C:\xampp\htdocs\ITSI\vendor\codeigniter4\framework\system\Boot.php(334): CodeIgniter\CodeIgniter->run()
#10 C:\xampp\htdocs\ITSI\vendor\codeigniter4\framework\system\Boot.php(67): CodeIgniter\Boot::runCodeIgniter(Object(CodeIgniter\CodeIgniter))
#11 C:\xampp\htdocs\ITSI\public\index.php(59): CodeIgniter\Boot::bootWeb(Object(Config\Paths))
#12 {main}
ERROR - 2026-03-03 22:13:57 --> Error al obtener estadísticas: Table 'itsi.practicas_preprofesionales' doesn't exist
ERROR - 2026-03-03 22:13:57 --> mysqli_sql_exception: Table 'itsi.practicas_preprofesionales' doesn't exist in C:\xampp\htdocs\ITSI\vendor\codeigniter4\framework\system\Database\MySQLi\Connection.php:327
Stack trace:
#0 C:\xampp\htdocs\ITSI\vendor\codeigniter4\framework\system\Database\MySQLi\Connection.php(327): mysqli->query('SELECT `pp`.*, ...', 0)
#1 C:\xampp\htdocs\ITSI\vendor\codeigniter4\framework\system\Database\BaseConnection.php(738): CodeIgniter\Database\MySQLi\Connection->execute('SELECT `pp`.*, ...')
#2 C:\xampp\htdocs\ITSI\vendor\codeigniter4\framework\system\Database\BaseConnection.php(652): CodeIgniter\Database\BaseConnection->simpleQuery('SELECT `pp`.*, ...')
#3 C:\xampp\htdocs\ITSI\vendor\codeigniter4\framework\system\Database\BaseBuilder.php(1649): CodeIgniter\Database\BaseConnection->query('SELECT `pp`.*, ...', Array, false)
#4 C:\xampp\htdocs\ITSI\app\Controllers\estudiante\PracticasEstudianteController.php(456): CodeIgniter\Database\BaseBuilder->get()
#5 C:\xampp\htdocs\ITSI\app\Controllers\estudiante\PracticasEstudianteController.php(47): App\Controllers\estudiante\PracticasEstudianteController->obtenerPracticasPreprofesionales('3')
#6 C:\xampp\htdocs\ITSI\vendor\codeigniter4\framework\system\CodeIgniter.php(933): App\Controllers\estudiante\PracticasEstudianteController->index()
#7 C:\xampp\htdocs\ITSI\vendor\codeigniter4\framework\system\CodeIgniter.php(507): CodeIgniter\CodeIgniter->runController(Object(App\Controllers\estudiante\PracticasEstudianteController))
#8 C:\xampp\htdocs\ITSI\vendor\codeigniter4\framework\system\CodeIgniter.php(354): CodeIgniter\CodeIgniter->handleRequest(NULL, Object(Config\Cache), false)
#9 C:\xampp\htdocs\ITSI\vendor\codeigniter4\framework\system\Boot.php(334): CodeIgniter\CodeIgniter->run()
#10 C:\xampp\htdocs\ITSI\vendor\codeigniter4\framework\system\Boot.php(67): CodeIgniter\Boot::runCodeIgniter(Object(CodeIgniter\CodeIgniter))
#11 C:\xampp\htdocs\ITSI\public\index.php(59): CodeIgniter\Boot::bootWeb(Object(Config\Paths))
#12 {main}
ERROR - 2026-03-03 22:13:57 --> Error al obtener prácticas preprofesionales: Table 'itsi.practicas_preprofesionales' doesn't exist
ERROR - 2026-03-03 22:13:57 --> mysqli_sql_exception: Table 'itsi.servicios_comunitarios' doesn't exist in C:\xampp\htdocs\ITSI\vendor\codeigniter4\framework\system\Database\MySQLi\Connection.php:327
Stack trace:
#0 C:\xampp\htdocs\ITSI\vendor\codeigniter4\framework\system\Database\MySQLi\Connection.php(327): mysqli->query('SELECT `sc`.*, ...', 0)
#1 C:\xampp\htdocs\ITSI\vendor\codeigniter4\framework\system\Database\BaseConnection.php(738): CodeIgniter\Database\MySQLi\Connection->execute('SELECT `sc`.*, ...')
#2 C:\xampp\htdocs\ITSI\vendor\codeigniter4\framework\system\Database\BaseConnection.php(652): CodeIgniter\Database\BaseConnection->simpleQuery('SELECT `sc`.*, ...')
#3 C:\xampp\htdocs\ITSI\vendor\codeigniter4\framework\system\Database\BaseBuilder.php(1649): CodeIgniter\Database\BaseConnection->query('SELECT `sc`.*, ...', Array, false)
#4 C:\xampp\htdocs\ITSI\app\Controllers\estudiante\PracticasEstudianteController.php(475): CodeIgniter\Database\BaseBuilder->get()
#5 C:\xampp\htdocs\ITSI\app\Controllers\estudiante\PracticasEstudianteController.php(50): App\Controllers\estudiante\PracticasEstudianteController->obtenerServiciosComunitarios('3')
#6 C:\xampp\htdocs\ITSI\vendor\codeigniter4\framework\system\CodeIgniter.php(933): App\Controllers\estudiante\PracticasEstudianteController->index()
#7 C:\xampp\htdocs\ITSI\vendor\codeigniter4\framework\system\CodeIgniter.php(507): CodeIgniter\CodeIgniter->runController(Object(App\Controllers\estudiante\PracticasEstudianteController))
#8 C:\xampp\htdocs\ITSI\vendor\codeigniter4\framework\system\CodeIgniter.php(354): CodeIgniter\CodeIgniter->handleRequest(NULL, Object(Config\Cache), false)
#9 C:\xampp\htdocs\ITSI\vendor\codeigniter4\framework\system\Boot.php(334): CodeIgniter\CodeIgniter->run()
#10 C:\xampp\htdocs\ITSI\vendor\codeigniter4\framework\system\Boot.php(67): CodeIgniter\Boot::runCodeIgniter(Object(CodeIgniter\CodeIgniter))
#11 C:\xampp\htdocs\ITSI\public\index.php(59): CodeIgniter\Boot::bootWeb(Object(Config\Paths))
#12 {main}
ERROR - 2026-03-03 22:13:57 --> Error al obtener servicios comunitarios: Table 'itsi.servicios_comunitarios' doesn't exist
DEBUG - 2026-03-03 22:14:01 --> Session: Class initialized using 'CodeIgniter\Session\Handlers\FileHandler' driver.
ERROR - 2026-03-03 22:14:01 --> mysqli_sql_exception: Table 'itsi.servicios_comunitarios' doesn't exist in C:\xampp\htdocs\ITSI\vendor\codeigniter4\framework\system\Database\MySQLi\Connection.php:327
Stack trace:
#0 C:\xampp\htdocs\ITSI\vendor\codeigniter4\framework\system\Database\MySQLi\Connection.php(327): mysqli->query('SELECT COUNT(*)...', 0)
#1 C:\xampp\htdocs\ITSI\vendor\codeigniter4\framework\system\Database\BaseConnection.php(738): CodeIgniter\Database\MySQLi\Connection->execute('SELECT COUNT(*)...')
#2 C:\xampp\htdocs\ITSI\vendor\codeigniter4\framework\system\Database\BaseConnection.php(652): CodeIgniter\Database\BaseConnection->simpleQuery('SELECT COUNT(*)...')
#3 C:\xampp\htdocs\ITSI\vendor\codeigniter4\framework\system\Database\BaseBuilder.php(1733): CodeIgniter\Database\BaseConnection->query('SELECT COUNT(*)...', Array, false)
#4 C:\xampp\htdocs\ITSI\app\Controllers\estudiante\PracticasEstudianteController.php(334): CodeIgniter\Database\BaseBuilder->countAllResults()
#5 C:\xampp\htdocs\ITSI\app\Controllers\estudiante\PracticasEstudianteController.php(84): App\Controllers\estudiante\PracticasEstudianteController->obtenerEstadisticasServicioComunitario('3')
#6 C:\xampp\htdocs\ITSI\vendor\codeigniter4\framework\system\CodeIgniter.php(933): App\Controllers\estudiante\PracticasEstudianteController->servicioComunitario()
#7 C:\xampp\htdocs\ITSI\vendor\codeigniter4\framework\system\CodeIgniter.php(507): CodeIgniter\CodeIgniter->runController(Object(App\Controllers\estudiante\PracticasEstudianteController))
#8 C:\xampp\htdocs\ITSI\vendor\codeigniter4\framework\system\CodeIgniter.php(354): CodeIgniter\CodeIgniter->handleRequest(NULL, Object(Config\Cache), false)
#9 C:\xampp\htdocs\ITSI\vendor\codeigniter4\framework\system\Boot.php(334): CodeIgniter\CodeIgniter->run()
#10 C:\xampp\htdocs\ITSI\vendor\codeigniter4\framework\system\Boot.php(67): CodeIgniter\Boot::runCodeIgniter(Object(CodeIgniter\CodeIgniter))
#11 C:\xampp\htdocs\ITSI\public\index.php(59): CodeIgniter\Boot::bootWeb(Object(Config\Paths))
#12 {main}
ERROR - 2026-03-03 22:14:01 --> Error al obtener estadísticas servicio comunitario: Table 'itsi.servicios_comunitarios' doesn't exist
ERROR - 2026-03-03 22:14:01 --> mysqli_sql_exception: Table 'itsi.servicios_comunitarios' doesn't exist in C:\xampp\htdocs\ITSI\vendor\codeigniter4\framework\system\Database\MySQLi\Connection.php:327
Stack trace:
#0 C:\xampp\htdocs\ITSI\vendor\codeigniter4\framework\system\Database\MySQLi\Connection.php(327): mysqli->query('SELECT `sc`.*, ...', 0)
#1 C:\xampp\htdocs\ITSI\vendor\codeigniter4\framework\system\Database\BaseConnection.php(738): CodeIgniter\Database\MySQLi\Connection->execute('SELECT `sc`.*, ...')
#2 C:\xampp\htdocs\ITSI\vendor\codeigniter4\framework\system\Database\BaseConnection.php(652): CodeIgniter\Database\BaseConnection->simpleQuery('SELECT `sc`.*, ...')
#3 C:\xampp\htdocs\ITSI\vendor\codeigniter4\framework\system\Database\BaseBuilder.php(1649): CodeIgniter\Database\BaseConnection->query('SELECT `sc`.*, ...', Array, false)
#4 C:\xampp\htdocs\ITSI\app\Controllers\estudiante\PracticasEstudianteController.php(475): CodeIgniter\Database\BaseBuilder->get()
#5 C:\xampp\htdocs\ITSI\app\Controllers\estudiante\PracticasEstudianteController.php(85): App\Controllers\estudiante\PracticasEstudianteController->obtenerServiciosComunitarios('3')
#6 C:\xampp\htdocs\ITSI\vendor\codeigniter4\framework\system\CodeIgniter.php(933): App\Controllers\estudiante\PracticasEstudianteController->servicioComunitario()
#7 C:\xampp\htdocs\ITSI\vendor\codeigniter4\framework\system\CodeIgniter.php(507): CodeIgniter\CodeIgniter->runController(Object(App\Controllers\estudiante\PracticasEstudianteController))
#8 C:\xampp\htdocs\ITSI\vendor\codeigniter4\framework\system\CodeIgniter.php(354): CodeIgniter\CodeIgniter->handleRequest(NULL, Object(Config\Cache), false)
#9 C:\xampp\htdocs\ITSI\vendor\codeigniter4\framework\system\Boot.php(334): CodeIgniter\CodeIgniter->run()
#10 C:\xampp\htdocs\ITSI\vendor\codeigniter4\framework\system\Boot.php(67): CodeIgniter\Boot::runCodeIgniter(Object(CodeIgniter\CodeIgniter))
#11 C:\xampp\htdocs\ITSI\public\index.php(59): CodeIgniter\Boot::bootWeb(Object(Config\Paths))
#12 {main}
ERROR - 2026-03-03 22:14:01 --> Error al obtener servicios comunitarios: Table 'itsi.servicios_comunitarios' doesn't exist
DEBUG - 2026-03-03 22:14:02 --> Session: Class initialized using 'CodeIgniter\Session\Handlers\FileHandler' driver.
ERROR - 2026-03-03 22:14:02 --> mysqli_sql_exception: Table 'itsi.practicas_preprofesionales' doesn't exist in C:\xampp\htdocs\ITSI\vendor\codeigniter4\framework\system\Database\MySQLi\Connection.php:327
Stack trace:
#0 C:\xampp\htdocs\ITSI\vendor\codeigniter4\framework\system\Database\MySQLi\Connection.php(327): mysqli->query('SELECT COUNT(*)...', 0)
#1 C:\xampp\htdocs\ITSI\vendor\codeigniter4\framework\system\Database\BaseConnection.php(738): CodeIgniter\Database\MySQLi\Connection->execute('SELECT COUNT(*)...')
#2 C:\xampp\htdocs\ITSI\vendor\codeigniter4\framework\system\Database\BaseConnection.php(652): CodeIgniter\Database\BaseConnection->simpleQuery('SELECT COUNT(*)...')
#3 C:\xampp\htdocs\ITSI\vendor\codeigniter4\framework\system\Database\BaseBuilder.php(1733): CodeIgniter\Database\BaseConnection->query('SELECT COUNT(*)...', Array, false)
#4 C:\xampp\htdocs\ITSI\app\Controllers\estudiante\PracticasEstudianteController.php(281): CodeIgniter\Database\BaseBuilder->countAllResults()
#5 C:\xampp\htdocs\ITSI\app\Controllers\estudiante\PracticasEstudianteController.php(44): App\Controllers\estudiante\PracticasEstudianteController->obtenerEstadisticasEstudiante('3')
#6 C:\xampp\htdocs\ITSI\vendor\codeigniter4\framework\system\CodeIgniter.php(933): App\Controllers\estudiante\PracticasEstudianteController->index()
#7 C:\xampp\htdocs\ITSI\vendor\codeigniter4\framework\system\CodeIgniter.php(507): CodeIgniter\CodeIgniter->runController(Object(App\Controllers\estudiante\PracticasEstudianteController))
#8 C:\xampp\htdocs\ITSI\vendor\codeigniter4\framework\system\CodeIgniter.php(354): CodeIgniter\CodeIgniter->handleRequest(NULL, Object(Config\Cache), false)
#9 C:\xampp\htdocs\ITSI\vendor\codeigniter4\framework\system\Boot.php(334): CodeIgniter\CodeIgniter->run()
#10 C:\xampp\htdocs\ITSI\vendor\codeigniter4\framework\system\Boot.php(67): CodeIgniter\Boot::runCodeIgniter(Object(CodeIgniter\CodeIgniter))
#11 C:\xampp\htdocs\ITSI\public\index.php(59): CodeIgniter\Boot::bootWeb(Object(Config\Paths))
#12 {main}
ERROR - 2026-03-03 22:14:02 --> Error al obtener estadísticas: Table 'itsi.practicas_preprofesionales' doesn't exist
ERROR - 2026-03-03 22:14:02 --> mysqli_sql_exception: Table 'itsi.practicas_preprofesionales' doesn't exist in C:\xampp\htdocs\ITSI\vendor\codeigniter4\framework\system\Database\MySQLi\Connection.php:327
Stack trace:
#0 C:\xampp\htdocs\ITSI\vendor\codeigniter4\framework\system\Database\MySQLi\Connection.php(327): mysqli->query('SELECT `pp`.*, ...', 0)
#1 C:\xampp\htdocs\ITSI\vendor\codeigniter4\framework\system\Database\BaseConnection.php(738): CodeIgniter\Database\MySQLi\Connection->execute('SELECT `pp`.*, ...')
#2 C:\xampp\htdocs\ITSI\vendor\codeigniter4\framework\system\Database\BaseConnection.php(652): CodeIgniter\Database\BaseConnection->simpleQuery('SELECT `pp`.*, ...')
#3 C:\xampp\htdocs\ITSI\vendor\codeigniter4\framework\system\Database\BaseBuilder.php(1649): CodeIgniter\Database\BaseConnection->query('SELECT `pp`.*, ...', Array, false)
#4 C:\xampp\htdocs\ITSI\app\Controllers\estudiante\PracticasEstudianteController.php(456): CodeIgniter\Database\BaseBuilder->get()
#5 C:\xampp\htdocs\ITSI\app\Controllers\estudiante\PracticasEstudianteController.php(47): App\Controllers\estudiante\PracticasEstudianteController->obtenerPracticasPreprofesionales('3')
#6 C:\xampp\htdocs\ITSI\vendor\codeigniter4\framework\system\CodeIgniter.php(933): App\Controllers\estudiante\PracticasEstudianteController->index()
#7 C:\xampp\htdocs\ITSI\vendor\codeigniter4\framework\system\CodeIgniter.php(507): CodeIgniter\CodeIgniter->runController(Object(App\Controllers\estudiante\PracticasEstudianteController))
#8 C:\xampp\htdocs\ITSI\vendor\codeigniter4\framework\system\CodeIgniter.php(354): CodeIgniter\CodeIgniter->handleRequest(NULL, Object(Config\Cache), false)
#9 C:\xampp\htdocs\ITSI\vendor\codeigniter4\framework\system\Boot.php(334): CodeIgniter\CodeIgniter->run()
#10 C:\xampp\htdocs\ITSI\vendor\codeigniter4\framework\system\Boot.php(67): CodeIgniter\Boot::runCodeIgniter(Object(CodeIgniter\CodeIgniter))
#11 C:\xampp\htdocs\ITSI\public\index.php(59): CodeIgniter\Boot::bootWeb(Object(Config\Paths))
#12 {main}
ERROR - 2026-03-03 22:14:02 --> Error al obtener prácticas preprofesionales: Table 'itsi.practicas_preprofesionales' doesn't exist
ERROR - 2026-03-03 22:14:02 --> mysqli_sql_exception: Table 'itsi.servicios_comunitarios' doesn't exist in C:\xampp\htdocs\ITSI\vendor\codeigniter4\framework\system\Database\MySQLi\Connection.php:327
Stack trace:
#0 C:\xampp\htdocs\ITSI\vendor\codeigniter4\framework\system\Database\MySQLi\Connection.php(327): mysqli->query('SELECT `sc`.*, ...', 0)
#1 C:\xampp\htdocs\ITSI\vendor\codeigniter4\framework\system\Database\BaseConnection.php(738): CodeIgniter\Database\MySQLi\Connection->execute('SELECT `sc`.*, ...')
#2 C:\xampp\htdocs\ITSI\vendor\codeigniter4\framework\system\Database\BaseConnection.php(652): CodeIgniter\Database\BaseConnection->simpleQuery('SELECT `sc`.*, ...')
#3 C:\xampp\htdocs\ITSI\vendor\codeigniter4\framework\system\Database\BaseBuilder.php(1649): CodeIgniter\Database\BaseConnection->query('SELECT `sc`.*, ...', Array, false)
#4 C:\xampp\htdocs\ITSI\app\Controllers\estudiante\PracticasEstudianteController.php(475): CodeIgniter\Database\BaseBuilder->get()
#5 C:\xampp\htdocs\ITSI\app\Controllers\estudiante\PracticasEstudianteController.php(50): App\Controllers\estudiante\PracticasEstudianteController->obtenerServiciosComunitarios('3')
#6 C:\xampp\htdocs\ITSI\vendor\codeigniter4\framework\system\CodeIgniter.php(933): App\Controllers\estudiante\PracticasEstudianteController->index()
#7 C:\xampp\htdocs\ITSI\vendor\codeigniter4\framework\system\CodeIgniter.php(507): CodeIgniter\CodeIgniter->runController(Object(App\Controllers\estudiante\PracticasEstudianteController))
#8 C:\xampp\htdocs\ITSI\vendor\codeigniter4\framework\system\CodeIgniter.php(354): CodeIgniter\CodeIgniter->handleRequest(NULL, Object(Config\Cache), false)
#9 C:\xampp\htdocs\ITSI\vendor\codeigniter4\framework\system\Boot.php(334): CodeIgniter\CodeIgniter->run()
#10 C:\xampp\htdocs\ITSI\vendor\codeigniter4\framework\system\Boot.php(67): CodeIgniter\Boot::runCodeIgniter(Object(CodeIgniter\CodeIgniter))
#11 C:\xampp\htdocs\ITSI\public\index.php(59): CodeIgniter\Boot::bootWeb(Object(Config\Paths))
#12 {main}
ERROR - 2026-03-03 22:14:02 --> Error al obtener servicios comunitarios: Table 'itsi.servicios_comunitarios' doesn't exist
DEBUG - 2026-03-03 22:20:37 --> Session: Class initialized using 'CodeIgniter\Session\Handlers\FileHandler' driver.
ERROR - 2026-03-03 22:20:37 --> mysqli_sql_exception: Table 'itsi.practicas_preprofesionales' doesn't exist in C:\xampp\htdocs\ITSI\vendor\codeigniter4\framework\system\Database\MySQLi\Connection.php:327
Stack trace:
#0 C:\xampp\htdocs\ITSI\vendor\codeigniter4\framework\system\Database\MySQLi\Connection.php(327): mysqli->query('SELECT COUNT(*)...', 0)
#1 C:\xampp\htdocs\ITSI\vendor\codeigniter4\framework\system\Database\BaseConnection.php(738): CodeIgniter\Database\MySQLi\Connection->execute('SELECT COUNT(*)...')
#2 C:\xampp\htdocs\ITSI\vendor\codeigniter4\framework\system\Database\BaseConnection.php(652): CodeIgniter\Database\BaseConnection->simpleQuery('SELECT COUNT(*)...')
#3 C:\xampp\htdocs\ITSI\vendor\codeigniter4\framework\system\Database\BaseBuilder.php(1733): CodeIgniter\Database\BaseConnection->query('SELECT COUNT(*)...', Array, false)
#4 C:\xampp\htdocs\ITSI\app\Controllers\estudiante\PracticasEstudianteController.php(281): CodeIgniter\Database\BaseBuilder->countAllResults()
#5 C:\xampp\htdocs\ITSI\app\Controllers\estudiante\PracticasEstudianteController.php(44): App\Controllers\estudiante\PracticasEstudianteController->obtenerEstadisticasEstudiante('3')
#6 C:\xampp\htdocs\ITSI\vendor\codeigniter4\framework\system\CodeIgniter.php(933): App\Controllers\estudiante\PracticasEstudianteController->index()
#7 C:\xampp\htdocs\ITSI\vendor\codeigniter4\framework\system\CodeIgniter.php(507): CodeIgniter\CodeIgniter->runController(Object(App\Controllers\estudiante\PracticasEstudianteController))
#8 C:\xampp\htdocs\ITSI\vendor\codeigniter4\framework\system\CodeIgniter.php(354): CodeIgniter\CodeIgniter->handleRequest(NULL, Object(Config\Cache), false)
#9 C:\xampp\htdocs\ITSI\vendor\codeigniter4\framework\system\Boot.php(334): CodeIgniter\CodeIgniter->run()
#10 C:\xampp\htdocs\ITSI\vendor\codeigniter4\framework\system\Boot.php(67): CodeIgniter\Boot::runCodeIgniter(Object(CodeIgniter\CodeIgniter))
#11 C:\xampp\htdocs\ITSI\public\index.php(59): CodeIgniter\Boot::bootWeb(Object(Config\Paths))
#12 {main}
ERROR - 2026-03-03 22:20:37 --> Error al obtener estadísticas: Table 'itsi.practicas_preprofesionales' doesn't exist
ERROR - 2026-03-03 22:20:37 --> mysqli_sql_exception: Table 'itsi.practicas_preprofesionales' doesn't exist in C:\xampp\htdocs\ITSI\vendor\codeigniter4\framework\system\Database\MySQLi\Connection.php:327
Stack trace:
#0 C:\xampp\htdocs\ITSI\vendor\codeigniter4\framework\system\Database\MySQLi\Connection.php(327): mysqli->query('SELECT `pp`.*, ...', 0)
#1 C:\xampp\htdocs\ITSI\vendor\codeigniter4\framework\system\Database\BaseConnection.php(738): CodeIgniter\Database\MySQLi\Connection->execute('SELECT `pp`.*, ...')
#2 C:\xampp\htdocs\ITSI\vendor\codeigniter4\framework\system\Database\BaseConnection.php(652): CodeIgniter\Database\BaseConnection->simpleQuery('SELECT `pp`.*, ...')
#3 C:\xampp\htdocs\ITSI\vendor\codeigniter4\framework\system\Database\BaseBuilder.php(1649): CodeIgniter\Database\BaseConnection->query('SELECT `pp`.*, ...', Array, false)
#4 C:\xampp\htdocs\ITSI\app\Controllers\estudiante\PracticasEstudianteController.php(456): CodeIgniter\Database\BaseBuilder->get()
#5 C:\xampp\htdocs\ITSI\app\Controllers\estudiante\PracticasEstudianteController.php(47): App\Controllers\estudiante\PracticasEstudianteController->obtenerPracticasPreprofesionales('3')
#6 C:\xampp\htdocs\ITSI\vendor\codeigniter4\framework\system\CodeIgniter.php(933): App\Controllers\estudiante\PracticasEstudianteController->index()
#7 C:\xampp\htdocs\ITSI\vendor\codeigniter4\framework\system\CodeIgniter.php(507): CodeIgniter\CodeIgniter->runController(Object(App\Controllers\estudiante\PracticasEstudianteController))
#8 C:\xampp\htdocs\ITSI\vendor\codeigniter4\framework\system\CodeIgniter.php(354): CodeIgniter\CodeIgniter->handleRequest(NULL, Object(Config\Cache), false)
#9 C:\xampp\htdocs\ITSI\vendor\codeigniter4\framework\system\Boot.php(334): CodeIgniter\CodeIgniter->run()
#10 C:\xampp\htdocs\ITSI\vendor\codeigniter4\framework\system\Boot.php(67): CodeIgniter\Boot::runCodeIgniter(Object(CodeIgniter\CodeIgniter))
#11 C:\xampp\htdocs\ITSI\public\index.php(59): CodeIgniter\Boot::bootWeb(Object(Config\Paths))
#12 {main}
ERROR - 2026-03-03 22:20:37 --> Error al obtener prácticas preprofesionales: Table 'itsi.practicas_preprofesionales' doesn't exist
ERROR - 2026-03-03 22:20:37 --> mysqli_sql_exception: Table 'itsi.servicios_comunitarios' doesn't exist in C:\xampp\htdocs\ITSI\vendor\codeigniter4\framework\system\Database\MySQLi\Connection.php:327
Stack trace:
#0 C:\xampp\htdocs\ITSI\vendor\codeigniter4\framework\system\Database\MySQLi\Connection.php(327): mysqli->query('SELECT `sc`.*, ...', 0)
#1 C:\xampp\htdocs\ITSI\vendor\codeigniter4\framework\system\Database\BaseConnection.php(738): CodeIgniter\Database\MySQLi\Connection->execute('SELECT `sc`.*, ...')
#2 C:\xampp\htdocs\ITSI\vendor\codeigniter4\framework\system\Database\BaseConnection.php(652): CodeIgniter\Database\BaseConnection->simpleQuery('SELECT `sc`.*, ...')
#3 C:\xampp\htdocs\ITSI\vendor\codeigniter4\framework\system\Database\BaseBuilder.php(1649): CodeIgniter\Database\BaseConnection->query('SELECT `sc`.*, ...', Array, false)
#4 C:\xampp\htdocs\ITSI\app\Controllers\estudiante\PracticasEstudianteController.php(475): CodeIgniter\Database\BaseBuilder->get()
#5 C:\xampp\htdocs\ITSI\app\Controllers\estudiante\PracticasEstudianteController.php(50): App\Controllers\estudiante\PracticasEstudianteController->obtenerServiciosComunitarios('3')
#6 C:\xampp\htdocs\ITSI\vendor\codeigniter4\framework\system\CodeIgniter.php(933): App\Controllers\estudiante\PracticasEstudianteController->index()
#7 C:\xampp\htdocs\ITSI\vendor\codeigniter4\framework\system\CodeIgniter.php(507): CodeIgniter\CodeIgniter->runController(Object(App\Controllers\estudiante\PracticasEstudianteController))
#8 C:\xampp\htdocs\ITSI\vendor\codeigniter4\framework\system\CodeIgniter.php(354): CodeIgniter\CodeIgniter->handleRequest(NULL, Object(Config\Cache), false)
#9 C:\xampp\htdocs\ITSI\vendor\codeigniter4\framework\system\Boot.php(334): CodeIgniter\CodeIgniter->run()
#10 C:\xampp\htdocs\ITSI\vendor\codeigniter4\framework\system\Boot.php(67): CodeIgniter\Boot::runCodeIgniter(Object(CodeIgniter\CodeIgniter))
#11 C:\xampp\htdocs\ITSI\public\index.php(59): CodeIgniter\Boot::bootWeb(Object(Config\Paths))
#12 {main}
ERROR - 2026-03-03 22:20:37 --> Error al obtener servicios comunitarios: Table 'itsi.servicios_comunitarios' doesn't exist
DEBUG - 2026-03-03 22:22:50 --> Session: Class initialized using 'CodeIgniter\Session\Handlers\FileHandler' driver.
ERROR - 2026-03-03 22:22:50 --> mysqli_sql_exception: Table 'itsi.practicas_preprofesionales' doesn't exist in C:\xampp\htdocs\ITSI\vendor\codeigniter4\framework\system\Database\MySQLi\Connection.php:327
Stack trace:
#0 C:\xampp\htdocs\ITSI\vendor\codeigniter4\framework\system\Database\MySQLi\Connection.php(327): mysqli->query('SELECT COUNT(*)...', 0)
#1 C:\xampp\htdocs\ITSI\vendor\codeigniter4\framework\system\Database\BaseConnection.php(738): CodeIgniter\Database\MySQLi\Connection->execute('SELECT COUNT(*)...')
#2 C:\xampp\htdocs\ITSI\vendor\codeigniter4\framework\system\Database\BaseConnection.php(652): CodeIgniter\Database\BaseConnection->simpleQuery('SELECT COUNT(*)...')
#3 C:\xampp\htdocs\ITSI\vendor\codeigniter4\framework\system\Database\BaseBuilder.php(1733): CodeIgniter\Database\BaseConnection->query('SELECT COUNT(*)...', Array, false)
#4 C:\xampp\htdocs\ITSI\app\Controllers\estudiante\PracticasEstudianteController.php(281): CodeIgniter\Database\BaseBuilder->countAllResults()
#5 C:\xampp\htdocs\ITSI\app\Controllers\estudiante\PracticasEstudianteController.php(44): App\Controllers\estudiante\PracticasEstudianteController->obtenerEstadisticasEstudiante('3')
#6 C:\xampp\htdocs\ITSI\vendor\codeigniter4\framework\system\CodeIgniter.php(933): App\Controllers\estudiante\PracticasEstudianteController->index()
#7 C:\xampp\htdocs\ITSI\vendor\codeigniter4\framework\system\CodeIgniter.php(507): CodeIgniter\CodeIgniter->runController(Object(App\Controllers\estudiante\PracticasEstudianteController))
#8 C:\xampp\htdocs\ITSI\vendor\codeigniter4\framework\system\CodeIgniter.php(354): CodeIgniter\CodeIgniter->handleRequest(NULL, Object(Config\Cache), false)
#9 C:\xampp\htdocs\ITSI\vendor\codeigniter4\framework\system\Boot.php(334): CodeIgniter\CodeIgniter->run()
#10 C:\xampp\htdocs\ITSI\vendor\codeigniter4\framework\system\Boot.php(67): CodeIgniter\Boot::runCodeIgniter(Object(CodeIgniter\CodeIgniter))
#11 C:\xampp\htdocs\ITSI\public\index.php(59): CodeIgniter\Boot::bootWeb(Object(Config\Paths))
#12 {main}
ERROR - 2026-03-03 22:22:50 --> Error al obtener estadísticas: Table 'itsi.practicas_preprofesionales' doesn't exist
ERROR - 2026-03-03 22:22:50 --> mysqli_sql_exception: Table 'itsi.practicas_preprofesionales' doesn't exist in C:\xampp\htdocs\ITSI\vendor\codeigniter4\framework\system\Database\MySQLi\Connection.php:327
Stack trace:
#0 C:\xampp\htdocs\ITSI\vendor\codeigniter4\framework\system\Database\MySQLi\Connection.php(327): mysqli->query('SELECT `pp`.*, ...', 0)
#1 C:\xampp\htdocs\ITSI\vendor\codeigniter4\framework\system\Database\BaseConnection.php(738): CodeIgniter\Database\MySQLi\Connection->execute('SELECT `pp`.*, ...')
#2 C:\xampp\htdocs\ITSI\vendor\codeigniter4\framework\system\Database\BaseConnection.php(652): CodeIgniter\Database\BaseConnection->simpleQuery('SELECT `pp`.*, ...')
#3 C:\xampp\htdocs\ITSI\vendor\codeigniter4\framework\system\Database\BaseBuilder.php(1649): CodeIgniter\Database\BaseConnection->query('SELECT `pp`.*, ...', Array, false)
#4 C:\xampp\htdocs\ITSI\app\Controllers\estudiante\PracticasEstudianteController.php(456): CodeIgniter\Database\BaseBuilder->get()
#5 C:\xampp\htdocs\ITSI\app\Controllers\estudiante\PracticasEstudianteController.php(47): App\Controllers\estudiante\PracticasEstudianteController->obtenerPracticasPreprofesionales('3')
#6 C:\xampp\htdocs\ITSI\vendor\codeigniter4\framework\system\CodeIgniter.php(933): App\Controllers\estudiante\PracticasEstudianteController->index()
#7 C:\xampp\htdocs\ITSI\vendor\codeigniter4\framework\system\CodeIgniter.php(507): CodeIgniter\CodeIgniter->runController(Object(App\Controllers\estudiante\PracticasEstudianteController))
#8 C:\xampp\htdocs\ITSI\vendor\codeigniter4\framework\system\CodeIgniter.php(354): CodeIgniter\CodeIgniter->handleRequest(NULL, Object(Config\Cache), false)
#9 C:\xampp\htdocs\ITSI\vendor\codeigniter4\framework\system\Boot.php(334): CodeIgniter\CodeIgniter->run()
#10 C:\xampp\htdocs\ITSI\vendor\codeigniter4\framework\system\Boot.php(67): CodeIgniter\Boot::runCodeIgniter(Object(CodeIgniter\CodeIgniter))
#11 C:\xampp\htdocs\ITSI\public\index.php(59): CodeIgniter\Boot::bootWeb(Object(Config\Paths))
#12 {main}
ERROR - 2026-03-03 22:22:50 --> Error al obtener prácticas preprofesionales: Table 'itsi.practicas_preprofesionales' doesn't exist
ERROR - 2026-03-03 22:22:50 --> mysqli_sql_exception: Table 'itsi.servicios_comunitarios' doesn't exist in C:\xampp\htdocs\ITSI\vendor\codeigniter4\framework\system\Database\MySQLi\Connection.php:327
Stack trace:
#0 C:\xampp\htdocs\ITSI\vendor\codeigniter4\framework\system\Database\MySQLi\Connection.php(327): mysqli->query('SELECT `sc`.*, ...', 0)
#1 C:\xampp\htdocs\ITSI\vendor\codeigniter4\framework\system\Database\BaseConnection.php(738): CodeIgniter\Database\MySQLi\Connection->execute('SELECT `sc`.*, ...')
#2 C:\xampp\htdocs\ITSI\vendor\codeigniter4\framework\system\Database\BaseConnection.php(652): CodeIgniter\Database\BaseConnection->simpleQuery('SELECT `sc`.*, ...')
#3 C:\xampp\htdocs\ITSI\vendor\codeigniter4\framework\system\Database\BaseBuilder.php(1649): CodeIgniter\Database\BaseConnection->query('SELECT `sc`.*, ...', Array, false)
#4 C:\xampp\htdocs\ITSI\app\Controllers\estudiante\PracticasEstudianteController.php(475): CodeIgniter\Database\BaseBuilder->get()
#5 C:\xampp\htdocs\ITSI\app\Controllers\estudiante\PracticasEstudianteController.php(50): App\Controllers\estudiante\PracticasEstudianteController->obtenerServiciosComunitarios('3')
#6 C:\xampp\htdocs\ITSI\vendor\codeigniter4\framework\system\CodeIgniter.php(933): App\Controllers\estudiante\PracticasEstudianteController->index()
#7 C:\xampp\htdocs\ITSI\vendor\codeigniter4\framework\system\CodeIgniter.php(507): CodeIgniter\CodeIgniter->runController(Object(App\Controllers\estudiante\PracticasEstudianteController))
#8 C:\xampp\htdocs\ITSI\vendor\codeigniter4\framework\system\CodeIgniter.php(354): CodeIgniter\CodeIgniter->handleRequest(NULL, Object(Config\Cache), false)
#9 C:\xampp\htdocs\ITSI\vendor\codeigniter4\framework\system\Boot.php(334): CodeIgniter\CodeIgniter->run()
#10 C:\xampp\htdocs\ITSI\vendor\codeigniter4\framework\system\Boot.php(67): CodeIgniter\Boot::runCodeIgniter(Object(CodeIgniter\CodeIgniter))
#11 C:\xampp\htdocs\ITSI\public\index.php(59): CodeIgniter\Boot::bootWeb(Object(Config\Paths))
#12 {main}
ERROR - 2026-03-03 22:22:50 --> Error al obtener servicios comunitarios: Table 'itsi.servicios_comunitarios' doesn't exist
DEBUG - 2026-03-03 22:24:38 --> Session: Class initialized using 'CodeIgniter\Session\Handlers\FileHandler' driver.
ERROR - 2026-03-03 22:24:38 --> mysqli_sql_exception: Table 'itsi.practicas_preprofesionales' doesn't exist in C:\xampp\htdocs\ITSI\vendor\codeigniter4\framework\system\Database\MySQLi\Connection.php:327
Stack trace:
#0 C:\xampp\htdocs\ITSI\vendor\codeigniter4\framework\system\Database\MySQLi\Connection.php(327): mysqli->query('SELECT COUNT(*)...', 0)
#1 C:\xampp\htdocs\ITSI\vendor\codeigniter4\framework\system\Database\BaseConnection.php(738): CodeIgniter\Database\MySQLi\Connection->execute('SELECT COUNT(*)...')
#2 C:\xampp\htdocs\ITSI\vendor\codeigniter4\framework\system\Database\BaseConnection.php(652): CodeIgniter\Database\BaseConnection->simpleQuery('SELECT COUNT(*)...')
#3 C:\xampp\htdocs\ITSI\vendor\codeigniter4\framework\system\Database\BaseBuilder.php(1733): CodeIgniter\Database\BaseConnection->query('SELECT COUNT(*)...', Array, false)
#4 C:\xampp\htdocs\ITSI\app\Controllers\estudiante\PracticasEstudianteController.php(281): CodeIgniter\Database\BaseBuilder->countAllResults()
#5 C:\xampp\htdocs\ITSI\app\Controllers\estudiante\PracticasEstudianteController.php(44): App\Controllers\estudiante\PracticasEstudianteController->obtenerEstadisticasEstudiante('3')
#6 C:\xampp\htdocs\ITSI\vendor\codeigniter4\framework\system\CodeIgniter.php(933): App\Controllers\estudiante\PracticasEstudianteController->index()
#7 C:\xampp\htdocs\ITSI\vendor\codeigniter4\framework\system\CodeIgniter.php(507): CodeIgniter\CodeIgniter->runController(Object(App\Controllers\estudiante\PracticasEstudianteController))
#8 C:\xampp\htdocs\ITSI\vendor\codeigniter4\framework\system\CodeIgniter.php(354): CodeIgniter\CodeIgniter->handleRequest(NULL, Object(Config\Cache), false)
#9 C:\xampp\htdocs\ITSI\vendor\codeigniter4\framework\system\Boot.php(334): CodeIgniter\CodeIgniter->run()
#10 C:\xampp\htdocs\ITSI\vendor\codeigniter4\framework\system\Boot.php(67): CodeIgniter\Boot::runCodeIgniter(Object(CodeIgniter\CodeIgniter))
#11 C:\xampp\htdocs\ITSI\public\index.php(59): CodeIgniter\Boot::bootWeb(Object(Config\Paths))
#12 {main}
ERROR - 2026-03-03 22:24:38 --> Error al obtener estadísticas: Table 'itsi.practicas_preprofesionales' doesn't exist
ERROR - 2026-03-03 22:24:38 --> mysqli_sql_exception: Table 'itsi.practicas_preprofesionales' doesn't exist in C:\xampp\htdocs\ITSI\vendor\codeigniter4\framework\system\Database\MySQLi\Connection.php:327
Stack trace:
#0 C:\xampp\htdocs\ITSI\vendor\codeigniter4\framework\system\Database\MySQLi\Connection.php(327): mysqli->query('SELECT `pp`.*, ...', 0)
#1 C:\xampp\htdocs\ITSI\vendor\codeigniter4\framework\system\Database\BaseConnection.php(738): CodeIgniter\Database\MySQLi\Connection->execute('SELECT `pp`.*, ...')
#2 C:\xampp\htdocs\ITSI\vendor\codeigniter4\framework\system\Database\BaseConnection.php(652): CodeIgniter\Database\BaseConnection->simpleQuery('SELECT `pp`.*, ...')
#3 C:\xampp\htdocs\ITSI\vendor\codeigniter4\framework\system\Database\BaseBuilder.php(1649): CodeIgniter\Database\BaseConnection->query('SELECT `pp`.*, ...', Array, false)
#4 C:\xampp\htdocs\ITSI\app\Controllers\estudiante\PracticasEstudianteController.php(456): CodeIgniter\Database\BaseBuilder->get()
#5 C:\xampp\htdocs\ITSI\app\Controllers\estudiante\PracticasEstudianteController.php(47): App\Controllers\estudiante\PracticasEstudianteController->obtenerPracticasPreprofesionales('3')
#6 C:\xampp\htdocs\ITSI\vendor\codeigniter4\framework\system\CodeIgniter.php(933): App\Controllers\estudiante\PracticasEstudianteController->index()
#7 C:\xampp\htdocs\ITSI\vendor\codeigniter4\framework\system\CodeIgniter.php(507): CodeIgniter\CodeIgniter->runController(Object(App\Controllers\estudiante\PracticasEstudianteController))
#8 C:\xampp\htdocs\ITSI\vendor\codeigniter4\framework\system\CodeIgniter.php(354): CodeIgniter\CodeIgniter->handleRequest(NULL, Object(Config\Cache), false)
#9 C:\xampp\htdocs\ITSI\vendor\codeigniter4\framework\system\Boot.php(334): CodeIgniter\CodeIgniter->run()
#10 C:\xampp\htdocs\ITSI\vendor\codeigniter4\framework\system\Boot.php(67): CodeIgniter\Boot::runCodeIgniter(Object(CodeIgniter\CodeIgniter))
#11 C:\xampp\htdocs\ITSI\public\index.php(59): CodeIgniter\Boot::bootWeb(Object(Config\Paths))
#12 {main}
ERROR - 2026-03-03 22:24:38 --> Error al obtener prácticas preprofesionales: Table 'itsi.practicas_preprofesionales' doesn't exist
ERROR - 2026-03-03 22:24:38 --> mysqli_sql_exception: Table 'itsi.servicios_comunitarios' doesn't exist in C:\xampp\htdocs\ITSI\vendor\codeigniter4\framework\system\Database\MySQLi\Connection.php:327
Stack trace:
#0 C:\xampp\htdocs\ITSI\vendor\codeigniter4\framework\system\Database\MySQLi\Connection.php(327): mysqli->query('SELECT `sc`.*, ...', 0)
#1 C:\xampp\htdocs\ITSI\vendor\codeigniter4\framework\system\Database\BaseConnection.php(738): CodeIgniter\Database\MySQLi\Connection->execute('SELECT `sc`.*, ...')
#2 C:\xampp\htdocs\ITSI\vendor\codeigniter4\framework\system\Database\BaseConnection.php(652): CodeIgniter\Database\BaseConnection->simpleQuery('SELECT `sc`.*, ...')
#3 C:\xampp\htdocs\ITSI\vendor\codeigniter4\framework\system\Database\BaseBuilder.php(1649): CodeIgniter\Database\BaseConnection->query('SELECT `sc`.*, ...', Array, false)
#4 C:\xampp\htdocs\ITSI\app\Controllers\estudiante\PracticasEstudianteController.php(475): CodeIgniter\Database\BaseBuilder->get()
#5 C:\xampp\htdocs\ITSI\app\Controllers\estudiante\PracticasEstudianteController.php(50): App\Controllers\estudiante\PracticasEstudianteController->obtenerServiciosComunitarios('3')
#6 C:\xampp\htdocs\ITSI\vendor\codeigniter4\framework\system\CodeIgniter.php(933): App\Controllers\estudiante\PracticasEstudianteController->index()
#7 C:\xampp\htdocs\ITSI\vendor\codeigniter4\framework\system\CodeIgniter.php(507): CodeIgniter\CodeIgniter->runController(Object(App\Controllers\estudiante\PracticasEstudianteController))
#8 C:\xampp\htdocs\ITSI\vendor\codeigniter4\framework\system\CodeIgniter.php(354): CodeIgniter\CodeIgniter->handleRequest(NULL, Object(Config\Cache), false)
#9 C:\xampp\htdocs\ITSI\vendor\codeigniter4\framework\system\Boot.php(334): CodeIgniter\CodeIgniter->run()
#10 C:\xampp\htdocs\ITSI\vendor\codeigniter4\framework\system\Boot.php(67): CodeIgniter\Boot::runCodeIgniter(Object(CodeIgniter\CodeIgniter))
#11 C:\xampp\htdocs\ITSI\public\index.php(59): CodeIgniter\Boot::bootWeb(Object(Config\Paths))
#12 {main}
ERROR - 2026-03-03 22:24:38 --> Error al obtener servicios comunitarios: Table 'itsi.servicios_comunitarios' doesn't exist
DEBUG - 2026-03-03 22:24:41 --> Session: Class initialized using 'CodeIgniter\Session\Handlers\FileHandler' driver.
ERROR - 2026-03-03 22:24:41 --> mysqli_sql_exception: Table 'itsi.servicios_comunitarios' doesn't exist in C:\xampp\htdocs\ITSI\vendor\codeigniter4\framework\system\Database\MySQLi\Connection.php:327
Stack trace:
#0 C:\xampp\htdocs\ITSI\vendor\codeigniter4\framework\system\Database\MySQLi\Connection.php(327): mysqli->query('SELECT COUNT(*)...', 0)
#1 C:\xampp\htdocs\ITSI\vendor\codeigniter4\framework\system\Database\BaseConnection.php(738): CodeIgniter\Database\MySQLi\Connection->execute('SELECT COUNT(*)...')
#2 C:\xampp\htdocs\ITSI\vendor\codeigniter4\framework\system\Database\BaseConnection.php(652): CodeIgniter\Database\BaseConnection->simpleQuery('SELECT COUNT(*)...')
#3 C:\xampp\htdocs\ITSI\vendor\codeigniter4\framework\system\Database\BaseBuilder.php(1733): CodeIgniter\Database\BaseConnection->query('SELECT COUNT(*)...', Array, false)
#4 C:\xampp\htdocs\ITSI\app\Controllers\estudiante\PracticasEstudianteController.php(334): CodeIgniter\Database\BaseBuilder->countAllResults()
#5 C:\xampp\htdocs\ITSI\app\Controllers\estudiante\PracticasEstudianteController.php(84): App\Controllers\estudiante\PracticasEstudianteController->obtenerEstadisticasServicioComunitario('3')
#6 C:\xampp\htdocs\ITSI\vendor\codeigniter4\framework\system\CodeIgniter.php(933): App\Controllers\estudiante\PracticasEstudianteController->servicioComunitario()
#7 C:\xampp\htdocs\ITSI\vendor\codeigniter4\framework\system\CodeIgniter.php(507): CodeIgniter\CodeIgniter->runController(Object(App\Controllers\estudiante\PracticasEstudianteController))
#8 C:\xampp\htdocs\ITSI\vendor\codeigniter4\framework\system\CodeIgniter.php(354): CodeIgniter\CodeIgniter->handleRequest(NULL, Object(Config\Cache), false)
#9 C:\xampp\htdocs\ITSI\vendor\codeigniter4\framework\system\Boot.php(334): CodeIgniter\CodeIgniter->run()
#10 C:\xampp\htdocs\ITSI\vendor\codeigniter4\framework\system\Boot.php(67): CodeIgniter\Boot::runCodeIgniter(Object(CodeIgniter\CodeIgniter))
#11 C:\xampp\htdocs\ITSI\public\index.php(59): CodeIgniter\Boot::bootWeb(Object(Config\Paths))
#12 {main}
ERROR - 2026-03-03 22:24:41 --> Error al obtener estadísticas servicio comunitario: Table 'itsi.servicios_comunitarios' doesn't exist
ERROR - 2026-03-03 22:24:41 --> mysqli_sql_exception: Table 'itsi.servicios_comunitarios' doesn't exist in C:\xampp\htdocs\ITSI\vendor\codeigniter4\framework\system\Database\MySQLi\Connection.php:327
Stack trace:
#0 C:\xampp\htdocs\ITSI\vendor\codeigniter4\framework\system\Database\MySQLi\Connection.php(327): mysqli->query('SELECT `sc`.*, ...', 0)
#1 C:\xampp\htdocs\ITSI\vendor\codeigniter4\framework\system\Database\BaseConnection.php(738): CodeIgniter\Database\MySQLi\Connection->execute('SELECT `sc`.*, ...')
#2 C:\xampp\htdocs\ITSI\vendor\codeigniter4\framework\system\Database\BaseConnection.php(652): CodeIgniter\Database\BaseConnection->simpleQuery('SELECT `sc`.*, ...')
#3 C:\xampp\htdocs\ITSI\vendor\codeigniter4\framework\system\Database\BaseBuilder.php(1649): CodeIgniter\Database\BaseConnection->query('SELECT `sc`.*, ...', Array, false)
#4 C:\xampp\htdocs\ITSI\app\Controllers\estudiante\PracticasEstudianteController.php(475): CodeIgniter\Database\BaseBuilder->get()
#5 C:\xampp\htdocs\ITSI\app\Controllers\estudiante\PracticasEstudianteController.php(85): App\Controllers\estudiante\PracticasEstudianteController->obtenerServiciosComunitarios('3')
#6 C:\xampp\htdocs\ITSI\vendor\codeigniter4\framework\system\CodeIgniter.php(933): App\Controllers\estudiante\PracticasEstudianteController->servicioComunitario()
#7 C:\xampp\htdocs\ITSI\vendor\codeigniter4\framework\system\CodeIgniter.php(507): CodeIgniter\CodeIgniter->runController(Object(App\Controllers\estudiante\PracticasEstudianteController))
#8 C:\xampp\htdocs\ITSI\vendor\codeigniter4\framework\system\CodeIgniter.php(354): CodeIgniter\CodeIgniter->handleRequest(NULL, Object(Config\Cache), false)
#9 C:\xampp\htdocs\ITSI\vendor\codeigniter4\framework\system\Boot.php(334): CodeIgniter\CodeIgniter->run()
#10 C:\xampp\htdocs\ITSI\vendor\codeigniter4\framework\system\Boot.php(67): CodeIgniter\Boot::runCodeIgniter(Object(CodeIgniter\CodeIgniter))
#11 C:\xampp\htdocs\ITSI\public\index.php(59): CodeIgniter\Boot::bootWeb(Object(Config\Paths))
#12 {main}
ERROR - 2026-03-03 22:24:41 --> Error al obtener servicios comunitarios: Table 'itsi.servicios_comunitarios' doesn't exist
DEBUG - 2026-03-03 22:24:42 --> Session: Class initialized using 'CodeIgniter\Session\Handlers\FileHandler' driver.
ERROR - 2026-03-03 22:24:42 --> mysqli_sql_exception: Table 'itsi.practicas_preprofesionales' doesn't exist in C:\xampp\htdocs\ITSI\vendor\codeigniter4\framework\system\Database\MySQLi\Connection.php:327
Stack trace:
#0 C:\xampp\htdocs\ITSI\vendor\codeigniter4\framework\system\Database\MySQLi\Connection.php(327): mysqli->query('SELECT COUNT(*)...', 0)
#1 C:\xampp\htdocs\ITSI\vendor\codeigniter4\framework\system\Database\BaseConnection.php(738): CodeIgniter\Database\MySQLi\Connection->execute('SELECT COUNT(*)...')
#2 C:\xampp\htdocs\ITSI\vendor\codeigniter4\framework\system\Database\BaseConnection.php(652): CodeIgniter\Database\BaseConnection->simpleQuery('SELECT COUNT(*)...')
#3 C:\xampp\htdocs\ITSI\vendor\codeigniter4\framework\system\Database\BaseBuilder.php(1733): CodeIgniter\Database\BaseConnection->query('SELECT COUNT(*)...', Array, false)
#4 C:\xampp\htdocs\ITSI\app\Controllers\estudiante\PracticasEstudianteController.php(281): CodeIgniter\Database\BaseBuilder->countAllResults()
#5 C:\xampp\htdocs\ITSI\app\Controllers\estudiante\PracticasEstudianteController.php(44): App\Controllers\estudiante\PracticasEstudianteController->obtenerEstadisticasEstudiante('3')
#6 C:\xampp\htdocs\ITSI\vendor\codeigniter4\framework\system\CodeIgniter.php(933): App\Controllers\estudiante\PracticasEstudianteController->index()
#7 C:\xampp\htdocs\ITSI\vendor\codeigniter4\framework\system\CodeIgniter.php(507): CodeIgniter\CodeIgniter->runController(Object(App\Controllers\estudiante\PracticasEstudianteController))
#8 C:\xampp\htdocs\ITSI\vendor\codeigniter4\framework\system\CodeIgniter.php(354): CodeIgniter\CodeIgniter->handleRequest(NULL, Object(Config\Cache), false)
#9 C:\xampp\htdocs\ITSI\vendor\codeigniter4\framework\system\Boot.php(334): CodeIgniter\CodeIgniter->run()
#10 C:\xampp\htdocs\ITSI\vendor\codeigniter4\framework\system\Boot.php(67): CodeIgniter\Boot::runCodeIgniter(Object(CodeIgniter\CodeIgniter))
#11 C:\xampp\htdocs\ITSI\public\index.php(59): CodeIgniter\Boot::bootWeb(Object(Config\Paths))
#12 {main}
ERROR - 2026-03-03 22:24:42 --> Error al obtener estadísticas: Table 'itsi.practicas_preprofesionales' doesn't exist
ERROR - 2026-03-03 22:24:42 --> mysqli_sql_exception: Table 'itsi.practicas_preprofesionales' doesn't exist in C:\xampp\htdocs\ITSI\vendor\codeigniter4\framework\system\Database\MySQLi\Connection.php:327
Stack trace:
#0 C:\xampp\htdocs\ITSI\vendor\codeigniter4\framework\system\Database\MySQLi\Connection.php(327): mysqli->query('SELECT `pp`.*, ...', 0)
#1 C:\xampp\htdocs\ITSI\vendor\codeigniter4\framework\system\Database\BaseConnection.php(738): CodeIgniter\Database\MySQLi\Connection->execute('SELECT `pp`.*, ...')
#2 C:\xampp\htdocs\ITSI\vendor\codeigniter4\framework\system\Database\BaseConnection.php(652): CodeIgniter\Database\BaseConnection->simpleQuery('SELECT `pp`.*, ...')
#3 C:\xampp\htdocs\ITSI\vendor\codeigniter4\framework\system\Database\BaseBuilder.php(1649): CodeIgniter\Database\BaseConnection->query('SELECT `pp`.*, ...', Array, false)
#4 C:\xampp\htdocs\ITSI\app\Controllers\estudiante\PracticasEstudianteController.php(456): CodeIgniter\Database\BaseBuilder->get()
#5 C:\xampp\htdocs\ITSI\app\Controllers\estudiante\PracticasEstudianteController.php(47): App\Controllers\estudiante\PracticasEstudianteController->obtenerPracticasPreprofesionales('3')
#6 C:\xampp\htdocs\ITSI\vendor\codeigniter4\framework\system\CodeIgniter.php(933): App\Controllers\estudiante\PracticasEstudianteController->index()
#7 C:\xampp\htdocs\ITSI\vendor\codeigniter4\framework\system\CodeIgniter.php(507): CodeIgniter\CodeIgniter->runController(Object(App\Controllers\estudiante\PracticasEstudianteController))
#8 C:\xampp\htdocs\ITSI\vendor\codeigniter4\framework\system\CodeIgniter.php(354): CodeIgniter\CodeIgniter->handleRequest(NULL, Object(Config\Cache), false)
#9 C:\xampp\htdocs\ITSI\vendor\codeigniter4\framework\system\Boot.php(334): CodeIgniter\CodeIgniter->run()
#10 C:\xampp\htdocs\ITSI\vendor\codeigniter4\framework\system\Boot.php(67): CodeIgniter\Boot::runCodeIgniter(Object(CodeIgniter\CodeIgniter))
#11 C:\xampp\htdocs\ITSI\public\index.php(59): CodeIgniter\Boot::bootWeb(Object(Config\Paths))
#12 {main}
ERROR - 2026-03-03 22:24:42 --> Error al obtener prácticas preprofesionales: Table 'itsi.practicas_preprofesionales' doesn't exist
ERROR - 2026-03-03 22:24:42 --> mysqli_sql_exception: Table 'itsi.servicios_comunitarios' doesn't exist in C:\xampp\htdocs\ITSI\vendor\codeigniter4\framework\system\Database\MySQLi\Connection.php:327
Stack trace:
#0 C:\xampp\htdocs\ITSI\vendor\codeigniter4\framework\system\Database\MySQLi\Connection.php(327): mysqli->query('SELECT `sc`.*, ...', 0)
#1 C:\xampp\htdocs\ITSI\vendor\codeigniter4\framework\system\Database\BaseConnection.php(738): CodeIgniter\Database\MySQLi\Connection->execute('SELECT `sc`.*, ...')
#2 C:\xampp\htdocs\ITSI\vendor\codeigniter4\framework\system\Database\BaseConnection.php(652): CodeIgniter\Database\BaseConnection->simpleQuery('SELECT `sc`.*, ...')
#3 C:\xampp\htdocs\ITSI\vendor\codeigniter4\framework\system\Database\BaseBuilder.php(1649): CodeIgniter\Database\BaseConnection->query('SELECT `sc`.*, ...', Array, false)
#4 C:\xampp\htdocs\ITSI\app\Controllers\estudiante\PracticasEstudianteController.php(475): CodeIgniter\Database\BaseBuilder->get()
#5 C:\xampp\htdocs\ITSI\app\Controllers\estudiante\PracticasEstudianteController.php(50): App\Controllers\estudiante\PracticasEstudianteController->obtenerServiciosComunitarios('3')
#6 C:\xampp\htdocs\ITSI\vendor\codeigniter4\framework\system\CodeIgniter.php(933): App\Controllers\estudiante\PracticasEstudianteController->index()
#7 C:\xampp\htdocs\ITSI\vendor\codeigniter4\framework\system\CodeIgniter.php(507): CodeIgniter\CodeIgniter->runController(Object(App\Controllers\estudiante\PracticasEstudianteController))
#8 C:\xampp\htdocs\ITSI\vendor\codeigniter4\framework\system\CodeIgniter.php(354): CodeIgniter\CodeIgniter->handleRequest(NULL, Object(Config\Cache), false)
#9 C:\xampp\htdocs\ITSI\vendor\codeigniter4\framework\system\Boot.php(334): CodeIgniter\CodeIgniter->run()
#10 C:\xampp\htdocs\ITSI\vendor\codeigniter4\framework\system\Boot.php(67): CodeIgniter\Boot::runCodeIgniter(Object(CodeIgniter\CodeIgniter))
#11 C:\xampp\htdocs\ITSI\public\index.php(59): CodeIgniter\Boot::bootWeb(Object(Config\Paths))
#12 {main}
ERROR - 2026-03-03 22:24:42 --> Error al obtener servicios comunitarios: Table 'itsi.servicios_comunitarios' doesn't exist
DEBUG - 2026-03-03 22:38:28 --> Session: Class initialized using 'CodeIgniter\Session\Handlers\FileHandler' driver.
DEBUG - 2026-03-03 22:38:31 --> Session: Class initialized using 'CodeIgniter\Session\Handlers\FileHandler' driver.
DEBUG - 2026-03-03 22:38:31 --> Session: Class initialized using 'CodeIgniter\Session\Handlers\FileHandler' driver.
DEBUG - 2026-03-03 22:38:32 --> Session: Class initialized using 'CodeIgniter\Session\Handlers\FileHandler' driver.
DEBUG - 2026-03-03 22:38:33 --> Actividades cargadas: [{"ID_ACTIVIDAD_EDUCACION":"3","ID_PERIODO_ACADEMICO":null,"ID_INSTRUCTOR":"3","ID_TIPO_MODALIDAD":"1","ID_TIPO_ACTIVIDAD":"3","ID_USUARIO":"1","NOMBRE_ACTIVIDAD":"Inteligencia Artificial y Machine Learning","DESCRIPCION":"Seminario sobre tendencias actuales en IA y aplicaciones pr\u00e1cticas.","OBJETIVOS":"Actualizar conocimientos en inteligencia artificial y sus aplicaciones","DURACION_HORAS":"16","FECHA_INICIO":"2025-12-15","FECHA_FIN":"2025-12-16","LUGAR":"Auditorio Principal","HORARIO":"8:00-17:00","INCLUYE_CERTIFICADO":"1","PROGRAMA_DETALLADO":"Introducci\u00f3n a la IA\nMachine Learning b\u00e1sico\nDeep Learning\nAplicaciones pr\u00e1cticas\nCasos de estudio","ACTIVIDAD":"Seminario","MODALIDAD":"Presencial","ESPECIALIDAD":"Inteligencia Artificial","NOMBRE":"Mar\u00eda","APELLIDO":"Gonz\u00e1lez"},{"ID_ACTIVIDAD_EDUCACION":"5","ID_PERIODO_ACADEMICO":null,"ID_INSTRUCTOR":"2","ID_TIPO_MODALIDAD":"2","ID_TIPO_ACTIVIDAD":"2","ID_USUARIO":"1","NOMBRE_ACTIVIDAD":"Configuraci\u00f3n de Redes","DESCRIPCION":"Taller de configuraci\u00f3n y administraci\u00f3n de redes de computadoras.","OBJETIVOS":"Capacitar en configuraci\u00f3n y administraci\u00f3n de redes","DURACION_HORAS":"32","FECHA_INICIO":"2025-11-01","FECHA_FIN":"2025-11-30","LUGAR":"Laboratorio de Redes","HORARIO":"S\u00e1bados 8:00-12:00","INCLUYE_CERTIFICADO":"1","PROGRAMA_DETALLADO":"Protocolos de red\nConfiguraci\u00f3n de routers\nSwitches y VLANs\nSeguridad en redes","ACTIVIDAD":"Taller","MODALIDAD":"Virtual","ESPECIALIDAD":"Hardware y Redes","NOMBRE":"Ana","APELLIDO":"Ruiz"},{"ID_ACTIVIDAD_EDUCACION":"2","ID_PERIODO_ACADEMICO":null,"ID_INSTRUCTOR":"2","ID_TIPO_MODALIDAD":"2","ID_TIPO_ACTIVIDAD":"2","ID_USUARIO":"1","NOMBRE_ACTIVIDAD":"Reparaci\u00f3n de Equipos de C\u00f3mputo","DESCRIPCION":"Taller pr\u00e1ctico de mantenimiento y reparaci\u00f3n de hardware de computadoras.","OBJETIVOS":"Capacitar en t\u00e9cnicas de diagn\u00f3stico y reparaci\u00f3n de equipos","DURACION_HORAS":"40","FECHA_INICIO":"2025-10-01","FECHA_FIN":"2025-10-31","LUGAR":"Plataforma Virtual","HORARIO":"S\u00e1bados 9:00-13:00","INCLUYE_CERTIFICADO":"1","PROGRAMA_DETALLADO":"Diagn\u00f3stico de problemas\nReparaci\u00f3n de hardware\nMantenimiento preventivo\nInstalaci\u00f3n de software","ACTIVIDAD":"Taller","MODALIDAD":"Virtual","ESPECIALIDAD":"Hardware y Redes","NOMBRE":"Ana","APELLIDO":"Ruiz"},{"ID_ACTIVIDAD_EDUCACION":"1","ID_PERIODO_ACADEMICO":null,"ID_INSTRUCTOR":"1","ID_TIPO_MODALIDAD":"1","ID_TIPO_ACTIVIDAD":"1","ID_USUARIO":"1","NOMBRE_ACTIVIDAD":"Desarrollo Web Full Stack","DESCRIPCION":"Curso completo de desarrollo web con tecnolog\u00edas modernas como React, Node.js, MongoDB y m\u00e1s.","OBJETIVOS":"Formar desarrolladores full stack competentes en tecnolog\u00edas web modernas","DURACION_HORAS":"4","FECHA_INICIO":"2025-08-18","FECHA_FIN":"2025-08-19","LUGAR":"Laboratorio de Programaci\u00f3n","HORARIO":"Lunes a Martess 16:00-18:00","INCLUYE_CERTIFICADO":"1","PROGRAMA_DETALLADO":"M\u00f3dulo 1: HTML\/CSS\/JavaScript\r\nM\u00f3dulo 2: React.js\r\nM\u00f3dulo 3: Node.js\r\nM\u00f3dulo 4: Base de datos\r\nM\u00f3dulo 5: Proyecto final","ACTIVIDAD":"Curso","MODALIDAD":"Presencial","ESPECIALIDAD":"Desarrollo de Software","NOMBRE":"Carlos","APELLIDO":"Mendoza"},{"ID_ACTIVIDAD_EDUCACION":"4","ID_PERIODO_ACADEMICO":null,"ID_INSTRUCTOR":"1","ID_TIPO_MODALIDAD":"1","ID_TIPO_ACTIVIDAD":"1","ID_USUARIO":"1","NOMBRE_ACTIVIDAD":"Programaci\u00f3n en Python","DESCRIPCION":"Curso introductorio de programaci\u00f3n usando Python como lenguaje principal.","OBJETIVOS":"Ense\u00f1ar los fundamentos de programaci\u00f3n usando Python","DURACION_HORAS":"80","FECHA_INICIO":"2025-08-01","FECHA_FIN":"2025-09-30","LUGAR":"Laboratorio de Programaci\u00f3n","HORARIO":"Martes y Jueves 18:00-20:00","INCLUYE_CERTIFICADO":"1","PROGRAMA_DETALLADO":"Variables y tipos de datos\nEstructuras de control\nFunciones\nPOO\nLibrer\u00edas b\u00e1sicas","ACTIVIDAD":"Curso","MODALIDAD":"Presencial","ESPECIALIDAD":"Desarrollo de Software","NOMBRE":"Carlos","APELLIDO":"Mendoza"}]
DEBUG - 2026-03-03 22:38:33 --> Session: Class initialized using 'CodeIgniter\Session\Handlers\FileHandler' driver.
DEBUG - 2026-03-03 22:38:34 --> Session: Class initialized using 'CodeIgniter\Session\Handlers\FileHandler' driver.
DEBUG - 2026-03-03 22:38:35 --> Session: Class initialized using 'CodeIgniter\Session\Handlers\FileHandler' driver.
DEBUG - 2026-03-03 22:38:35 --> Session: Class initialized using 'CodeIgniter\Session\Handlers\FileHandler' driver.
DEBUG - 2026-03-03 22:38:59 --> Session: Class initialized using 'CodeIgniter\Session\Handlers\FileHandler' driver.
ERROR - 2026-03-03 22:38:59 --> mysqli_sql_exception: Table 'itsi.practicas_preprofesionales' doesn't exist in C:\xampp\htdocs\ITSI\vendor\codeigniter4\framework\system\Database\MySQLi\Connection.php:327
Stack trace:
#0 C:\xampp\htdocs\ITSI\vendor\codeigniter4\framework\system\Database\MySQLi\Connection.php(327): mysqli->query('SELECT COUNT(*)...', 0)
#1 C:\xampp\htdocs\ITSI\vendor\codeigniter4\framework\system\Database\BaseConnection.php(738): CodeIgniter\Database\MySQLi\Connection->execute('SELECT COUNT(*)...')
#2 C:\xampp\htdocs\ITSI\vendor\codeigniter4\framework\system\Database\BaseConnection.php(652): CodeIgniter\Database\BaseConnection->simpleQuery('SELECT COUNT(*)...')
#3 C:\xampp\htdocs\ITSI\vendor\codeigniter4\framework\system\Database\BaseBuilder.php(1733): CodeIgniter\Database\BaseConnection->query('SELECT COUNT(*)...', Array, false)
#4 C:\xampp\htdocs\ITSI\app\Controllers\estudiante\PracticasEstudianteController.php(281): CodeIgniter\Database\BaseBuilder->countAllResults()
#5 C:\xampp\htdocs\ITSI\app\Controllers\estudiante\PracticasEstudianteController.php(44): App\Controllers\estudiante\PracticasEstudianteController->obtenerEstadisticasEstudiante('3')
#6 C:\xampp\htdocs\ITSI\vendor\codeigniter4\framework\system\CodeIgniter.php(933): App\Controllers\estudiante\PracticasEstudianteController->index()
#7 C:\xampp\htdocs\ITSI\vendor\codeigniter4\framework\system\CodeIgniter.php(507): CodeIgniter\CodeIgniter->runController(Object(App\Controllers\estudiante\PracticasEstudianteController))
#8 C:\xampp\htdocs\ITSI\vendor\codeigniter4\framework\system\CodeIgniter.php(354): CodeIgniter\CodeIgniter->handleRequest(NULL, Object(Config\Cache), false)
#9 C:\xampp\htdocs\ITSI\vendor\codeigniter4\framework\system\Boot.php(334): CodeIgniter\CodeIgniter->run()
#10 C:\xampp\htdocs\ITSI\vendor\codeigniter4\framework\system\Boot.php(67): CodeIgniter\Boot::runCodeIgniter(Object(CodeIgniter\CodeIgniter))
#11 C:\xampp\htdocs\ITSI\public\index.php(59): CodeIgniter\Boot::bootWeb(Object(Config\Paths))
#12 {main}
ERROR - 2026-03-03 22:38:59 --> Error al obtener estadísticas: Table 'itsi.practicas_preprofesionales' doesn't exist
ERROR - 2026-03-03 22:38:59 --> mysqli_sql_exception: Table 'itsi.practicas_preprofesionales' doesn't exist in C:\xampp\htdocs\ITSI\vendor\codeigniter4\framework\system\Database\MySQLi\Connection.php:327
Stack trace:
#0 C:\xampp\htdocs\ITSI\vendor\codeigniter4\framework\system\Database\MySQLi\Connection.php(327): mysqli->query('SELECT `pp`.*, ...', 0)
#1 C:\xampp\htdocs\ITSI\vendor\codeigniter4\framework\system\Database\BaseConnection.php(738): CodeIgniter\Database\MySQLi\Connection->execute('SELECT `pp`.*, ...')
#2 C:\xampp\htdocs\ITSI\vendor\codeigniter4\framework\system\Database\BaseConnection.php(652): CodeIgniter\Database\BaseConnection->simpleQuery('SELECT `pp`.*, ...')
#3 C:\xampp\htdocs\ITSI\vendor\codeigniter4\framework\system\Database\BaseBuilder.php(1649): CodeIgniter\Database\BaseConnection->query('SELECT `pp`.*, ...', Array, false)
#4 C:\xampp\htdocs\ITSI\app\Controllers\estudiante\PracticasEstudianteController.php(456): CodeIgniter\Database\BaseBuilder->get()
#5 C:\xampp\htdocs\ITSI\app\Controllers\estudiante\PracticasEstudianteController.php(47): App\Controllers\estudiante\PracticasEstudianteController->obtenerPracticasPreprofesionales('3')
#6 C:\xampp\htdocs\ITSI\vendor\codeigniter4\framework\system\CodeIgniter.php(933): App\Controllers\estudiante\PracticasEstudianteController->index()
#7 C:\xampp\htdocs\ITSI\vendor\codeigniter4\framework\system\CodeIgniter.php(507): CodeIgniter\CodeIgniter->runController(Object(App\Controllers\estudiante\PracticasEstudianteController))
#8 C:\xampp\htdocs\ITSI\vendor\codeigniter4\framework\system\CodeIgniter.php(354): CodeIgniter\CodeIgniter->handleRequest(NULL, Object(Config\Cache), false)
#9 C:\xampp\htdocs\ITSI\vendor\codeigniter4\framework\system\Boot.php(334): CodeIgniter\CodeIgniter->run()
#10 C:\xampp\htdocs\ITSI\vendor\codeigniter4\framework\system\Boot.php(67): CodeIgniter\Boot::runCodeIgniter(Object(CodeIgniter\CodeIgniter))
#11 C:\xampp\htdocs\ITSI\public\index.php(59): CodeIgniter\Boot::bootWeb(Object(Config\Paths))
#12 {main}
ERROR - 2026-03-03 22:38:59 --> Error al obtener prácticas preprofesionales: Table 'itsi.practicas_preprofesionales' doesn't exist
ERROR - 2026-03-03 22:38:59 --> mysqli_sql_exception: Table 'itsi.servicios_comunitarios' doesn't exist in C:\xampp\htdocs\ITSI\vendor\codeigniter4\framework\system\Database\MySQLi\Connection.php:327
Stack trace:
#0 C:\xampp\htdocs\ITSI\vendor\codeigniter4\framework\system\Database\MySQLi\Connection.php(327): mysqli->query('SELECT `sc`.*, ...', 0)
#1 C:\xampp\htdocs\ITSI\vendor\codeigniter4\framework\system\Database\BaseConnection.php(738): CodeIgniter\Database\MySQLi\Connection->execute('SELECT `sc`.*, ...')
#2 C:\xampp\htdocs\ITSI\vendor\codeigniter4\framework\system\Database\BaseConnection.php(652): CodeIgniter\Database\BaseConnection->simpleQuery('SELECT `sc`.*, ...')
#3 C:\xampp\htdocs\ITSI\vendor\codeigniter4\framework\system\Database\BaseBuilder.php(1649): CodeIgniter\Database\BaseConnection->query('SELECT `sc`.*, ...', Array, false)
#4 C:\xampp\htdocs\ITSI\app\Controllers\estudiante\PracticasEstudianteController.php(475): CodeIgniter\Database\BaseBuilder->get()
#5 C:\xampp\htdocs\ITSI\app\Controllers\estudiante\PracticasEstudianteController.php(50): App\Controllers\estudiante\PracticasEstudianteController->obtenerServiciosComunitarios('3')
#6 C:\xampp\htdocs\ITSI\vendor\codeigniter4\framework\system\CodeIgniter.php(933): App\Controllers\estudiante\PracticasEstudianteController->index()
#7 C:\xampp\htdocs\ITSI\vendor\codeigniter4\framework\system\CodeIgniter.php(507): CodeIgniter\CodeIgniter->runController(Object(App\Controllers\estudiante\PracticasEstudianteController))
#8 C:\xampp\htdocs\ITSI\vendor\codeigniter4\framework\system\CodeIgniter.php(354): CodeIgniter\CodeIgniter->handleRequest(NULL, Object(Config\Cache), false)
#9 C:\xampp\htdocs\ITSI\vendor\codeigniter4\framework\system\Boot.php(334): CodeIgniter\CodeIgniter->run()
#10 C:\xampp\htdocs\ITSI\vendor\codeigniter4\framework\system\Boot.php(67): CodeIgniter\Boot::runCodeIgniter(Object(CodeIgniter\CodeIgniter))
#11 C:\xampp\htdocs\ITSI\public\index.php(59): CodeIgniter\Boot::bootWeb(Object(Config\Paths))
#12 {main}
ERROR - 2026-03-03 22:38:59 --> Error al obtener servicios comunitarios: Table 'itsi.servicios_comunitarios' doesn't exist
DEBUG - 2026-03-03 22:45:23 --> Session: Class initialized using 'CodeIgniter\Session\Handlers\FileHandler' driver.
ERROR - 2026-03-03 22:45:23 --> mysqli_sql_exception: Table 'itsi.practicas_preprofesionales' doesn't exist in C:\xampp\htdocs\ITSI\vendor\codeigniter4\framework\system\Database\MySQLi\Connection.php:327
Stack trace:
#0 C:\xampp\htdocs\ITSI\vendor\codeigniter4\framework\system\Database\MySQLi\Connection.php(327): mysqli->query('SELECT COUNT(*)...', 0)
#1 C:\xampp\htdocs\ITSI\vendor\codeigniter4\framework\system\Database\BaseConnection.php(738): CodeIgniter\Database\MySQLi\Connection->execute('SELECT COUNT(*)...')
#2 C:\xampp\htdocs\ITSI\vendor\codeigniter4\framework\system\Database\BaseConnection.php(652): CodeIgniter\Database\BaseConnection->simpleQuery('SELECT COUNT(*)...')
#3 C:\xampp\htdocs\ITSI\vendor\codeigniter4\framework\system\Database\BaseBuilder.php(1733): CodeIgniter\Database\BaseConnection->query('SELECT COUNT(*)...', Array, false)
#4 C:\xampp\htdocs\ITSI\app\Controllers\estudiante\PracticasEstudianteController.php(281): CodeIgniter\Database\BaseBuilder->countAllResults()
#5 C:\xampp\htdocs\ITSI\app\Controllers\estudiante\PracticasEstudianteController.php(44): App\Controllers\estudiante\PracticasEstudianteController->obtenerEstadisticasEstudiante('3')
#6 C:\xampp\htdocs\ITSI\vendor\codeigniter4\framework\system\CodeIgniter.php(933): App\Controllers\estudiante\PracticasEstudianteController->index()
#7 C:\xampp\htdocs\ITSI\vendor\codeigniter4\framework\system\CodeIgniter.php(507): CodeIgniter\CodeIgniter->runController(Object(App\Controllers\estudiante\PracticasEstudianteController))
#8 C:\xampp\htdocs\ITSI\vendor\codeigniter4\framework\system\CodeIgniter.php(354): CodeIgniter\CodeIgniter->handleRequest(NULL, Object(Config\Cache), false)
#9 C:\xampp\htdocs\ITSI\vendor\codeigniter4\framework\system\Boot.php(334): CodeIgniter\CodeIgniter->run()
#10 C:\xampp\htdocs\ITSI\vendor\codeigniter4\framework\system\Boot.php(67): CodeIgniter\Boot::runCodeIgniter(Object(CodeIgniter\CodeIgniter))
#11 C:\xampp\htdocs\ITSI\public\index.php(59): CodeIgniter\Boot::bootWeb(Object(Config\Paths))
#12 {main}
ERROR - 2026-03-03 22:45:23 --> Error al obtener estadísticas: Table 'itsi.practicas_preprofesionales' doesn't exist
ERROR - 2026-03-03 22:45:23 --> mysqli_sql_exception: Table 'itsi.practicas_preprofesionales' doesn't exist in C:\xampp\htdocs\ITSI\vendor\codeigniter4\framework\system\Database\MySQLi\Connection.php:327
Stack trace:
#0 C:\xampp\htdocs\ITSI\vendor\codeigniter4\framework\system\Database\MySQLi\Connection.php(327): mysqli->query('SELECT `pp`.*, ...', 0)
#1 C:\xampp\htdocs\ITSI\vendor\codeigniter4\framework\system\Database\BaseConnection.php(738): CodeIgniter\Database\MySQLi\Connection->execute('SELECT `pp`.*, ...')
#2 C:\xampp\htdocs\ITSI\vendor\codeigniter4\framework\system\Database\BaseConnection.php(652): CodeIgniter\Database\BaseConnection->simpleQuery('SELECT `pp`.*, ...')
#3 C:\xampp\htdocs\ITSI\vendor\codeigniter4\framework\system\Database\BaseBuilder.php(1649): CodeIgniter\Database\BaseConnection->query('SELECT `pp`.*, ...', Array, false)
#4 C:\xampp\htdocs\ITSI\app\Controllers\estudiante\PracticasEstudianteController.php(456): CodeIgniter\Database\BaseBuilder->get()
#5 C:\xampp\htdocs\ITSI\app\Controllers\estudiante\PracticasEstudianteController.php(47): App\Controllers\estudiante\PracticasEstudianteController->obtenerPracticasPreprofesionales('3')
#6 C:\xampp\htdocs\ITSI\vendor\codeigniter4\framework\system\CodeIgniter.php(933): App\Controllers\estudiante\PracticasEstudianteController->index()
#7 C:\xampp\htdocs\ITSI\vendor\codeigniter4\framework\system\CodeIgniter.php(507): CodeIgniter\CodeIgniter->runController(Object(App\Controllers\estudiante\PracticasEstudianteController))
#8 C:\xampp\htdocs\ITSI\vendor\codeigniter4\framework\system\CodeIgniter.php(354): CodeIgniter\CodeIgniter->handleRequest(NULL, Object(Config\Cache), false)
#9 C:\xampp\htdocs\ITSI\vendor\codeigniter4\framework\system\Boot.php(334): CodeIgniter\CodeIgniter->run()
#10 C:\xampp\htdocs\ITSI\vendor\codeigniter4\framework\system\Boot.php(67): CodeIgniter\Boot::runCodeIgniter(Object(CodeIgniter\CodeIgniter))
#11 C:\xampp\htdocs\ITSI\public\index.php(59): CodeIgniter\Boot::bootWeb(Object(Config\Paths))
#12 {main}
ERROR - 2026-03-03 22:45:23 --> Error al obtener prácticas preprofesionales: Table 'itsi.practicas_preprofesionales' doesn't exist
ERROR - 2026-03-03 22:45:23 --> mysqli_sql_exception: Table 'itsi.servicios_comunitarios' doesn't exist in C:\xampp\htdocs\ITSI\vendor\codeigniter4\framework\system\Database\MySQLi\Connection.php:327
Stack trace:
#0 C:\xampp\htdocs\ITSI\vendor\codeigniter4\framework\system\Database\MySQLi\Connection.php(327): mysqli->query('SELECT `sc`.*, ...', 0)
#1 C:\xampp\htdocs\ITSI\vendor\codeigniter4\framework\system\Database\BaseConnection.php(738): CodeIgniter\Database\MySQLi\Connection->execute('SELECT `sc`.*, ...')
#2 C:\xampp\htdocs\ITSI\vendor\codeigniter4\framework\system\Database\BaseConnection.php(652): CodeIgniter\Database\BaseConnection->simpleQuery('SELECT `sc`.*, ...')
#3 C:\xampp\htdocs\ITSI\vendor\codeigniter4\framework\system\Database\BaseBuilder.php(1649): CodeIgniter\Database\BaseConnection->query('SELECT `sc`.*, ...', Array, false)
#4 C:\xampp\htdocs\ITSI\app\Controllers\estudiante\PracticasEstudianteController.php(475): CodeIgniter\Database\BaseBuilder->get()
#5 C:\xampp\htdocs\ITSI\app\Controllers\estudiante\PracticasEstudianteController.php(50): App\Controllers\estudiante\PracticasEstudianteController->obtenerServiciosComunitarios('3')
#6 C:\xampp\htdocs\ITSI\vendor\codeigniter4\framework\system\CodeIgniter.php(933): App\Controllers\estudiante\PracticasEstudianteController->index()
#7 C:\xampp\htdocs\ITSI\vendor\codeigniter4\framework\system\CodeIgniter.php(507): CodeIgniter\CodeIgniter->runController(Object(App\Controllers\estudiante\PracticasEstudianteController))
#8 C:\xampp\htdocs\ITSI\vendor\codeigniter4\framework\system\CodeIgniter.php(354): CodeIgniter\CodeIgniter->handleRequest(NULL, Object(Config\Cache), false)
#9 C:\xampp\htdocs\ITSI\vendor\codeigniter4\framework\system\Boot.php(334): CodeIgniter\CodeIgniter->run()
#10 C:\xampp\htdocs\ITSI\vendor\codeigniter4\framework\system\Boot.php(67): CodeIgniter\Boot::runCodeIgniter(Object(CodeIgniter\CodeIgniter))
#11 C:\xampp\htdocs\ITSI\public\index.php(59): CodeIgniter\Boot::bootWeb(Object(Config\Paths))
#12 {main}
ERROR - 2026-03-03 22:45:23 --> Error al obtener servicios comunitarios: Table 'itsi.servicios_comunitarios' doesn't exist
DEBUG - 2026-03-03 22:45:27 --> Session: Class initialized using 'CodeIgniter\Session\Handlers\FileHandler' driver.
ERROR - 2026-03-03 22:45:27 --> mysqli_sql_exception: Table 'itsi.practicas_preprofesionales' doesn't exist in C:\xampp\htdocs\ITSI\vendor\codeigniter4\framework\system\Database\MySQLi\Connection.php:327
Stack trace:
#0 C:\xampp\htdocs\ITSI\vendor\codeigniter4\framework\system\Database\MySQLi\Connection.php(327): mysqli->query('SELECT COUNT(*)...', 0)
#1 C:\xampp\htdocs\ITSI\vendor\codeigniter4\framework\system\Database\BaseConnection.php(738): CodeIgniter\Database\MySQLi\Connection->execute('SELECT COUNT(*)...')
#2 C:\xampp\htdocs\ITSI\vendor\codeigniter4\framework\system\Database\BaseConnection.php(652): CodeIgniter\Database\BaseConnection->simpleQuery('SELECT COUNT(*)...')
#3 C:\xampp\htdocs\ITSI\vendor\codeigniter4\framework\system\Database\BaseBuilder.php(1733): CodeIgniter\Database\BaseConnection->query('SELECT COUNT(*)...', Array, false)
#4 C:\xampp\htdocs\ITSI\app\Controllers\estudiante\PracticasEstudianteController.php(281): CodeIgniter\Database\BaseBuilder->countAllResults()
#5 C:\xampp\htdocs\ITSI\app\Controllers\estudiante\PracticasEstudianteController.php(44): App\Controllers\estudiante\PracticasEstudianteController->obtenerEstadisticasEstudiante('3')
#6 C:\xampp\htdocs\ITSI\vendor\codeigniter4\framework\system\CodeIgniter.php(933): App\Controllers\estudiante\PracticasEstudianteController->index()
#7 C:\xampp\htdocs\ITSI\vendor\codeigniter4\framework\system\CodeIgniter.php(507): CodeIgniter\CodeIgniter->runController(Object(App\Controllers\estudiante\PracticasEstudianteController))
#8 C:\xampp\htdocs\ITSI\vendor\codeigniter4\framework\system\CodeIgniter.php(354): CodeIgniter\CodeIgniter->handleRequest(NULL, Object(Config\Cache), false)
#9 C:\xampp\htdocs\ITSI\vendor\codeigniter4\framework\system\Boot.php(334): CodeIgniter\CodeIgniter->run()
#10 C:\xampp\htdocs\ITSI\vendor\codeigniter4\framework\system\Boot.php(67): CodeIgniter\Boot::runCodeIgniter(Object(CodeIgniter\CodeIgniter))
#11 C:\xampp\htdocs\ITSI\public\index.php(59): CodeIgniter\Boot::bootWeb(Object(Config\Paths))
#12 {main}
ERROR - 2026-03-03 22:45:27 --> Error al obtener estadísticas: Table 'itsi.practicas_preprofesionales' doesn't exist
ERROR - 2026-03-03 22:45:27 --> mysqli_sql_exception: Table 'itsi.practicas_preprofesionales' doesn't exist in C:\xampp\htdocs\ITSI\vendor\codeigniter4\framework\system\Database\MySQLi\Connection.php:327
Stack trace:
#0 C:\xampp\htdocs\ITSI\vendor\codeigniter4\framework\system\Database\MySQLi\Connection.php(327): mysqli->query('SELECT `pp`.*, ...', 0)
#1 C:\xampp\htdocs\ITSI\vendor\codeigniter4\framework\system\Database\BaseConnection.php(738): CodeIgniter\Database\MySQLi\Connection->execute('SELECT `pp`.*, ...')
#2 C:\xampp\htdocs\ITSI\vendor\codeigniter4\framework\system\Database\BaseConnection.php(652): CodeIgniter\Database\BaseConnection->simpleQuery('SELECT `pp`.*, ...')
#3 C:\xampp\htdocs\ITSI\vendor\codeigniter4\framework\system\Database\BaseBuilder.php(1649): CodeIgniter\Database\BaseConnection->query('SELECT `pp`.*, ...', Array, false)
#4 C:\xampp\htdocs\ITSI\app\Controllers\estudiante\PracticasEstudianteController.php(456): CodeIgniter\Database\BaseBuilder->get()
#5 C:\xampp\htdocs\ITSI\app\Controllers\estudiante\PracticasEstudianteController.php(47): App\Controllers\estudiante\PracticasEstudianteController->obtenerPracticasPreprofesionales('3')
#6 C:\xampp\htdocs\ITSI\vendor\codeigniter4\framework\system\CodeIgniter.php(933): App\Controllers\estudiante\PracticasEstudianteController->index()
#7 C:\xampp\htdocs\ITSI\vendor\codeigniter4\framework\system\CodeIgniter.php(507): CodeIgniter\CodeIgniter->runController(Object(App\Controllers\estudiante\PracticasEstudianteController))
#8 C:\xampp\htdocs\ITSI\vendor\codeigniter4\framework\system\CodeIgniter.php(354): CodeIgniter\CodeIgniter->handleRequest(NULL, Object(Config\Cache), false)
#9 C:\xampp\htdocs\ITSI\vendor\codeigniter4\framework\system\Boot.php(334): CodeIgniter\CodeIgniter->run()
#10 C:\xampp\htdocs\ITSI\vendor\codeigniter4\framework\system\Boot.php(67): CodeIgniter\Boot::runCodeIgniter(Object(CodeIgniter\CodeIgniter))
#11 C:\xampp\htdocs\ITSI\public\index.php(59): CodeIgniter\Boot::bootWeb(Object(Config\Paths))
#12 {main}
ERROR - 2026-03-03 22:45:27 --> Error al obtener prácticas preprofesionales: Table 'itsi.practicas_preprofesionales' doesn't exist
ERROR - 2026-03-03 22:45:27 --> mysqli_sql_exception: Table 'itsi.servicios_comunitarios' doesn't exist in C:\xampp\htdocs\ITSI\vendor\codeigniter4\framework\system\Database\MySQLi\Connection.php:327
Stack trace:
#0 C:\xampp\htdocs\ITSI\vendor\codeigniter4\framework\system\Database\MySQLi\Connection.php(327): mysqli->query('SELECT `sc`.*, ...', 0)
#1 C:\xampp\htdocs\ITSI\vendor\codeigniter4\framework\system\Database\BaseConnection.php(738): CodeIgniter\Database\MySQLi\Connection->execute('SELECT `sc`.*, ...')
#2 C:\xampp\htdocs\ITSI\vendor\codeigniter4\framework\system\Database\BaseConnection.php(652): CodeIgniter\Database\BaseConnection->simpleQuery('SELECT `sc`.*, ...')
#3 C:\xampp\htdocs\ITSI\vendor\codeigniter4\framework\system\Database\BaseBuilder.php(1649): CodeIgniter\Database\BaseConnection->query('SELECT `sc`.*, ...', Array, false)
#4 C:\xampp\htdocs\ITSI\app\Controllers\estudiante\PracticasEstudianteController.php(475): CodeIgniter\Database\BaseBuilder->get()
#5 C:\xampp\htdocs\ITSI\app\Controllers\estudiante\PracticasEstudianteController.php(50): App\Controllers\estudiante\PracticasEstudianteController->obtenerServiciosComunitarios('3')
#6 C:\xampp\htdocs\ITSI\vendor\codeigniter4\framework\system\CodeIgniter.php(933): App\Controllers\estudiante\PracticasEstudianteController->index()
#7 C:\xampp\htdocs\ITSI\vendor\codeigniter4\framework\system\CodeIgniter.php(507): CodeIgniter\CodeIgniter->runController(Object(App\Controllers\estudiante\PracticasEstudianteController))
#8 C:\xampp\htdocs\ITSI\vendor\codeigniter4\framework\system\CodeIgniter.php(354): CodeIgniter\CodeIgniter->handleRequest(NULL, Object(Config\Cache), false)
#9 C:\xampp\htdocs\ITSI\vendor\codeigniter4\framework\system\Boot.php(334): CodeIgniter\CodeIgniter->run()
#10 C:\xampp\htdocs\ITSI\vendor\codeigniter4\framework\system\Boot.php(67): CodeIgniter\Boot::runCodeIgniter(Object(CodeIgniter\CodeIgniter))
#11 C:\xampp\htdocs\ITSI\public\index.php(59): CodeIgniter\Boot::bootWeb(Object(Config\Paths))
#12 {main}
ERROR - 2026-03-03 22:45:27 --> Error al obtener servicios comunitarios: Table 'itsi.servicios_comunitarios' doesn't exist
DEBUG - 2026-03-03 22:45:29 --> Session: Class initialized using 'CodeIgniter\Session\Handlers\FileHandler' driver.
ERROR - 2026-03-03 22:45:29 --> mysqli_sql_exception: Table 'itsi.servicios_comunitarios' doesn't exist in C:\xampp\htdocs\ITSI\vendor\codeigniter4\framework\system\Database\MySQLi\Connection.php:327
Stack trace:
#0 C:\xampp\htdocs\ITSI\vendor\codeigniter4\framework\system\Database\MySQLi\Connection.php(327): mysqli->query('SELECT COUNT(*)...', 0)
#1 C:\xampp\htdocs\ITSI\vendor\codeigniter4\framework\system\Database\BaseConnection.php(738): CodeIgniter\Database\MySQLi\Connection->execute('SELECT COUNT(*)...')
#2 C:\xampp\htdocs\ITSI\vendor\codeigniter4\framework\system\Database\BaseConnection.php(652): CodeIgniter\Database\BaseConnection->simpleQuery('SELECT COUNT(*)...')
#3 C:\xampp\htdocs\ITSI\vendor\codeigniter4\framework\system\Database\BaseBuilder.php(1733): CodeIgniter\Database\BaseConnection->query('SELECT COUNT(*)...', Array, false)
#4 C:\xampp\htdocs\ITSI\app\Controllers\estudiante\PracticasEstudianteController.php(334): CodeIgniter\Database\BaseBuilder->countAllResults()
#5 C:\xampp\htdocs\ITSI\app\Controllers\estudiante\PracticasEstudianteController.php(84): App\Controllers\estudiante\PracticasEstudianteController->obtenerEstadisticasServicioComunitario('3')
#6 C:\xampp\htdocs\ITSI\vendor\codeigniter4\framework\system\CodeIgniter.php(933): App\Controllers\estudiante\PracticasEstudianteController->servicioComunitario()
#7 C:\xampp\htdocs\ITSI\vendor\codeigniter4\framework\system\CodeIgniter.php(507): CodeIgniter\CodeIgniter->runController(Object(App\Controllers\estudiante\PracticasEstudianteController))
#8 C:\xampp\htdocs\ITSI\vendor\codeigniter4\framework\system\CodeIgniter.php(354): CodeIgniter\CodeIgniter->handleRequest(NULL, Object(Config\Cache), false)
#9 C:\xampp\htdocs\ITSI\vendor\codeigniter4\framework\system\Boot.php(334): CodeIgniter\CodeIgniter->run()
#10 C:\xampp\htdocs\ITSI\vendor\codeigniter4\framework\system\Boot.php(67): CodeIgniter\Boot::runCodeIgniter(Object(CodeIgniter\CodeIgniter))
#11 C:\xampp\htdocs\ITSI\public\index.php(59): CodeIgniter\Boot::bootWeb(Object(Config\Paths))
#12 {main}
ERROR - 2026-03-03 22:45:29 --> Error al obtener estadísticas servicio comunitario: Table 'itsi.servicios_comunitarios' doesn't exist
ERROR - 2026-03-03 22:45:29 --> mysqli_sql_exception: Table 'itsi.servicios_comunitarios' doesn't exist in C:\xampp\htdocs\ITSI\vendor\codeigniter4\framework\system\Database\MySQLi\Connection.php:327
Stack trace:
#0 C:\xampp\htdocs\ITSI\vendor\codeigniter4\framework\system\Database\MySQLi\Connection.php(327): mysqli->query('SELECT `sc`.*, ...', 0)
#1 C:\xampp\htdocs\ITSI\vendor\codeigniter4\framework\system\Database\BaseConnection.php(738): CodeIgniter\Database\MySQLi\Connection->execute('SELECT `sc`.*, ...')
#2 C:\xampp\htdocs\ITSI\vendor\codeigniter4\framework\system\Database\BaseConnection.php(652): CodeIgniter\Database\BaseConnection->simpleQuery('SELECT `sc`.*, ...')
#3 C:\xampp\htdocs\ITSI\vendor\codeigniter4\framework\system\Database\BaseBuilder.php(1649): CodeIgniter\Database\BaseConnection->query('SELECT `sc`.*, ...', Array, false)
#4 C:\xampp\htdocs\ITSI\app\Controllers\estudiante\PracticasEstudianteController.php(475): CodeIgniter\Database\BaseBuilder->get()
#5 C:\xampp\htdocs\ITSI\app\Controllers\estudiante\PracticasEstudianteController.php(85): App\Controllers\estudiante\PracticasEstudianteController->obtenerServiciosComunitarios('3')
#6 C:\xampp\htdocs\ITSI\vendor\codeigniter4\framework\system\CodeIgniter.php(933): App\Controllers\estudiante\PracticasEstudianteController->servicioComunitario()
#7 C:\xampp\htdocs\ITSI\vendor\codeigniter4\framework\system\CodeIgniter.php(507): CodeIgniter\CodeIgniter->runController(Object(App\Controllers\estudiante\PracticasEstudianteController))
#8 C:\xampp\htdocs\ITSI\vendor\codeigniter4\framework\system\CodeIgniter.php(354): CodeIgniter\CodeIgniter->handleRequest(NULL, Object(Config\Cache), false)
#9 C:\xampp\htdocs\ITSI\vendor\codeigniter4\framework\system\Boot.php(334): CodeIgniter\CodeIgniter->run()
#10 C:\xampp\htdocs\ITSI\vendor\codeigniter4\framework\system\Boot.php(67): CodeIgniter\Boot::runCodeIgniter(Object(CodeIgniter\CodeIgniter))
#11 C:\xampp\htdocs\ITSI\public\index.php(59): CodeIgniter\Boot::bootWeb(Object(Config\Paths))
#12 {main}
ERROR - 2026-03-03 22:45:29 --> Error al obtener servicios comunitarios: Table 'itsi.servicios_comunitarios' doesn't exist
DEBUG - 2026-03-03 22:45:30 --> Session: Class initialized using 'CodeIgniter\Session\Handlers\FileHandler' driver.
ERROR - 2026-03-03 22:45:30 --> mysqli_sql_exception: Table 'itsi.servicios_comunitarios' doesn't exist in C:\xampp\htdocs\ITSI\vendor\codeigniter4\framework\system\Database\MySQLi\Connection.php:327
Stack trace:
#0 C:\xampp\htdocs\ITSI\vendor\codeigniter4\framework\system\Database\MySQLi\Connection.php(327): mysqli->query('SELECT COUNT(*)...', 0)
#1 C:\xampp\htdocs\ITSI\vendor\codeigniter4\framework\system\Database\BaseConnection.php(738): CodeIgniter\Database\MySQLi\Connection->execute('SELECT COUNT(*)...')
#2 C:\xampp\htdocs\ITSI\vendor\codeigniter4\framework\system\Database\BaseConnection.php(652): CodeIgniter\Database\BaseConnection->simpleQuery('SELECT COUNT(*)...')
#3 C:\xampp\htdocs\ITSI\vendor\codeigniter4\framework\system\Database\BaseBuilder.php(1733): CodeIgniter\Database\BaseConnection->query('SELECT COUNT(*)...', Array, false)
#4 C:\xampp\htdocs\ITSI\app\Controllers\estudiante\PracticasEstudianteController.php(334): CodeIgniter\Database\BaseBuilder->countAllResults()
#5 C:\xampp\htdocs\ITSI\app\Controllers\estudiante\PracticasEstudianteController.php(84): App\Controllers\estudiante\PracticasEstudianteController->obtenerEstadisticasServicioComunitario('3')
#6 C:\xampp\htdocs\ITSI\vendor\codeigniter4\framework\system\CodeIgniter.php(933): App\Controllers\estudiante\PracticasEstudianteController->servicioComunitario()
#7 C:\xampp\htdocs\ITSI\vendor\codeigniter4\framework\system\CodeIgniter.php(507): CodeIgniter\CodeIgniter->runController(Object(App\Controllers\estudiante\PracticasEstudianteController))
#8 C:\xampp\htdocs\ITSI\vendor\codeigniter4\framework\system\CodeIgniter.php(354): CodeIgniter\CodeIgniter->handleRequest(NULL, Object(Config\Cache), false)
#9 C:\xampp\htdocs\ITSI\vendor\codeigniter4\framework\system\Boot.php(334): CodeIgniter\CodeIgniter->run()
#10 C:\xampp\htdocs\ITSI\vendor\codeigniter4\framework\system\Boot.php(67): CodeIgniter\Boot::runCodeIgniter(Object(CodeIgniter\CodeIgniter))
#11 C:\xampp\htdocs\ITSI\public\index.php(59): CodeIgniter\Boot::bootWeb(Object(Config\Paths))
#12 {main}
ERROR - 2026-03-03 22:45:30 --> Error al obtener estadísticas servicio comunitario: Table 'itsi.servicios_comunitarios' doesn't exist
ERROR - 2026-03-03 22:45:30 --> mysqli_sql_exception: Table 'itsi.servicios_comunitarios' doesn't exist in C:\xampp\htdocs\ITSI\vendor\codeigniter4\framework\system\Database\MySQLi\Connection.php:327
Stack trace:
#0 C:\xampp\htdocs\ITSI\vendor\codeigniter4\framework\system\Database\MySQLi\Connection.php(327): mysqli->query('SELECT `sc`.*, ...', 0)
#1 C:\xampp\htdocs\ITSI\vendor\codeigniter4\framework\system\Database\BaseConnection.php(738): CodeIgniter\Database\MySQLi\Connection->execute('SELECT `sc`.*, ...')
#2 C:\xampp\htdocs\ITSI\vendor\codeigniter4\framework\system\Database\BaseConnection.php(652): CodeIgniter\Database\BaseConnection->simpleQuery('SELECT `sc`.*, ...')
#3 C:\xampp\htdocs\ITSI\vendor\codeigniter4\framework\system\Database\BaseBuilder.php(1649): CodeIgniter\Database\BaseConnection->query('SELECT `sc`.*, ...', Array, false)
#4 C:\xampp\htdocs\ITSI\app\Controllers\estudiante\PracticasEstudianteController.php(475): CodeIgniter\Database\BaseBuilder->get()
#5 C:\xampp\htdocs\ITSI\app\Controllers\estudiante\PracticasEstudianteController.php(85): App\Controllers\estudiante\PracticasEstudianteController->obtenerServiciosComunitarios('3')
#6 C:\xampp\htdocs\ITSI\vendor\codeigniter4\framework\system\CodeIgniter.php(933): App\Controllers\estudiante\PracticasEstudianteController->servicioComunitario()
#7 C:\xampp\htdocs\ITSI\vendor\codeigniter4\framework\system\CodeIgniter.php(507): CodeIgniter\CodeIgniter->runController(Object(App\Controllers\estudiante\PracticasEstudianteController))
#8 C:\xampp\htdocs\ITSI\vendor\codeigniter4\framework\system\CodeIgniter.php(354): CodeIgniter\CodeIgniter->handleRequest(NULL, Object(Config\Cache), false)
#9 C:\xampp\htdocs\ITSI\vendor\codeigniter4\framework\system\Boot.php(334): CodeIgniter\CodeIgniter->run()
#10 C:\xampp\htdocs\ITSI\vendor\codeigniter4\framework\system\Boot.php(67): CodeIgniter\Boot::runCodeIgniter(Object(CodeIgniter\CodeIgniter))
#11 C:\xampp\htdocs\ITSI\public\index.php(59): CodeIgniter\Boot::bootWeb(Object(Config\Paths))
#12 {main}
ERROR - 2026-03-03 22:45:30 --> Error al obtener servicios comunitarios: Table 'itsi.servicios_comunitarios' doesn't exist
DEBUG - 2026-03-03 22:45:31 --> Session: Class initialized using 'CodeIgniter\Session\Handlers\FileHandler' driver.
ERROR - 2026-03-03 22:45:31 --> mysqli_sql_exception: Table 'itsi.servicios_comunitarios' doesn't exist in C:\xampp\htdocs\ITSI\vendor\codeigniter4\framework\system\Database\MySQLi\Connection.php:327
Stack trace:
#0 C:\xampp\htdocs\ITSI\vendor\codeigniter4\framework\system\Database\MySQLi\Connection.php(327): mysqli->query('SELECT COUNT(*)...', 0)
#1 C:\xampp\htdocs\ITSI\vendor\codeigniter4\framework\system\Database\BaseConnection.php(738): CodeIgniter\Database\MySQLi\Connection->execute('SELECT COUNT(*)...')
#2 C:\xampp\htdocs\ITSI\vendor\codeigniter4\framework\system\Database\BaseConnection.php(652): CodeIgniter\Database\BaseConnection->simpleQuery('SELECT COUNT(*)...')
#3 C:\xampp\htdocs\ITSI\vendor\codeigniter4\framework\system\Database\BaseBuilder.php(1733): CodeIgniter\Database\BaseConnection->query('SELECT COUNT(*)...', Array, false)
#4 C:\xampp\htdocs\ITSI\app\Controllers\estudiante\PracticasEstudianteController.php(334): CodeIgniter\Database\BaseBuilder->countAllResults()
#5 C:\xampp\htdocs\ITSI\app\Controllers\estudiante\PracticasEstudianteController.php(84): App\Controllers\estudiante\PracticasEstudianteController->obtenerEstadisticasServicioComunitario('3')
#6 C:\xampp\htdocs\ITSI\vendor\codeigniter4\framework\system\CodeIgniter.php(933): App\Controllers\estudiante\PracticasEstudianteController->servicioComunitario()
#7 C:\xampp\htdocs\ITSI\vendor\codeigniter4\framework\system\CodeIgniter.php(507): CodeIgniter\CodeIgniter->runController(Object(App\Controllers\estudiante\PracticasEstudianteController))
#8 C:\xampp\htdocs\ITSI\vendor\codeigniter4\framework\system\CodeIgniter.php(354): CodeIgniter\CodeIgniter->handleRequest(NULL, Object(Config\Cache), false)
#9 C:\xampp\htdocs\ITSI\vendor\codeigniter4\framework\system\Boot.php(334): CodeIgniter\CodeIgniter->run()
#10 C:\xampp\htdocs\ITSI\vendor\codeigniter4\framework\system\Boot.php(67): CodeIgniter\Boot::runCodeIgniter(Object(CodeIgniter\CodeIgniter))
#11 C:\xampp\htdocs\ITSI\public\index.php(59): CodeIgniter\Boot::bootWeb(Object(Config\Paths))
#12 {main}
ERROR - 2026-03-03 22:45:31 --> Error al obtener estadísticas servicio comunitario: Table 'itsi.servicios_comunitarios' doesn't exist
ERROR - 2026-03-03 22:45:31 --> mysqli_sql_exception: Table 'itsi.servicios_comunitarios' doesn't exist in C:\xampp\htdocs\ITSI\vendor\codeigniter4\framework\system\Database\MySQLi\Connection.php:327
Stack trace:
#0 C:\xampp\htdocs\ITSI\vendor\codeigniter4\framework\system\Database\MySQLi\Connection.php(327): mysqli->query('SELECT `sc`.*, ...', 0)
#1 C:\xampp\htdocs\ITSI\vendor\codeigniter4\framework\system\Database\BaseConnection.php(738): CodeIgniter\Database\MySQLi\Connection->execute('SELECT `sc`.*, ...')
#2 C:\xampp\htdocs\ITSI\vendor\codeigniter4\framework\system\Database\BaseConnection.php(652): CodeIgniter\Database\BaseConnection->simpleQuery('SELECT `sc`.*, ...')
#3 C:\xampp\htdocs\ITSI\vendor\codeigniter4\framework\system\Database\BaseBuilder.php(1649): CodeIgniter\Database\BaseConnection->query('SELECT `sc`.*, ...', Array, false)
#4 C:\xampp\htdocs\ITSI\app\Controllers\estudiante\PracticasEstudianteController.php(475): CodeIgniter\Database\BaseBuilder->get()
#5 C:\xampp\htdocs\ITSI\app\Controllers\estudiante\PracticasEstudianteController.php(85): App\Controllers\estudiante\PracticasEstudianteController->obtenerServiciosComunitarios('3')
#6 C:\xampp\htdocs\ITSI\vendor\codeigniter4\framework\system\CodeIgniter.php(933): App\Controllers\estudiante\PracticasEstudianteController->servicioComunitario()
#7 C:\xampp\htdocs\ITSI\vendor\codeigniter4\framework\system\CodeIgniter.php(507): CodeIgniter\CodeIgniter->runController(Object(App\Controllers\estudiante\PracticasEstudianteController))
#8 C:\xampp\htdocs\ITSI\vendor\codeigniter4\framework\system\CodeIgniter.php(354): CodeIgniter\CodeIgniter->handleRequest(NULL, Object(Config\Cache), false)
#9 C:\xampp\htdocs\ITSI\vendor\codeigniter4\framework\system\Boot.php(334): CodeIgniter\CodeIgniter->run()
#10 C:\xampp\htdocs\ITSI\vendor\codeigniter4\framework\system\Boot.php(67): CodeIgniter\Boot::runCodeIgniter(Object(CodeIgniter\CodeIgniter))
#11 C:\xampp\htdocs\ITSI\public\index.php(59): CodeIgniter\Boot::bootWeb(Object(Config\Paths))
#12 {main}
ERROR - 2026-03-03 22:45:31 --> Error al obtener servicios comunitarios: Table 'itsi.servicios_comunitarios' doesn't exist
DEBUG - 2026-03-03 22:57:23 --> Session: Class initialized using 'CodeIgniter\Session\Handlers\FileHandler' driver.
ERROR - 2026-03-03 22:57:23 --> mysqli_sql_exception: Table 'itsi.practicas_preprofesionales' doesn't exist in C:\xampp\htdocs\ITSI\vendor\codeigniter4\framework\system\Database\MySQLi\Connection.php:327
Stack trace:
#0 C:\xampp\htdocs\ITSI\vendor\codeigniter4\framework\system\Database\MySQLi\Connection.php(327): mysqli->query('SELECT COUNT(*)...', 0)
#1 C:\xampp\htdocs\ITSI\vendor\codeigniter4\framework\system\Database\BaseConnection.php(738): CodeIgniter\Database\MySQLi\Connection->execute('SELECT COUNT(*)...')
#2 C:\xampp\htdocs\ITSI\vendor\codeigniter4\framework\system\Database\BaseConnection.php(652): CodeIgniter\Database\BaseConnection->simpleQuery('SELECT COUNT(*)...')
#3 C:\xampp\htdocs\ITSI\vendor\codeigniter4\framework\system\Database\BaseBuilder.php(1733): CodeIgniter\Database\BaseConnection->query('SELECT COUNT(*)...', Array, false)
#4 C:\xampp\htdocs\ITSI\app\Controllers\estudiante\PracticasEstudianteController.php(281): CodeIgniter\Database\BaseBuilder->countAllResults()
#5 C:\xampp\htdocs\ITSI\app\Controllers\estudiante\PracticasEstudianteController.php(44): App\Controllers\estudiante\PracticasEstudianteController->obtenerEstadisticasEstudiante('3')
#6 C:\xampp\htdocs\ITSI\vendor\codeigniter4\framework\system\CodeIgniter.php(933): App\Controllers\estudiante\PracticasEstudianteController->index()
#7 C:\xampp\htdocs\ITSI\vendor\codeigniter4\framework\system\CodeIgniter.php(507): CodeIgniter\CodeIgniter->runController(Object(App\Controllers\estudiante\PracticasEstudianteController))
#8 C:\xampp\htdocs\ITSI\vendor\codeigniter4\framework\system\CodeIgniter.php(354): CodeIgniter\CodeIgniter->handleRequest(NULL, Object(Config\Cache), false)
#9 C:\xampp\htdocs\ITSI\vendor\codeigniter4\framework\system\Boot.php(334): CodeIgniter\CodeIgniter->run()
#10 C:\xampp\htdocs\ITSI\vendor\codeigniter4\framework\system\Boot.php(67): CodeIgniter\Boot::runCodeIgniter(Object(CodeIgniter\CodeIgniter))
#11 C:\xampp\htdocs\ITSI\public\index.php(59): CodeIgniter\Boot::bootWeb(Object(Config\Paths))
#12 {main}
ERROR - 2026-03-03 22:57:23 --> Error al obtener estadísticas: Table 'itsi.practicas_preprofesionales' doesn't exist
ERROR - 2026-03-03 22:57:23 --> mysqli_sql_exception: Table 'itsi.practicas_preprofesionales' doesn't exist in C:\xampp\htdocs\ITSI\vendor\codeigniter4\framework\system\Database\MySQLi\Connection.php:327
Stack trace:
#0 C:\xampp\htdocs\ITSI\vendor\codeigniter4\framework\system\Database\MySQLi\Connection.php(327): mysqli->query('SELECT `pp`.*, ...', 0)
#1 C:\xampp\htdocs\ITSI\vendor\codeigniter4\framework\system\Database\BaseConnection.php(738): CodeIgniter\Database\MySQLi\Connection->execute('SELECT `pp`.*, ...')
#2 C:\xampp\htdocs\ITSI\vendor\codeigniter4\framework\system\Database\BaseConnection.php(652): CodeIgniter\Database\BaseConnection->simpleQuery('SELECT `pp`.*, ...')
#3 C:\xampp\htdocs\ITSI\vendor\codeigniter4\framework\system\Database\BaseBuilder.php(1649): CodeIgniter\Database\BaseConnection->query('SELECT `pp`.*, ...', Array, false)
#4 C:\xampp\htdocs\ITSI\app\Controllers\estudiante\PracticasEstudianteController.php(456): CodeIgniter\Database\BaseBuilder->get()
#5 C:\xampp\htdocs\ITSI\app\Controllers\estudiante\PracticasEstudianteController.php(47): App\Controllers\estudiante\PracticasEstudianteController->obtenerPracticasPreprofesionales('3')
#6 C:\xampp\htdocs\ITSI\vendor\codeigniter4\framework\system\CodeIgniter.php(933): App\Controllers\estudiante\PracticasEstudianteController->index()
#7 C:\xampp\htdocs\ITSI\vendor\codeigniter4\framework\system\CodeIgniter.php(507): CodeIgniter\CodeIgniter->runController(Object(App\Controllers\estudiante\PracticasEstudianteController))
#8 C:\xampp\htdocs\ITSI\vendor\codeigniter4\framework\system\CodeIgniter.php(354): CodeIgniter\CodeIgniter->handleRequest(NULL, Object(Config\Cache), false)
#9 C:\xampp\htdocs\ITSI\vendor\codeigniter4\framework\system\Boot.php(334): CodeIgniter\CodeIgniter->run()
#10 C:\xampp\htdocs\ITSI\vendor\codeigniter4\framework\system\Boot.php(67): CodeIgniter\Boot::runCodeIgniter(Object(CodeIgniter\CodeIgniter))
#11 C:\xampp\htdocs\ITSI\public\index.php(59): CodeIgniter\Boot::bootWeb(Object(Config\Paths))
#12 {main}
ERROR - 2026-03-03 22:57:23 --> Error al obtener prácticas preprofesionales: Table 'itsi.practicas_preprofesionales' doesn't exist
ERROR - 2026-03-03 22:57:23 --> mysqli_sql_exception: Table 'itsi.servicios_comunitarios' doesn't exist in C:\xampp\htdocs\ITSI\vendor\codeigniter4\framework\system\Database\MySQLi\Connection.php:327
Stack trace:
#0 C:\xampp\htdocs\ITSI\vendor\codeigniter4\framework\system\Database\MySQLi\Connection.php(327): mysqli->query('SELECT `sc`.*, ...', 0)
#1 C:\xampp\htdocs\ITSI\vendor\codeigniter4\framework\system\Database\BaseConnection.php(738): CodeIgniter\Database\MySQLi\Connection->execute('SELECT `sc`.*, ...')
#2 C:\xampp\htdocs\ITSI\vendor\codeigniter4\framework\system\Database\BaseConnection.php(652): CodeIgniter\Database\BaseConnection->simpleQuery('SELECT `sc`.*, ...')
#3 C:\xampp\htdocs\ITSI\vendor\codeigniter4\framework\system\Database\BaseBuilder.php(1649): CodeIgniter\Database\BaseConnection->query('SELECT `sc`.*, ...', Array, false)
#4 C:\xampp\htdocs\ITSI\app\Controllers\estudiante\PracticasEstudianteController.php(475): CodeIgniter\Database\BaseBuilder->get()
#5 C:\xampp\htdocs\ITSI\app\Controllers\estudiante\PracticasEstudianteController.php(50): App\Controllers\estudiante\PracticasEstudianteController->obtenerServiciosComunitarios('3')
#6 C:\xampp\htdocs\ITSI\vendor\codeigniter4\framework\system\CodeIgniter.php(933): App\Controllers\estudiante\PracticasEstudianteController->index()
#7 C:\xampp\htdocs\ITSI\vendor\codeigniter4\framework\system\CodeIgniter.php(507): CodeIgniter\CodeIgniter->runController(Object(App\Controllers\estudiante\PracticasEstudianteController))
#8 C:\xampp\htdocs\ITSI\vendor\codeigniter4\framework\system\CodeIgniter.php(354): CodeIgniter\CodeIgniter->handleRequest(NULL, Object(Config\Cache), false)
#9 C:\xampp\htdocs\ITSI\vendor\codeigniter4\framework\system\Boot.php(334): CodeIgniter\CodeIgniter->run()
#10 C:\xampp\htdocs\ITSI\vendor\codeigniter4\framework\system\Boot.php(67): CodeIgniter\Boot::runCodeIgniter(Object(CodeIgniter\CodeIgniter))
#11 C:\xampp\htdocs\ITSI\public\index.php(59): CodeIgniter\Boot::bootWeb(Object(Config\Paths))
#12 {main}
ERROR - 2026-03-03 22:57:23 --> Error al obtener servicios comunitarios: Table 'itsi.servicios_comunitarios' doesn't exist
DEBUG - 2026-03-03 23:05:53 --> Session: Class initialized using 'CodeIgniter\Session\Handlers\FileHandler' driver.
ERROR - 2026-03-03 23:05:53 --> mysqli_sql_exception: Table 'itsi.practicas_preprofesionales' doesn't exist in C:\xampp\htdocs\ITSI\vendor\codeigniter4\framework\system\Database\MySQLi\Connection.php:327
Stack trace:
#0 C:\xampp\htdocs\ITSI\vendor\codeigniter4\framework\system\Database\MySQLi\Connection.php(327): mysqli->query('SELECT COUNT(*)...', 0)
#1 C:\xampp\htdocs\ITSI\vendor\codeigniter4\framework\system\Database\BaseConnection.php(738): CodeIgniter\Database\MySQLi\Connection->execute('SELECT COUNT(*)...')
#2 C:\xampp\htdocs\ITSI\vendor\codeigniter4\framework\system\Database\BaseConnection.php(652): CodeIgniter\Database\BaseConnection->simpleQuery('SELECT COUNT(*)...')
#3 C:\xampp\htdocs\ITSI\vendor\codeigniter4\framework\system\Database\BaseBuilder.php(1733): CodeIgniter\Database\BaseConnection->query('SELECT COUNT(*)...', Array, false)
#4 C:\xampp\htdocs\ITSI\app\Controllers\estudiante\PracticasEstudianteController.php(281): CodeIgniter\Database\BaseBuilder->countAllResults()
#5 C:\xampp\htdocs\ITSI\app\Controllers\estudiante\PracticasEstudianteController.php(44): App\Controllers\estudiante\PracticasEstudianteController->obtenerEstadisticasEstudiante('3')
#6 C:\xampp\htdocs\ITSI\vendor\codeigniter4\framework\system\CodeIgniter.php(933): App\Controllers\estudiante\PracticasEstudianteController->index()
#7 C:\xampp\htdocs\ITSI\vendor\codeigniter4\framework\system\CodeIgniter.php(507): CodeIgniter\CodeIgniter->runController(Object(App\Controllers\estudiante\PracticasEstudianteController))
#8 C:\xampp\htdocs\ITSI\vendor\codeigniter4\framework\system\CodeIgniter.php(354): CodeIgniter\CodeIgniter->handleRequest(NULL, Object(Config\Cache), false)
#9 C:\xampp\htdocs\ITSI\vendor\codeigniter4\framework\system\Boot.php(334): CodeIgniter\CodeIgniter->run()
#10 C:\xampp\htdocs\ITSI\vendor\codeigniter4\framework\system\Boot.php(67): CodeIgniter\Boot::runCodeIgniter(Object(CodeIgniter\CodeIgniter))
#11 C:\xampp\htdocs\ITSI\public\index.php(59): CodeIgniter\Boot::bootWeb(Object(Config\Paths))
#12 {main}
ERROR - 2026-03-03 23:05:53 --> Error al obtener estadísticas: Table 'itsi.practicas_preprofesionales' doesn't exist
ERROR - 2026-03-03 23:05:53 --> mysqli_sql_exception: Table 'itsi.practicas_preprofesionales' doesn't exist in C:\xampp\htdocs\ITSI\vendor\codeigniter4\framework\system\Database\MySQLi\Connection.php:327
Stack trace:
#0 C:\xampp\htdocs\ITSI\vendor\codeigniter4\framework\system\Database\MySQLi\Connection.php(327): mysqli->query('SELECT `pp`.*, ...', 0)
#1 C:\xampp\htdocs\ITSI\vendor\codeigniter4\framework\system\Database\BaseConnection.php(738): CodeIgniter\Database\MySQLi\Connection->execute('SELECT `pp`.*, ...')
#2 C:\xampp\htdocs\ITSI\vendor\codeigniter4\framework\system\Database\BaseConnection.php(652): CodeIgniter\Database\BaseConnection->simpleQuery('SELECT `pp`.*, ...')
#3 C:\xampp\htdocs\ITSI\vendor\codeigniter4\framework\system\Database\BaseBuilder.php(1649): CodeIgniter\Database\BaseConnection->query('SELECT `pp`.*, ...', Array, false)
#4 C:\xampp\htdocs\ITSI\app\Controllers\estudiante\PracticasEstudianteController.php(456): CodeIgniter\Database\BaseBuilder->get()
#5 C:\xampp\htdocs\ITSI\app\Controllers\estudiante\PracticasEstudianteController.php(47): App\Controllers\estudiante\PracticasEstudianteController->obtenerPracticasPreprofesionales('3')
#6 C:\xampp\htdocs\ITSI\vendor\codeigniter4\framework\system\CodeIgniter.php(933): App\Controllers\estudiante\PracticasEstudianteController->index()
#7 C:\xampp\htdocs\ITSI\vendor\codeigniter4\framework\system\CodeIgniter.php(507): CodeIgniter\CodeIgniter->runController(Object(App\Controllers\estudiante\PracticasEstudianteController))
#8 C:\xampp\htdocs\ITSI\vendor\codeigniter4\framework\system\CodeIgniter.php(354): CodeIgniter\CodeIgniter->handleRequest(NULL, Object(Config\Cache), false)
#9 C:\xampp\htdocs\ITSI\vendor\codeigniter4\framework\system\Boot.php(334): CodeIgniter\CodeIgniter->run()
#10 C:\xampp\htdocs\ITSI\vendor\codeigniter4\framework\system\Boot.php(67): CodeIgniter\Boot::runCodeIgniter(Object(CodeIgniter\CodeIgniter))
#11 C:\xampp\htdocs\ITSI\public\index.php(59): CodeIgniter\Boot::bootWeb(Object(Config\Paths))
#12 {main}
ERROR - 2026-03-03 23:05:53 --> Error al obtener prácticas preprofesionales: Table 'itsi.practicas_preprofesionales' doesn't exist
ERROR - 2026-03-03 23:05:53 --> mysqli_sql_exception: Table 'itsi.servicios_comunitarios' doesn't exist in C:\xampp\htdocs\ITSI\vendor\codeigniter4\framework\system\Database\MySQLi\Connection.php:327
Stack trace:
#0 C:\xampp\htdocs\ITSI\vendor\codeigniter4\framework\system\Database\MySQLi\Connection.php(327): mysqli->query('SELECT `sc`.*, ...', 0)
#1 C:\xampp\htdocs\ITSI\vendor\codeigniter4\framework\system\Database\BaseConnection.php(738): CodeIgniter\Database\MySQLi\Connection->execute('SELECT `sc`.*, ...')
#2 C:\xampp\htdocs\ITSI\vendor\codeigniter4\framework\system\Database\BaseConnection.php(652): CodeIgniter\Database\BaseConnection->simpleQuery('SELECT `sc`.*, ...')
#3 C:\xampp\htdocs\ITSI\vendor\codeigniter4\framework\system\Database\BaseBuilder.php(1649): CodeIgniter\Database\BaseConnection->query('SELECT `sc`.*, ...', Array, false)
#4 C:\xampp\htdocs\ITSI\app\Controllers\estudiante\PracticasEstudianteController.php(475): CodeIgniter\Database\BaseBuilder->get()
#5 C:\xampp\htdocs\ITSI\app\Controllers\estudiante\PracticasEstudianteController.php(50): App\Controllers\estudiante\PracticasEstudianteController->obtenerServiciosComunitarios('3')
#6 C:\xampp\htdocs\ITSI\vendor\codeigniter4\framework\system\CodeIgniter.php(933): App\Controllers\estudiante\PracticasEstudianteController->index()
#7 C:\xampp\htdocs\ITSI\vendor\codeigniter4\framework\system\CodeIgniter.php(507): CodeIgniter\CodeIgniter->runController(Object(App\Controllers\estudiante\PracticasEstudianteController))
#8 C:\xampp\htdocs\ITSI\vendor\codeigniter4\framework\system\CodeIgniter.php(354): CodeIgniter\CodeIgniter->handleRequest(NULL, Object(Config\Cache), false)
#9 C:\xampp\htdocs\ITSI\vendor\codeigniter4\framework\system\Boot.php(334): CodeIgniter\CodeIgniter->run()
#10 C:\xampp\htdocs\ITSI\vendor\codeigniter4\framework\system\Boot.php(67): CodeIgniter\Boot::runCodeIgniter(Object(CodeIgniter\CodeIgniter))
#11 C:\xampp\htdocs\ITSI\public\index.php(59): CodeIgniter\Boot::bootWeb(Object(Config\Paths))
#12 {main}
ERROR - 2026-03-03 23:05:53 --> Error al obtener servicios comunitarios: Table 'itsi.servicios_comunitarios' doesn't exist
DEBUG - 2026-03-03 23:06:34 --> Session: Class initialized using 'CodeIgniter\Session\Handlers\FileHandler' driver.
ERROR - 2026-03-03 23:06:34 --> mysqli_sql_exception: Table 'itsi.practicas_preprofesionales' doesn't exist in C:\xampp\htdocs\ITSI\vendor\codeigniter4\framework\system\Database\MySQLi\Connection.php:327
Stack trace:
#0 C:\xampp\htdocs\ITSI\vendor\codeigniter4\framework\system\Database\MySQLi\Connection.php(327): mysqli->query('SELECT COUNT(*)...', 0)
#1 C:\xampp\htdocs\ITSI\vendor\codeigniter4\framework\system\Database\BaseConnection.php(738): CodeIgniter\Database\MySQLi\Connection->execute('SELECT COUNT(*)...')
#2 C:\xampp\htdocs\ITSI\vendor\codeigniter4\framework\system\Database\BaseConnection.php(652): CodeIgniter\Database\BaseConnection->simpleQuery('SELECT COUNT(*)...')
#3 C:\xampp\htdocs\ITSI\vendor\codeigniter4\framework\system\Database\BaseBuilder.php(1733): CodeIgniter\Database\BaseConnection->query('SELECT COUNT(*)...', Array, false)
#4 C:\xampp\htdocs\ITSI\app\Controllers\estudiante\PracticasEstudianteController.php(281): CodeIgniter\Database\BaseBuilder->countAllResults()
#5 C:\xampp\htdocs\ITSI\app\Controllers\estudiante\PracticasEstudianteController.php(44): App\Controllers\estudiante\PracticasEstudianteController->obtenerEstadisticasEstudiante('3')
#6 C:\xampp\htdocs\ITSI\vendor\codeigniter4\framework\system\CodeIgniter.php(933): App\Controllers\estudiante\PracticasEstudianteController->index()
#7 C:\xampp\htdocs\ITSI\vendor\codeigniter4\framework\system\CodeIgniter.php(507): CodeIgniter\CodeIgniter->runController(Object(App\Controllers\estudiante\PracticasEstudianteController))
#8 C:\xampp\htdocs\ITSI\vendor\codeigniter4\framework\system\CodeIgniter.php(354): CodeIgniter\CodeIgniter->handleRequest(NULL, Object(Config\Cache), false)
#9 C:\xampp\htdocs\ITSI\vendor\codeigniter4\framework\system\Boot.php(334): CodeIgniter\CodeIgniter->run()
#10 C:\xampp\htdocs\ITSI\vendor\codeigniter4\framework\system\Boot.php(67): CodeIgniter\Boot::runCodeIgniter(Object(CodeIgniter\CodeIgniter))
#11 C:\xampp\htdocs\ITSI\public\index.php(59): CodeIgniter\Boot::bootWeb(Object(Config\Paths))
#12 {main}
ERROR - 2026-03-03 23:06:34 --> Error al obtener estadísticas: Table 'itsi.practicas_preprofesionales' doesn't exist
ERROR - 2026-03-03 23:06:34 --> mysqli_sql_exception: Table 'itsi.practicas_preprofesionales' doesn't exist in C:\xampp\htdocs\ITSI\vendor\codeigniter4\framework\system\Database\MySQLi\Connection.php:327
Stack trace:
#0 C:\xampp\htdocs\ITSI\vendor\codeigniter4\framework\system\Database\MySQLi\Connection.php(327): mysqli->query('SELECT `pp`.*, ...', 0)
#1 C:\xampp\htdocs\ITSI\vendor\codeigniter4\framework\system\Database\BaseConnection.php(738): CodeIgniter\Database\MySQLi\Connection->execute('SELECT `pp`.*, ...')
#2 C:\xampp\htdocs\ITSI\vendor\codeigniter4\framework\system\Database\BaseConnection.php(652): CodeIgniter\Database\BaseConnection->simpleQuery('SELECT `pp`.*, ...')
#3 C:\xampp\htdocs\ITSI\vendor\codeigniter4\framework\system\Database\BaseBuilder.php(1649): CodeIgniter\Database\BaseConnection->query('SELECT `pp`.*, ...', Array, false)
#4 C:\xampp\htdocs\ITSI\app\Controllers\estudiante\PracticasEstudianteController.php(456): CodeIgniter\Database\BaseBuilder->get()
#5 C:\xampp\htdocs\ITSI\app\Controllers\estudiante\PracticasEstudianteController.php(47): App\Controllers\estudiante\PracticasEstudianteController->obtenerPracticasPreprofesionales('3')
#6 C:\xampp\htdocs\ITSI\vendor\codeigniter4\framework\system\CodeIgniter.php(933): App\Controllers\estudiante\PracticasEstudianteController->index()
#7 C:\xampp\htdocs\ITSI\vendor\codeigniter4\framework\system\CodeIgniter.php(507): CodeIgniter\CodeIgniter->runController(Object(App\Controllers\estudiante\PracticasEstudianteController))
#8 C:\xampp\htdocs\ITSI\vendor\codeigniter4\framework\system\CodeIgniter.php(354): CodeIgniter\CodeIgniter->handleRequest(NULL, Object(Config\Cache), false)
#9 C:\xampp\htdocs\ITSI\vendor\codeigniter4\framework\system\Boot.php(334): CodeIgniter\CodeIgniter->run()
#10 C:\xampp\htdocs\ITSI\vendor\codeigniter4\framework\system\Boot.php(67): CodeIgniter\Boot::runCodeIgniter(Object(CodeIgniter\CodeIgniter))
#11 C:\xampp\htdocs\ITSI\public\index.php(59): CodeIgniter\Boot::bootWeb(Object(Config\Paths))
#12 {main}
ERROR - 2026-03-03 23:06:34 --> Error al obtener prácticas preprofesionales: Table 'itsi.practicas_preprofesionales' doesn't exist
ERROR - 2026-03-03 23:06:34 --> mysqli_sql_exception: Table 'itsi.servicios_comunitarios' doesn't exist in C:\xampp\htdocs\ITSI\vendor\codeigniter4\framework\system\Database\MySQLi\Connection.php:327
Stack trace:
#0 C:\xampp\htdocs\ITSI\vendor\codeigniter4\framework\system\Database\MySQLi\Connection.php(327): mysqli->query('SELECT `sc`.*, ...', 0)
#1 C:\xampp\htdocs\ITSI\vendor\codeigniter4\framework\system\Database\BaseConnection.php(738): CodeIgniter\Database\MySQLi\Connection->execute('SELECT `sc`.*, ...')
#2 C:\xampp\htdocs\ITSI\vendor\codeigniter4\framework\system\Database\BaseConnection.php(652): CodeIgniter\Database\BaseConnection->simpleQuery('SELECT `sc`.*, ...')
#3 C:\xampp\htdocs\ITSI\vendor\codeigniter4\framework\system\Database\BaseBuilder.php(1649): CodeIgniter\Database\BaseConnection->query('SELECT `sc`.*, ...', Array, false)
#4 C:\xampp\htdocs\ITSI\app\Controllers\estudiante\PracticasEstudianteController.php(475): CodeIgniter\Database\BaseBuilder->get()
#5 C:\xampp\htdocs\ITSI\app\Controllers\estudiante\PracticasEstudianteController.php(50): App\Controllers\estudiante\PracticasEstudianteController->obtenerServiciosComunitarios('3')
#6 C:\xampp\htdocs\ITSI\vendor\codeigniter4\framework\system\CodeIgniter.php(933): App\Controllers\estudiante\PracticasEstudianteController->index()
#7 C:\xampp\htdocs\ITSI\vendor\codeigniter4\framework\system\CodeIgniter.php(507): CodeIgniter\CodeIgniter->runController(Object(App\Controllers\estudiante\PracticasEstudianteController))
#8 C:\xampp\htdocs\ITSI\vendor\codeigniter4\framework\system\CodeIgniter.php(354): CodeIgniter\CodeIgniter->handleRequest(NULL, Object(Config\Cache), false)
#9 C:\xampp\htdocs\ITSI\vendor\codeigniter4\framework\system\Boot.php(334): CodeIgniter\CodeIgniter->run()
#10 C:\xampp\htdocs\ITSI\vendor\codeigniter4\framework\system\Boot.php(67): CodeIgniter\Boot::runCodeIgniter(Object(CodeIgniter\CodeIgniter))
#11 C:\xampp\htdocs\ITSI\public\index.php(59): CodeIgniter\Boot::bootWeb(Object(Config\Paths))
#12 {main}
ERROR - 2026-03-03 23:06:34 --> Error al obtener servicios comunitarios: Table 'itsi.servicios_comunitarios' doesn't exist
DEBUG - 2026-03-03 23:06:36 --> Session: Class initialized using 'CodeIgniter\Session\Handlers\FileHandler' driver.
ERROR - 2026-03-03 23:06:36 --> mysqli_sql_exception: Table 'itsi.practicas_preprofesionales' doesn't exist in C:\xampp\htdocs\ITSI\vendor\codeigniter4\framework\system\Database\MySQLi\Connection.php:327
Stack trace:
#0 C:\xampp\htdocs\ITSI\vendor\codeigniter4\framework\system\Database\MySQLi\Connection.php(327): mysqli->query('SELECT COUNT(*)...', 0)
#1 C:\xampp\htdocs\ITSI\vendor\codeigniter4\framework\system\Database\BaseConnection.php(738): CodeIgniter\Database\MySQLi\Connection->execute('SELECT COUNT(*)...')
#2 C:\xampp\htdocs\ITSI\vendor\codeigniter4\framework\system\Database\BaseConnection.php(652): CodeIgniter\Database\BaseConnection->simpleQuery('SELECT COUNT(*)...')
#3 C:\xampp\htdocs\ITSI\vendor\codeigniter4\framework\system\Database\BaseBuilder.php(1733): CodeIgniter\Database\BaseConnection->query('SELECT COUNT(*)...', Array, false)
#4 C:\xampp\htdocs\ITSI\app\Controllers\estudiante\PracticasEstudianteController.php(281): CodeIgniter\Database\BaseBuilder->countAllResults()
#5 C:\xampp\htdocs\ITSI\app\Controllers\estudiante\PracticasEstudianteController.php(44): App\Controllers\estudiante\PracticasEstudianteController->obtenerEstadisticasEstudiante('3')
#6 C:\xampp\htdocs\ITSI\vendor\codeigniter4\framework\system\CodeIgniter.php(933): App\Controllers\estudiante\PracticasEstudianteController->index()
#7 C:\xampp\htdocs\ITSI\vendor\codeigniter4\framework\system\CodeIgniter.php(507): CodeIgniter\CodeIgniter->runController(Object(App\Controllers\estudiante\PracticasEstudianteController))
#8 C:\xampp\htdocs\ITSI\vendor\codeigniter4\framework\system\CodeIgniter.php(354): CodeIgniter\CodeIgniter->handleRequest(NULL, Object(Config\Cache), false)
#9 C:\xampp\htdocs\ITSI\vendor\codeigniter4\framework\system\Boot.php(334): CodeIgniter\CodeIgniter->run()
#10 C:\xampp\htdocs\ITSI\vendor\codeigniter4\framework\system\Boot.php(67): CodeIgniter\Boot::runCodeIgniter(Object(CodeIgniter\CodeIgniter))
#11 C:\xampp\htdocs\ITSI\public\index.php(59): CodeIgniter\Boot::bootWeb(Object(Config\Paths))
#12 {main}
ERROR - 2026-03-03 23:06:36 --> Error al obtener estadísticas: Table 'itsi.practicas_preprofesionales' doesn't exist
ERROR - 2026-03-03 23:06:36 --> mysqli_sql_exception: Table 'itsi.practicas_preprofesionales' doesn't exist in C:\xampp\htdocs\ITSI\vendor\codeigniter4\framework\system\Database\MySQLi\Connection.php:327
Stack trace:
#0 C:\xampp\htdocs\ITSI\vendor\codeigniter4\framework\system\Database\MySQLi\Connection.php(327): mysqli->query('SELECT `pp`.*, ...', 0)
#1 C:\xampp\htdocs\ITSI\vendor\codeigniter4\framework\system\Database\BaseConnection.php(738): CodeIgniter\Database\MySQLi\Connection->execute('SELECT `pp`.*, ...')
#2 C:\xampp\htdocs\ITSI\vendor\codeigniter4\framework\system\Database\BaseConnection.php(652): CodeIgniter\Database\BaseConnection->simpleQuery('SELECT `pp`.*, ...')
#3 C:\xampp\htdocs\ITSI\vendor\codeigniter4\framework\system\Database\BaseBuilder.php(1649): CodeIgniter\Database\BaseConnection->query('SELECT `pp`.*, ...', Array, false)
#4 C:\xampp\htdocs\ITSI\app\Controllers\estudiante\PracticasEstudianteController.php(456): CodeIgniter\Database\BaseBuilder->get()
#5 C:\xampp\htdocs\ITSI\app\Controllers\estudiante\PracticasEstudianteController.php(47): App\Controllers\estudiante\PracticasEstudianteController->obtenerPracticasPreprofesionales('3')
#6 C:\xampp\htdocs\ITSI\vendor\codeigniter4\framework\system\CodeIgniter.php(933): App\Controllers\estudiante\PracticasEstudianteController->index()
#7 C:\xampp\htdocs\ITSI\vendor\codeigniter4\framework\system\CodeIgniter.php(507): CodeIgniter\CodeIgniter->runController(Object(App\Controllers\estudiante\PracticasEstudianteController))
#8 C:\xampp\htdocs\ITSI\vendor\codeigniter4\framework\system\CodeIgniter.php(354): CodeIgniter\CodeIgniter->handleRequest(NULL, Object(Config\Cache), false)
#9 C:\xampp\htdocs\ITSI\vendor\codeigniter4\framework\system\Boot.php(334): CodeIgniter\CodeIgniter->run()
#10 C:\xampp\htdocs\ITSI\vendor\codeigniter4\framework\system\Boot.php(67): CodeIgniter\Boot::runCodeIgniter(Object(CodeIgniter\CodeIgniter))
#11 C:\xampp\htdocs\ITSI\public\index.php(59): CodeIgniter\Boot::bootWeb(Object(Config\Paths))
#12 {main}
ERROR - 2026-03-03 23:06:36 --> Error al obtener prácticas preprofesionales: Table 'itsi.practicas_preprofesionales' doesn't exist
ERROR - 2026-03-03 23:06:36 --> mysqli_sql_exception: Table 'itsi.servicios_comunitarios' doesn't exist in C:\xampp\htdocs\ITSI\vendor\codeigniter4\framework\system\Database\MySQLi\Connection.php:327
Stack trace:
#0 C:\xampp\htdocs\ITSI\vendor\codeigniter4\framework\system\Database\MySQLi\Connection.php(327): mysqli->query('SELECT `sc`.*, ...', 0)
#1 C:\xampp\htdocs\ITSI\vendor\codeigniter4\framework\system\Database\BaseConnection.php(738): CodeIgniter\Database\MySQLi\Connection->execute('SELECT `sc`.*, ...')
#2 C:\xampp\htdocs\ITSI\vendor\codeigniter4\framework\system\Database\BaseConnection.php(652): CodeIgniter\Database\BaseConnection->simpleQuery('SELECT `sc`.*, ...')
#3 C:\xampp\htdocs\ITSI\vendor\codeigniter4\framework\system\Database\BaseBuilder.php(1649): CodeIgniter\Database\BaseConnection->query('SELECT `sc`.*, ...', Array, false)
#4 C:\xampp\htdocs\ITSI\app\Controllers\estudiante\PracticasEstudianteController.php(475): CodeIgniter\Database\BaseBuilder->get()
#5 C:\xampp\htdocs\ITSI\app\Controllers\estudiante\PracticasEstudianteController.php(50): App\Controllers\estudiante\PracticasEstudianteController->obtenerServiciosComunitarios('3')
#6 C:\xampp\htdocs\ITSI\vendor\codeigniter4\framework\system\CodeIgniter.php(933): App\Controllers\estudiante\PracticasEstudianteController->index()
#7 C:\xampp\htdocs\ITSI\vendor\codeigniter4\framework\system\CodeIgniter.php(507): CodeIgniter\CodeIgniter->runController(Object(App\Controllers\estudiante\PracticasEstudianteController))
#8 C:\xampp\htdocs\ITSI\vendor\codeigniter4\framework\system\CodeIgniter.php(354): CodeIgniter\CodeIgniter->handleRequest(NULL, Object(Config\Cache), false)
#9 C:\xampp\htdocs\ITSI\vendor\codeigniter4\framework\system\Boot.php(334): CodeIgniter\CodeIgniter->run()
#10 C:\xampp\htdocs\ITSI\vendor\codeigniter4\framework\system\Boot.php(67): CodeIgniter\Boot::runCodeIgniter(Object(CodeIgniter\CodeIgniter))
#11 C:\xampp\htdocs\ITSI\public\index.php(59): CodeIgniter\Boot::bootWeb(Object(Config\Paths))
#12 {main}
ERROR - 2026-03-03 23:06:36 --> Error al obtener servicios comunitarios: Table 'itsi.servicios_comunitarios' doesn't exist
DEBUG - 2026-03-03 23:06:36 --> Session: Class initialized using 'CodeIgniter\Session\Handlers\FileHandler' driver.
ERROR - 2026-03-03 23:06:36 --> mysqli_sql_exception: Table 'itsi.practicas_preprofesionales' doesn't exist in C:\xampp\htdocs\ITSI\vendor\codeigniter4\framework\system\Database\MySQLi\Connection.php:327
Stack trace:
#0 C:\xampp\htdocs\ITSI\vendor\codeigniter4\framework\system\Database\MySQLi\Connection.php(327): mysqli->query('SELECT COUNT(*)...', 0)
#1 C:\xampp\htdocs\ITSI\vendor\codeigniter4\framework\system\Database\BaseConnection.php(738): CodeIgniter\Database\MySQLi\Connection->execute('SELECT COUNT(*)...')
#2 C:\xampp\htdocs\ITSI\vendor\codeigniter4\framework\system\Database\BaseConnection.php(652): CodeIgniter\Database\BaseConnection->simpleQuery('SELECT COUNT(*)...')
#3 C:\xampp\htdocs\ITSI\vendor\codeigniter4\framework\system\Database\BaseBuilder.php(1733): CodeIgniter\Database\BaseConnection->query('SELECT COUNT(*)...', Array, false)
#4 C:\xampp\htdocs\ITSI\app\Controllers\estudiante\PracticasEstudianteController.php(281): CodeIgniter\Database\BaseBuilder->countAllResults()
#5 C:\xampp\htdocs\ITSI\app\Controllers\estudiante\PracticasEstudianteController.php(44): App\Controllers\estudiante\PracticasEstudianteController->obtenerEstadisticasEstudiante('3')
#6 C:\xampp\htdocs\ITSI\vendor\codeigniter4\framework\system\CodeIgniter.php(933): App\Controllers\estudiante\PracticasEstudianteController->index()
#7 C:\xampp\htdocs\ITSI\vendor\codeigniter4\framework\system\CodeIgniter.php(507): CodeIgniter\CodeIgniter->runController(Object(App\Controllers\estudiante\PracticasEstudianteController))
#8 C:\xampp\htdocs\ITSI\vendor\codeigniter4\framework\system\CodeIgniter.php(354): CodeIgniter\CodeIgniter->handleRequest(NULL, Object(Config\Cache), false)
#9 C:\xampp\htdocs\ITSI\vendor\codeigniter4\framework\system\Boot.php(334): CodeIgniter\CodeIgniter->run()
#10 C:\xampp\htdocs\ITSI\vendor\codeigniter4\framework\system\Boot.php(67): CodeIgniter\Boot::runCodeIgniter(Object(CodeIgniter\CodeIgniter))
#11 C:\xampp\htdocs\ITSI\public\index.php(59): CodeIgniter\Boot::bootWeb(Object(Config\Paths))
#12 {main}
ERROR - 2026-03-03 23:06:36 --> Error al obtener estadísticas: Table 'itsi.practicas_preprofesionales' doesn't exist
ERROR - 2026-03-03 23:06:36 --> mysqli_sql_exception: Table 'itsi.practicas_preprofesionales' doesn't exist in C:\xampp\htdocs\ITSI\vendor\codeigniter4\framework\system\Database\MySQLi\Connection.php:327
Stack trace:
#0 C:\xampp\htdocs\ITSI\vendor\codeigniter4\framework\system\Database\MySQLi\Connection.php(327): mysqli->query('SELECT `pp`.*, ...', 0)
#1 C:\xampp\htdocs\ITSI\vendor\codeigniter4\framework\system\Database\BaseConnection.php(738): CodeIgniter\Database\MySQLi\Connection->execute('SELECT `pp`.*, ...')
#2 C:\xampp\htdocs\ITSI\vendor\codeigniter4\framework\system\Database\BaseConnection.php(652): CodeIgniter\Database\BaseConnection->simpleQuery('SELECT `pp`.*, ...')
#3 C:\xampp\htdocs\ITSI\vendor\codeigniter4\framework\system\Database\BaseBuilder.php(1649): CodeIgniter\Database\BaseConnection->query('SELECT `pp`.*, ...', Array, false)
#4 C:\xampp\htdocs\ITSI\app\Controllers\estudiante\PracticasEstudianteController.php(456): CodeIgniter\Database\BaseBuilder->get()
#5 C:\xampp\htdocs\ITSI\app\Controllers\estudiante\PracticasEstudianteController.php(47): App\Controllers\estudiante\PracticasEstudianteController->obtenerPracticasPreprofesionales('3')
#6 C:\xampp\htdocs\ITSI\vendor\codeigniter4\framework\system\CodeIgniter.php(933): App\Controllers\estudiante\PracticasEstudianteController->index()
#7 C:\xampp\htdocs\ITSI\vendor\codeigniter4\framework\system\CodeIgniter.php(507): CodeIgniter\CodeIgniter->runController(Object(App\Controllers\estudiante\PracticasEstudianteController))
#8 C:\xampp\htdocs\ITSI\vendor\codeigniter4\framework\system\CodeIgniter.php(354): CodeIgniter\CodeIgniter->handleRequest(NULL, Object(Config\Cache), false)
#9 C:\xampp\htdocs\ITSI\vendor\codeigniter4\framework\system\Boot.php(334): CodeIgniter\CodeIgniter->run()
#10 C:\xampp\htdocs\ITSI\vendor\codeigniter4\framework\system\Boot.php(67): CodeIgniter\Boot::runCodeIgniter(Object(CodeIgniter\CodeIgniter))
#11 C:\xampp\htdocs\ITSI\public\index.php(59): CodeIgniter\Boot::bootWeb(Object(Config\Paths))
#12 {main}
ERROR - 2026-03-03 23:06:36 --> Error al obtener prácticas preprofesionales: Table 'itsi.practicas_preprofesionales' doesn't exist
ERROR - 2026-03-03 23:06:36 --> mysqli_sql_exception: Table 'itsi.servicios_comunitarios' doesn't exist in C:\xampp\htdocs\ITSI\vendor\codeigniter4\framework\system\Database\MySQLi\Connection.php:327
Stack trace:
#0 C:\xampp\htdocs\ITSI\vendor\codeigniter4\framework\system\Database\MySQLi\Connection.php(327): mysqli->query('SELECT `sc`.*, ...', 0)
#1 C:\xampp\htdocs\ITSI\vendor\codeigniter4\framework\system\Database\BaseConnection.php(738): CodeIgniter\Database\MySQLi\Connection->execute('SELECT `sc`.*, ...')
#2 C:\xampp\htdocs\ITSI\vendor\codeigniter4\framework\system\Database\BaseConnection.php(652): CodeIgniter\Database\BaseConnection->simpleQuery('SELECT `sc`.*, ...')
#3 C:\xampp\htdocs\ITSI\vendor\codeigniter4\framework\system\Database\BaseBuilder.php(1649): CodeIgniter\Database\BaseConnection->query('SELECT `sc`.*, ...', Array, false)
#4 C:\xampp\htdocs\ITSI\app\Controllers\estudiante\PracticasEstudianteController.php(475): CodeIgniter\Database\BaseBuilder->get()
#5 C:\xampp\htdocs\ITSI\app\Controllers\estudiante\PracticasEstudianteController.php(50): App\Controllers\estudiante\PracticasEstudianteController->obtenerServiciosComunitarios('3')
#6 C:\xampp\htdocs\ITSI\vendor\codeigniter4\framework\system\CodeIgniter.php(933): App\Controllers\estudiante\PracticasEstudianteController->index()
#7 C:\xampp\htdocs\ITSI\vendor\codeigniter4\framework\system\CodeIgniter.php(507): CodeIgniter\CodeIgniter->runController(Object(App\Controllers\estudiante\PracticasEstudianteController))
#8 C:\xampp\htdocs\ITSI\vendor\codeigniter4\framework\system\CodeIgniter.php(354): CodeIgniter\CodeIgniter->handleRequest(NULL, Object(Config\Cache), false)
#9 C:\xampp\htdocs\ITSI\vendor\codeigniter4\framework\system\Boot.php(334): CodeIgniter\CodeIgniter->run()
#10 C:\xampp\htdocs\ITSI\vendor\codeigniter4\framework\system\Boot.php(67): CodeIgniter\Boot::runCodeIgniter(Object(CodeIgniter\CodeIgniter))
#11 C:\xampp\htdocs\ITSI\public\index.php(59): CodeIgniter\Boot::bootWeb(Object(Config\Paths))
#12 {main}
ERROR - 2026-03-03 23:06:36 --> Error al obtener servicios comunitarios: Table 'itsi.servicios_comunitarios' doesn't exist
DEBUG - 2026-03-03 23:14:05 --> Session: Class initialized using 'CodeIgniter\Session\Handlers\FileHandler' driver.
ERROR - 2026-03-03 23:14:05 --> mysqli_sql_exception: Table 'itsi.practicas_preprofesionales' doesn't exist in C:\xampp\htdocs\ITSI\vendor\codeigniter4\framework\system\Database\MySQLi\Connection.php:327
Stack trace:
#0 C:\xampp\htdocs\ITSI\vendor\codeigniter4\framework\system\Database\MySQLi\Connection.php(327): mysqli->query('SELECT COUNT(*)...', 0)
#1 C:\xampp\htdocs\ITSI\vendor\codeigniter4\framework\system\Database\BaseConnection.php(738): CodeIgniter\Database\MySQLi\Connection->execute('SELECT COUNT(*)...')
#2 C:\xampp\htdocs\ITSI\vendor\codeigniter4\framework\system\Database\BaseConnection.php(652): CodeIgniter\Database\BaseConnection->simpleQuery('SELECT COUNT(*)...')
#3 C:\xampp\htdocs\ITSI\vendor\codeigniter4\framework\system\Database\BaseBuilder.php(1733): CodeIgniter\Database\BaseConnection->query('SELECT COUNT(*)...', Array, false)
#4 C:\xampp\htdocs\ITSI\app\Controllers\estudiante\PracticasEstudianteController.php(281): CodeIgniter\Database\BaseBuilder->countAllResults()
#5 C:\xampp\htdocs\ITSI\app\Controllers\estudiante\PracticasEstudianteController.php(44): App\Controllers\estudiante\PracticasEstudianteController->obtenerEstadisticasEstudiante('3')
#6 C:\xampp\htdocs\ITSI\vendor\codeigniter4\framework\system\CodeIgniter.php(933): App\Controllers\estudiante\PracticasEstudianteController->index()
#7 C:\xampp\htdocs\ITSI\vendor\codeigniter4\framework\system\CodeIgniter.php(507): CodeIgniter\CodeIgniter->runController(Object(App\Controllers\estudiante\PracticasEstudianteController))
#8 C:\xampp\htdocs\ITSI\vendor\codeigniter4\framework\system\CodeIgniter.php(354): CodeIgniter\CodeIgniter->handleRequest(NULL, Object(Config\Cache), false)
#9 C:\xampp\htdocs\ITSI\vendor\codeigniter4\framework\system\Boot.php(334): CodeIgniter\CodeIgniter->run()
#10 C:\xampp\htdocs\ITSI\vendor\codeigniter4\framework\system\Boot.php(67): CodeIgniter\Boot::runCodeIgniter(Object(CodeIgniter\CodeIgniter))
#11 C:\xampp\htdocs\ITSI\public\index.php(59): CodeIgniter\Boot::bootWeb(Object(Config\Paths))
#12 {main}
ERROR - 2026-03-03 23:14:05 --> Error al obtener estadísticas: Table 'itsi.practicas_preprofesionales' doesn't exist
ERROR - 2026-03-03 23:14:05 --> mysqli_sql_exception: Table 'itsi.practicas_preprofesionales' doesn't exist in C:\xampp\htdocs\ITSI\vendor\codeigniter4\framework\system\Database\MySQLi\Connection.php:327
Stack trace:
#0 C:\xampp\htdocs\ITSI\vendor\codeigniter4\framework\system\Database\MySQLi\Connection.php(327): mysqli->query('SELECT `pp`.*, ...', 0)
#1 C:\xampp\htdocs\ITSI\vendor\codeigniter4\framework\system\Database\BaseConnection.php(738): CodeIgniter\Database\MySQLi\Connection->execute('SELECT `pp`.*, ...')
#2 C:\xampp\htdocs\ITSI\vendor\codeigniter4\framework\system\Database\BaseConnection.php(652): CodeIgniter\Database\BaseConnection->simpleQuery('SELECT `pp`.*, ...')
#3 C:\xampp\htdocs\ITSI\vendor\codeigniter4\framework\system\Database\BaseBuilder.php(1649): CodeIgniter\Database\BaseConnection->query('SELECT `pp`.*, ...', Array, false)
#4 C:\xampp\htdocs\ITSI\app\Controllers\estudiante\PracticasEstudianteController.php(456): CodeIgniter\Database\BaseBuilder->get()
#5 C:\xampp\htdocs\ITSI\app\Controllers\estudiante\PracticasEstudianteController.php(47): App\Controllers\estudiante\PracticasEstudianteController->obtenerPracticasPreprofesionales('3')
#6 C:\xampp\htdocs\ITSI\vendor\codeigniter4\framework\system\CodeIgniter.php(933): App\Controllers\estudiante\PracticasEstudianteController->index()
#7 C:\xampp\htdocs\ITSI\vendor\codeigniter4\framework\system\CodeIgniter.php(507): CodeIgniter\CodeIgniter->runController(Object(App\Controllers\estudiante\PracticasEstudianteController))
#8 C:\xampp\htdocs\ITSI\vendor\codeigniter4\framework\system\CodeIgniter.php(354): CodeIgniter\CodeIgniter->handleRequest(NULL, Object(Config\Cache), false)
#9 C:\xampp\htdocs\ITSI\vendor\codeigniter4\framework\system\Boot.php(334): CodeIgniter\CodeIgniter->run()
#10 C:\xampp\htdocs\ITSI\vendor\codeigniter4\framework\system\Boot.php(67): CodeIgniter\Boot::runCodeIgniter(Object(CodeIgniter\CodeIgniter))
#11 C:\xampp\htdocs\ITSI\public\index.php(59): CodeIgniter\Boot::bootWeb(Object(Config\Paths))
#12 {main}
ERROR - 2026-03-03 23:14:05 --> Error al obtener prácticas preprofesionales: Table 'itsi.practicas_preprofesionales' doesn't exist
ERROR - 2026-03-03 23:14:05 --> mysqli_sql_exception: Table 'itsi.servicios_comunitarios' doesn't exist in C:\xampp\htdocs\ITSI\vendor\codeigniter4\framework\system\Database\MySQLi\Connection.php:327
Stack trace:
#0 C:\xampp\htdocs\ITSI\vendor\codeigniter4\framework\system\Database\MySQLi\Connection.php(327): mysqli->query('SELECT `sc`.*, ...', 0)
#1 C:\xampp\htdocs\ITSI\vendor\codeigniter4\framework\system\Database\BaseConnection.php(738): CodeIgniter\Database\MySQLi\Connection->execute('SELECT `sc`.*, ...')
#2 C:\xampp\htdocs\ITSI\vendor\codeigniter4\framework\system\Database\BaseConnection.php(652): CodeIgniter\Database\BaseConnection->simpleQuery('SELECT `sc`.*, ...')
#3 C:\xampp\htdocs\ITSI\vendor\codeigniter4\framework\system\Database\BaseBuilder.php(1649): CodeIgniter\Database\BaseConnection->query('SELECT `sc`.*, ...', Array, false)
#4 C:\xampp\htdocs\ITSI\app\Controllers\estudiante\PracticasEstudianteController.php(475): CodeIgniter\Database\BaseBuilder->get()
#5 C:\xampp\htdocs\ITSI\app\Controllers\estudiante\PracticasEstudianteController.php(50): App\Controllers\estudiante\PracticasEstudianteController->obtenerServiciosComunitarios('3')
#6 C:\xampp\htdocs\ITSI\vendor\codeigniter4\framework\system\CodeIgniter.php(933): App\Controllers\estudiante\PracticasEstudianteController->index()
#7 C:\xampp\htdocs\ITSI\vendor\codeigniter4\framework\system\CodeIgniter.php(507): CodeIgniter\CodeIgniter->runController(Object(App\Controllers\estudiante\PracticasEstudianteController))
#8 C:\xampp\htdocs\ITSI\vendor\codeigniter4\framework\system\CodeIgniter.php(354): CodeIgniter\CodeIgniter->handleRequest(NULL, Object(Config\Cache), false)
#9 C:\xampp\htdocs\ITSI\vendor\codeigniter4\framework\system\Boot.php(334): CodeIgniter\CodeIgniter->run()
#10 C:\xampp\htdocs\ITSI\vendor\codeigniter4\framework\system\Boot.php(67): CodeIgniter\Boot::runCodeIgniter(Object(CodeIgniter\CodeIgniter))
#11 C:\xampp\htdocs\ITSI\public\index.php(59): CodeIgniter\Boot::bootWeb(Object(Config\Paths))
#12 {main}
ERROR - 2026-03-03 23:14:05 --> Error al obtener servicios comunitarios: Table 'itsi.servicios_comunitarios' doesn't exist
DEBUG - 2026-03-03 23:14:06 --> Session: Class initialized using 'CodeIgniter\Session\Handlers\FileHandler' driver.
ERROR - 2026-03-03 23:14:06 --> mysqli_sql_exception: Table 'itsi.practicas_preprofesionales' doesn't exist in C:\xampp\htdocs\ITSI\vendor\codeigniter4\framework\system\Database\MySQLi\Connection.php:327
Stack trace:
#0 C:\xampp\htdocs\ITSI\vendor\codeigniter4\framework\system\Database\MySQLi\Connection.php(327): mysqli->query('SELECT COUNT(*)...', 0)
#1 C:\xampp\htdocs\ITSI\vendor\codeigniter4\framework\system\Database\BaseConnection.php(738): CodeIgniter\Database\MySQLi\Connection->execute('SELECT COUNT(*)...')
#2 C:\xampp\htdocs\ITSI\vendor\codeigniter4\framework\system\Database\BaseConnection.php(652): CodeIgniter\Database\BaseConnection->simpleQuery('SELECT COUNT(*)...')
#3 C:\xampp\htdocs\ITSI\vendor\codeigniter4\framework\system\Database\BaseBuilder.php(1733): CodeIgniter\Database\BaseConnection->query('SELECT COUNT(*)...', Array, false)
#4 C:\xampp\htdocs\ITSI\app\Controllers\estudiante\PracticasEstudianteController.php(281): CodeIgniter\Database\BaseBuilder->countAllResults()
#5 C:\xampp\htdocs\ITSI\app\Controllers\estudiante\PracticasEstudianteController.php(44): App\Controllers\estudiante\PracticasEstudianteController->obtenerEstadisticasEstudiante('3')
#6 C:\xampp\htdocs\ITSI\vendor\codeigniter4\framework\system\CodeIgniter.php(933): App\Controllers\estudiante\PracticasEstudianteController->index()
#7 C:\xampp\htdocs\ITSI\vendor\codeigniter4\framework\system\CodeIgniter.php(507): CodeIgniter\CodeIgniter->runController(Object(App\Controllers\estudiante\PracticasEstudianteController))
#8 C:\xampp\htdocs\ITSI\vendor\codeigniter4\framework\system\CodeIgniter.php(354): CodeIgniter\CodeIgniter->handleRequest(NULL, Object(Config\Cache), false)
#9 C:\xampp\htdocs\ITSI\vendor\codeigniter4\framework\system\Boot.php(334): CodeIgniter\CodeIgniter->run()
#10 C:\xampp\htdocs\ITSI\vendor\codeigniter4\framework\system\Boot.php(67): CodeIgniter\Boot::runCodeIgniter(Object(CodeIgniter\CodeIgniter))
#11 C:\xampp\htdocs\ITSI\public\index.php(59): CodeIgniter\Boot::bootWeb(Object(Config\Paths))
#12 {main}
ERROR - 2026-03-03 23:14:06 --> Error al obtener estadísticas: Table 'itsi.practicas_preprofesionales' doesn't exist
ERROR - 2026-03-03 23:14:06 --> mysqli_sql_exception: Table 'itsi.practicas_preprofesionales' doesn't exist in C:\xampp\htdocs\ITSI\vendor\codeigniter4\framework\system\Database\MySQLi\Connection.php:327
Stack trace:
#0 C:\xampp\htdocs\ITSI\vendor\codeigniter4\framework\system\Database\MySQLi\Connection.php(327): mysqli->query('SELECT `pp`.*, ...', 0)
#1 C:\xampp\htdocs\ITSI\vendor\codeigniter4\framework\system\Database\BaseConnection.php(738): CodeIgniter\Database\MySQLi\Connection->execute('SELECT `pp`.*, ...')
#2 C:\xampp\htdocs\ITSI\vendor\codeigniter4\framework\system\Database\BaseConnection.php(652): CodeIgniter\Database\BaseConnection->simpleQuery('SELECT `pp`.*, ...')
#3 C:\xampp\htdocs\ITSI\vendor\codeigniter4\framework\system\Database\BaseBuilder.php(1649): CodeIgniter\Database\BaseConnection->query('SELECT `pp`.*, ...', Array, false)
#4 C:\xampp\htdocs\ITSI\app\Controllers\estudiante\PracticasEstudianteController.php(456): CodeIgniter\Database\BaseBuilder->get()
#5 C:\xampp\htdocs\ITSI\app\Controllers\estudiante\PracticasEstudianteController.php(47): App\Controllers\estudiante\PracticasEstudianteController->obtenerPracticasPreprofesionales('3')
#6 C:\xampp\htdocs\ITSI\vendor\codeigniter4\framework\system\CodeIgniter.php(933): App\Controllers\estudiante\PracticasEstudianteController->index()
#7 C:\xampp\htdocs\ITSI\vendor\codeigniter4\framework\system\CodeIgniter.php(507): CodeIgniter\CodeIgniter->runController(Object(App\Controllers\estudiante\PracticasEstudianteController))
#8 C:\xampp\htdocs\ITSI\vendor\codeigniter4\framework\system\CodeIgniter.php(354): CodeIgniter\CodeIgniter->handleRequest(NULL, Object(Config\Cache), false)
#9 C:\xampp\htdocs\ITSI\vendor\codeigniter4\framework\system\Boot.php(334): CodeIgniter\CodeIgniter->run()
#10 C:\xampp\htdocs\ITSI\vendor\codeigniter4\framework\system\Boot.php(67): CodeIgniter\Boot::runCodeIgniter(Object(CodeIgniter\CodeIgniter))
#11 C:\xampp\htdocs\ITSI\public\index.php(59): CodeIgniter\Boot::bootWeb(Object(Config\Paths))
#12 {main}
ERROR - 2026-03-03 23:14:06 --> Error al obtener prácticas preprofesionales: Table 'itsi.practicas_preprofesionales' doesn't exist
ERROR - 2026-03-03 23:14:06 --> mysqli_sql_exception: Table 'itsi.servicios_comunitarios' doesn't exist in C:\xampp\htdocs\ITSI\vendor\codeigniter4\framework\system\Database\MySQLi\Connection.php:327
Stack trace:
#0 C:\xampp\htdocs\ITSI\vendor\codeigniter4\framework\system\Database\MySQLi\Connection.php(327): mysqli->query('SELECT `sc`.*, ...', 0)
#1 C:\xampp\htdocs\ITSI\vendor\codeigniter4\framework\system\Database\BaseConnection.php(738): CodeIgniter\Database\MySQLi\Connection->execute('SELECT `sc`.*, ...')
#2 C:\xampp\htdocs\ITSI\vendor\codeigniter4\framework\system\Database\BaseConnection.php(652): CodeIgniter\Database\BaseConnection->simpleQuery('SELECT `sc`.*, ...')
#3 C:\xampp\htdocs\ITSI\vendor\codeigniter4\framework\system\Database\BaseBuilder.php(1649): CodeIgniter\Database\BaseConnection->query('SELECT `sc`.*, ...', Array, false)
#4 C:\xampp\htdocs\ITSI\app\Controllers\estudiante\PracticasEstudianteController.php(475): CodeIgniter\Database\BaseBuilder->get()
#5 C:\xampp\htdocs\ITSI\app\Controllers\estudiante\PracticasEstudianteController.php(50): App\Controllers\estudiante\PracticasEstudianteController->obtenerServiciosComunitarios('3')
#6 C:\xampp\htdocs\ITSI\vendor\codeigniter4\framework\system\CodeIgniter.php(933): App\Controllers\estudiante\PracticasEstudianteController->index()
#7 C:\xampp\htdocs\ITSI\vendor\codeigniter4\framework\system\CodeIgniter.php(507): CodeIgniter\CodeIgniter->runController(Object(App\Controllers\estudiante\PracticasEstudianteController))
#8 C:\xampp\htdocs\ITSI\vendor\codeigniter4\framework\system\CodeIgniter.php(354): CodeIgniter\CodeIgniter->handleRequest(NULL, Object(Config\Cache), false)
#9 C:\xampp\htdocs\ITSI\vendor\codeigniter4\framework\system\Boot.php(334): CodeIgniter\CodeIgniter->run()
#10 C:\xampp\htdocs\ITSI\vendor\codeigniter4\framework\system\Boot.php(67): CodeIgniter\Boot::runCodeIgniter(Object(CodeIgniter\CodeIgniter))
#11 C:\xampp\htdocs\ITSI\public\index.php(59): CodeIgniter\Boot::bootWeb(Object(Config\Paths))
#12 {main}
ERROR - 2026-03-03 23:14:06 --> Error al obtener servicios comunitarios: Table 'itsi.servicios_comunitarios' doesn't exist
DEBUG - 2026-03-03 23:14:08 --> Session: Class initialized using 'CodeIgniter\Session\Handlers\FileHandler' driver.
ERROR - 2026-03-03 23:14:08 --> mysqli_sql_exception: Table 'itsi.practicas_preprofesionales' doesn't exist in C:\xampp\htdocs\ITSI\vendor\codeigniter4\framework\system\Database\MySQLi\Connection.php:327
Stack trace:
#0 C:\xampp\htdocs\ITSI\vendor\codeigniter4\framework\system\Database\MySQLi\Connection.php(327): mysqli->query('SELECT COUNT(*)...', 0)
#1 C:\xampp\htdocs\ITSI\vendor\codeigniter4\framework\system\Database\BaseConnection.php(738): CodeIgniter\Database\MySQLi\Connection->execute('SELECT COUNT(*)...')
#2 C:\xampp\htdocs\ITSI\vendor\codeigniter4\framework\system\Database\BaseConnection.php(652): CodeIgniter\Database\BaseConnection->simpleQuery('SELECT COUNT(*)...')
#3 C:\xampp\htdocs\ITSI\vendor\codeigniter4\framework\system\Database\BaseBuilder.php(1733): CodeIgniter\Database\BaseConnection->query('SELECT COUNT(*)...', Array, false)
#4 C:\xampp\htdocs\ITSI\app\Controllers\estudiante\PracticasEstudianteController.php(281): CodeIgniter\Database\BaseBuilder->countAllResults()
#5 C:\xampp\htdocs\ITSI\app\Controllers\estudiante\PracticasEstudianteController.php(44): App\Controllers\estudiante\PracticasEstudianteController->obtenerEstadisticasEstudiante('3')
#6 C:\xampp\htdocs\ITSI\vendor\codeigniter4\framework\system\CodeIgniter.php(933): App\Controllers\estudiante\PracticasEstudianteController->index()
#7 C:\xampp\htdocs\ITSI\vendor\codeigniter4\framework\system\CodeIgniter.php(507): CodeIgniter\CodeIgniter->runController(Object(App\Controllers\estudiante\PracticasEstudianteController))
#8 C:\xampp\htdocs\ITSI\vendor\codeigniter4\framework\system\CodeIgniter.php(354): CodeIgniter\CodeIgniter->handleRequest(NULL, Object(Config\Cache), false)
#9 C:\xampp\htdocs\ITSI\vendor\codeigniter4\framework\system\Boot.php(334): CodeIgniter\CodeIgniter->run()
#10 C:\xampp\htdocs\ITSI\vendor\codeigniter4\framework\system\Boot.php(67): CodeIgniter\Boot::runCodeIgniter(Object(CodeIgniter\CodeIgniter))
#11 C:\xampp\htdocs\ITSI\public\index.php(59): CodeIgniter\Boot::bootWeb(Object(Config\Paths))
#12 {main}
ERROR - 2026-03-03 23:14:08 --> Error al obtener estadísticas: Table 'itsi.practicas_preprofesionales' doesn't exist
ERROR - 2026-03-03 23:14:08 --> mysqli_sql_exception: Table 'itsi.practicas_preprofesionales' doesn't exist in C:\xampp\htdocs\ITSI\vendor\codeigniter4\framework\system\Database\MySQLi\Connection.php:327
Stack trace:
#0 C:\xampp\htdocs\ITSI\vendor\codeigniter4\framework\system\Database\MySQLi\Connection.php(327): mysqli->query('SELECT `pp`.*, ...', 0)
#1 C:\xampp\htdocs\ITSI\vendor\codeigniter4\framework\system\Database\BaseConnection.php(738): CodeIgniter\Database\MySQLi\Connection->execute('SELECT `pp`.*, ...')
#2 C:\xampp\htdocs\ITSI\vendor\codeigniter4\framework\system\Database\BaseConnection.php(652): CodeIgniter\Database\BaseConnection->simpleQuery('SELECT `pp`.*, ...')
#3 C:\xampp\htdocs\ITSI\vendor\codeigniter4\framework\system\Database\BaseBuilder.php(1649): CodeIgniter\Database\BaseConnection->query('SELECT `pp`.*, ...', Array, false)
#4 C:\xampp\htdocs\ITSI\app\Controllers\estudiante\PracticasEstudianteController.php(456): CodeIgniter\Database\BaseBuilder->get()
#5 C:\xampp\htdocs\ITSI\app\Controllers\estudiante\PracticasEstudianteController.php(47): App\Controllers\estudiante\PracticasEstudianteController->obtenerPracticasPreprofesionales('3')
#6 C:\xampp\htdocs\ITSI\vendor\codeigniter4\framework\system\CodeIgniter.php(933): App\Controllers\estudiante\PracticasEstudianteController->index()
#7 C:\xampp\htdocs\ITSI\vendor\codeigniter4\framework\system\CodeIgniter.php(507): CodeIgniter\CodeIgniter->runController(Object(App\Controllers\estudiante\PracticasEstudianteController))
#8 C:\xampp\htdocs\ITSI\vendor\codeigniter4\framework\system\CodeIgniter.php(354): CodeIgniter\CodeIgniter->handleRequest(NULL, Object(Config\Cache), false)
#9 C:\xampp\htdocs\ITSI\vendor\codeigniter4\framework\system\Boot.php(334): CodeIgniter\CodeIgniter->run()
#10 C:\xampp\htdocs\ITSI\vendor\codeigniter4\framework\system\Boot.php(67): CodeIgniter\Boot::runCodeIgniter(Object(CodeIgniter\CodeIgniter))
#11 C:\xampp\htdocs\ITSI\public\index.php(59): CodeIgniter\Boot::bootWeb(Object(Config\Paths))
#12 {main}
ERROR - 2026-03-03 23:14:08 --> Error al obtener prácticas preprofesionales: Table 'itsi.practicas_preprofesionales' doesn't exist
ERROR - 2026-03-03 23:14:08 --> mysqli_sql_exception: Table 'itsi.servicios_comunitarios' doesn't exist in C:\xampp\htdocs\ITSI\vendor\codeigniter4\framework\system\Database\MySQLi\Connection.php:327
Stack trace:
#0 C:\xampp\htdocs\ITSI\vendor\codeigniter4\framework\system\Database\MySQLi\Connection.php(327): mysqli->query('SELECT `sc`.*, ...', 0)
#1 C:\xampp\htdocs\ITSI\vendor\codeigniter4\framework\system\Database\BaseConnection.php(738): CodeIgniter\Database\MySQLi\Connection->execute('SELECT `sc`.*, ...')
#2 C:\xampp\htdocs\ITSI\vendor\codeigniter4\framework\system\Database\BaseConnection.php(652): CodeIgniter\Database\BaseConnection->simpleQuery('SELECT `sc`.*, ...')
#3 C:\xampp\htdocs\ITSI\vendor\codeigniter4\framework\system\Database\BaseBuilder.php(1649): CodeIgniter\Database\BaseConnection->query('SELECT `sc`.*, ...', Array, false)
#4 C:\xampp\htdocs\ITSI\app\Controllers\estudiante\PracticasEstudianteController.php(475): CodeIgniter\Database\BaseBuilder->get()
#5 C:\xampp\htdocs\ITSI\app\Controllers\estudiante\PracticasEstudianteController.php(50): App\Controllers\estudiante\PracticasEstudianteController->obtenerServiciosComunitarios('3')
#6 C:\xampp\htdocs\ITSI\vendor\codeigniter4\framework\system\CodeIgniter.php(933): App\Controllers\estudiante\PracticasEstudianteController->index()
#7 C:\xampp\htdocs\ITSI\vendor\codeigniter4\framework\system\CodeIgniter.php(507): CodeIgniter\CodeIgniter->runController(Object(App\Controllers\estudiante\PracticasEstudianteController))
#8 C:\xampp\htdocs\ITSI\vendor\codeigniter4\framework\system\CodeIgniter.php(354): CodeIgniter\CodeIgniter->handleRequest(NULL, Object(Config\Cache), false)
#9 C:\xampp\htdocs\ITSI\vendor\codeigniter4\framework\system\Boot.php(334): CodeIgniter\CodeIgniter->run()
#10 C:\xampp\htdocs\ITSI\vendor\codeigniter4\framework\system\Boot.php(67): CodeIgniter\Boot::runCodeIgniter(Object(CodeIgniter\CodeIgniter))
#11 C:\xampp\htdocs\ITSI\public\index.php(59): CodeIgniter\Boot::bootWeb(Object(Config\Paths))
#12 {main}
ERROR - 2026-03-03 23:14:08 --> Error al obtener servicios comunitarios: Table 'itsi.servicios_comunitarios' doesn't exist
DEBUG - 2026-03-03 23:14:24 --> Session: Class initialized using 'CodeIgniter\Session\Handlers\FileHandler' driver.
ERROR - 2026-03-03 23:14:24 --> mysqli_sql_exception: Table 'itsi.practicas_preprofesionales' doesn't exist in C:\xampp\htdocs\ITSI\vendor\codeigniter4\framework\system\Database\MySQLi\Connection.php:327
Stack trace:
#0 C:\xampp\htdocs\ITSI\vendor\codeigniter4\framework\system\Database\MySQLi\Connection.php(327): mysqli->query('SELECT COUNT(*)...', 0)
#1 C:\xampp\htdocs\ITSI\vendor\codeigniter4\framework\system\Database\BaseConnection.php(738): CodeIgniter\Database\MySQLi\Connection->execute('SELECT COUNT(*)...')
#2 C:\xampp\htdocs\ITSI\vendor\codeigniter4\framework\system\Database\BaseConnection.php(652): CodeIgniter\Database\BaseConnection->simpleQuery('SELECT COUNT(*)...')
#3 C:\xampp\htdocs\ITSI\vendor\codeigniter4\framework\system\Database\BaseBuilder.php(1733): CodeIgniter\Database\BaseConnection->query('SELECT COUNT(*)...', Array, false)
#4 C:\xampp\htdocs\ITSI\app\Controllers\estudiante\PracticasEstudianteController.php(281): CodeIgniter\Database\BaseBuilder->countAllResults()
#5 C:\xampp\htdocs\ITSI\app\Controllers\estudiante\PracticasEstudianteController.php(44): App\Controllers\estudiante\PracticasEstudianteController->obtenerEstadisticasEstudiante('3')
#6 C:\xampp\htdocs\ITSI\vendor\codeigniter4\framework\system\CodeIgniter.php(933): App\Controllers\estudiante\PracticasEstudianteController->index()
#7 C:\xampp\htdocs\ITSI\vendor\codeigniter4\framework\system\CodeIgniter.php(507): CodeIgniter\CodeIgniter->runController(Object(App\Controllers\estudiante\PracticasEstudianteController))
#8 C:\xampp\htdocs\ITSI\vendor\codeigniter4\framework\system\CodeIgniter.php(354): CodeIgniter\CodeIgniter->handleRequest(NULL, Object(Config\Cache), false)
#9 C:\xampp\htdocs\ITSI\vendor\codeigniter4\framework\system\Boot.php(334): CodeIgniter\CodeIgniter->run()
#10 C:\xampp\htdocs\ITSI\vendor\codeigniter4\framework\system\Boot.php(67): CodeIgniter\Boot::runCodeIgniter(Object(CodeIgniter\CodeIgniter))
#11 C:\xampp\htdocs\ITSI\public\index.php(59): CodeIgniter\Boot::bootWeb(Object(Config\Paths))
#12 {main}
ERROR - 2026-03-03 23:14:24 --> Error al obtener estadísticas: Table 'itsi.practicas_preprofesionales' doesn't exist
ERROR - 2026-03-03 23:14:24 --> mysqli_sql_exception: Table 'itsi.practicas_preprofesionales' doesn't exist in C:\xampp\htdocs\ITSI\vendor\codeigniter4\framework\system\Database\MySQLi\Connection.php:327
Stack trace:
#0 C:\xampp\htdocs\ITSI\vendor\codeigniter4\framework\system\Database\MySQLi\Connection.php(327): mysqli->query('SELECT `pp`.*, ...', 0)
#1 C:\xampp\htdocs\ITSI\vendor\codeigniter4\framework\system\Database\BaseConnection.php(738): CodeIgniter\Database\MySQLi\Connection->execute('SELECT `pp`.*, ...')
#2 C:\xampp\htdocs\ITSI\vendor\codeigniter4\framework\system\Database\BaseConnection.php(652): CodeIgniter\Database\BaseConnection->simpleQuery('SELECT `pp`.*, ...')
#3 C:\xampp\htdocs\ITSI\vendor\codeigniter4\framework\system\Database\BaseBuilder.php(1649): CodeIgniter\Database\BaseConnection->query('SELECT `pp`.*, ...', Array, false)
#4 C:\xampp\htdocs\ITSI\app\Controllers\estudiante\PracticasEstudianteController.php(456): CodeIgniter\Database\BaseBuilder->get()
#5 C:\xampp\htdocs\ITSI\app\Controllers\estudiante\PracticasEstudianteController.php(47): App\Controllers\estudiante\PracticasEstudianteController->obtenerPracticasPreprofesionales('3')
#6 C:\xampp\htdocs\ITSI\vendor\codeigniter4\framework\system\CodeIgniter.php(933): App\Controllers\estudiante\PracticasEstudianteController->index()
#7 C:\xampp\htdocs\ITSI\vendor\codeigniter4\framework\system\CodeIgniter.php(507): CodeIgniter\CodeIgniter->runController(Object(App\Controllers\estudiante\PracticasEstudianteController))
#8 C:\xampp\htdocs\ITSI\vendor\codeigniter4\framework\system\CodeIgniter.php(354): CodeIgniter\CodeIgniter->handleRequest(NULL, Object(Config\Cache), false)
#9 C:\xampp\htdocs\ITSI\vendor\codeigniter4\framework\system\Boot.php(334): CodeIgniter\CodeIgniter->run()
#10 C:\xampp\htdocs\ITSI\vendor\codeigniter4\framework\system\Boot.php(67): CodeIgniter\Boot::runCodeIgniter(Object(CodeIgniter\CodeIgniter))
#11 C:\xampp\htdocs\ITSI\public\index.php(59): CodeIgniter\Boot::bootWeb(Object(Config\Paths))
#12 {main}
ERROR - 2026-03-03 23:14:24 --> Error al obtener prácticas preprofesionales: Table 'itsi.practicas_preprofesionales' doesn't exist
ERROR - 2026-03-03 23:14:24 --> mysqli_sql_exception: Table 'itsi.servicios_comunitarios' doesn't exist in C:\xampp\htdocs\ITSI\vendor\codeigniter4\framework\system\Database\MySQLi\Connection.php:327
Stack trace:
#0 C:\xampp\htdocs\ITSI\vendor\codeigniter4\framework\system\Database\MySQLi\Connection.php(327): mysqli->query('SELECT `sc`.*, ...', 0)
#1 C:\xampp\htdocs\ITSI\vendor\codeigniter4\framework\system\Database\BaseConnection.php(738): CodeIgniter\Database\MySQLi\Connection->execute('SELECT `sc`.*, ...')
#2 C:\xampp\htdocs\ITSI\vendor\codeigniter4\framework\system\Database\BaseConnection.php(652): CodeIgniter\Database\BaseConnection->simpleQuery('SELECT `sc`.*, ...')
#3 C:\xampp\htdocs\ITSI\vendor\codeigniter4\framework\system\Database\BaseBuilder.php(1649): CodeIgniter\Database\BaseConnection->query('SELECT `sc`.*, ...', Array, false)
#4 C:\xampp\htdocs\ITSI\app\Controllers\estudiante\PracticasEstudianteController.php(475): CodeIgniter\Database\BaseBuilder->get()
#5 C:\xampp\htdocs\ITSI\app\Controllers\estudiante\PracticasEstudianteController.php(50): App\Controllers\estudiante\PracticasEstudianteController->obtenerServiciosComunitarios('3')
#6 C:\xampp\htdocs\ITSI\vendor\codeigniter4\framework\system\CodeIgniter.php(933): App\Controllers\estudiante\PracticasEstudianteController->index()
#7 C:\xampp\htdocs\ITSI\vendor\codeigniter4\framework\system\CodeIgniter.php(507): CodeIgniter\CodeIgniter->runController(Object(App\Controllers\estudiante\PracticasEstudianteController))
#8 C:\xampp\htdocs\ITSI\vendor\codeigniter4\framework\system\CodeIgniter.php(354): CodeIgniter\CodeIgniter->handleRequest(NULL, Object(Config\Cache), false)
#9 C:\xampp\htdocs\ITSI\vendor\codeigniter4\framework\system\Boot.php(334): CodeIgniter\CodeIgniter->run()
#10 C:\xampp\htdocs\ITSI\vendor\codeigniter4\framework\system\Boot.php(67): CodeIgniter\Boot::runCodeIgniter(Object(CodeIgniter\CodeIgniter))
#11 C:\xampp\htdocs\ITSI\public\index.php(59): CodeIgniter\Boot::bootWeb(Object(Config\Paths))
#12 {main}
ERROR - 2026-03-03 23:14:24 --> Error al obtener servicios comunitarios: Table 'itsi.servicios_comunitarios' doesn't exist
DEBUG - 2026-03-03 23:14:48 --> Session: Class initialized using 'CodeIgniter\Session\Handlers\FileHandler' driver.
ERROR - 2026-03-03 23:14:48 --> mysqli_sql_exception: Table 'itsi.practicas_preprofesionales' doesn't exist in C:\xampp\htdocs\ITSI\vendor\codeigniter4\framework\system\Database\MySQLi\Connection.php:327
Stack trace:
#0 C:\xampp\htdocs\ITSI\vendor\codeigniter4\framework\system\Database\MySQLi\Connection.php(327): mysqli->query('SELECT COUNT(*)...', 0)
#1 C:\xampp\htdocs\ITSI\vendor\codeigniter4\framework\system\Database\BaseConnection.php(738): CodeIgniter\Database\MySQLi\Connection->execute('SELECT COUNT(*)...')
#2 C:\xampp\htdocs\ITSI\vendor\codeigniter4\framework\system\Database\BaseConnection.php(652): CodeIgniter\Database\BaseConnection->simpleQuery('SELECT COUNT(*)...')
#3 C:\xampp\htdocs\ITSI\vendor\codeigniter4\framework\system\Database\BaseBuilder.php(1733): CodeIgniter\Database\BaseConnection->query('SELECT COUNT(*)...', Array, false)
#4 C:\xampp\htdocs\ITSI\app\Controllers\estudiante\PracticasEstudianteController.php(281): CodeIgniter\Database\BaseBuilder->countAllResults()
#5 C:\xampp\htdocs\ITSI\app\Controllers\estudiante\PracticasEstudianteController.php(44): App\Controllers\estudiante\PracticasEstudianteController->obtenerEstadisticasEstudiante('3')
#6 C:\xampp\htdocs\ITSI\vendor\codeigniter4\framework\system\CodeIgniter.php(933): App\Controllers\estudiante\PracticasEstudianteController->index()
#7 C:\xampp\htdocs\ITSI\vendor\codeigniter4\framework\system\CodeIgniter.php(507): CodeIgniter\CodeIgniter->runController(Object(App\Controllers\estudiante\PracticasEstudianteController))
#8 C:\xampp\htdocs\ITSI\vendor\codeigniter4\framework\system\CodeIgniter.php(354): CodeIgniter\CodeIgniter->handleRequest(NULL, Object(Config\Cache), false)
#9 C:\xampp\htdocs\ITSI\vendor\codeigniter4\framework\system\Boot.php(334): CodeIgniter\CodeIgniter->run()
#10 C:\xampp\htdocs\ITSI\vendor\codeigniter4\framework\system\Boot.php(67): CodeIgniter\Boot::runCodeIgniter(Object(CodeIgniter\CodeIgniter))
#11 C:\xampp\htdocs\ITSI\public\index.php(59): CodeIgniter\Boot::bootWeb(Object(Config\Paths))
#12 {main}
ERROR - 2026-03-03 23:14:48 --> Error al obtener estadísticas: Table 'itsi.practicas_preprofesionales' doesn't exist
ERROR - 2026-03-03 23:14:48 --> mysqli_sql_exception: Table 'itsi.practicas_preprofesionales' doesn't exist in C:\xampp\htdocs\ITSI\vendor\codeigniter4\framework\system\Database\MySQLi\Connection.php:327
Stack trace:
#0 C:\xampp\htdocs\ITSI\vendor\codeigniter4\framework\system\Database\MySQLi\Connection.php(327): mysqli->query('SELECT `pp`.*, ...', 0)
#1 C:\xampp\htdocs\ITSI\vendor\codeigniter4\framework\system\Database\BaseConnection.php(738): CodeIgniter\Database\MySQLi\Connection->execute('SELECT `pp`.*, ...')
#2 C:\xampp\htdocs\ITSI\vendor\codeigniter4\framework\system\Database\BaseConnection.php(652): CodeIgniter\Database\BaseConnection->simpleQuery('SELECT `pp`.*, ...')
#3 C:\xampp\htdocs\ITSI\vendor\codeigniter4\framework\system\Database\BaseBuilder.php(1649): CodeIgniter\Database\BaseConnection->query('SELECT `pp`.*, ...', Array, false)
#4 C:\xampp\htdocs\ITSI\app\Controllers\estudiante\PracticasEstudianteController.php(456): CodeIgniter\Database\BaseBuilder->get()
#5 C:\xampp\htdocs\ITSI\app\Controllers\estudiante\PracticasEstudianteController.php(47): App\Controllers\estudiante\PracticasEstudianteController->obtenerPracticasPreprofesionales('3')
#6 C:\xampp\htdocs\ITSI\vendor\codeigniter4\framework\system\CodeIgniter.php(933): App\Controllers\estudiante\PracticasEstudianteController->index()
#7 C:\xampp\htdocs\ITSI\vendor\codeigniter4\framework\system\CodeIgniter.php(507): CodeIgniter\CodeIgniter->runController(Object(App\Controllers\estudiante\PracticasEstudianteController))
#8 C:\xampp\htdocs\ITSI\vendor\codeigniter4\framework\system\CodeIgniter.php(354): CodeIgniter\CodeIgniter->handleRequest(NULL, Object(Config\Cache), false)
#9 C:\xampp\htdocs\ITSI\vendor\codeigniter4\framework\system\Boot.php(334): CodeIgniter\CodeIgniter->run()
#10 C:\xampp\htdocs\ITSI\vendor\codeigniter4\framework\system\Boot.php(67): CodeIgniter\Boot::runCodeIgniter(Object(CodeIgniter\CodeIgniter))
#11 C:\xampp\htdocs\ITSI\public\index.php(59): CodeIgniter\Boot::bootWeb(Object(Config\Paths))
#12 {main}
ERROR - 2026-03-03 23:14:48 --> Error al obtener prácticas preprofesionales: Table 'itsi.practicas_preprofesionales' doesn't exist
ERROR - 2026-03-03 23:14:48 --> mysqli_sql_exception: Table 'itsi.servicios_comunitarios' doesn't exist in C:\xampp\htdocs\ITSI\vendor\codeigniter4\framework\system\Database\MySQLi\Connection.php:327
Stack trace:
#0 C:\xampp\htdocs\ITSI\vendor\codeigniter4\framework\system\Database\MySQLi\Connection.php(327): mysqli->query('SELECT `sc`.*, ...', 0)
#1 C:\xampp\htdocs\ITSI\vendor\codeigniter4\framework\system\Database\BaseConnection.php(738): CodeIgniter\Database\MySQLi\Connection->execute('SELECT `sc`.*, ...')
#2 C:\xampp\htdocs\ITSI\vendor\codeigniter4\framework\system\Database\BaseConnection.php(652): CodeIgniter\Database\BaseConnection->simpleQuery('SELECT `sc`.*, ...')
#3 C:\xampp\htdocs\ITSI\vendor\codeigniter4\framework\system\Database\BaseBuilder.php(1649): CodeIgniter\Database\BaseConnection->query('SELECT `sc`.*, ...', Array, false)
#4 C:\xampp\htdocs\ITSI\app\Controllers\estudiante\PracticasEstudianteController.php(475): CodeIgniter\Database\BaseBuilder->get()
#5 C:\xampp\htdocs\ITSI\app\Controllers\estudiante\PracticasEstudianteController.php(50): App\Controllers\estudiante\PracticasEstudianteController->obtenerServiciosComunitarios('3')
#6 C:\xampp\htdocs\ITSI\vendor\codeigniter4\framework\system\CodeIgniter.php(933): App\Controllers\estudiante\PracticasEstudianteController->index()
#7 C:\xampp\htdocs\ITSI\vendor\codeigniter4\framework\system\CodeIgniter.php(507): CodeIgniter\CodeIgniter->runController(Object(App\Controllers\estudiante\PracticasEstudianteController))
#8 C:\xampp\htdocs\ITSI\vendor\codeigniter4\framework\system\CodeIgniter.php(354): CodeIgniter\CodeIgniter->handleRequest(NULL, Object(Config\Cache), false)
#9 C:\xampp\htdocs\ITSI\vendor\codeigniter4\framework\system\Boot.php(334): CodeIgniter\CodeIgniter->run()
#10 C:\xampp\htdocs\ITSI\vendor\codeigniter4\framework\system\Boot.php(67): CodeIgniter\Boot::runCodeIgniter(Object(CodeIgniter\CodeIgniter))
#11 C:\xampp\htdocs\ITSI\public\index.php(59): CodeIgniter\Boot::bootWeb(Object(Config\Paths))
#12 {main}
ERROR - 2026-03-03 23:14:48 --> Error al obtener servicios comunitarios: Table 'itsi.servicios_comunitarios' doesn't exist
DEBUG - 2026-03-03 23:15:21 --> Session: Class initialized using 'CodeIgniter\Session\Handlers\FileHandler' driver.
ERROR - 2026-03-03 23:15:21 --> mysqli_sql_exception: Table 'itsi.practicas_preprofesionales' doesn't exist in C:\xampp\htdocs\ITSI\vendor\codeigniter4\framework\system\Database\MySQLi\Connection.php:327
Stack trace:
#0 C:\xampp\htdocs\ITSI\vendor\codeigniter4\framework\system\Database\MySQLi\Connection.php(327): mysqli->query('SELECT COUNT(*)...', 0)
#1 C:\xampp\htdocs\ITSI\vendor\codeigniter4\framework\system\Database\BaseConnection.php(738): CodeIgniter\Database\MySQLi\Connection->execute('SELECT COUNT(*)...')
#2 C:\xampp\htdocs\ITSI\vendor\codeigniter4\framework\system\Database\BaseConnection.php(652): CodeIgniter\Database\BaseConnection->simpleQuery('SELECT COUNT(*)...')
#3 C:\xampp\htdocs\ITSI\vendor\codeigniter4\framework\system\Database\BaseBuilder.php(1733): CodeIgniter\Database\BaseConnection->query('SELECT COUNT(*)...', Array, false)
#4 C:\xampp\htdocs\ITSI\app\Controllers\estudiante\PracticasEstudianteController.php(281): CodeIgniter\Database\BaseBuilder->countAllResults()
#5 C:\xampp\htdocs\ITSI\app\Controllers\estudiante\PracticasEstudianteController.php(44): App\Controllers\estudiante\PracticasEstudianteController->obtenerEstadisticasEstudiante('3')
#6 C:\xampp\htdocs\ITSI\vendor\codeigniter4\framework\system\CodeIgniter.php(933): App\Controllers\estudiante\PracticasEstudianteController->index()
#7 C:\xampp\htdocs\ITSI\vendor\codeigniter4\framework\system\CodeIgniter.php(507): CodeIgniter\CodeIgniter->runController(Object(App\Controllers\estudiante\PracticasEstudianteController))
#8 C:\xampp\htdocs\ITSI\vendor\codeigniter4\framework\system\CodeIgniter.php(354): CodeIgniter\CodeIgniter->handleRequest(NULL, Object(Config\Cache), false)
#9 C:\xampp\htdocs\ITSI\vendor\codeigniter4\framework\system\Boot.php(334): CodeIgniter\CodeIgniter->run()
#10 C:\xampp\htdocs\ITSI\vendor\codeigniter4\framework\system\Boot.php(67): CodeIgniter\Boot::runCodeIgniter(Object(CodeIgniter\CodeIgniter))
#11 C:\xampp\htdocs\ITSI\public\index.php(59): CodeIgniter\Boot::bootWeb(Object(Config\Paths))
#12 {main}
ERROR - 2026-03-03 23:15:21 --> Error al obtener estadísticas: Table 'itsi.practicas_preprofesionales' doesn't exist
ERROR - 2026-03-03 23:15:21 --> mysqli_sql_exception: Table 'itsi.practicas_preprofesionales' doesn't exist in C:\xampp\htdocs\ITSI\vendor\codeigniter4\framework\system\Database\MySQLi\Connection.php:327
Stack trace:
#0 C:\xampp\htdocs\ITSI\vendor\codeigniter4\framework\system\Database\MySQLi\Connection.php(327): mysqli->query('SELECT `pp`.*, ...', 0)
#1 C:\xampp\htdocs\ITSI\vendor\codeigniter4\framework\system\Database\BaseConnection.php(738): CodeIgniter\Database\MySQLi\Connection->execute('SELECT `pp`.*, ...')
#2 C:\xampp\htdocs\ITSI\vendor\codeigniter4\framework\system\Database\BaseConnection.php(652): CodeIgniter\Database\BaseConnection->simpleQuery('SELECT `pp`.*, ...')
#3 C:\xampp\htdocs\ITSI\vendor\codeigniter4\framework\system\Database\BaseBuilder.php(1649): CodeIgniter\Database\BaseConnection->query('SELECT `pp`.*, ...', Array, false)
#4 C:\xampp\htdocs\ITSI\app\Controllers\estudiante\PracticasEstudianteController.php(456): CodeIgniter\Database\BaseBuilder->get()
#5 C:\xampp\htdocs\ITSI\app\Controllers\estudiante\PracticasEstudianteController.php(47): App\Controllers\estudiante\PracticasEstudianteController->obtenerPracticasPreprofesionales('3')
#6 C:\xampp\htdocs\ITSI\vendor\codeigniter4\framework\system\CodeIgniter.php(933): App\Controllers\estudiante\PracticasEstudianteController->index()
#7 C:\xampp\htdocs\ITSI\vendor\codeigniter4\framework\system\CodeIgniter.php(507): CodeIgniter\CodeIgniter->runController(Object(App\Controllers\estudiante\PracticasEstudianteController))
#8 C:\xampp\htdocs\ITSI\vendor\codeigniter4\framework\system\CodeIgniter.php(354): CodeIgniter\CodeIgniter->handleRequest(NULL, Object(Config\Cache), false)
#9 C:\xampp\htdocs\ITSI\vendor\codeigniter4\framework\system\Boot.php(334): CodeIgniter\CodeIgniter->run()
#10 C:\xampp\htdocs\ITSI\vendor\codeigniter4\framework\system\Boot.php(67): CodeIgniter\Boot::runCodeIgniter(Object(CodeIgniter\CodeIgniter))
#11 C:\xampp\htdocs\ITSI\public\index.php(59): CodeIgniter\Boot::bootWeb(Object(Config\Paths))
#12 {main}
ERROR - 2026-03-03 23:15:21 --> Error al obtener prácticas preprofesionales: Table 'itsi.practicas_preprofesionales' doesn't exist
ERROR - 2026-03-03 23:15:21 --> mysqli_sql_exception: Table 'itsi.servicios_comunitarios' doesn't exist in C:\xampp\htdocs\ITSI\vendor\codeigniter4\framework\system\Database\MySQLi\Connection.php:327
Stack trace:
#0 C:\xampp\htdocs\ITSI\vendor\codeigniter4\framework\system\Database\MySQLi\Connection.php(327): mysqli->query('SELECT `sc`.*, ...', 0)
#1 C:\xampp\htdocs\ITSI\vendor\codeigniter4\framework\system\Database\BaseConnection.php(738): CodeIgniter\Database\MySQLi\Connection->execute('SELECT `sc`.*, ...')
#2 C:\xampp\htdocs\ITSI\vendor\codeigniter4\framework\system\Database\BaseConnection.php(652): CodeIgniter\Database\BaseConnection->simpleQuery('SELECT `sc`.*, ...')
#3 C:\xampp\htdocs\ITSI\vendor\codeigniter4\framework\system\Database\BaseBuilder.php(1649): CodeIgniter\Database\BaseConnection->query('SELECT `sc`.*, ...', Array, false)
#4 C:\xampp\htdocs\ITSI\app\Controllers\estudiante\PracticasEstudianteController.php(475): CodeIgniter\Database\BaseBuilder->get()
#5 C:\xampp\htdocs\ITSI\app\Controllers\estudiante\PracticasEstudianteController.php(50): App\Controllers\estudiante\PracticasEstudianteController->obtenerServiciosComunitarios('3')
#6 C:\xampp\htdocs\ITSI\vendor\codeigniter4\framework\system\CodeIgniter.php(933): App\Controllers\estudiante\PracticasEstudianteController->index()
#7 C:\xampp\htdocs\ITSI\vendor\codeigniter4\framework\system\CodeIgniter.php(507): CodeIgniter\CodeIgniter->runController(Object(App\Controllers\estudiante\PracticasEstudianteController))
#8 C:\xampp\htdocs\ITSI\vendor\codeigniter4\framework\system\CodeIgniter.php(354): CodeIgniter\CodeIgniter->handleRequest(NULL, Object(Config\Cache), false)
#9 C:\xampp\htdocs\ITSI\vendor\codeigniter4\framework\system\Boot.php(334): CodeIgniter\CodeIgniter->run()
#10 C:\xampp\htdocs\ITSI\vendor\codeigniter4\framework\system\Boot.php(67): CodeIgniter\Boot::runCodeIgniter(Object(CodeIgniter\CodeIgniter))
#11 C:\xampp\htdocs\ITSI\public\index.php(59): CodeIgniter\Boot::bootWeb(Object(Config\Paths))
#12 {main}
ERROR - 2026-03-03 23:15:21 --> Error al obtener servicios comunitarios: Table 'itsi.servicios_comunitarios' doesn't exist
DEBUG - 2026-03-03 23:15:41 --> Session: Class initialized using 'CodeIgniter\Session\Handlers\FileHandler' driver.
ERROR - 2026-03-03 23:15:41 --> mysqli_sql_exception: Table 'itsi.practicas_preprofesionales' doesn't exist in C:\xampp\htdocs\ITSI\vendor\codeigniter4\framework\system\Database\MySQLi\Connection.php:327
Stack trace:
#0 C:\xampp\htdocs\ITSI\vendor\codeigniter4\framework\system\Database\MySQLi\Connection.php(327): mysqli->query('SELECT COUNT(*)...', 0)
#1 C:\xampp\htdocs\ITSI\vendor\codeigniter4\framework\system\Database\BaseConnection.php(738): CodeIgniter\Database\MySQLi\Connection->execute('SELECT COUNT(*)...')
#2 C:\xampp\htdocs\ITSI\vendor\codeigniter4\framework\system\Database\BaseConnection.php(652): CodeIgniter\Database\BaseConnection->simpleQuery('SELECT COUNT(*)...')
#3 C:\xampp\htdocs\ITSI\vendor\codeigniter4\framework\system\Database\BaseBuilder.php(1733): CodeIgniter\Database\BaseConnection->query('SELECT COUNT(*)...', Array, false)
#4 C:\xampp\htdocs\ITSI\app\Controllers\estudiante\PracticasEstudianteController.php(281): CodeIgniter\Database\BaseBuilder->countAllResults()
#5 C:\xampp\htdocs\ITSI\app\Controllers\estudiante\PracticasEstudianteController.php(44): App\Controllers\estudiante\PracticasEstudianteController->obtenerEstadisticasEstudiante('3')
#6 C:\xampp\htdocs\ITSI\vendor\codeigniter4\framework\system\CodeIgniter.php(933): App\Controllers\estudiante\PracticasEstudianteController->index()
#7 C:\xampp\htdocs\ITSI\vendor\codeigniter4\framework\system\CodeIgniter.php(507): CodeIgniter\CodeIgniter->runController(Object(App\Controllers\estudiante\PracticasEstudianteController))
#8 C:\xampp\htdocs\ITSI\vendor\codeigniter4\framework\system\CodeIgniter.php(354): CodeIgniter\CodeIgniter->handleRequest(NULL, Object(Config\Cache), false)
#9 C:\xampp\htdocs\ITSI\vendor\codeigniter4\framework\system\Boot.php(334): CodeIgniter\CodeIgniter->run()
#10 C:\xampp\htdocs\ITSI\vendor\codeigniter4\framework\system\Boot.php(67): CodeIgniter\Boot::runCodeIgniter(Object(CodeIgniter\CodeIgniter))
#11 C:\xampp\htdocs\ITSI\public\index.php(59): CodeIgniter\Boot::bootWeb(Object(Config\Paths))
#12 {main}
ERROR - 2026-03-03 23:15:41 --> Error al obtener estadísticas: Table 'itsi.practicas_preprofesionales' doesn't exist
ERROR - 2026-03-03 23:15:41 --> mysqli_sql_exception: Table 'itsi.practicas_preprofesionales' doesn't exist in C:\xampp\htdocs\ITSI\vendor\codeigniter4\framework\system\Database\MySQLi\Connection.php:327
Stack trace:
#0 C:\xampp\htdocs\ITSI\vendor\codeigniter4\framework\system\Database\MySQLi\Connection.php(327): mysqli->query('SELECT `pp`.*, ...', 0)
#1 C:\xampp\htdocs\ITSI\vendor\codeigniter4\framework\system\Database\BaseConnection.php(738): CodeIgniter\Database\MySQLi\Connection->execute('SELECT `pp`.*, ...')
#2 C:\xampp\htdocs\ITSI\vendor\codeigniter4\framework\system\Database\BaseConnection.php(652): CodeIgniter\Database\BaseConnection->simpleQuery('SELECT `pp`.*, ...')
#3 C:\xampp\htdocs\ITSI\vendor\codeigniter4\framework\system\Database\BaseBuilder.php(1649): CodeIgniter\Database\BaseConnection->query('SELECT `pp`.*, ...', Array, false)
#4 C:\xampp\htdocs\ITSI\app\Controllers\estudiante\PracticasEstudianteController.php(456): CodeIgniter\Database\BaseBuilder->get()
#5 C:\xampp\htdocs\ITSI\app\Controllers\estudiante\PracticasEstudianteController.php(47): App\Controllers\estudiante\PracticasEstudianteController->obtenerPracticasPreprofesionales('3')
#6 C:\xampp\htdocs\ITSI\vendor\codeigniter4\framework\system\CodeIgniter.php(933): App\Controllers\estudiante\PracticasEstudianteController->index()
#7 C:\xampp\htdocs\ITSI\vendor\codeigniter4\framework\system\CodeIgniter.php(507): CodeIgniter\CodeIgniter->runController(Object(App\Controllers\estudiante\PracticasEstudianteController))
#8 C:\xampp\htdocs\ITSI\vendor\codeigniter4\framework\system\CodeIgniter.php(354): CodeIgniter\CodeIgniter->handleRequest(NULL, Object(Config\Cache), false)
#9 C:\xampp\htdocs\ITSI\vendor\codeigniter4\framework\system\Boot.php(334): CodeIgniter\CodeIgniter->run()
#10 C:\xampp\htdocs\ITSI\vendor\codeigniter4\framework\system\Boot.php(67): CodeIgniter\Boot::runCodeIgniter(Object(CodeIgniter\CodeIgniter))
#11 C:\xampp\htdocs\ITSI\public\index.php(59): CodeIgniter\Boot::bootWeb(Object(Config\Paths))
#12 {main}
ERROR - 2026-03-03 23:15:41 --> Error al obtener prácticas preprofesionales: Table 'itsi.practicas_preprofesionales' doesn't exist
ERROR - 2026-03-03 23:15:41 --> mysqli_sql_exception: Table 'itsi.servicios_comunitarios' doesn't exist in C:\xampp\htdocs\ITSI\vendor\codeigniter4\framework\system\Database\MySQLi\Connection.php:327
Stack trace:
#0 C:\xampp\htdocs\ITSI\vendor\codeigniter4\framework\system\Database\MySQLi\Connection.php(327): mysqli->query('SELECT `sc`.*, ...', 0)
#1 C:\xampp\htdocs\ITSI\vendor\codeigniter4\framework\system\Database\BaseConnection.php(738): CodeIgniter\Database\MySQLi\Connection->execute('SELECT `sc`.*, ...')
#2 C:\xampp\htdocs\ITSI\vendor\codeigniter4\framework\system\Database\BaseConnection.php(652): CodeIgniter\Database\BaseConnection->simpleQuery('SELECT `sc`.*, ...')
#3 C:\xampp\htdocs\ITSI\vendor\codeigniter4\framework\system\Database\BaseBuilder.php(1649): CodeIgniter\Database\BaseConnection->query('SELECT `sc`.*, ...', Array, false)
#4 C:\xampp\htdocs\ITSI\app\Controllers\estudiante\PracticasEstudianteController.php(475): CodeIgniter\Database\BaseBuilder->get()
#5 C:\xampp\htdocs\ITSI\app\Controllers\estudiante\PracticasEstudianteController.php(50): App\Controllers\estudiante\PracticasEstudianteController->obtenerServiciosComunitarios('3')
#6 C:\xampp\htdocs\ITSI\vendor\codeigniter4\framework\system\CodeIgniter.php(933): App\Controllers\estudiante\PracticasEstudianteController->index()
#7 C:\xampp\htdocs\ITSI\vendor\codeigniter4\framework\system\CodeIgniter.php(507): CodeIgniter\CodeIgniter->runController(Object(App\Controllers\estudiante\PracticasEstudianteController))
#8 C:\xampp\htdocs\ITSI\vendor\codeigniter4\framework\system\CodeIgniter.php(354): CodeIgniter\CodeIgniter->handleRequest(NULL, Object(Config\Cache), false)
#9 C:\xampp\htdocs\ITSI\vendor\codeigniter4\framework\system\Boot.php(334): CodeIgniter\CodeIgniter->run()
#10 C:\xampp\htdocs\ITSI\vendor\codeigniter4\framework\system\Boot.php(67): CodeIgniter\Boot::runCodeIgniter(Object(CodeIgniter\CodeIgniter))
#11 C:\xampp\htdocs\ITSI\public\index.php(59): CodeIgniter\Boot::bootWeb(Object(Config\Paths))
#12 {main}
ERROR - 2026-03-03 23:15:41 --> Error al obtener servicios comunitarios: Table 'itsi.servicios_comunitarios' doesn't exist
DEBUG - 2026-03-03 23:15:43 --> Session: Class initialized using 'CodeIgniter\Session\Handlers\FileHandler' driver.
ERROR - 2026-03-03 23:15:43 --> mysqli_sql_exception: Table 'itsi.practicas_preprofesionales' doesn't exist in C:\xampp\htdocs\ITSI\vendor\codeigniter4\framework\system\Database\MySQLi\Connection.php:327
Stack trace:
#0 C:\xampp\htdocs\ITSI\vendor\codeigniter4\framework\system\Database\MySQLi\Connection.php(327): mysqli->query('SELECT COUNT(*)...', 0)
#1 C:\xampp\htdocs\ITSI\vendor\codeigniter4\framework\system\Database\BaseConnection.php(738): CodeIgniter\Database\MySQLi\Connection->execute('SELECT COUNT(*)...')
#2 C:\xampp\htdocs\ITSI\vendor\codeigniter4\framework\system\Database\BaseConnection.php(652): CodeIgniter\Database\BaseConnection->simpleQuery('SELECT COUNT(*)...')
#3 C:\xampp\htdocs\ITSI\vendor\codeigniter4\framework\system\Database\BaseBuilder.php(1733): CodeIgniter\Database\BaseConnection->query('SELECT COUNT(*)...', Array, false)
#4 C:\xampp\htdocs\ITSI\app\Controllers\estudiante\PracticasEstudianteController.php(281): CodeIgniter\Database\BaseBuilder->countAllResults()
#5 C:\xampp\htdocs\ITSI\app\Controllers\estudiante\PracticasEstudianteController.php(44): App\Controllers\estudiante\PracticasEstudianteController->obtenerEstadisticasEstudiante('3')
#6 C:\xampp\htdocs\ITSI\vendor\codeigniter4\framework\system\CodeIgniter.php(933): App\Controllers\estudiante\PracticasEstudianteController->index()
#7 C:\xampp\htdocs\ITSI\vendor\codeigniter4\framework\system\CodeIgniter.php(507): CodeIgniter\CodeIgniter->runController(Object(App\Controllers\estudiante\PracticasEstudianteController))
#8 C:\xampp\htdocs\ITSI\vendor\codeigniter4\framework\system\CodeIgniter.php(354): CodeIgniter\CodeIgniter->handleRequest(NULL, Object(Config\Cache), false)
#9 C:\xampp\htdocs\ITSI\vendor\codeigniter4\framework\system\Boot.php(334): CodeIgniter\CodeIgniter->run()
#10 C:\xampp\htdocs\ITSI\vendor\codeigniter4\framework\system\Boot.php(67): CodeIgniter\Boot::runCodeIgniter(Object(CodeIgniter\CodeIgniter))
#11 C:\xampp\htdocs\ITSI\public\index.php(59): CodeIgniter\Boot::bootWeb(Object(Config\Paths))
#12 {main}
ERROR - 2026-03-03 23:15:43 --> Error al obtener estadísticas: Table 'itsi.practicas_preprofesionales' doesn't exist
ERROR - 2026-03-03 23:15:43 --> mysqli_sql_exception: Table 'itsi.practicas_preprofesionales' doesn't exist in C:\xampp\htdocs\ITSI\vendor\codeigniter4\framework\system\Database\MySQLi\Connection.php:327
Stack trace:
#0 C:\xampp\htdocs\ITSI\vendor\codeigniter4\framework\system\Database\MySQLi\Connection.php(327): mysqli->query('SELECT `pp`.*, ...', 0)
#1 C:\xampp\htdocs\ITSI\vendor\codeigniter4\framework\system\Database\BaseConnection.php(738): CodeIgniter\Database\MySQLi\Connection->execute('SELECT `pp`.*, ...')
#2 C:\xampp\htdocs\ITSI\vendor\codeigniter4\framework\system\Database\BaseConnection.php(652): CodeIgniter\Database\BaseConnection->simpleQuery('SELECT `pp`.*, ...')
#3 C:\xampp\htdocs\ITSI\vendor\codeigniter4\framework\system\Database\BaseBuilder.php(1649): CodeIgniter\Database\BaseConnection->query('SELECT `pp`.*, ...', Array, false)
#4 C:\xampp\htdocs\ITSI\app\Controllers\estudiante\PracticasEstudianteController.php(456): CodeIgniter\Database\BaseBuilder->get()
#5 C:\xampp\htdocs\ITSI\app\Controllers\estudiante\PracticasEstudianteController.php(47): App\Controllers\estudiante\PracticasEstudianteController->obtenerPracticasPreprofesionales('3')
#6 C:\xampp\htdocs\ITSI\vendor\codeigniter4\framework\system\CodeIgniter.php(933): App\Controllers\estudiante\PracticasEstudianteController->index()
#7 C:\xampp\htdocs\ITSI\vendor\codeigniter4\framework\system\CodeIgniter.php(507): CodeIgniter\CodeIgniter->runController(Object(App\Controllers\estudiante\PracticasEstudianteController))
#8 C:\xampp\htdocs\ITSI\vendor\codeigniter4\framework\system\CodeIgniter.php(354): CodeIgniter\CodeIgniter->handleRequest(NULL, Object(Config\Cache), false)
#9 C:\xampp\htdocs\ITSI\vendor\codeigniter4\framework\system\Boot.php(334): CodeIgniter\CodeIgniter->run()
#10 C:\xampp\htdocs\ITSI\vendor\codeigniter4\framework\system\Boot.php(67): CodeIgniter\Boot::runCodeIgniter(Object(CodeIgniter\CodeIgniter))
#11 C:\xampp\htdocs\ITSI\public\index.php(59): CodeIgniter\Boot::bootWeb(Object(Config\Paths))
#12 {main}
ERROR - 2026-03-03 23:15:43 --> Error al obtener prácticas preprofesionales: Table 'itsi.practicas_preprofesionales' doesn't exist
ERROR - 2026-03-03 23:15:43 --> mysqli_sql_exception: Table 'itsi.servicios_comunitarios' doesn't exist in C:\xampp\htdocs\ITSI\vendor\codeigniter4\framework\system\Database\MySQLi\Connection.php:327
Stack trace:
#0 C:\xampp\htdocs\ITSI\vendor\codeigniter4\framework\system\Database\MySQLi\Connection.php(327): mysqli->query('SELECT `sc`.*, ...', 0)
#1 C:\xampp\htdocs\ITSI\vendor\codeigniter4\framework\system\Database\BaseConnection.php(738): CodeIgniter\Database\MySQLi\Connection->execute('SELECT `sc`.*, ...')
#2 C:\xampp\htdocs\ITSI\vendor\codeigniter4\framework\system\Database\BaseConnection.php(652): CodeIgniter\Database\BaseConnection->simpleQuery('SELECT `sc`.*, ...')
#3 C:\xampp\htdocs\ITSI\vendor\codeigniter4\framework\system\Database\BaseBuilder.php(1649): CodeIgniter\Database\BaseConnection->query('SELECT `sc`.*, ...', Array, false)
#4 C:\xampp\htdocs\ITSI\app\Controllers\estudiante\PracticasEstudianteController.php(475): CodeIgniter\Database\BaseBuilder->get()
#5 C:\xampp\htdocs\ITSI\app\Controllers\estudiante\PracticasEstudianteController.php(50): App\Controllers\estudiante\PracticasEstudianteController->obtenerServiciosComunitarios('3')
#6 C:\xampp\htdocs\ITSI\vendor\codeigniter4\framework\system\CodeIgniter.php(933): App\Controllers\estudiante\PracticasEstudianteController->index()
#7 C:\xampp\htdocs\ITSI\vendor\codeigniter4\framework\system\CodeIgniter.php(507): CodeIgniter\CodeIgniter->runController(Object(App\Controllers\estudiante\PracticasEstudianteController))
#8 C:\xampp\htdocs\ITSI\vendor\codeigniter4\framework\system\CodeIgniter.php(354): CodeIgniter\CodeIgniter->handleRequest(NULL, Object(Config\Cache), false)
#9 C:\xampp\htdocs\ITSI\vendor\codeigniter4\framework\system\Boot.php(334): CodeIgniter\CodeIgniter->run()
#10 C:\xampp\htdocs\ITSI\vendor\codeigniter4\framework\system\Boot.php(67): CodeIgniter\Boot::runCodeIgniter(Object(CodeIgniter\CodeIgniter))
#11 C:\xampp\htdocs\ITSI\public\index.php(59): CodeIgniter\Boot::bootWeb(Object(Config\Paths))
#12 {main}
ERROR - 2026-03-03 23:15:43 --> Error al obtener servicios comunitarios: Table 'itsi.servicios_comunitarios' doesn't exist
DEBUG - 2026-03-03 23:15:49 --> Session: Class initialized using 'CodeIgniter\Session\Handlers\FileHandler' driver.
ERROR - 2026-03-03 23:15:49 --> mysqli_sql_exception: Table 'itsi.practicas_preprofesionales' doesn't exist in C:\xampp\htdocs\ITSI\vendor\codeigniter4\framework\system\Database\MySQLi\Connection.php:327
Stack trace:
#0 C:\xampp\htdocs\ITSI\vendor\codeigniter4\framework\system\Database\MySQLi\Connection.php(327): mysqli->query('SELECT COUNT(*)...', 0)
#1 C:\xampp\htdocs\ITSI\vendor\codeigniter4\framework\system\Database\BaseConnection.php(738): CodeIgniter\Database\MySQLi\Connection->execute('SELECT COUNT(*)...')
#2 C:\xampp\htdocs\ITSI\vendor\codeigniter4\framework\system\Database\BaseConnection.php(652): CodeIgniter\Database\BaseConnection->simpleQuery('SELECT COUNT(*)...')
#3 C:\xampp\htdocs\ITSI\vendor\codeigniter4\framework\system\Database\BaseBuilder.php(1733): CodeIgniter\Database\BaseConnection->query('SELECT COUNT(*)...', Array, false)
#4 C:\xampp\htdocs\ITSI\app\Controllers\estudiante\PracticasEstudianteController.php(281): CodeIgniter\Database\BaseBuilder->countAllResults()
#5 C:\xampp\htdocs\ITSI\app\Controllers\estudiante\PracticasEstudianteController.php(44): App\Controllers\estudiante\PracticasEstudianteController->obtenerEstadisticasEstudiante('3')
#6 C:\xampp\htdocs\ITSI\vendor\codeigniter4\framework\system\CodeIgniter.php(933): App\Controllers\estudiante\PracticasEstudianteController->index()
#7 C:\xampp\htdocs\ITSI\vendor\codeigniter4\framework\system\CodeIgniter.php(507): CodeIgniter\CodeIgniter->runController(Object(App\Controllers\estudiante\PracticasEstudianteController))
#8 C:\xampp\htdocs\ITSI\vendor\codeigniter4\framework\system\CodeIgniter.php(354): CodeIgniter\CodeIgniter->handleRequest(NULL, Object(Config\Cache), false)
#9 C:\xampp\htdocs\ITSI\vendor\codeigniter4\framework\system\Boot.php(334): CodeIgniter\CodeIgniter->run()
#10 C:\xampp\htdocs\ITSI\vendor\codeigniter4\framework\system\Boot.php(67): CodeIgniter\Boot::runCodeIgniter(Object(CodeIgniter\CodeIgniter))
#11 C:\xampp\htdocs\ITSI\public\index.php(59): CodeIgniter\Boot::bootWeb(Object(Config\Paths))
#12 {main}
ERROR - 2026-03-03 23:15:49 --> Error al obtener estadísticas: Table 'itsi.practicas_preprofesionales' doesn't exist
ERROR - 2026-03-03 23:15:49 --> mysqli_sql_exception: Table 'itsi.practicas_preprofesionales' doesn't exist in C:\xampp\htdocs\ITSI\vendor\codeigniter4\framework\system\Database\MySQLi\Connection.php:327
Stack trace:
#0 C:\xampp\htdocs\ITSI\vendor\codeigniter4\framework\system\Database\MySQLi\Connection.php(327): mysqli->query('SELECT `pp`.*, ...', 0)
#1 C:\xampp\htdocs\ITSI\vendor\codeigniter4\framework\system\Database\BaseConnection.php(738): CodeIgniter\Database\MySQLi\Connection->execute('SELECT `pp`.*, ...')
#2 C:\xampp\htdocs\ITSI\vendor\codeigniter4\framework\system\Database\BaseConnection.php(652): CodeIgniter\Database\BaseConnection->simpleQuery('SELECT `pp`.*, ...')
#3 C:\xampp\htdocs\ITSI\vendor\codeigniter4\framework\system\Database\BaseBuilder.php(1649): CodeIgniter\Database\BaseConnection->query('SELECT `pp`.*, ...', Array, false)
#4 C:\xampp\htdocs\ITSI\app\Controllers\estudiante\PracticasEstudianteController.php(456): CodeIgniter\Database\BaseBuilder->get()
#5 C:\xampp\htdocs\ITSI\app\Controllers\estudiante\PracticasEstudianteController.php(47): App\Controllers\estudiante\PracticasEstudianteController->obtenerPracticasPreprofesionales('3')
#6 C:\xampp\htdocs\ITSI\vendor\codeigniter4\framework\system\CodeIgniter.php(933): App\Controllers\estudiante\PracticasEstudianteController->index()
#7 C:\xampp\htdocs\ITSI\vendor\codeigniter4\framework\system\CodeIgniter.php(507): CodeIgniter\CodeIgniter->runController(Object(App\Controllers\estudiante\PracticasEstudianteController))
#8 C:\xampp\htdocs\ITSI\vendor\codeigniter4\framework\system\CodeIgniter.php(354): CodeIgniter\CodeIgniter->handleRequest(NULL, Object(Config\Cache), false)
#9 C:\xampp\htdocs\ITSI\vendor\codeigniter4\framework\system\Boot.php(334): CodeIgniter\CodeIgniter->run()
#10 C:\xampp\htdocs\ITSI\vendor\codeigniter4\framework\system\Boot.php(67): CodeIgniter\Boot::runCodeIgniter(Object(CodeIgniter\CodeIgniter))
#11 C:\xampp\htdocs\ITSI\public\index.php(59): CodeIgniter\Boot::bootWeb(Object(Config\Paths))
#12 {main}
ERROR - 2026-03-03 23:15:49 --> Error al obtener prácticas preprofesionales: Table 'itsi.practicas_preprofesionales' doesn't exist
ERROR - 2026-03-03 23:15:49 --> mysqli_sql_exception: Table 'itsi.servicios_comunitarios' doesn't exist in C:\xampp\htdocs\ITSI\vendor\codeigniter4\framework\system\Database\MySQLi\Connection.php:327
Stack trace:
#0 C:\xampp\htdocs\ITSI\vendor\codeigniter4\framework\system\Database\MySQLi\Connection.php(327): mysqli->query('SELECT `sc`.*, ...', 0)
#1 C:\xampp\htdocs\ITSI\vendor\codeigniter4\framework\system\Database\BaseConnection.php(738): CodeIgniter\Database\MySQLi\Connection->execute('SELECT `sc`.*, ...')
#2 C:\xampp\htdocs\ITSI\vendor\codeigniter4\framework\system\Database\BaseConnection.php(652): CodeIgniter\Database\BaseConnection->simpleQuery('SELECT `sc`.*, ...')
#3 C:\xampp\htdocs\ITSI\vendor\codeigniter4\framework\system\Database\BaseBuilder.php(1649): CodeIgniter\Database\BaseConnection->query('SELECT `sc`.*, ...', Array, false)
#4 C:\xampp\htdocs\ITSI\app\Controllers\estudiante\PracticasEstudianteController.php(475): CodeIgniter\Database\BaseBuilder->get()
#5 C:\xampp\htdocs\ITSI\app\Controllers\estudiante\PracticasEstudianteController.php(50): App\Controllers\estudiante\PracticasEstudianteController->obtenerServiciosComunitarios('3')
#6 C:\xampp\htdocs\ITSI\vendor\codeigniter4\framework\system\CodeIgniter.php(933): App\Controllers\estudiante\PracticasEstudianteController->index()
#7 C:\xampp\htdocs\ITSI\vendor\codeigniter4\framework\system\CodeIgniter.php(507): CodeIgniter\CodeIgniter->runController(Object(App\Controllers\estudiante\PracticasEstudianteController))
#8 C:\xampp\htdocs\ITSI\vendor\codeigniter4\framework\system\CodeIgniter.php(354): CodeIgniter\CodeIgniter->handleRequest(NULL, Object(Config\Cache), false)
#9 C:\xampp\htdocs\ITSI\vendor\codeigniter4\framework\system\Boot.php(334): CodeIgniter\CodeIgniter->run()
#10 C:\xampp\htdocs\ITSI\vendor\codeigniter4\framework\system\Boot.php(67): CodeIgniter\Boot::runCodeIgniter(Object(CodeIgniter\CodeIgniter))
#11 C:\xampp\htdocs\ITSI\public\index.php(59): CodeIgniter\Boot::bootWeb(Object(Config\Paths))
#12 {main}
ERROR - 2026-03-03 23:15:49 --> Error al obtener servicios comunitarios: Table 'itsi.servicios_comunitarios' doesn't exist
DEBUG - 2026-03-03 23:15:57 --> Session: Class initialized using 'CodeIgniter\Session\Handlers\FileHandler' driver.
ERROR - 2026-03-03 23:15:58 --> mysqli_sql_exception: Table 'itsi.practicas_preprofesionales' doesn't exist in C:\xampp\htdocs\ITSI\vendor\codeigniter4\framework\system\Database\MySQLi\Connection.php:327
Stack trace:
#0 C:\xampp\htdocs\ITSI\vendor\codeigniter4\framework\system\Database\MySQLi\Connection.php(327): mysqli->query('SELECT COUNT(*)...', 0)
#1 C:\xampp\htdocs\ITSI\vendor\codeigniter4\framework\system\Database\BaseConnection.php(738): CodeIgniter\Database\MySQLi\Connection->execute('SELECT COUNT(*)...')
#2 C:\xampp\htdocs\ITSI\vendor\codeigniter4\framework\system\Database\BaseConnection.php(652): CodeIgniter\Database\BaseConnection->simpleQuery('SELECT COUNT(*)...')
#3 C:\xampp\htdocs\ITSI\vendor\codeigniter4\framework\system\Database\BaseBuilder.php(1733): CodeIgniter\Database\BaseConnection->query('SELECT COUNT(*)...', Array, false)
#4 C:\xampp\htdocs\ITSI\app\Controllers\estudiante\PracticasEstudianteController.php(281): CodeIgniter\Database\BaseBuilder->countAllResults()
#5 C:\xampp\htdocs\ITSI\app\Controllers\estudiante\PracticasEstudianteController.php(44): App\Controllers\estudiante\PracticasEstudianteController->obtenerEstadisticasEstudiante('3')
#6 C:\xampp\htdocs\ITSI\vendor\codeigniter4\framework\system\CodeIgniter.php(933): App\Controllers\estudiante\PracticasEstudianteController->index()
#7 C:\xampp\htdocs\ITSI\vendor\codeigniter4\framework\system\CodeIgniter.php(507): CodeIgniter\CodeIgniter->runController(Object(App\Controllers\estudiante\PracticasEstudianteController))
#8 C:\xampp\htdocs\ITSI\vendor\codeigniter4\framework\system\CodeIgniter.php(354): CodeIgniter\CodeIgniter->handleRequest(NULL, Object(Config\Cache), false)
#9 C:\xampp\htdocs\ITSI\vendor\codeigniter4\framework\system\Boot.php(334): CodeIgniter\CodeIgniter->run()
#10 C:\xampp\htdocs\ITSI\vendor\codeigniter4\framework\system\Boot.php(67): CodeIgniter\Boot::runCodeIgniter(Object(CodeIgniter\CodeIgniter))
#11 C:\xampp\htdocs\ITSI\public\index.php(59): CodeIgniter\Boot::bootWeb(Object(Config\Paths))
#12 {main}
ERROR - 2026-03-03 23:15:58 --> Error al obtener estadísticas: Table 'itsi.practicas_preprofesionales' doesn't exist
ERROR - 2026-03-03 23:15:58 --> mysqli_sql_exception: Table 'itsi.practicas_preprofesionales' doesn't exist in C:\xampp\htdocs\ITSI\vendor\codeigniter4\framework\system\Database\MySQLi\Connection.php:327
Stack trace:
#0 C:\xampp\htdocs\ITSI\vendor\codeigniter4\framework\system\Database\MySQLi\Connection.php(327): mysqli->query('SELECT `pp`.*, ...', 0)
#1 C:\xampp\htdocs\ITSI\vendor\codeigniter4\framework\system\Database\BaseConnection.php(738): CodeIgniter\Database\MySQLi\Connection->execute('SELECT `pp`.*, ...')
#2 C:\xampp\htdocs\ITSI\vendor\codeigniter4\framework\system\Database\BaseConnection.php(652): CodeIgniter\Database\BaseConnection->simpleQuery('SELECT `pp`.*, ...')
#3 C:\xampp\htdocs\ITSI\vendor\codeigniter4\framework\system\Database\BaseBuilder.php(1649): CodeIgniter\Database\BaseConnection->query('SELECT `pp`.*, ...', Array, false)
#4 C:\xampp\htdocs\ITSI\app\Controllers\estudiante\PracticasEstudianteController.php(456): CodeIgniter\Database\BaseBuilder->get()
#5 C:\xampp\htdocs\ITSI\app\Controllers\estudiante\PracticasEstudianteController.php(47): App\Controllers\estudiante\PracticasEstudianteController->obtenerPracticasPreprofesionales('3')
#6 C:\xampp\htdocs\ITSI\vendor\codeigniter4\framework\system\CodeIgniter.php(933): App\Controllers\estudiante\PracticasEstudianteController->index()
#7 C:\xampp\htdocs\ITSI\vendor\codeigniter4\framework\system\CodeIgniter.php(507): CodeIgniter\CodeIgniter->runController(Object(App\Controllers\estudiante\PracticasEstudianteController))
#8 C:\xampp\htdocs\ITSI\vendor\codeigniter4\framework\system\CodeIgniter.php(354): CodeIgniter\CodeIgniter->handleRequest(NULL, Object(Config\Cache), false)
#9 C:\xampp\htdocs\ITSI\vendor\codeigniter4\framework\system\Boot.php(334): CodeIgniter\CodeIgniter->run()
#10 C:\xampp\htdocs\ITSI\vendor\codeigniter4\framework\system\Boot.php(67): CodeIgniter\Boot::runCodeIgniter(Object(CodeIgniter\CodeIgniter))
#11 C:\xampp\htdocs\ITSI\public\index.php(59): CodeIgniter\Boot::bootWeb(Object(Config\Paths))
#12 {main}
ERROR - 2026-03-03 23:15:58 --> Error al obtener prácticas preprofesionales: Table 'itsi.practicas_preprofesionales' doesn't exist
ERROR - 2026-03-03 23:15:58 --> mysqli_sql_exception: Table 'itsi.servicios_comunitarios' doesn't exist in C:\xampp\htdocs\ITSI\vendor\codeigniter4\framework\system\Database\MySQLi\Connection.php:327
Stack trace:
#0 C:\xampp\htdocs\ITSI\vendor\codeigniter4\framework\system\Database\MySQLi\Connection.php(327): mysqli->query('SELECT `sc`.*, ...', 0)
#1 C:\xampp\htdocs\ITSI\vendor\codeigniter4\framework\system\Database\BaseConnection.php(738): CodeIgniter\Database\MySQLi\Connection->execute('SELECT `sc`.*, ...')
#2 C:\xampp\htdocs\ITSI\vendor\codeigniter4\framework\system\Database\BaseConnection.php(652): CodeIgniter\Database\BaseConnection->simpleQuery('SELECT `sc`.*, ...')
#3 C:\xampp\htdocs\ITSI\vendor\codeigniter4\framework\system\Database\BaseBuilder.php(1649): CodeIgniter\Database\BaseConnection->query('SELECT `sc`.*, ...', Array, false)
#4 C:\xampp\htdocs\ITSI\app\Controllers\estudiante\PracticasEstudianteController.php(475): CodeIgniter\Database\BaseBuilder->get()
#5 C:\xampp\htdocs\ITSI\app\Controllers\estudiante\PracticasEstudianteController.php(50): App\Controllers\estudiante\PracticasEstudianteController->obtenerServiciosComunitarios('3')
#6 C:\xampp\htdocs\ITSI\vendor\codeigniter4\framework\system\CodeIgniter.php(933): App\Controllers\estudiante\PracticasEstudianteController->index()
#7 C:\xampp\htdocs\ITSI\vendor\codeigniter4\framework\system\CodeIgniter.php(507): CodeIgniter\CodeIgniter->runController(Object(App\Controllers\estudiante\PracticasEstudianteController))
#8 C:\xampp\htdocs\ITSI\vendor\codeigniter4\framework\system\CodeIgniter.php(354): CodeIgniter\CodeIgniter->handleRequest(NULL, Object(Config\Cache), false)
#9 C:\xampp\htdocs\ITSI\vendor\codeigniter4\framework\system\Boot.php(334): CodeIgniter\CodeIgniter->run()
#10 C:\xampp\htdocs\ITSI\vendor\codeigniter4\framework\system\Boot.php(67): CodeIgniter\Boot::runCodeIgniter(Object(CodeIgniter\CodeIgniter))
#11 C:\xampp\htdocs\ITSI\public\index.php(59): CodeIgniter\Boot::bootWeb(Object(Config\Paths))
#12 {main}
ERROR - 2026-03-03 23:15:58 --> Error al obtener servicios comunitarios: Table 'itsi.servicios_comunitarios' doesn't exist
DEBUG - 2026-03-03 23:21:44 --> Session: Class initialized using 'CodeIgniter\Session\Handlers\FileHandler' driver.
ERROR - 2026-03-03 23:21:44 --> mysqli_sql_exception: Table 'itsi.practicas_preprofesionales' doesn't exist in C:\xampp\htdocs\ITSI\vendor\codeigniter4\framework\system\Database\MySQLi\Connection.php:327
Stack trace:
#0 C:\xampp\htdocs\ITSI\vendor\codeigniter4\framework\system\Database\MySQLi\Connection.php(327): mysqli->query('SELECT COUNT(*)...', 0)
#1 C:\xampp\htdocs\ITSI\vendor\codeigniter4\framework\system\Database\BaseConnection.php(738): CodeIgniter\Database\MySQLi\Connection->execute('SELECT COUNT(*)...')
#2 C:\xampp\htdocs\ITSI\vendor\codeigniter4\framework\system\Database\BaseConnection.php(652): CodeIgniter\Database\BaseConnection->simpleQuery('SELECT COUNT(*)...')
#3 C:\xampp\htdocs\ITSI\vendor\codeigniter4\framework\system\Database\BaseBuilder.php(1733): CodeIgniter\Database\BaseConnection->query('SELECT COUNT(*)...', Array, false)
#4 C:\xampp\htdocs\ITSI\app\Controllers\estudiante\PracticasEstudianteController.php(297): CodeIgniter\Database\BaseBuilder->countAllResults()
#5 C:\xampp\htdocs\ITSI\app\Controllers\estudiante\PracticasEstudianteController.php(44): App\Controllers\estudiante\PracticasEstudianteController->obtenerEstadisticasEstudiante('3')
#6 C:\xampp\htdocs\ITSI\vendor\codeigniter4\framework\system\CodeIgniter.php(933): App\Controllers\estudiante\PracticasEstudianteController->index()
#7 C:\xampp\htdocs\ITSI\vendor\codeigniter4\framework\system\CodeIgniter.php(507): CodeIgniter\CodeIgniter->runController(Object(App\Controllers\estudiante\PracticasEstudianteController))
#8 C:\xampp\htdocs\ITSI\vendor\codeigniter4\framework\system\CodeIgniter.php(354): CodeIgniter\CodeIgniter->handleRequest(NULL, Object(Config\Cache), false)
#9 C:\xampp\htdocs\ITSI\vendor\codeigniter4\framework\system\Boot.php(334): CodeIgniter\CodeIgniter->run()
#10 C:\xampp\htdocs\ITSI\vendor\codeigniter4\framework\system\Boot.php(67): CodeIgniter\Boot::runCodeIgniter(Object(CodeIgniter\CodeIgniter))
#11 C:\xampp\htdocs\ITSI\public\index.php(59): CodeIgniter\Boot::bootWeb(Object(Config\Paths))
#12 {main}
ERROR - 2026-03-03 23:21:44 --> Error al obtener estadísticas: Table 'itsi.practicas_preprofesionales' doesn't exist
ERROR - 2026-03-03 23:21:44 --> mysqli_sql_exception: Table 'itsi.practicas_preprofesionales' doesn't exist in C:\xampp\htdocs\ITSI\vendor\codeigniter4\framework\system\Database\MySQLi\Connection.php:327
Stack trace:
#0 C:\xampp\htdocs\ITSI\vendor\codeigniter4\framework\system\Database\MySQLi\Connection.php(327): mysqli->query('SELECT `pp`.*, ...', 0)
#1 C:\xampp\htdocs\ITSI\vendor\codeigniter4\framework\system\Database\BaseConnection.php(738): CodeIgniter\Database\MySQLi\Connection->execute('SELECT `pp`.*, ...')
#2 C:\xampp\htdocs\ITSI\vendor\codeigniter4\framework\system\Database\BaseConnection.php(652): CodeIgniter\Database\BaseConnection->simpleQuery('SELECT `pp`.*, ...')
#3 C:\xampp\htdocs\ITSI\vendor\codeigniter4\framework\system\Database\BaseBuilder.php(1649): CodeIgniter\Database\BaseConnection->query('SELECT `pp`.*, ...', Array, false)
#4 C:\xampp\htdocs\ITSI\app\Controllers\estudiante\PracticasEstudianteController.php(472): CodeIgniter\Database\BaseBuilder->get()
#5 C:\xampp\htdocs\ITSI\app\Controllers\estudiante\PracticasEstudianteController.php(47): App\Controllers\estudiante\PracticasEstudianteController->obtenerPracticasPreprofesionales('3')
#6 C:\xampp\htdocs\ITSI\vendor\codeigniter4\framework\system\CodeIgniter.php(933): App\Controllers\estudiante\PracticasEstudianteController->index()
#7 C:\xampp\htdocs\ITSI\vendor\codeigniter4\framework\system\CodeIgniter.php(507): CodeIgniter\CodeIgniter->runController(Object(App\Controllers\estudiante\PracticasEstudianteController))
#8 C:\xampp\htdocs\ITSI\vendor\codeigniter4\framework\system\CodeIgniter.php(354): CodeIgniter\CodeIgniter->handleRequest(NULL, Object(Config\Cache), false)
#9 C:\xampp\htdocs\ITSI\vendor\codeigniter4\framework\system\Boot.php(334): CodeIgniter\CodeIgniter->run()
#10 C:\xampp\htdocs\ITSI\vendor\codeigniter4\framework\system\Boot.php(67): CodeIgniter\Boot::runCodeIgniter(Object(CodeIgniter\CodeIgniter))
#11 C:\xampp\htdocs\ITSI\public\index.php(59): CodeIgniter\Boot::bootWeb(Object(Config\Paths))
#12 {main}
ERROR - 2026-03-03 23:21:44 --> Error al obtener prácticas preprofesionales: Table 'itsi.practicas_preprofesionales' doesn't exist
ERROR - 2026-03-03 23:21:44 --> mysqli_sql_exception: Table 'itsi.servicios_comunitarios' doesn't exist in C:\xampp\htdocs\ITSI\vendor\codeigniter4\framework\system\Database\MySQLi\Connection.php:327
Stack trace:
#0 C:\xampp\htdocs\ITSI\vendor\codeigniter4\framework\system\Database\MySQLi\Connection.php(327): mysqli->query('SELECT `sc`.*, ...', 0)
#1 C:\xampp\htdocs\ITSI\vendor\codeigniter4\framework\system\Database\BaseConnection.php(738): CodeIgniter\Database\MySQLi\Connection->execute('SELECT `sc`.*, ...')
#2 C:\xampp\htdocs\ITSI\vendor\codeigniter4\framework\system\Database\BaseConnection.php(652): CodeIgniter\Database\BaseConnection->simpleQuery('SELECT `sc`.*, ...')
#3 C:\xampp\htdocs\ITSI\vendor\codeigniter4\framework\system\Database\BaseBuilder.php(1649): CodeIgniter\Database\BaseConnection->query('SELECT `sc`.*, ...', Array, false)
#4 C:\xampp\htdocs\ITSI\app\Controllers\estudiante\PracticasEstudianteController.php(491): CodeIgniter\Database\BaseBuilder->get()
#5 C:\xampp\htdocs\ITSI\app\Controllers\estudiante\PracticasEstudianteController.php(50): App\Controllers\estudiante\PracticasEstudianteController->obtenerServiciosComunitarios('3')
#6 C:\xampp\htdocs\ITSI\vendor\codeigniter4\framework\system\CodeIgniter.php(933): App\Controllers\estudiante\PracticasEstudianteController->index()
#7 C:\xampp\htdocs\ITSI\vendor\codeigniter4\framework\system\CodeIgniter.php(507): CodeIgniter\CodeIgniter->runController(Object(App\Controllers\estudiante\PracticasEstudianteController))
#8 C:\xampp\htdocs\ITSI\vendor\codeigniter4\framework\system\CodeIgniter.php(354): CodeIgniter\CodeIgniter->handleRequest(NULL, Object(Config\Cache), false)
#9 C:\xampp\htdocs\ITSI\vendor\codeigniter4\framework\system\Boot.php(334): CodeIgniter\CodeIgniter->run()
#10 C:\xampp\htdocs\ITSI\vendor\codeigniter4\framework\system\Boot.php(67): CodeIgniter\Boot::runCodeIgniter(Object(CodeIgniter\CodeIgniter))
#11 C:\xampp\htdocs\ITSI\public\index.php(59): CodeIgniter\Boot::bootWeb(Object(Config\Paths))
#12 {main}
ERROR - 2026-03-03 23:21:44 --> Error al obtener servicios comunitarios: Table 'itsi.servicios_comunitarios' doesn't exist
DEBUG - 2026-03-03 23:21:45 --> Session: Class initialized using 'CodeIgniter\Session\Handlers\FileHandler' driver.
DEBUG - 2026-03-03 23:21:51 --> Session: Class initialized using 'CodeIgniter\Session\Handlers\FileHandler' driver.
ERROR - 2026-03-03 23:21:51 --> mysqli_sql_exception: Table 'itsi.practicas_preprofesionales' doesn't exist in C:\xampp\htdocs\ITSI\vendor\codeigniter4\framework\system\Database\MySQLi\Connection.php:327
Stack trace:
#0 C:\xampp\htdocs\ITSI\vendor\codeigniter4\framework\system\Database\MySQLi\Connection.php(327): mysqli->query('SELECT COUNT(*)...', 0)
#1 C:\xampp\htdocs\ITSI\vendor\codeigniter4\framework\system\Database\BaseConnection.php(738): CodeIgniter\Database\MySQLi\Connection->execute('SELECT COUNT(*)...')
#2 C:\xampp\htdocs\ITSI\vendor\codeigniter4\framework\system\Database\BaseConnection.php(652): CodeIgniter\Database\BaseConnection->simpleQuery('SELECT COUNT(*)...')
#3 C:\xampp\htdocs\ITSI\vendor\codeigniter4\framework\system\Database\BaseBuilder.php(1733): CodeIgniter\Database\BaseConnection->query('SELECT COUNT(*)...', Array, false)
#4 C:\xampp\htdocs\ITSI\app\Controllers\estudiante\PracticasEstudianteController.php(297): CodeIgniter\Database\BaseBuilder->countAllResults()
#5 C:\xampp\htdocs\ITSI\app\Controllers\estudiante\PracticasEstudianteController.php(44): App\Controllers\estudiante\PracticasEstudianteController->obtenerEstadisticasEstudiante('3')
#6 C:\xampp\htdocs\ITSI\vendor\codeigniter4\framework\system\CodeIgniter.php(933): App\Controllers\estudiante\PracticasEstudianteController->index()
#7 C:\xampp\htdocs\ITSI\vendor\codeigniter4\framework\system\CodeIgniter.php(507): CodeIgniter\CodeIgniter->runController(Object(App\Controllers\estudiante\PracticasEstudianteController))
#8 C:\xampp\htdocs\ITSI\vendor\codeigniter4\framework\system\CodeIgniter.php(354): CodeIgniter\CodeIgniter->handleRequest(NULL, Object(Config\Cache), false)
#9 C:\xampp\htdocs\ITSI\vendor\codeigniter4\framework\system\Boot.php(334): CodeIgniter\CodeIgniter->run()
#10 C:\xampp\htdocs\ITSI\vendor\codeigniter4\framework\system\Boot.php(67): CodeIgniter\Boot::runCodeIgniter(Object(CodeIgniter\CodeIgniter))
#11 C:\xampp\htdocs\ITSI\public\index.php(59): CodeIgniter\Boot::bootWeb(Object(Config\Paths))
#12 {main}
ERROR - 2026-03-03 23:21:51 --> Error al obtener estadísticas: Table 'itsi.practicas_preprofesionales' doesn't exist
ERROR - 2026-03-03 23:21:51 --> mysqli_sql_exception: Table 'itsi.practicas_preprofesionales' doesn't exist in C:\xampp\htdocs\ITSI\vendor\codeigniter4\framework\system\Database\MySQLi\Connection.php:327
Stack trace:
#0 C:\xampp\htdocs\ITSI\vendor\codeigniter4\framework\system\Database\MySQLi\Connection.php(327): mysqli->query('SELECT `pp`.*, ...', 0)
#1 C:\xampp\htdocs\ITSI\vendor\codeigniter4\framework\system\Database\BaseConnection.php(738): CodeIgniter\Database\MySQLi\Connection->execute('SELECT `pp`.*, ...')
#2 C:\xampp\htdocs\ITSI\vendor\codeigniter4\framework\system\Database\BaseConnection.php(652): CodeIgniter\Database\BaseConnection->simpleQuery('SELECT `pp`.*, ...')
#3 C:\xampp\htdocs\ITSI\vendor\codeigniter4\framework\system\Database\BaseBuilder.php(1649): CodeIgniter\Database\BaseConnection->query('SELECT `pp`.*, ...', Array, false)
#4 C:\xampp\htdocs\ITSI\app\Controllers\estudiante\PracticasEstudianteController.php(472): CodeIgniter\Database\BaseBuilder->get()
#5 C:\xampp\htdocs\ITSI\app\Controllers\estudiante\PracticasEstudianteController.php(47): App\Controllers\estudiante\PracticasEstudianteController->obtenerPracticasPreprofesionales('3')
#6 C:\xampp\htdocs\ITSI\vendor\codeigniter4\framework\system\CodeIgniter.php(933): App\Controllers\estudiante\PracticasEstudianteController->index()
#7 C:\xampp\htdocs\ITSI\vendor\codeigniter4\framework\system\CodeIgniter.php(507): CodeIgniter\CodeIgniter->runController(Object(App\Controllers\estudiante\PracticasEstudianteController))
#8 C:\xampp\htdocs\ITSI\vendor\codeigniter4\framework\system\CodeIgniter.php(354): CodeIgniter\CodeIgniter->handleRequest(NULL, Object(Config\Cache), false)
#9 C:\xampp\htdocs\ITSI\vendor\codeigniter4\framework\system\Boot.php(334): CodeIgniter\CodeIgniter->run()
#10 C:\xampp\htdocs\ITSI\vendor\codeigniter4\framework\system\Boot.php(67): CodeIgniter\Boot::runCodeIgniter(Object(CodeIgniter\CodeIgniter))
#11 C:\xampp\htdocs\ITSI\public\index.php(59): CodeIgniter\Boot::bootWeb(Object(Config\Paths))
#12 {main}
ERROR - 2026-03-03 23:21:51 --> Error al obtener prácticas preprofesionales: Table 'itsi.practicas_preprofesionales' doesn't exist
ERROR - 2026-03-03 23:21:51 --> mysqli_sql_exception: Table 'itsi.servicios_comunitarios' doesn't exist in C:\xampp\htdocs\ITSI\vendor\codeigniter4\framework\system\Database\MySQLi\Connection.php:327
Stack trace:
#0 C:\xampp\htdocs\ITSI\vendor\codeigniter4\framework\system\Database\MySQLi\Connection.php(327): mysqli->query('SELECT `sc`.*, ...', 0)
#1 C:\xampp\htdocs\ITSI\vendor\codeigniter4\framework\system\Database\BaseConnection.php(738): CodeIgniter\Database\MySQLi\Connection->execute('SELECT `sc`.*, ...')
#2 C:\xampp\htdocs\ITSI\vendor\codeigniter4\framework\system\Database\BaseConnection.php(652): CodeIgniter\Database\BaseConnection->simpleQuery('SELECT `sc`.*, ...')
#3 C:\xampp\htdocs\ITSI\vendor\codeigniter4\framework\system\Database\BaseBuilder.php(1649): CodeIgniter\Database\BaseConnection->query('SELECT `sc`.*, ...', Array, false)
#4 C:\xampp\htdocs\ITSI\app\Controllers\estudiante\PracticasEstudianteController.php(491): CodeIgniter\Database\BaseBuilder->get()
#5 C:\xampp\htdocs\ITSI\app\Controllers\estudiante\PracticasEstudianteController.php(50): App\Controllers\estudiante\PracticasEstudianteController->obtenerServiciosComunitarios('3')
#6 C:\xampp\htdocs\ITSI\vendor\codeigniter4\framework\system\CodeIgniter.php(933): App\Controllers\estudiante\PracticasEstudianteController->index()
#7 C:\xampp\htdocs\ITSI\vendor\codeigniter4\framework\system\CodeIgniter.php(507): CodeIgniter\CodeIgniter->runController(Object(App\Controllers\estudiante\PracticasEstudianteController))
#8 C:\xampp\htdocs\ITSI\vendor\codeigniter4\framework\system\CodeIgniter.php(354): CodeIgniter\CodeIgniter->handleRequest(NULL, Object(Config\Cache), false)
#9 C:\xampp\htdocs\ITSI\vendor\codeigniter4\framework\system\Boot.php(334): CodeIgniter\CodeIgniter->run()
#10 C:\xampp\htdocs\ITSI\vendor\codeigniter4\framework\system\Boot.php(67): CodeIgniter\Boot::runCodeIgniter(Object(CodeIgniter\CodeIgniter))
#11 C:\xampp\htdocs\ITSI\public\index.php(59): CodeIgniter\Boot::bootWeb(Object(Config\Paths))
#12 {main}
ERROR - 2026-03-03 23:21:51 --> Error al obtener servicios comunitarios: Table 'itsi.servicios_comunitarios' doesn't exist
DEBUG - 2026-03-03 23:21:53 --> Session: Class initialized using 'CodeIgniter\Session\Handlers\FileHandler' driver.
DEBUG - 2026-03-03 23:21:56 --> Session: Class initialized using 'CodeIgniter\Session\Handlers\FileHandler' driver.
ERROR - 2026-03-03 23:21:56 --> mysqli_sql_exception: Table 'itsi.servicios_comunitarios' doesn't exist in C:\xampp\htdocs\ITSI\vendor\codeigniter4\framework\system\Database\MySQLi\Connection.php:327
Stack trace:
#0 C:\xampp\htdocs\ITSI\vendor\codeigniter4\framework\system\Database\MySQLi\Connection.php(327): mysqli->query('SELECT COUNT(*)...', 0)
#1 C:\xampp\htdocs\ITSI\vendor\codeigniter4\framework\system\Database\BaseConnection.php(738): CodeIgniter\Database\MySQLi\Connection->execute('SELECT COUNT(*)...')
#2 C:\xampp\htdocs\ITSI\vendor\codeigniter4\framework\system\Database\BaseConnection.php(652): CodeIgniter\Database\BaseConnection->simpleQuery('SELECT COUNT(*)...')
#3 C:\xampp\htdocs\ITSI\vendor\codeigniter4\framework\system\Database\BaseBuilder.php(1733): CodeIgniter\Database\BaseConnection->query('SELECT COUNT(*)...', Array, false)
#4 C:\xampp\htdocs\ITSI\app\Controllers\estudiante\PracticasEstudianteController.php(350): CodeIgniter\Database\BaseBuilder->countAllResults()
#5 C:\xampp\htdocs\ITSI\app\Controllers\estudiante\PracticasEstudianteController.php(100): App\Controllers\estudiante\PracticasEstudianteController->obtenerEstadisticasServicioComunitario('3')
#6 C:\xampp\htdocs\ITSI\vendor\codeigniter4\framework\system\CodeIgniter.php(933): App\Controllers\estudiante\PracticasEstudianteController->servicioComunitario()
#7 C:\xampp\htdocs\ITSI\vendor\codeigniter4\framework\system\CodeIgniter.php(507): CodeIgniter\CodeIgniter->runController(Object(App\Controllers\estudiante\PracticasEstudianteController))
#8 C:\xampp\htdocs\ITSI\vendor\codeigniter4\framework\system\CodeIgniter.php(354): CodeIgniter\CodeIgniter->handleRequest(NULL, Object(Config\Cache), false)
#9 C:\xampp\htdocs\ITSI\vendor\codeigniter4\framework\system\Boot.php(334): CodeIgniter\CodeIgniter->run()
#10 C:\xampp\htdocs\ITSI\vendor\codeigniter4\framework\system\Boot.php(67): CodeIgniter\Boot::runCodeIgniter(Object(CodeIgniter\CodeIgniter))
#11 C:\xampp\htdocs\ITSI\public\index.php(59): CodeIgniter\Boot::bootWeb(Object(Config\Paths))
#12 {main}
ERROR - 2026-03-03 23:21:56 --> Error al obtener estadísticas servicio comunitario: Table 'itsi.servicios_comunitarios' doesn't exist
ERROR - 2026-03-03 23:21:56 --> mysqli_sql_exception: Table 'itsi.servicios_comunitarios' doesn't exist in C:\xampp\htdocs\ITSI\vendor\codeigniter4\framework\system\Database\MySQLi\Connection.php:327
Stack trace:
#0 C:\xampp\htdocs\ITSI\vendor\codeigniter4\framework\system\Database\MySQLi\Connection.php(327): mysqli->query('SELECT `sc`.*, ...', 0)
#1 C:\xampp\htdocs\ITSI\vendor\codeigniter4\framework\system\Database\BaseConnection.php(738): CodeIgniter\Database\MySQLi\Connection->execute('SELECT `sc`.*, ...')
#2 C:\xampp\htdocs\ITSI\vendor\codeigniter4\framework\system\Database\BaseConnection.php(652): CodeIgniter\Database\BaseConnection->simpleQuery('SELECT `sc`.*, ...')
#3 C:\xampp\htdocs\ITSI\vendor\codeigniter4\framework\system\Database\BaseBuilder.php(1649): CodeIgniter\Database\BaseConnection->query('SELECT `sc`.*, ...', Array, false)
#4 C:\xampp\htdocs\ITSI\app\Controllers\estudiante\PracticasEstudianteController.php(491): CodeIgniter\Database\BaseBuilder->get()
#5 C:\xampp\htdocs\ITSI\app\Controllers\estudiante\PracticasEstudianteController.php(101): App\Controllers\estudiante\PracticasEstudianteController->obtenerServiciosComunitarios('3')
#6 C:\xampp\htdocs\ITSI\vendor\codeigniter4\framework\system\CodeIgniter.php(933): App\Controllers\estudiante\PracticasEstudianteController->servicioComunitario()
#7 C:\xampp\htdocs\ITSI\vendor\codeigniter4\framework\system\CodeIgniter.php(507): CodeIgniter\CodeIgniter->runController(Object(App\Controllers\estudiante\PracticasEstudianteController))
#8 C:\xampp\htdocs\ITSI\vendor\codeigniter4\framework\system\CodeIgniter.php(354): CodeIgniter\CodeIgniter->handleRequest(NULL, Object(Config\Cache), false)
#9 C:\xampp\htdocs\ITSI\vendor\codeigniter4\framework\system\Boot.php(334): CodeIgniter\CodeIgniter->run()
#10 C:\xampp\htdocs\ITSI\vendor\codeigniter4\framework\system\Boot.php(67): CodeIgniter\Boot::runCodeIgniter(Object(CodeIgniter\CodeIgniter))
#11 C:\xampp\htdocs\ITSI\public\index.php(59): CodeIgniter\Boot::bootWeb(Object(Config\Paths))
#12 {main}
ERROR - 2026-03-03 23:21:56 --> Error al obtener servicios comunitarios: Table 'itsi.servicios_comunitarios' doesn't exist
DEBUG - 2026-03-03 23:22:03 --> Session: Class initialized using 'CodeIgniter\Session\Handlers\FileHandler' driver.
ERROR - 2026-03-03 23:22:03 --> mysqli_sql_exception: Table 'itsi.practicas_preprofesionales' doesn't exist in C:\xampp\htdocs\ITSI\vendor\codeigniter4\framework\system\Database\MySQLi\Connection.php:327
Stack trace:
#0 C:\xampp\htdocs\ITSI\vendor\codeigniter4\framework\system\Database\MySQLi\Connection.php(327): mysqli->query('SELECT COUNT(*)...', 0)
#1 C:\xampp\htdocs\ITSI\vendor\codeigniter4\framework\system\Database\BaseConnection.php(738): CodeIgniter\Database\MySQLi\Connection->execute('SELECT COUNT(*)...')
#2 C:\xampp\htdocs\ITSI\vendor\codeigniter4\framework\system\Database\BaseConnection.php(652): CodeIgniter\Database\BaseConnection->simpleQuery('SELECT COUNT(*)...')
#3 C:\xampp\htdocs\ITSI\vendor\codeigniter4\framework\system\Database\BaseBuilder.php(1733): CodeIgniter\Database\BaseConnection->query('SELECT COUNT(*)...', Array, false)
#4 C:\xampp\htdocs\ITSI\app\Controllers\estudiante\PracticasEstudianteController.php(297): CodeIgniter\Database\BaseBuilder->countAllResults()
#5 C:\xampp\htdocs\ITSI\app\Controllers\estudiante\PracticasEstudianteController.php(44): App\Controllers\estudiante\PracticasEstudianteController->obtenerEstadisticasEstudiante('3')
#6 C:\xampp\htdocs\ITSI\vendor\codeigniter4\framework\system\CodeIgniter.php(933): App\Controllers\estudiante\PracticasEstudianteController->index()
#7 C:\xampp\htdocs\ITSI\vendor\codeigniter4\framework\system\CodeIgniter.php(507): CodeIgniter\CodeIgniter->runController(Object(App\Controllers\estudiante\PracticasEstudianteController))
#8 C:\xampp\htdocs\ITSI\vendor\codeigniter4\framework\system\CodeIgniter.php(354): CodeIgniter\CodeIgniter->handleRequest(NULL, Object(Config\Cache), false)
#9 C:\xampp\htdocs\ITSI\vendor\codeigniter4\framework\system\Boot.php(334): CodeIgniter\CodeIgniter->run()
#10 C:\xampp\htdocs\ITSI\vendor\codeigniter4\framework\system\Boot.php(67): CodeIgniter\Boot::runCodeIgniter(Object(CodeIgniter\CodeIgniter))
#11 C:\xampp\htdocs\ITSI\public\index.php(59): CodeIgniter\Boot::bootWeb(Object(Config\Paths))
#12 {main}
ERROR - 2026-03-03 23:22:03 --> Error al obtener estadísticas: Table 'itsi.practicas_preprofesionales' doesn't exist
ERROR - 2026-03-03 23:22:03 --> mysqli_sql_exception: Table 'itsi.practicas_preprofesionales' doesn't exist in C:\xampp\htdocs\ITSI\vendor\codeigniter4\framework\system\Database\MySQLi\Connection.php:327
Stack trace:
#0 C:\xampp\htdocs\ITSI\vendor\codeigniter4\framework\system\Database\MySQLi\Connection.php(327): mysqli->query('SELECT `pp`.*, ...', 0)
#1 C:\xampp\htdocs\ITSI\vendor\codeigniter4\framework\system\Database\BaseConnection.php(738): CodeIgniter\Database\MySQLi\Connection->execute('SELECT `pp`.*, ...')
#2 C:\xampp\htdocs\ITSI\vendor\codeigniter4\framework\system\Database\BaseConnection.php(652): CodeIgniter\Database\BaseConnection->simpleQuery('SELECT `pp`.*, ...')
#3 C:\xampp\htdocs\ITSI\vendor\codeigniter4\framework\system\Database\BaseBuilder.php(1649): CodeIgniter\Database\BaseConnection->query('SELECT `pp`.*, ...', Array, false)
#4 C:\xampp\htdocs\ITSI\app\Controllers\estudiante\PracticasEstudianteController.php(472): CodeIgniter\Database\BaseBuilder->get()
#5 C:\xampp\htdocs\ITSI\app\Controllers\estudiante\PracticasEstudianteController.php(47): App\Controllers\estudiante\PracticasEstudianteController->obtenerPracticasPreprofesionales('3')
#6 C:\xampp\htdocs\ITSI\vendor\codeigniter4\framework\system\CodeIgniter.php(933): App\Controllers\estudiante\PracticasEstudianteController->index()
#7 C:\xampp\htdocs\ITSI\vendor\codeigniter4\framework\system\CodeIgniter.php(507): CodeIgniter\CodeIgniter->runController(Object(App\Controllers\estudiante\PracticasEstudianteController))
#8 C:\xampp\htdocs\ITSI\vendor\codeigniter4\framework\system\CodeIgniter.php(354): CodeIgniter\CodeIgniter->handleRequest(NULL, Object(Config\Cache), false)
#9 C:\xampp\htdocs\ITSI\vendor\codeigniter4\framework\system\Boot.php(334): CodeIgniter\CodeIgniter->run()
#10 C:\xampp\htdocs\ITSI\vendor\codeigniter4\framework\system\Boot.php(67): CodeIgniter\Boot::runCodeIgniter(Object(CodeIgniter\CodeIgniter))
#11 C:\xampp\htdocs\ITSI\public\index.php(59): CodeIgniter\Boot::bootWeb(Object(Config\Paths))
#12 {main}
ERROR - 2026-03-03 23:22:03 --> Error al obtener prácticas preprofesionales: Table 'itsi.practicas_preprofesionales' doesn't exist
ERROR - 2026-03-03 23:22:03 --> mysqli_sql_exception: Table 'itsi.servicios_comunitarios' doesn't exist in C:\xampp\htdocs\ITSI\vendor\codeigniter4\framework\system\Database\MySQLi\Connection.php:327
Stack trace:
#0 C:\xampp\htdocs\ITSI\vendor\codeigniter4\framework\system\Database\MySQLi\Connection.php(327): mysqli->query('SELECT `sc`.*, ...', 0)
#1 C:\xampp\htdocs\ITSI\vendor\codeigniter4\framework\system\Database\BaseConnection.php(738): CodeIgniter\Database\MySQLi\Connection->execute('SELECT `sc`.*, ...')
#2 C:\xampp\htdocs\ITSI\vendor\codeigniter4\framework\system\Database\BaseConnection.php(652): CodeIgniter\Database\BaseConnection->simpleQuery('SELECT `sc`.*, ...')
#3 C:\xampp\htdocs\ITSI\vendor\codeigniter4\framework\system\Database\BaseBuilder.php(1649): CodeIgniter\Database\BaseConnection->query('SELECT `sc`.*, ...', Array, false)
#4 C:\xampp\htdocs\ITSI\app\Controllers\estudiante\PracticasEstudianteController.php(491): CodeIgniter\Database\BaseBuilder->get()
#5 C:\xampp\htdocs\ITSI\app\Controllers\estudiante\PracticasEstudianteController.php(50): App\Controllers\estudiante\PracticasEstudianteController->obtenerServiciosComunitarios('3')
#6 C:\xampp\htdocs\ITSI\vendor\codeigniter4\framework\system\CodeIgniter.php(933): App\Controllers\estudiante\PracticasEstudianteController->index()
#7 C:\xampp\htdocs\ITSI\vendor\codeigniter4\framework\system\CodeIgniter.php(507): CodeIgniter\CodeIgniter->runController(Object(App\Controllers\estudiante\PracticasEstudianteController))
#8 C:\xampp\htdocs\ITSI\vendor\codeigniter4\framework\system\CodeIgniter.php(354): CodeIgniter\CodeIgniter->handleRequest(NULL, Object(Config\Cache), false)
#9 C:\xampp\htdocs\ITSI\vendor\codeigniter4\framework\system\Boot.php(334): CodeIgniter\CodeIgniter->run()
#10 C:\xampp\htdocs\ITSI\vendor\codeigniter4\framework\system\Boot.php(67): CodeIgniter\Boot::runCodeIgniter(Object(CodeIgniter\CodeIgniter))
#11 C:\xampp\htdocs\ITSI\public\index.php(59): CodeIgniter\Boot::bootWeb(Object(Config\Paths))
#12 {main}
ERROR - 2026-03-03 23:22:03 --> Error al obtener servicios comunitarios: Table 'itsi.servicios_comunitarios' doesn't exist
DEBUG - 2026-03-03 23:22:04 --> Session: Class initialized using 'CodeIgniter\Session\Handlers\FileHandler' driver.
DEBUG - 2026-03-03 23:22:08 --> Session: Class initialized using 'CodeIgniter\Session\Handlers\FileHandler' driver.
ERROR - 2026-03-03 23:22:08 --> mysqli_sql_exception: Table 'itsi.practicas_preprofesionales' doesn't exist in C:\xampp\htdocs\ITSI\vendor\codeigniter4\framework\system\Database\MySQLi\Connection.php:327
Stack trace:
#0 C:\xampp\htdocs\ITSI\vendor\codeigniter4\framework\system\Database\MySQLi\Connection.php(327): mysqli->query('SELECT COUNT(*)...', 0)
#1 C:\xampp\htdocs\ITSI\vendor\codeigniter4\framework\system\Database\BaseConnection.php(738): CodeIgniter\Database\MySQLi\Connection->execute('SELECT COUNT(*)...')
#2 C:\xampp\htdocs\ITSI\vendor\codeigniter4\framework\system\Database\BaseConnection.php(652): CodeIgniter\Database\BaseConnection->simpleQuery('SELECT COUNT(*)...')
#3 C:\xampp\htdocs\ITSI\vendor\codeigniter4\framework\system\Database\BaseBuilder.php(1733): CodeIgniter\Database\BaseConnection->query('SELECT COUNT(*)...', Array, false)
#4 C:\xampp\htdocs\ITSI\app\Controllers\estudiante\PracticasEstudianteController.php(297): CodeIgniter\Database\BaseBuilder->countAllResults()
#5 C:\xampp\htdocs\ITSI\app\Controllers\estudiante\PracticasEstudianteController.php(44): App\Controllers\estudiante\PracticasEstudianteController->obtenerEstadisticasEstudiante('3')
#6 C:\xampp\htdocs\ITSI\vendor\codeigniter4\framework\system\CodeIgniter.php(933): App\Controllers\estudiante\PracticasEstudianteController->index()
#7 C:\xampp\htdocs\ITSI\vendor\codeigniter4\framework\system\CodeIgniter.php(507): CodeIgniter\CodeIgniter->runController(Object(App\Controllers\estudiante\PracticasEstudianteController))
#8 C:\xampp\htdocs\ITSI\vendor\codeigniter4\framework\system\CodeIgniter.php(354): CodeIgniter\CodeIgniter->handleRequest(NULL, Object(Config\Cache), false)
#9 C:\xampp\htdocs\ITSI\vendor\codeigniter4\framework\system\Boot.php(334): CodeIgniter\CodeIgniter->run()
#10 C:\xampp\htdocs\ITSI\vendor\codeigniter4\framework\system\Boot.php(67): CodeIgniter\Boot::runCodeIgniter(Object(CodeIgniter\CodeIgniter))
#11 C:\xampp\htdocs\ITSI\public\index.php(59): CodeIgniter\Boot::bootWeb(Object(Config\Paths))
#12 {main}
ERROR - 2026-03-03 23:22:08 --> Error al obtener estadísticas: Table 'itsi.practicas_preprofesionales' doesn't exist
ERROR - 2026-03-03 23:22:08 --> mysqli_sql_exception: Table 'itsi.practicas_preprofesionales' doesn't exist in C:\xampp\htdocs\ITSI\vendor\codeigniter4\framework\system\Database\MySQLi\Connection.php:327
Stack trace:
#0 C:\xampp\htdocs\ITSI\vendor\codeigniter4\framework\system\Database\MySQLi\Connection.php(327): mysqli->query('SELECT `pp`.*, ...', 0)
#1 C:\xampp\htdocs\ITSI\vendor\codeigniter4\framework\system\Database\BaseConnection.php(738): CodeIgniter\Database\MySQLi\Connection->execute('SELECT `pp`.*, ...')
#2 C:\xampp\htdocs\ITSI\vendor\codeigniter4\framework\system\Database\BaseConnection.php(652): CodeIgniter\Database\BaseConnection->simpleQuery('SELECT `pp`.*, ...')
#3 C:\xampp\htdocs\ITSI\vendor\codeigniter4\framework\system\Database\BaseBuilder.php(1649): CodeIgniter\Database\BaseConnection->query('SELECT `pp`.*, ...', Array, false)
#4 C:\xampp\htdocs\ITSI\app\Controllers\estudiante\PracticasEstudianteController.php(472): CodeIgniter\Database\BaseBuilder->get()
#5 C:\xampp\htdocs\ITSI\app\Controllers\estudiante\PracticasEstudianteController.php(47): App\Controllers\estudiante\PracticasEstudianteController->obtenerPracticasPreprofesionales('3')
#6 C:\xampp\htdocs\ITSI\vendor\codeigniter4\framework\system\CodeIgniter.php(933): App\Controllers\estudiante\PracticasEstudianteController->index()
#7 C:\xampp\htdocs\ITSI\vendor\codeigniter4\framework\system\CodeIgniter.php(507): CodeIgniter\CodeIgniter->runController(Object(App\Controllers\estudiante\PracticasEstudianteController))
#8 C:\xampp\htdocs\ITSI\vendor\codeigniter4\framework\system\CodeIgniter.php(354): CodeIgniter\CodeIgniter->handleRequest(NULL, Object(Config\Cache), false)
#9 C:\xampp\htdocs\ITSI\vendor\codeigniter4\framework\system\Boot.php(334): CodeIgniter\CodeIgniter->run()
#10 C:\xampp\htdocs\ITSI\vendor\codeigniter4\framework\system\Boot.php(67): CodeIgniter\Boot::runCodeIgniter(Object(CodeIgniter\CodeIgniter))
#11 C:\xampp\htdocs\ITSI\public\index.php(59): CodeIgniter\Boot::bootWeb(Object(Config\Paths))
#12 {main}
ERROR - 2026-03-03 23:22:08 --> Error al obtener prácticas preprofesionales: Table 'itsi.practicas_preprofesionales' doesn't exist
ERROR - 2026-03-03 23:22:08 --> mysqli_sql_exception: Table 'itsi.servicios_comunitarios' doesn't exist in C:\xampp\htdocs\ITSI\vendor\codeigniter4\framework\system\Database\MySQLi\Connection.php:327
Stack trace:
#0 C:\xampp\htdocs\ITSI\vendor\codeigniter4\framework\system\Database\MySQLi\Connection.php(327): mysqli->query('SELECT `sc`.*, ...', 0)
#1 C:\xampp\htdocs\ITSI\vendor\codeigniter4\framework\system\Database\BaseConnection.php(738): CodeIgniter\Database\MySQLi\Connection->execute('SELECT `sc`.*, ...')
#2 C:\xampp\htdocs\ITSI\vendor\codeigniter4\framework\system\Database\BaseConnection.php(652): CodeIgniter\Database\BaseConnection->simpleQuery('SELECT `sc`.*, ...')
#3 C:\xampp\htdocs\ITSI\vendor\codeigniter4\framework\system\Database\BaseBuilder.php(1649): CodeIgniter\Database\BaseConnection->query('SELECT `sc`.*, ...', Array, false)
#4 C:\xampp\htdocs\ITSI\app\Controllers\estudiante\PracticasEstudianteController.php(491): CodeIgniter\Database\BaseBuilder->get()
#5 C:\xampp\htdocs\ITSI\app\Controllers\estudiante\PracticasEstudianteController.php(50): App\Controllers\estudiante\PracticasEstudianteController->obtenerServiciosComunitarios('3')
#6 C:\xampp\htdocs\ITSI\vendor\codeigniter4\framework\system\CodeIgniter.php(933): App\Controllers\estudiante\PracticasEstudianteController->index()
#7 C:\xampp\htdocs\ITSI\vendor\codeigniter4\framework\system\CodeIgniter.php(507): CodeIgniter\CodeIgniter->runController(Object(App\Controllers\estudiante\PracticasEstudianteController))
#8 C:\xampp\htdocs\ITSI\vendor\codeigniter4\framework\system\CodeIgniter.php(354): CodeIgniter\CodeIgniter->handleRequest(NULL, Object(Config\Cache), false)
#9 C:\xampp\htdocs\ITSI\vendor\codeigniter4\framework\system\Boot.php(334): CodeIgniter\CodeIgniter->run()
#10 C:\xampp\htdocs\ITSI\vendor\codeigniter4\framework\system\Boot.php(67): CodeIgniter\Boot::runCodeIgniter(Object(CodeIgniter\CodeIgniter))
#11 C:\xampp\htdocs\ITSI\public\index.php(59): CodeIgniter\Boot::bootWeb(Object(Config\Paths))
#12 {main}
ERROR - 2026-03-03 23:22:08 --> Error al obtener servicios comunitarios: Table 'itsi.servicios_comunitarios' doesn't exist
DEBUG - 2026-03-03 23:22:08 --> Session: Class initialized using 'CodeIgniter\Session\Handlers\FileHandler' driver.
DEBUG - 2026-03-03 23:23:57 --> Session: Class initialized using 'CodeIgniter\Session\Handlers\FileHandler' driver.
DEBUG - 2026-03-03 23:24:03 --> Session: Class initialized using 'CodeIgniter\Session\Handlers\FileHandler' driver.
DEBUG - 2026-03-03 23:24:11 --> Session: Class initialized using 'CodeIgniter\Session\Handlers\FileHandler' driver.
DEBUG - 2026-03-03 23:24:15 --> Session: Class initialized using 'CodeIgniter\Session\Handlers\FileHandler' driver.
DEBUG - 2026-03-03 23:24:17 --> Session: Class initialized using 'CodeIgniter\Session\Handlers\FileHandler' driver.
ERROR - 2026-03-03 23:24:18 --> mysqli_sql_exception: Table 'itsi.servicios_comunitarios' doesn't exist in C:\xampp\htdocs\ITSI\vendor\codeigniter4\framework\system\Database\MySQLi\Connection.php:327
Stack trace:
#0 C:\xampp\htdocs\ITSI\vendor\codeigniter4\framework\system\Database\MySQLi\Connection.php(327): mysqli->query('SELECT COUNT(*)...', 0)
#1 C:\xampp\htdocs\ITSI\vendor\codeigniter4\framework\system\Database\BaseConnection.php(738): CodeIgniter\Database\MySQLi\Connection->execute('SELECT COUNT(*)...')
#2 C:\xampp\htdocs\ITSI\vendor\codeigniter4\framework\system\Database\BaseConnection.php(652): CodeIgniter\Database\BaseConnection->simpleQuery('SELECT COUNT(*)...')
#3 C:\xampp\htdocs\ITSI\vendor\codeigniter4\framework\system\Database\BaseBuilder.php(1733): CodeIgniter\Database\BaseConnection->query('SELECT COUNT(*)...', Array, false)
#4 C:\xampp\htdocs\ITSI\app\Controllers\estudiante\PracticasEstudianteController.php(350): CodeIgniter\Database\BaseBuilder->countAllResults()
#5 C:\xampp\htdocs\ITSI\app\Controllers\estudiante\PracticasEstudianteController.php(100): App\Controllers\estudiante\PracticasEstudianteController->obtenerEstadisticasServicioComunitario('3')
#6 C:\xampp\htdocs\ITSI\vendor\codeigniter4\framework\system\CodeIgniter.php(933): App\Controllers\estudiante\PracticasEstudianteController->servicioComunitario()
#7 C:\xampp\htdocs\ITSI\vendor\codeigniter4\framework\system\CodeIgniter.php(507): CodeIgniter\CodeIgniter->runController(Object(App\Controllers\estudiante\PracticasEstudianteController))
#8 C:\xampp\htdocs\ITSI\vendor\codeigniter4\framework\system\CodeIgniter.php(354): CodeIgniter\CodeIgniter->handleRequest(NULL, Object(Config\Cache), false)
#9 C:\xampp\htdocs\ITSI\vendor\codeigniter4\framework\system\Boot.php(334): CodeIgniter\CodeIgniter->run()
#10 C:\xampp\htdocs\ITSI\vendor\codeigniter4\framework\system\Boot.php(67): CodeIgniter\Boot::runCodeIgniter(Object(CodeIgniter\CodeIgniter))
#11 C:\xampp\htdocs\ITSI\public\index.php(59): CodeIgniter\Boot::bootWeb(Object(Config\Paths))
#12 {main}
ERROR - 2026-03-03 23:24:18 --> Error al obtener estadísticas servicio comunitario: Table 'itsi.servicios_comunitarios' doesn't exist
ERROR - 2026-03-03 23:24:18 --> mysqli_sql_exception: Table 'itsi.servicios_comunitarios' doesn't exist in C:\xampp\htdocs\ITSI\vendor\codeigniter4\framework\system\Database\MySQLi\Connection.php:327
Stack trace:
#0 C:\xampp\htdocs\ITSI\vendor\codeigniter4\framework\system\Database\MySQLi\Connection.php(327): mysqli->query('SELECT `sc`.*, ...', 0)
#1 C:\xampp\htdocs\ITSI\vendor\codeigniter4\framework\system\Database\BaseConnection.php(738): CodeIgniter\Database\MySQLi\Connection->execute('SELECT `sc`.*, ...')
#2 C:\xampp\htdocs\ITSI\vendor\codeigniter4\framework\system\Database\BaseConnection.php(652): CodeIgniter\Database\BaseConnection->simpleQuery('SELECT `sc`.*, ...')
#3 C:\xampp\htdocs\ITSI\vendor\codeigniter4\framework\system\Database\BaseBuilder.php(1649): CodeIgniter\Database\BaseConnection->query('SELECT `sc`.*, ...', Array, false)
#4 C:\xampp\htdocs\ITSI\app\Controllers\estudiante\PracticasEstudianteController.php(491): CodeIgniter\Database\BaseBuilder->get()
#5 C:\xampp\htdocs\ITSI\app\Controllers\estudiante\PracticasEstudianteController.php(101): App\Controllers\estudiante\PracticasEstudianteController->obtenerServiciosComunitarios('3')
#6 C:\xampp\htdocs\ITSI\vendor\codeigniter4\framework\system\CodeIgniter.php(933): App\Controllers\estudiante\PracticasEstudianteController->servicioComunitario()
#7 C:\xampp\htdocs\ITSI\vendor\codeigniter4\framework\system\CodeIgniter.php(507): CodeIgniter\CodeIgniter->runController(Object(App\Controllers\estudiante\PracticasEstudianteController))
#8 C:\xampp\htdocs\ITSI\vendor\codeigniter4\framework\system\CodeIgniter.php(354): CodeIgniter\CodeIgniter->handleRequest(NULL, Object(Config\Cache), false)
#9 C:\xampp\htdocs\ITSI\vendor\codeigniter4\framework\system\Boot.php(334): CodeIgniter\CodeIgniter->run()
#10 C:\xampp\htdocs\ITSI\vendor\codeigniter4\framework\system\Boot.php(67): CodeIgniter\Boot::runCodeIgniter(Object(CodeIgniter\CodeIgniter))
#11 C:\xampp\htdocs\ITSI\public\index.php(59): CodeIgniter\Boot::bootWeb(Object(Config\Paths))
#12 {main}
ERROR - 2026-03-03 23:24:18 --> Error al obtener servicios comunitarios: Table 'itsi.servicios_comunitarios' doesn't exist
DEBUG - 2026-03-03 23:24:19 --> Session: Class initialized using 'CodeIgniter\Session\Handlers\FileHandler' driver.
ERROR - 2026-03-03 23:24:19 --> mysqli_sql_exception: Table 'itsi.practicas_preprofesionales' doesn't exist in C:\xampp\htdocs\ITSI\vendor\codeigniter4\framework\system\Database\MySQLi\Connection.php:327
Stack trace:
#0 C:\xampp\htdocs\ITSI\vendor\codeigniter4\framework\system\Database\MySQLi\Connection.php(327): mysqli->query('SELECT COUNT(*)...', 0)
#1 C:\xampp\htdocs\ITSI\vendor\codeigniter4\framework\system\Database\BaseConnection.php(738): CodeIgniter\Database\MySQLi\Connection->execute('SELECT COUNT(*)...')
#2 C:\xampp\htdocs\ITSI\vendor\codeigniter4\framework\system\Database\BaseConnection.php(652): CodeIgniter\Database\BaseConnection->simpleQuery('SELECT COUNT(*)...')
#3 C:\xampp\htdocs\ITSI\vendor\codeigniter4\framework\system\Database\BaseBuilder.php(1733): CodeIgniter\Database\BaseConnection->query('SELECT COUNT(*)...', Array, false)
#4 C:\xampp\htdocs\ITSI\app\Controllers\estudiante\PracticasEstudianteController.php(297): CodeIgniter\Database\BaseBuilder->countAllResults()
#5 C:\xampp\htdocs\ITSI\app\Controllers\estudiante\PracticasEstudianteController.php(44): App\Controllers\estudiante\PracticasEstudianteController->obtenerEstadisticasEstudiante('3')
#6 C:\xampp\htdocs\ITSI\vendor\codeigniter4\framework\system\CodeIgniter.php(933): App\Controllers\estudiante\PracticasEstudianteController->index()
#7 C:\xampp\htdocs\ITSI\vendor\codeigniter4\framework\system\CodeIgniter.php(507): CodeIgniter\CodeIgniter->runController(Object(App\Controllers\estudiante\PracticasEstudianteController))
#8 C:\xampp\htdocs\ITSI\vendor\codeigniter4\framework\system\CodeIgniter.php(354): CodeIgniter\CodeIgniter->handleRequest(NULL, Object(Config\Cache), false)
#9 C:\xampp\htdocs\ITSI\vendor\codeigniter4\framework\system\Boot.php(334): CodeIgniter\CodeIgniter->run()
#10 C:\xampp\htdocs\ITSI\vendor\codeigniter4\framework\system\Boot.php(67): CodeIgniter\Boot::runCodeIgniter(Object(CodeIgniter\CodeIgniter))
#11 C:\xampp\htdocs\ITSI\public\index.php(59): CodeIgniter\Boot::bootWeb(Object(Config\Paths))
#12 {main}
ERROR - 2026-03-03 23:24:19 --> Error al obtener estadísticas: Table 'itsi.practicas_preprofesionales' doesn't exist
ERROR - 2026-03-03 23:24:19 --> mysqli_sql_exception: Table 'itsi.practicas_preprofesionales' doesn't exist in C:\xampp\htdocs\ITSI\vendor\codeigniter4\framework\system\Database\MySQLi\Connection.php:327
Stack trace:
#0 C:\xampp\htdocs\ITSI\vendor\codeigniter4\framework\system\Database\MySQLi\Connection.php(327): mysqli->query('SELECT `pp`.*, ...', 0)
#1 C:\xampp\htdocs\ITSI\vendor\codeigniter4\framework\system\Database\BaseConnection.php(738): CodeIgniter\Database\MySQLi\Connection->execute('SELECT `pp`.*, ...')
#2 C:\xampp\htdocs\ITSI\vendor\codeigniter4\framework\system\Database\BaseConnection.php(652): CodeIgniter\Database\BaseConnection->simpleQuery('SELECT `pp`.*, ...')
#3 C:\xampp\htdocs\ITSI\vendor\codeigniter4\framework\system\Database\BaseBuilder.php(1649): CodeIgniter\Database\BaseConnection->query('SELECT `pp`.*, ...', Array, false)
#4 C:\xampp\htdocs\ITSI\app\Controllers\estudiante\PracticasEstudianteController.php(472): CodeIgniter\Database\BaseBuilder->get()
#5 C:\xampp\htdocs\ITSI\app\Controllers\estudiante\PracticasEstudianteController.php(47): App\Controllers\estudiante\PracticasEstudianteController->obtenerPracticasPreprofesionales('3')
#6 C:\xampp\htdocs\ITSI\vendor\codeigniter4\framework\system\CodeIgniter.php(933): App\Controllers\estudiante\PracticasEstudianteController->index()
#7 C:\xampp\htdocs\ITSI\vendor\codeigniter4\framework\system\CodeIgniter.php(507): CodeIgniter\CodeIgniter->runController(Object(App\Controllers\estudiante\PracticasEstudianteController))
#8 C:\xampp\htdocs\ITSI\vendor\codeigniter4\framework\system\CodeIgniter.php(354): CodeIgniter\CodeIgniter->handleRequest(NULL, Object(Config\Cache), false)
#9 C:\xampp\htdocs\ITSI\vendor\codeigniter4\framework\system\Boot.php(334): CodeIgniter\CodeIgniter->run()
#10 C:\xampp\htdocs\ITSI\vendor\codeigniter4\framework\system\Boot.php(67): CodeIgniter\Boot::runCodeIgniter(Object(CodeIgniter\CodeIgniter))
#11 C:\xampp\htdocs\ITSI\public\index.php(59): CodeIgniter\Boot::bootWeb(Object(Config\Paths))
#12 {main}
ERROR - 2026-03-03 23:24:19 --> Error al obtener prácticas preprofesionales: Table 'itsi.practicas_preprofesionales' doesn't exist
ERROR - 2026-03-03 23:24:19 --> mysqli_sql_exception: Table 'itsi.servicios_comunitarios' doesn't exist in C:\xampp\htdocs\ITSI\vendor\codeigniter4\framework\system\Database\MySQLi\Connection.php:327
Stack trace:
#0 C:\xampp\htdocs\ITSI\vendor\codeigniter4\framework\system\Database\MySQLi\Connection.php(327): mysqli->query('SELECT `sc`.*, ...', 0)
#1 C:\xampp\htdocs\ITSI\vendor\codeigniter4\framework\system\Database\BaseConnection.php(738): CodeIgniter\Database\MySQLi\Connection->execute('SELECT `sc`.*, ...')
#2 C:\xampp\htdocs\ITSI\vendor\codeigniter4\framework\system\Database\BaseConnection.php(652): CodeIgniter\Database\BaseConnection->simpleQuery('SELECT `sc`.*, ...')
#3 C:\xampp\htdocs\ITSI\vendor\codeigniter4\framework\system\Database\BaseBuilder.php(1649): CodeIgniter\Database\BaseConnection->query('SELECT `sc`.*, ...', Array, false)
#4 C:\xampp\htdocs\ITSI\app\Controllers\estudiante\PracticasEstudianteController.php(491): CodeIgniter\Database\BaseBuilder->get()
#5 C:\xampp\htdocs\ITSI\app\Controllers\estudiante\PracticasEstudianteController.php(50): App\Controllers\estudiante\PracticasEstudianteController->obtenerServiciosComunitarios('3')
#6 C:\xampp\htdocs\ITSI\vendor\codeigniter4\framework\system\CodeIgniter.php(933): App\Controllers\estudiante\PracticasEstudianteController->index()
#7 C:\xampp\htdocs\ITSI\vendor\codeigniter4\framework\system\CodeIgniter.php(507): CodeIgniter\CodeIgniter->runController(Object(App\Controllers\estudiante\PracticasEstudianteController))
#8 C:\xampp\htdocs\ITSI\vendor\codeigniter4\framework\system\CodeIgniter.php(354): CodeIgniter\CodeIgniter->handleRequest(NULL, Object(Config\Cache), false)
#9 C:\xampp\htdocs\ITSI\vendor\codeigniter4\framework\system\Boot.php(334): CodeIgniter\CodeIgniter->run()
#10 C:\xampp\htdocs\ITSI\vendor\codeigniter4\framework\system\Boot.php(67): CodeIgniter\Boot::runCodeIgniter(Object(CodeIgniter\CodeIgniter))
#11 C:\xampp\htdocs\ITSI\public\index.php(59): CodeIgniter\Boot::bootWeb(Object(Config\Paths))
#12 {main}
ERROR - 2026-03-03 23:24:19 --> Error al obtener servicios comunitarios: Table 'itsi.servicios_comunitarios' doesn't exist
DEBUG - 2026-03-03 23:24:20 --> Session: Class initialized using 'CodeIgniter\Session\Handlers\FileHandler' driver.
DEBUG - 2026-03-03 23:24:22 --> Session: Class initialized using 'CodeIgniter\Session\Handlers\FileHandler' driver.
ERROR - 2026-03-03 23:24:22 --> mysqli_sql_exception: Table 'itsi.practicas_preprofesionales' doesn't exist in C:\xampp\htdocs\ITSI\vendor\codeigniter4\framework\system\Database\MySQLi\Connection.php:327
Stack trace:
#0 C:\xampp\htdocs\ITSI\vendor\codeigniter4\framework\system\Database\MySQLi\Connection.php(327): mysqli->query('SELECT COUNT(*)...', 0)
#1 C:\xampp\htdocs\ITSI\vendor\codeigniter4\framework\system\Database\BaseConnection.php(738): CodeIgniter\Database\MySQLi\Connection->execute('SELECT COUNT(*)...')
#2 C:\xampp\htdocs\ITSI\vendor\codeigniter4\framework\system\Database\BaseConnection.php(652): CodeIgniter\Database\BaseConnection->simpleQuery('SELECT COUNT(*)...')
#3 C:\xampp\htdocs\ITSI\vendor\codeigniter4\framework\system\Database\BaseBuilder.php(1733): CodeIgniter\Database\BaseConnection->query('SELECT COUNT(*)...', Array, false)
#4 C:\xampp\htdocs\ITSI\app\Controllers\estudiante\PracticasEstudianteController.php(297): CodeIgniter\Database\BaseBuilder->countAllResults()
#5 C:\xampp\htdocs\ITSI\app\Controllers\estudiante\PracticasEstudianteController.php(44): App\Controllers\estudiante\PracticasEstudianteController->obtenerEstadisticasEstudiante('3')
#6 C:\xampp\htdocs\ITSI\vendor\codeigniter4\framework\system\CodeIgniter.php(933): App\Controllers\estudiante\PracticasEstudianteController->index()
#7 C:\xampp\htdocs\ITSI\vendor\codeigniter4\framework\system\CodeIgniter.php(507): CodeIgniter\CodeIgniter->runController(Object(App\Controllers\estudiante\PracticasEstudianteController))
#8 C:\xampp\htdocs\ITSI\vendor\codeigniter4\framework\system\CodeIgniter.php(354): CodeIgniter\CodeIgniter->handleRequest(NULL, Object(Config\Cache), false)
#9 C:\xampp\htdocs\ITSI\vendor\codeigniter4\framework\system\Boot.php(334): CodeIgniter\CodeIgniter->run()
#10 C:\xampp\htdocs\ITSI\vendor\codeigniter4\framework\system\Boot.php(67): CodeIgniter\Boot::runCodeIgniter(Object(CodeIgniter\CodeIgniter))
#11 C:\xampp\htdocs\ITSI\public\index.php(59): CodeIgniter\Boot::bootWeb(Object(Config\Paths))
#12 {main}
ERROR - 2026-03-03 23:24:22 --> Error al obtener estadísticas: Table 'itsi.practicas_preprofesionales' doesn't exist
ERROR - 2026-03-03 23:24:22 --> mysqli_sql_exception: Table 'itsi.practicas_preprofesionales' doesn't exist in C:\xampp\htdocs\ITSI\vendor\codeigniter4\framework\system\Database\MySQLi\Connection.php:327
Stack trace:
#0 C:\xampp\htdocs\ITSI\vendor\codeigniter4\framework\system\Database\MySQLi\Connection.php(327): mysqli->query('SELECT `pp`.*, ...', 0)
#1 C:\xampp\htdocs\ITSI\vendor\codeigniter4\framework\system\Database\BaseConnection.php(738): CodeIgniter\Database\MySQLi\Connection->execute('SELECT `pp`.*, ...')
#2 C:\xampp\htdocs\ITSI\vendor\codeigniter4\framework\system\Database\BaseConnection.php(652): CodeIgniter\Database\BaseConnection->simpleQuery('SELECT `pp`.*, ...')
#3 C:\xampp\htdocs\ITSI\vendor\codeigniter4\framework\system\Database\BaseBuilder.php(1649): CodeIgniter\Database\BaseConnection->query('SELECT `pp`.*, ...', Array, false)
#4 C:\xampp\htdocs\ITSI\app\Controllers\estudiante\PracticasEstudianteController.php(472): CodeIgniter\Database\BaseBuilder->get()
#5 C:\xampp\htdocs\ITSI\app\Controllers\estudiante\PracticasEstudianteController.php(47): App\Controllers\estudiante\PracticasEstudianteController->obtenerPracticasPreprofesionales('3')
#6 C:\xampp\htdocs\ITSI\vendor\codeigniter4\framework\system\CodeIgniter.php(933): App\Controllers\estudiante\PracticasEstudianteController->index()
#7 C:\xampp\htdocs\ITSI\vendor\codeigniter4\framework\system\CodeIgniter.php(507): CodeIgniter\CodeIgniter->runController(Object(App\Controllers\estudiante\PracticasEstudianteController))
#8 C:\xampp\htdocs\ITSI\vendor\codeigniter4\framework\system\CodeIgniter.php(354): CodeIgniter\CodeIgniter->handleRequest(NULL, Object(Config\Cache), false)
#9 C:\xampp\htdocs\ITSI\vendor\codeigniter4\framework\system\Boot.php(334): CodeIgniter\CodeIgniter->run()
#10 C:\xampp\htdocs\ITSI\vendor\codeigniter4\framework\system\Boot.php(67): CodeIgniter\Boot::runCodeIgniter(Object(CodeIgniter\CodeIgniter))
#11 C:\xampp\htdocs\ITSI\public\index.php(59): CodeIgniter\Boot::bootWeb(Object(Config\Paths))
#12 {main}
ERROR - 2026-03-03 23:24:22 --> Error al obtener prácticas preprofesionales: Table 'itsi.practicas_preprofesionales' doesn't exist
ERROR - 2026-03-03 23:24:22 --> mysqli_sql_exception: Table 'itsi.servicios_comunitarios' doesn't exist in C:\xampp\htdocs\ITSI\vendor\codeigniter4\framework\system\Database\MySQLi\Connection.php:327
Stack trace:
#0 C:\xampp\htdocs\ITSI\vendor\codeigniter4\framework\system\Database\MySQLi\Connection.php(327): mysqli->query('SELECT `sc`.*, ...', 0)
#1 C:\xampp\htdocs\ITSI\vendor\codeigniter4\framework\system\Database\BaseConnection.php(738): CodeIgniter\Database\MySQLi\Connection->execute('SELECT `sc`.*, ...')
#2 C:\xampp\htdocs\ITSI\vendor\codeigniter4\framework\system\Database\BaseConnection.php(652): CodeIgniter\Database\BaseConnection->simpleQuery('SELECT `sc`.*, ...')
#3 C:\xampp\htdocs\ITSI\vendor\codeigniter4\framework\system\Database\BaseBuilder.php(1649): CodeIgniter\Database\BaseConnection->query('SELECT `sc`.*, ...', Array, false)
#4 C:\xampp\htdocs\ITSI\app\Controllers\estudiante\PracticasEstudianteController.php(491): CodeIgniter\Database\BaseBuilder->get()
#5 C:\xampp\htdocs\ITSI\app\Controllers\estudiante\PracticasEstudianteController.php(50): App\Controllers\estudiante\PracticasEstudianteController->obtenerServiciosComunitarios('3')
#6 C:\xampp\htdocs\ITSI\vendor\codeigniter4\framework\system\CodeIgniter.php(933): App\Controllers\estudiante\PracticasEstudianteController->index()
#7 C:\xampp\htdocs\ITSI\vendor\codeigniter4\framework\system\CodeIgniter.php(507): CodeIgniter\CodeIgniter->runController(Object(App\Controllers\estudiante\PracticasEstudianteController))
#8 C:\xampp\htdocs\ITSI\vendor\codeigniter4\framework\system\CodeIgniter.php(354): CodeIgniter\CodeIgniter->handleRequest(NULL, Object(Config\Cache), false)
#9 C:\xampp\htdocs\ITSI\vendor\codeigniter4\framework\system\Boot.php(334): CodeIgniter\CodeIgniter->run()
#10 C:\xampp\htdocs\ITSI\vendor\codeigniter4\framework\system\Boot.php(67): CodeIgniter\Boot::runCodeIgniter(Object(CodeIgniter\CodeIgniter))
#11 C:\xampp\htdocs\ITSI\public\index.php(59): CodeIgniter\Boot::bootWeb(Object(Config\Paths))
#12 {main}
ERROR - 2026-03-03 23:24:22 --> Error al obtener servicios comunitarios: Table 'itsi.servicios_comunitarios' doesn't exist
DEBUG - 2026-03-03 23:24:29 --> Session: Class initialized using 'CodeIgniter\Session\Handlers\FileHandler' driver.
INFO - 2026-03-03 23:24:29 --> Iniciando proceso de cierre de sesión para usuario: paguirre
INFO - 2026-03-03 23:24:29 --> Sesión cerrada exitosamente
DEBUG - 2026-03-03 23:24:29 --> Session: Class initialized using 'CodeIgniter\Session\Handlers\FileHandler' driver.
DEBUG - 2026-03-03 23:24:37 --> Session: Class initialized using 'CodeIgniter\Session\Handlers\FileHandler' driver.
INFO - 2026-03-03 23:24:37 --> Token de recordarme creado para usuario: 1004191845
INFO - 2026-03-03 23:24:37 --> Usuario autenticado: 1004191845 con rol: 1 - requiere cambio password: no
DEBUG - 2026-03-03 23:24:37 --> Session: Class initialized using 'CodeIgniter\Session\Handlers\FileHandler' driver.
DEBUG - 2026-03-03 23:24:37 --> Estadísticas mensuales: [{"mes":"Abr 2025","actividades":0,"practicas":0},{"mes":"May 2025","actividades":0,"practicas":0},{"mes":"Jun 2025","actividades":0,"practicas":1},{"mes":"Jul 2025","actividades":0,"practicas":1},{"mes":"Ago 2025","actividades":2,"practicas":1},{"mes":"Sep 2025","actividades":0,"practicas":1},{"mes":"Oct 2025","actividades":1,"practicas":1},{"mes":"Nov 2025","actividades":1,"practicas":1},{"mes":"Dic 2025","actividades":1,"practicas":1},{"mes":"Ene 2026","actividades":0,"practicas":1},{"mes":"Feb 2026","actividades":0,"practicas":1},{"mes":"Mar 2026","actividades":0,"practicas":1}]
DEBUG - 2026-03-03 23:24:37 --> Distribución carreras: [{"CARRERA":"Desarrollo de Software","TOTAL":"5"},{"CARRERA":"Dise\u00f1o Gr\u00e1fico","TOTAL":"4"},{"CARRERA":"Redes y Telecomunicaciones","TOTAL":"3"},{"CARRERA":"Administraci\u00f3n","TOTAL":"2"},{"CARRERA":"Marketing Digital y Comercio Electronico","TOTAL":"1"},{"CARRERA":"Atenci\u00f3n Integral a Adultos Mayores","TOTAL":"1"}]
DEBUG - 2026-03-03 23:24:41 --> Consulta SQL: SELECT *
FROM `TAB_DOCUMENTOS_PRACTICAS_PREPROFESIONALES` `dp`
DEBUG - 2026-03-03 23:24:41 --> Resultados obtenidos: 9
DEBUG - 2026-03-03 23:24:41 --> Tipos de documentos en index: [{"ID_TIPO_DOCUMENTO_PREPROFESIONAL":"1","CODIGO":"PPR-001","NOMBRE":"Oficio de Asignaci\u00f3n de Tutor","DESCRIPCION":"Documento oficial emitido por la coordinaci\u00f3n de la carrera que designa al docente responsable de la tutor\u00eda y seguimiento de las pr\u00e1cticas de servicio comunitario del estudiante.","ORDEN":"1","OBLIGATORIO":"1","ACTIVO":"1","FECHA_CREACION":"2025-09-04 06:59:17","FECHA_ACTUALIZACION":"2025-09-04 06:59:17"},{"ID_TIPO_DOCUMENTO_PREPROFESIONAL":"2","CODIGO":"PPR-002","NOMBRE":"Oficio a Entidad Receptora","DESCRIPCION":"Carta formal enviada por el estudiante a la instituci\u00f3n \"Instituto Tecnol\u00f3gico Superior Ibarra\", con el prop\u00f3sito de solicitar la oportunidad de realizar sus pr\u00e1cticas de servicio comunitario.","ORDEN":"2","OBLIGATORIO":"1","ACTIVO":"1","FECHA_CREACION":"2025-09-04 06:59:17","FECHA_ACTUALIZACION":"2025-09-04 06:59:17"},{"ID_TIPO_DOCUMENTO_PREPROFESIONAL":"3","CODIGO":"PPR-003","NOMBRE":"Carta de Aceptaci\u00f3n","DESCRIPCION":"Carta oficial de la entidad receptora \"Instituto Tecnol\u00f3gico Superior Ibarra\" que confirma la aceptaci\u00f3n del o los estudiantes para realizar las pr\u00e1cticas de servicio comunitario en sus instalaciones.","ORDEN":"3","OBLIGATORIO":"1","ACTIVO":"1","FECHA_CREACION":"2025-09-04 06:59:17","FECHA_ACTUALIZACION":"2025-09-04 06:59:17"},{"ID_TIPO_DOCUMENTO_PREPROFESIONAL":"4","CODIGO":"PPR-004","NOMBRE":"Solicitud Institucional Valorada","DESCRIPCION":"Documento de solicitud formal dirigido al Sr. Rector, Dr. Mario Montenegro, pidiendo la aprobaci\u00f3n institucional para la realizaci\u00f3n de las pr\u00e1cticas de servicio comunitario.","ORDEN":"4","OBLIGATORIO":"1","ACTIVO":"1","FECHA_CREACION":"2025-09-04 06:59:17","FECHA_ACTUALIZACION":"2025-09-04 06:59:17"},{"ID_TIPO_DOCUMENTO_PREPROFESIONAL":"5","CODIGO":"PPR-005","NOMBRE":"Certificado de Culminaci\u00f3n de Horas","DESCRIPCION":"Certificado emitido por la entidad receptora \"Instituto Tecnol\u00f3gico Superior Ibarra\" que acredita que el estudiante ha completado las 60 horas requeridas de pr\u00e1cticas de servicio comunitario.","ORDEN":"5","OBLIGATORIO":"1","ACTIVO":"1","FECHA_CREACION":"2025-09-04 06:59:17","FECHA_ACTUALIZACION":"2025-09-04 06:59:17"},{"ID_TIPO_DOCUMENTO_PREPROFESIONAL":"6","CODIGO":"PPR-006","NOMBRE":"Hojas de Asistencia","DESCRIPCION":"Registro f\u00edsico de la asistencia del estudiante en la entidad receptora. Incluye las firmas y sellos para validar las horas de trabajo.","ORDEN":"6","OBLIGATORIO":"1","ACTIVO":"1","FECHA_CREACION":"2025-09-04 06:59:17","FECHA_ACTUALIZACION":"2025-09-04 06:59:17"},{"ID_TIPO_DOCUMENTO_PREPROFESIONAL":"7","CODIGO":"PPR-007","NOMBRE":"Ficha de Registro de Actividades","DESCRIPCION":"Documento detallado en el que el estudiante registra las actividades espec\u00edficas realizadas durante sus pr\u00e1cticas, incluyendo fechas y descripciones.","ORDEN":"7","OBLIGATORIO":"1","ACTIVO":"1","FECHA_CREACION":"2025-09-04 06:59:17","FECHA_ACTUALIZACION":"2025-09-04 06:59:17"},{"ID_TIPO_DOCUMENTO_PREPROFESIONAL":"8","CODIGO":"PPR-008","NOMBRE":"R\u00fabrica de Evaluaci\u00f3n de Entidad","DESCRIPCION":"Formulario de evaluaci\u00f3n del desempe\u00f1o del estudiante, llenado y sellado por la entidad receptora. Valora aspectos como la responsabilidad, la proactividad y la calidad del trabajo.","ORDEN":"8","OBLIGATORIO":"1","ACTIVO":"1","FECHA_CREACION":"2025-09-04 06:59:17","FECHA_ACTUALIZACION":"2025-09-04 06:59:17"},{"ID_TIPO_DOCUMENTO_PREPROFESIONAL":"9","CODIGO":"PPR-009","NOMBRE":"Ficha de Control y Seguimiento Docente","DESCRIPCION":"Documento utilizado por el tutor docente para registrar el seguimiento acad\u00e9mico del estudiante durante las pr\u00e1cticas. Incluye visitas o revisiones peri\u00f3dicas.","ORDEN":"9","OBLIGATORIO":"1","ACTIVO":"1","FECHA_CREACION":"2025-09-04 06:59:17","FECHA_ACTUALIZACION":"2025-09-04 06:59:17"},{"ID_TIPO_DOCUMENTO_PREPROFESIONAL":"10","CODIGO":"PPR-010","NOMBRE":"R\u00fabrica de Evaluaci\u00f3n Docente","DESCRIPCION":"R\u00fabrica de evaluaci\u00f3n llenada y firmada por el tutor docente. Califica el desempe\u00f1o del estudiante en base a los criterios acad\u00e9micos del programa.","ORDEN":"10","OBLIGATORIO":"1","ACTIVO":"1","FECHA_CREACION":"2025-09-04 06:59:17","FECHA_ACTUALIZACION":"2025-09-04 06:59:17"},{"ID_TIPO_DOCUMENTO_PREPROFESIONAL":"11","CODIGO":"PPR-011","NOMBRE":"R\u00fabrica de Evaluaci\u00f3n de Resultados","DESCRIPCION":"Evaluaci\u00f3n final realizada por el Departamento de Vinculaci\u00f3n con la Sociedad, que valora los resultados y el impacto del proyecto de servicio comunitario en su conjunto.","ORDEN":"11","OBLIGATORIO":"1","ACTIVO":"1","FECHA_CREACION":"2025-09-04 06:59:17","FECHA_ACTUALIZACION":"2025-09-04 06:59:17"},{"ID_TIPO_DOCUMENTO_PREPROFESIONAL":"12","CODIGO":"PPR-012","NOMBRE":"Evidencia Fotogr\u00e1fica y Digital","DESCRIPCION":"Material de apoyo visual y digital, como fotos, capturas, videos o impresiones, que documenta y comprueba la realizaci\u00f3n de las actividades y trabajos del proyecto.","ORDEN":"12","OBLIGATORIO":"1","ACTIVO":"1","FECHA_CREACION":"2025-09-04 06:59:17","FECHA_ACTUALIZACION":"2025-09-04 06:59:17"}]
DEBUG - 2026-03-03 23:24:41 --> Session: Class initialized using 'CodeIgniter\Session\Handlers\FileHandler' driver.
DEBUG - 2026-03-03 23:24:42 --> Consulta SQL: SELECT *
FROM `TAB_DOCUMENTOS_PRACTICAS_PREPROFESIONALES` `dp`
DEBUG - 2026-03-03 23:24:42 --> Resultados obtenidos: 9
DEBUG - 2026-03-03 23:24:42 --> Documentos obtenidos: [{"ID_DOCUMENTO_PREPROFESIONAL":"17","ID_PRACTICA_PREPROFESIONAL":"2","ID_TIPO_DOCUMENTO":"9","ID_ESTADO_REVISION":"4","NOMBRE_ARCHIVO":"ficha_control_seguimiento_002_20250920.pdf","NOMBRE_ORIGINAL":"Ficha Control Seguimiento - Mar\u00eda.pdf","TIPO_ARCHIVO":"application\/pdf","TAMANO_ARCHIVO":"112233","RUTA_ARCHIVO":"\/uploads\/documentos-practicas\/","FECHA_SUBIDA":"2025-09-20 10:15:00","FECHA_REVISION":"2025-09-20 12:45:00","ID_REVISOR":"18","OBSERVACIONES":"Ficha de control y seguimiento docente","OBSERVACIONES_REVISOR":"Faltan las firmas del tutor docente, documento inv\u00e1lido","VERSION":"1","ACTIVO":"1","FECHA_CREACION":"2025-09-04 06:59:17","FECHA_ACTUALIZACION":"2025-09-04 06:59:17","ID_TIPO_DOCUMENTO_PREPROFESIONAL":"9","TIPO_DOCUMENTO_CODIGO":"PPR-009","TIPO_DOCUMENTO_NOMBRE":"Ficha de Control y Seguimiento Docente","TIPO_DOCUMENTO_DESCRIPCION":"Documento utilizado por el tutor docente para registrar el seguimiento acad\u00e9mico del estudiante durante las pr\u00e1cticas. Incluye visitas o revisiones peri\u00f3dicas.","TIPO_DOCUMENTO_ORDEN":"9","TIPO_DOCUMENTO_OBLIGATORIO":"1","ESTADO_REVISION":"Rechazado","ID_ESTUDIANTE":"2","ENTIDAD_RECEPTORA":"Banco del Pac\u00edfico","ESTUDIANTE_NOMBRE":"Mar\u00eda Elena Garc\u00eda Torres","NOMBRE_ESTUDIANTE":"Mar\u00eda Elena","APELLIDO_ESTUDIANTE":"Garc\u00eda Torres","CEDULA_ESTUDIANTE":"1002345678"},{"ID_DOCUMENTO_PREPROFESIONAL":"15","ID_PRACTICA_PREPROFESIONAL":"2","ID_TIPO_DOCUMENTO":"7","ID_ESTADO_REVISION":"5","NOMBRE_ARCHIVO":"ficha_registro_actividades_002_20250915.pdf","NOMBRE_ORIGINAL":"Ficha Registro Actividades - Mar\u00eda.pdf","TIPO_ARCHIVO":"application\/pdf","TAMANO_ARCHIVO":"98765","RUTA_ARCHIVO":"\/uploads\/documentos-practicas\/","FECHA_SUBIDA":"2025-09-15 11:30:00","FECHA_REVISION":"2025-09-15 14:20:00","ID_REVISOR":"18","OBSERVACIONES":"Ficha de registro de actividades","OBSERVACIONES_REVISOR":"Descripci\u00f3n de actividades muy general, especificar m\u00e1s detalles","VERSION":"1","ACTIVO":"1","FECHA_CREACION":"2025-09-04 06:59:17","FECHA_ACTUALIZACION":"2025-09-04 06:59:17","ID_TIPO_DOCUMENTO_PREPROFESIONAL":"7","TIPO_DOCUMENTO_CODIGO":"PPR-007","TIPO_DOCUMENTO_NOMBRE":"Ficha de Registro de Actividades","TIPO_DOCUMENTO_DESCRIPCION":"Documento detallado en el que el estudiante registra las actividades espec\u00edficas realizadas durante sus pr\u00e1cticas, incluyendo fechas y descripciones.","TIPO_DOCUMENTO_ORDEN":"7","TIPO_DOCUMENTO_OBLIGATORIO":"1","ESTADO_REVISION":"Requiere Correcci\u00f3n","ID_ESTUDIANTE":"2","ENTIDAD_RECEPTORA":"Banco del Pac\u00edfico","ESTUDIANTE_NOMBRE":"Mar\u00eda Elena Garc\u00eda Torres","NOMBRE_ESTUDIANTE":"Mar\u00eda Elena","APELLIDO_ESTUDIANTE":"Garc\u00eda Torres","CEDULA_ESTUDIANTE":"1002345678"},{"ID_DOCUMENTO_PREPROFESIONAL":"14","ID_PRACTICA_PREPROFESIONAL":"1","ID_TIPO_DOCUMENTO":"6","ID_ESTADO_REVISION":"5","NOMBRE_ARCHIVO":"hojas_asistencia_001_20250830.pdf","NOMBRE_ORIGINAL":"Hojas de Asistencia - Juan Carlos.pdf","TIPO_ARCHIVO":"application\/pdf","TAMANO_ARCHIVO":"123456","RUTA_ARCHIVO":"\/uploads\/documentos-practicas\/","FECHA_SUBIDA":"2025-08-30 16:15:00","FECHA_REVISION":"2025-08-30 17:45:00","ID_REVISOR":"17","OBSERVACIONES":"Hojas de asistencia completas","OBSERVACIONES_REVISOR":"Faltan firmas en algunas fechas, corregir y volver a subir","VERSION":"1","ACTIVO":"1","FECHA_CREACION":"2025-09-04 06:59:17","FECHA_ACTUALIZACION":"2025-09-04 06:59:17","ID_TIPO_DOCUMENTO_PREPROFESIONAL":"6","TIPO_DOCUMENTO_CODIGO":"PPR-006","TIPO_DOCUMENTO_NOMBRE":"Hojas de Asistencia","TIPO_DOCUMENTO_DESCRIPCION":"Registro f\u00edsico de la asistencia del estudiante en la entidad receptora. Incluye las firmas y sellos para validar las horas de trabajo.","TIPO_DOCUMENTO_ORDEN":"6","TIPO_DOCUMENTO_OBLIGATORIO":"1","ESTADO_REVISION":"Requiere Correcci\u00f3n","ID_ESTUDIANTE":"1","ENTIDAD_RECEPTORA":"Hospital San Vicente de Pa\u00fal","ESTUDIANTE_NOMBRE":"Juan Carlos P\u00e9rez L\u00f3pez","NOMBRE_ESTUDIANTE":"Juan Carlos","APELLIDO_ESTUDIANTE":"P\u00e9rez L\u00f3pez","CEDULA_ESTUDIANTE":"1001234567"},{"ID_DOCUMENTO_PREPROFESIONAL":"16","ID_PRACTICA_PREPROFESIONAL":"1","ID_TIPO_DOCUMENTO":"8","ID_ESTADO_REVISION":"4","NOMBRE_ARCHIVO":"rubrica_evaluacion_entidad_001_20250825.pdf","NOMBRE_ORIGINAL":"R\u00fabrica Evaluaci\u00f3n Entidad - Juan.pdf","TIPO_ARCHIVO":"application\/pdf","TAMANO_ARCHIVO":"87654","RUTA_ARCHIVO":"\/uploads\/documentos-practicas\/","FECHA_SUBIDA":"2025-08-25 15:00:00","FECHA_REVISION":"2025-08-25 16:30:00","ID_REVISOR":"17","OBSERVACIONES":"R\u00fabrica de evaluaci\u00f3n de entidad","OBSERVACIONES_REVISOR":"Documento no tiene sello oficial de la entidad, rechazado","VERSION":"1","ACTIVO":"1","FECHA_CREACION":"2025-09-04 06:59:17","FECHA_ACTUALIZACION":"2025-09-04 06:59:17","ID_TIPO_DOCUMENTO_PREPROFESIONAL":"8","TIPO_DOCUMENTO_CODIGO":"PPR-008","TIPO_DOCUMENTO_NOMBRE":"R\u00fabrica de Evaluaci\u00f3n de Entidad","TIPO_DOCUMENTO_DESCRIPCION":"Formulario de evaluaci\u00f3n del desempe\u00f1o del estudiante, llenado y sellado por la entidad receptora. Valora aspectos como la responsabilidad, la proactividad y la calidad del trabajo.","TIPO_DOCUMENTO_ORDEN":"8","TIPO_DOCUMENTO_OBLIGATORIO":"1","ESTADO_REVISION":"Rechazado","ID_ESTUDIANTE":"1","ENTIDAD_RECEPTORA":"Hospital San Vicente de Pa\u00fal","ESTUDIANTE_NOMBRE":"Juan Carlos P\u00e9rez L\u00f3pez","NOMBRE_ESTUDIANTE":"Juan Carlos","APELLIDO_ESTUDIANTE":"P\u00e9rez L\u00f3pez","CEDULA_ESTUDIANTE":"1001234567"},{"ID_DOCUMENTO_PREPROFESIONAL":"5","ID_PRACTICA_PREPROFESIONAL":"2","ID_TIPO_DOCUMENTO":"2","ID_ESTADO_REVISION":"3","NOMBRE_ARCHIVO":"oficio_entidad_receptora_002_20250702.pdf","NOMBRE_ORIGINAL":"Oficio Entidad Receptora - Banco.pdf","TIPO_ARCHIVO":"application\/pdf","TAMANO_ARCHIVO":"178944","RUTA_ARCHIVO":"\/uploads\/documentos-practicas\/","FECHA_SUBIDA":"2025-07-02 15:45:00","FECHA_REVISION":"2025-07-02 17:20:00","ID_REVISOR":"18","OBSERVACIONES":"Oficio enviado a la entidad receptora","OBSERVACIONES_REVISOR":"Oficio formal y bien estructurado","VERSION":"1","ACTIVO":"1","FECHA_CREACION":"2025-09-04 06:59:17","FECHA_ACTUALIZACION":"2025-09-04 06:59:17","ID_TIPO_DOCUMENTO_PREPROFESIONAL":"2","TIPO_DOCUMENTO_CODIGO":"PPR-002","TIPO_DOCUMENTO_NOMBRE":"Oficio a Entidad Receptora","TIPO_DOCUMENTO_DESCRIPCION":"Carta formal enviada por el estudiante a la instituci\u00f3n \"Instituto Tecnol\u00f3gico Superior Ibarra\", con el prop\u00f3sito de solicitar la oportunidad de realizar sus pr\u00e1cticas de servicio comunitario.","TIPO_DOCUMENTO_ORDEN":"2","TIPO_DOCUMENTO_OBLIGATORIO":"1","ESTADO_REVISION":"Aprobado","ID_ESTUDIANTE":"2","ENTIDAD_RECEPTORA":"Banco del Pac\u00edfico","ESTUDIANTE_NOMBRE":"Mar\u00eda Elena Garc\u00eda Torres","NOMBRE_ESTUDIANTE":"Mar\u00eda Elena","APELLIDO_ESTUDIANTE":"Garc\u00eda Torres","CEDULA_ESTUDIANTE":"1002345678"},{"ID_DOCUMENTO_PREPROFESIONAL":"4","ID_PRACTICA_PREPROFESIONAL":"2","ID_TIPO_DOCUMENTO":"1","ID_ESTADO_REVISION":"3","NOMBRE_ARCHIVO":"oficio_asignacion_tutor_002_20250701.pdf","NOMBRE_ORIGINAL":"Oficio Asignaci\u00f3n Tutor - Mar\u00eda Elena.pdf","TIPO_ARCHIVO":"application\/pdf","TAMANO_ARCHIVO":"234880","RUTA_ARCHIVO":"\/uploads\/documentos-practicas\/","FECHA_SUBIDA":"2025-07-01 11:00:00","FECHA_REVISION":"2025-07-01 13:15:00","ID_REVISOR":"18","OBSERVACIONES":"Documento oficial de asignaci\u00f3n","OBSERVACIONES_REVISOR":"Asignaci\u00f3n correcta del tutor","VERSION":"1","ACTIVO":"1","FECHA_CREACION":"2025-09-04 06:59:17","FECHA_ACTUALIZACION":"2025-09-04 06:59:17","ID_TIPO_DOCUMENTO_PREPROFESIONAL":"1","TIPO_DOCUMENTO_CODIGO":"PPR-001","TIPO_DOCUMENTO_NOMBRE":"Oficio de Asignaci\u00f3n de Tutor","TIPO_DOCUMENTO_DESCRIPCION":"Documento oficial emitido por la coordinaci\u00f3n de la carrera que designa al docente responsable de la tutor\u00eda y seguimiento de las pr\u00e1cticas de servicio comunitario del estudiante.","TIPO_DOCUMENTO_ORDEN":"1","TIPO_DOCUMENTO_OBLIGATORIO":"1","ESTADO_REVISION":"Aprobado","ID_ESTUDIANTE":"2","ENTIDAD_RECEPTORA":"Banco del Pac\u00edfico","ESTUDIANTE_NOMBRE":"Mar\u00eda Elena Garc\u00eda Torres","NOMBRE_ESTUDIANTE":"Mar\u00eda Elena","APELLIDO_ESTUDIANTE":"Garc\u00eda Torres","CEDULA_ESTUDIANTE":"1002345678"},{"ID_DOCUMENTO_PREPROFESIONAL":"3","ID_PRACTICA_PREPROFESIONAL":"1","ID_TIPO_DOCUMENTO":"3","ID_ESTADO_REVISION":"3","NOMBRE_ARCHIVO":"carta_aceptacion_001_20250603.pdf","NOMBRE_ORIGINAL":"Carta Aceptaci\u00f3n - Hospital.pdf","TIPO_ARCHIVO":"application\/pdf","TAMANO_ARCHIVO":"156672","RUTA_ARCHIVO":"\/uploads\/documentos-practicas\/","FECHA_SUBIDA":"2025-06-03 09:15:00","FECHA_REVISION":"2025-06-03 11:20:00","ID_REVISOR":"17","OBSERVACIONES":"Carta de aceptaci\u00f3n de la entidad","OBSERVACIONES_REVISOR":"Carta oficial con sello institucional","VERSION":"1","ACTIVO":"1","FECHA_CREACION":"2025-09-04 06:59:17","FECHA_ACTUALIZACION":"2025-09-04 06:59:17","ID_TIPO_DOCUMENTO_PREPROFESIONAL":"3","TIPO_DOCUMENTO_CODIGO":"PPR-003","TIPO_DOCUMENTO_NOMBRE":"Carta de Aceptaci\u00f3n","TIPO_DOCUMENTO_DESCRIPCION":"Carta oficial de la entidad receptora \"Instituto Tecnol\u00f3gico Superior Ibarra\" que confirma la aceptaci\u00f3n del o los estudiantes para realizar las pr\u00e1cticas de servicio comunitario en sus instalaciones.","TIPO_DOCUMENTO_ORDEN":"3","TIPO_DOCUMENTO_OBLIGATORIO":"1","ESTADO_REVISION":"Aprobado","ID_ESTUDIANTE":"1","ENTIDAD_RECEPTORA":"Hospital San Vicente de Pa\u00fal","ESTUDIANTE_NOMBRE":"Juan Carlos P\u00e9rez L\u00f3pez","NOMBRE_ESTUDIANTE":"Juan Carlos","APELLIDO_ESTUDIANTE":"P\u00e9rez L\u00f3pez","CEDULA_ESTUDIANTE":"1001234567"},{"ID_DOCUMENTO_PREPROFESIONAL":"2","ID_PRACTICA_PREPROFESIONAL":"1","ID_TIPO_DOCUMENTO":"2","ID_ESTADO_REVISION":"3","NOMBRE_ARCHIVO":"oficio_entidad_receptora_001_20250602.pdf","NOMBRE_ORIGINAL":"Oficio Entidad Receptora - Hospital.pdf","TIPO_ARCHIVO":"application\/pdf","TAMANO_ARCHIVO":"189440","RUTA_ARCHIVO":"\/uploads\/documentos-practicas\/","FECHA_SUBIDA":"2025-06-02 14:30:00","FECHA_REVISION":"2025-06-02 16:45:00","ID_REVISOR":"17","OBSERVACIONES":"Oficio enviado a la entidad receptora","OBSERVACIONES_REVISOR":"Oficio bien redactado y formal","VERSION":"1","ACTIVO":"1","FECHA_CREACION":"2025-09-04 06:59:17","FECHA_ACTUALIZACION":"2025-09-04 06:59:17","ID_TIPO_DOCUMENTO_PREPROFESIONAL":"2","TIPO_DOCUMENTO_CODIGO":"PPR-002","TIPO_DOCUMENTO_NOMBRE":"Oficio a Entidad Receptora","TIPO_DOCUMENTO_DESCRIPCION":"Carta formal enviada por el estudiante a la instituci\u00f3n \"Instituto Tecnol\u00f3gico Superior Ibarra\", con el prop\u00f3sito de solicitar la oportunidad de realizar sus pr\u00e1cticas de servicio comunitario.","TIPO_DOCUMENTO_ORDEN":"2","TIPO_DOCUMENTO_OBLIGATORIO":"1","ESTADO_REVISION":"Aprobado","ID_ESTUDIANTE":"1","ENTIDAD_RECEPTORA":"Hospital San Vicente de Pa\u00fal","ESTUDIANTE_NOMBRE":"Juan Carlos P\u00e9rez L\u00f3pez","NOMBRE_ESTUDIANTE":"Juan Carlos","APELLIDO_ESTUDIANTE":"P\u00e9rez L\u00f3pez","CEDULA_ESTUDIANTE":"1001234567"},{"ID_DOCUMENTO_PREPROFESIONAL":"1","ID_PRACTICA_PREPROFESIONAL":"1","ID_TIPO_DOCUMENTO":"1","ID_ESTADO_REVISION":"3","NOMBRE_ARCHIVO":"oficio_asignacion_tutor_001_20250601.pdf","NOMBRE_ORIGINAL":"Oficio Asignaci\u00f3n Tutor - Juan Carlos.pdf","TIPO_ARCHIVO":"application\/pdf","TAMANO_ARCHIVO":"245760","RUTA_ARCHIVO":"\/uploads\/documentos-practicas\/","FECHA_SUBIDA":"2025-06-01 10:00:00","FECHA_REVISION":"2025-06-01 14:30:00","ID_REVISOR":"17","OBSERVACIONES":"Documento oficial de asignaci\u00f3n","OBSERVACIONES_REVISOR":"Documento aprobado correctamente","VERSION":"1","ACTIVO":"1","FECHA_CREACION":"2025-09-04 06:59:17","FECHA_ACTUALIZACION":"2025-09-04 06:59:17","ID_TIPO_DOCUMENTO_PREPROFESIONAL":"1","TIPO_DOCUMENTO_CODIGO":"PPR-001","TIPO_DOCUMENTO_NOMBRE":"Oficio de Asignaci\u00f3n de Tutor","TIPO_DOCUMENTO_DESCRIPCION":"Documento oficial emitido por la coordinaci\u00f3n de la carrera que designa al docente responsable de la tutor\u00eda y seguimiento de las pr\u00e1cticas de servicio comunitario del estudiante.","TIPO_DOCUMENTO_ORDEN":"1","TIPO_DOCUMENTO_OBLIGATORIO":"1","ESTADO_REVISION":"Aprobado","ID_ESTUDIANTE":"1","ENTIDAD_RECEPTORA":"Hospital San Vicente de Pa\u00fal","ESTUDIANTE_NOMBRE":"Juan Carlos P\u00e9rez L\u00f3pez","NOMBRE_ESTUDIANTE":"Juan Carlos","APELLIDO_ESTUDIANTE":"P\u00e9rez L\u00f3pez","CEDULA_ESTUDIANTE":"1001234567"}]
DEBUG - 2026-03-03 23:24:46 --> Session: Class initialized using 'CodeIgniter\Session\Handlers\FileHandler' driver.
ERROR - 2026-03-03 23:24:46 --> mysqli_sql_exception: Unknown column 'dsc.ESTADO_REVISION' in 'field list' in C:\xampp\htdocs\ITSI\vendor\codeigniter4\framework\system\Database\MySQLi\Connection.php:327
Stack trace:
#0 C:\xampp\htdocs\ITSI\vendor\codeigniter4\framework\system\Database\MySQLi\Connection.php(327): mysqli->query('SELECT COUNT(*)...', 0)
#1 C:\xampp\htdocs\ITSI\vendor\codeigniter4\framework\system\Database\BaseConnection.php(738): CodeIgniter\Database\MySQLi\Connection->execute('SELECT COUNT(*)...')
#2 C:\xampp\htdocs\ITSI\vendor\codeigniter4\framework\system\Database\BaseConnection.php(652): CodeIgniter\Database\BaseConnection->simpleQuery('SELECT COUNT(*)...')
#3 C:\xampp\htdocs\ITSI\vendor\codeigniter4\framework\system\Database\BaseBuilder.php(1649): CodeIgniter\Database\BaseConnection->query('SELECT COUNT(*)...', Array, false)
#4 C:\xampp\htdocs\ITSI\app\Models\DocumentosServicioComunitarioModel.php(137): CodeIgniter\Database\BaseBuilder->get()
#5 C:\xampp\htdocs\ITSI\app\Controllers\admin\DocumentosAdminController.php(45): App\Models\DocumentosServicioComunitarioModel->getEstadisticasDocumentos()
#6 C:\xampp\htdocs\ITSI\vendor\codeigniter4\framework\system\CodeIgniter.php(933): App\Controllers\admin\DocumentosAdminController->documentosServicioComunitario()
#7 C:\xampp\htdocs\ITSI\vendor\codeigniter4\framework\system\CodeIgniter.php(507): CodeIgniter\CodeIgniter->runController(Object(App\Controllers\admin\DocumentosAdminController))
#8 C:\xampp\htdocs\ITSI\vendor\codeigniter4\framework\system\CodeIgniter.php(354): CodeIgniter\CodeIgniter->handleRequest(NULL, Object(Config\Cache), false)
#9 C:\xampp\htdocs\ITSI\vendor\codeigniter4\framework\system\Boot.php(334): CodeIgniter\CodeIgniter->run()
#10 C:\xampp\htdocs\ITSI\vendor\codeigniter4\framework\system\Boot.php(67): CodeIgniter\Boot::runCodeIgniter(Object(CodeIgniter\CodeIgniter))
#11 C:\xampp\htdocs\ITSI\public\index.php(59): CodeIgniter\Boot::bootWeb(Object(Config\Paths))
#12 {main}
DEBUG - 2026-03-03 23:24:48 --> Consulta SQL: SELECT *
FROM `TAB_DOCUMENTOS_PRACTICAS_PREPROFESIONALES` `dp`
DEBUG - 2026-03-03 23:24:48 --> Resultados obtenidos: 9
DEBUG - 2026-03-03 23:24:48 --> Tipos de documentos en index: [{"ID_TIPO_DOCUMENTO_PREPROFESIONAL":"1","CODIGO":"PPR-001","NOMBRE":"Oficio de Asignaci\u00f3n de Tutor","DESCRIPCION":"Documento oficial emitido por la coordinaci\u00f3n de la carrera que designa al docente responsable de la tutor\u00eda y seguimiento de las pr\u00e1cticas de servicio comunitario del estudiante.","ORDEN":"1","OBLIGATORIO":"1","ACTIVO":"1","FECHA_CREACION":"2025-09-04 06:59:17","FECHA_ACTUALIZACION":"2025-09-04 06:59:17"},{"ID_TIPO_DOCUMENTO_PREPROFESIONAL":"2","CODIGO":"PPR-002","NOMBRE":"Oficio a Entidad Receptora","DESCRIPCION":"Carta formal enviada por el estudiante a la instituci\u00f3n \"Instituto Tecnol\u00f3gico Superior Ibarra\", con el prop\u00f3sito de solicitar la oportunidad de realizar sus pr\u00e1cticas de servicio comunitario.","ORDEN":"2","OBLIGATORIO":"1","ACTIVO":"1","FECHA_CREACION":"2025-09-04 06:59:17","FECHA_ACTUALIZACION":"2025-09-04 06:59:17"},{"ID_TIPO_DOCUMENTO_PREPROFESIONAL":"3","CODIGO":"PPR-003","NOMBRE":"Carta de Aceptaci\u00f3n","DESCRIPCION":"Carta oficial de la entidad receptora \"Instituto Tecnol\u00f3gico Superior Ibarra\" que confirma la aceptaci\u00f3n del o los estudiantes para realizar las pr\u00e1cticas de servicio comunitario en sus instalaciones.","ORDEN":"3","OBLIGATORIO":"1","ACTIVO":"1","FECHA_CREACION":"2025-09-04 06:59:17","FECHA_ACTUALIZACION":"2025-09-04 06:59:17"},{"ID_TIPO_DOCUMENTO_PREPROFESIONAL":"4","CODIGO":"PPR-004","NOMBRE":"Solicitud Institucional Valorada","DESCRIPCION":"Documento de solicitud formal dirigido al Sr. Rector, Dr. Mario Montenegro, pidiendo la aprobaci\u00f3n institucional para la realizaci\u00f3n de las pr\u00e1cticas de servicio comunitario.","ORDEN":"4","OBLIGATORIO":"1","ACTIVO":"1","FECHA_CREACION":"2025-09-04 06:59:17","FECHA_ACTUALIZACION":"2025-09-04 06:59:17"},{"ID_TIPO_DOCUMENTO_PREPROFESIONAL":"5","CODIGO":"PPR-005","NOMBRE":"Certificado de Culminaci\u00f3n de Horas","DESCRIPCION":"Certificado emitido por la entidad receptora \"Instituto Tecnol\u00f3gico Superior Ibarra\" que acredita que el estudiante ha completado las 60 horas requeridas de pr\u00e1cticas de servicio comunitario.","ORDEN":"5","OBLIGATORIO":"1","ACTIVO":"1","FECHA_CREACION":"2025-09-04 06:59:17","FECHA_ACTUALIZACION":"2025-09-04 06:59:17"},{"ID_TIPO_DOCUMENTO_PREPROFESIONAL":"6","CODIGO":"PPR-006","NOMBRE":"Hojas de Asistencia","DESCRIPCION":"Registro f\u00edsico de la asistencia del estudiante en la entidad receptora. Incluye las firmas y sellos para validar las horas de trabajo.","ORDEN":"6","OBLIGATORIO":"1","ACTIVO":"1","FECHA_CREACION":"2025-09-04 06:59:17","FECHA_ACTUALIZACION":"2025-09-04 06:59:17"},{"ID_TIPO_DOCUMENTO_PREPROFESIONAL":"7","CODIGO":"PPR-007","NOMBRE":"Ficha de Registro de Actividades","DESCRIPCION":"Documento detallado en el que el estudiante registra las actividades espec\u00edficas realizadas durante sus pr\u00e1cticas, incluyendo fechas y descripciones.","ORDEN":"7","OBLIGATORIO":"1","ACTIVO":"1","FECHA_CREACION":"2025-09-04 06:59:17","FECHA_ACTUALIZACION":"2025-09-04 06:59:17"},{"ID_TIPO_DOCUMENTO_PREPROFESIONAL":"8","CODIGO":"PPR-008","NOMBRE":"R\u00fabrica de Evaluaci\u00f3n de Entidad","DESCRIPCION":"Formulario de evaluaci\u00f3n del desempe\u00f1o del estudiante, llenado y sellado por la entidad receptora. Valora aspectos como la responsabilidad, la proactividad y la calidad del trabajo.","ORDEN":"8","OBLIGATORIO":"1","ACTIVO":"1","FECHA_CREACION":"2025-09-04 06:59:17","FECHA_ACTUALIZACION":"2025-09-04 06:59:17"},{"ID_TIPO_DOCUMENTO_PREPROFESIONAL":"9","CODIGO":"PPR-009","NOMBRE":"Ficha de Control y Seguimiento Docente","DESCRIPCION":"Documento utilizado por el tutor docente para registrar el seguimiento acad\u00e9mico del estudiante durante las pr\u00e1cticas. Incluye visitas o revisiones peri\u00f3dicas.","ORDEN":"9","OBLIGATORIO":"1","ACTIVO":"1","FECHA_CREACION":"2025-09-04 06:59:17","FECHA_ACTUALIZACION":"2025-09-04 06:59:17"},{"ID_TIPO_DOCUMENTO_PREPROFESIONAL":"10","CODIGO":"PPR-010","NOMBRE":"R\u00fabrica de Evaluaci\u00f3n Docente","DESCRIPCION":"R\u00fabrica de evaluaci\u00f3n llenada y firmada por el tutor docente. Califica el desempe\u00f1o del estudiante en base a los criterios acad\u00e9micos del programa.","ORDEN":"10","OBLIGATORIO":"1","ACTIVO":"1","FECHA_CREACION":"2025-09-04 06:59:17","FECHA_ACTUALIZACION":"2025-09-04 06:59:17"},{"ID_TIPO_DOCUMENTO_PREPROFESIONAL":"11","CODIGO":"PPR-011","NOMBRE":"R\u00fabrica de Evaluaci\u00f3n de Resultados","DESCRIPCION":"Evaluaci\u00f3n final realizada por el Departamento de Vinculaci\u00f3n con la Sociedad, que valora los resultados y el impacto del proyecto de servicio comunitario en su conjunto.","ORDEN":"11","OBLIGATORIO":"1","ACTIVO":"1","FECHA_CREACION":"2025-09-04 06:59:17","FECHA_ACTUALIZACION":"2025-09-04 06:59:17"},{"ID_TIPO_DOCUMENTO_PREPROFESIONAL":"12","CODIGO":"PPR-012","NOMBRE":"Evidencia Fotogr\u00e1fica y Digital","DESCRIPCION":"Material de apoyo visual y digital, como fotos, capturas, videos o impresiones, que documenta y comprueba la realizaci\u00f3n de las actividades y trabajos del proyecto.","ORDEN":"12","OBLIGATORIO":"1","ACTIVO":"1","FECHA_CREACION":"2025-09-04 06:59:17","FECHA_ACTUALIZACION":"2025-09-04 06:59:17"}]
DEBUG - 2026-03-03 23:24:48 --> Session: Class initialized using 'CodeIgniter\Session\Handlers\FileHandler' driver.
DEBUG - 2026-03-03 23:24:49 --> Consulta SQL: SELECT *
FROM `TAB_DOCUMENTOS_PRACTICAS_PREPROFESIONALES` `dp`
DEBUG - 2026-03-03 23:24:49 --> Resultados obtenidos: 9
DEBUG - 2026-03-03 23:24:49 --> Documentos obtenidos: [{"ID_DOCUMENTO_PREPROFESIONAL":"17","ID_PRACTICA_PREPROFESIONAL":"2","ID_TIPO_DOCUMENTO":"9","ID_ESTADO_REVISION":"4","NOMBRE_ARCHIVO":"ficha_control_seguimiento_002_20250920.pdf","NOMBRE_ORIGINAL":"Ficha Control Seguimiento - Mar\u00eda.pdf","TIPO_ARCHIVO":"application\/pdf","TAMANO_ARCHIVO":"112233","RUTA_ARCHIVO":"\/uploads\/documentos-practicas\/","FECHA_SUBIDA":"2025-09-20 10:15:00","FECHA_REVISION":"2025-09-20 12:45:00","ID_REVISOR":"18","OBSERVACIONES":"Ficha de control y seguimiento docente","OBSERVACIONES_REVISOR":"Faltan las firmas del tutor docente, documento inv\u00e1lido","VERSION":"1","ACTIVO":"1","FECHA_CREACION":"2025-09-04 06:59:17","FECHA_ACTUALIZACION":"2025-09-04 06:59:17","ID_TIPO_DOCUMENTO_PREPROFESIONAL":"9","TIPO_DOCUMENTO_CODIGO":"PPR-009","TIPO_DOCUMENTO_NOMBRE":"Ficha de Control y Seguimiento Docente","TIPO_DOCUMENTO_DESCRIPCION":"Documento utilizado por el tutor docente para registrar el seguimiento acad\u00e9mico del estudiante durante las pr\u00e1cticas. Incluye visitas o revisiones peri\u00f3dicas.","TIPO_DOCUMENTO_ORDEN":"9","TIPO_DOCUMENTO_OBLIGATORIO":"1","ESTADO_REVISION":"Rechazado","ID_ESTUDIANTE":"2","ENTIDAD_RECEPTORA":"Banco del Pac\u00edfico","ESTUDIANTE_NOMBRE":"Mar\u00eda Elena Garc\u00eda Torres","NOMBRE_ESTUDIANTE":"Mar\u00eda Elena","APELLIDO_ESTUDIANTE":"Garc\u00eda Torres","CEDULA_ESTUDIANTE":"1002345678"},{"ID_DOCUMENTO_PREPROFESIONAL":"15","ID_PRACTICA_PREPROFESIONAL":"2","ID_TIPO_DOCUMENTO":"7","ID_ESTADO_REVISION":"5","NOMBRE_ARCHIVO":"ficha_registro_actividades_002_20250915.pdf","NOMBRE_ORIGINAL":"Ficha Registro Actividades - Mar\u00eda.pdf","TIPO_ARCHIVO":"application\/pdf","TAMANO_ARCHIVO":"98765","RUTA_ARCHIVO":"\/uploads\/documentos-practicas\/","FECHA_SUBIDA":"2025-09-15 11:30:00","FECHA_REVISION":"2025-09-15 14:20:00","ID_REVISOR":"18","OBSERVACIONES":"Ficha de registro de actividades","OBSERVACIONES_REVISOR":"Descripci\u00f3n de actividades muy general, especificar m\u00e1s detalles","VERSION":"1","ACTIVO":"1","FECHA_CREACION":"2025-09-04 06:59:17","FECHA_ACTUALIZACION":"2025-09-04 06:59:17","ID_TIPO_DOCUMENTO_PREPROFESIONAL":"7","TIPO_DOCUMENTO_CODIGO":"PPR-007","TIPO_DOCUMENTO_NOMBRE":"Ficha de Registro de Actividades","TIPO_DOCUMENTO_DESCRIPCION":"Documento detallado en el que el estudiante registra las actividades espec\u00edficas realizadas durante sus pr\u00e1cticas, incluyendo fechas y descripciones.","TIPO_DOCUMENTO_ORDEN":"7","TIPO_DOCUMENTO_OBLIGATORIO":"1","ESTADO_REVISION":"Requiere Correcci\u00f3n","ID_ESTUDIANTE":"2","ENTIDAD_RECEPTORA":"Banco del Pac\u00edfico","ESTUDIANTE_NOMBRE":"Mar\u00eda Elena Garc\u00eda Torres","NOMBRE_ESTUDIANTE":"Mar\u00eda Elena","APELLIDO_ESTUDIANTE":"Garc\u00eda Torres","CEDULA_ESTUDIANTE":"1002345678"},{"ID_DOCUMENTO_PREPROFESIONAL":"14","ID_PRACTICA_PREPROFESIONAL":"1","ID_TIPO_DOCUMENTO":"6","ID_ESTADO_REVISION":"5","NOMBRE_ARCHIVO":"hojas_asistencia_001_20250830.pdf","NOMBRE_ORIGINAL":"Hojas de Asistencia - Juan Carlos.pdf","TIPO_ARCHIVO":"application\/pdf","TAMANO_ARCHIVO":"123456","RUTA_ARCHIVO":"\/uploads\/documentos-practicas\/","FECHA_SUBIDA":"2025-08-30 16:15:00","FECHA_REVISION":"2025-08-30 17:45:00","ID_REVISOR":"17","OBSERVACIONES":"Hojas de asistencia completas","OBSERVACIONES_REVISOR":"Faltan firmas en algunas fechas, corregir y volver a subir","VERSION":"1","ACTIVO":"1","FECHA_CREACION":"2025-09-04 06:59:17","FECHA_ACTUALIZACION":"2025-09-04 06:59:17","ID_TIPO_DOCUMENTO_PREPROFESIONAL":"6","TIPO_DOCUMENTO_CODIGO":"PPR-006","TIPO_DOCUMENTO_NOMBRE":"Hojas de Asistencia","TIPO_DOCUMENTO_DESCRIPCION":"Registro f\u00edsico de la asistencia del estudiante en la entidad receptora. Incluye las firmas y sellos para validar las horas de trabajo.","TIPO_DOCUMENTO_ORDEN":"6","TIPO_DOCUMENTO_OBLIGATORIO":"1","ESTADO_REVISION":"Requiere Correcci\u00f3n","ID_ESTUDIANTE":"1","ENTIDAD_RECEPTORA":"Hospital San Vicente de Pa\u00fal","ESTUDIANTE_NOMBRE":"Juan Carlos P\u00e9rez L\u00f3pez","NOMBRE_ESTUDIANTE":"Juan Carlos","APELLIDO_ESTUDIANTE":"P\u00e9rez L\u00f3pez","CEDULA_ESTUDIANTE":"1001234567"},{"ID_DOCUMENTO_PREPROFESIONAL":"16","ID_PRACTICA_PREPROFESIONAL":"1","ID_TIPO_DOCUMENTO":"8","ID_ESTADO_REVISION":"4","NOMBRE_ARCHIVO":"rubrica_evaluacion_entidad_001_20250825.pdf","NOMBRE_ORIGINAL":"R\u00fabrica Evaluaci\u00f3n Entidad - Juan.pdf","TIPO_ARCHIVO":"application\/pdf","TAMANO_ARCHIVO":"87654","RUTA_ARCHIVO":"\/uploads\/documentos-practicas\/","FECHA_SUBIDA":"2025-08-25 15:00:00","FECHA_REVISION":"2025-08-25 16:30:00","ID_REVISOR":"17","OBSERVACIONES":"R\u00fabrica de evaluaci\u00f3n de entidad","OBSERVACIONES_REVISOR":"Documento no tiene sello oficial de la entidad, rechazado","VERSION":"1","ACTIVO":"1","FECHA_CREACION":"2025-09-04 06:59:17","FECHA_ACTUALIZACION":"2025-09-04 06:59:17","ID_TIPO_DOCUMENTO_PREPROFESIONAL":"8","TIPO_DOCUMENTO_CODIGO":"PPR-008","TIPO_DOCUMENTO_NOMBRE":"R\u00fabrica de Evaluaci\u00f3n de Entidad","TIPO_DOCUMENTO_DESCRIPCION":"Formulario de evaluaci\u00f3n del desempe\u00f1o del estudiante, llenado y sellado por la entidad receptora. Valora aspectos como la responsabilidad, la proactividad y la calidad del trabajo.","TIPO_DOCUMENTO_ORDEN":"8","TIPO_DOCUMENTO_OBLIGATORIO":"1","ESTADO_REVISION":"Rechazado","ID_ESTUDIANTE":"1","ENTIDAD_RECEPTORA":"Hospital San Vicente de Pa\u00fal","ESTUDIANTE_NOMBRE":"Juan Carlos P\u00e9rez L\u00f3pez","NOMBRE_ESTUDIANTE":"Juan Carlos","APELLIDO_ESTUDIANTE":"P\u00e9rez L\u00f3pez","CEDULA_ESTUDIANTE":"1001234567"},{"ID_DOCUMENTO_PREPROFESIONAL":"5","ID_PRACTICA_PREPROFESIONAL":"2","ID_TIPO_DOCUMENTO":"2","ID_ESTADO_REVISION":"3","NOMBRE_ARCHIVO":"oficio_entidad_receptora_002_20250702.pdf","NOMBRE_ORIGINAL":"Oficio Entidad Receptora - Banco.pdf","TIPO_ARCHIVO":"application\/pdf","TAMANO_ARCHIVO":"178944","RUTA_ARCHIVO":"\/uploads\/documentos-practicas\/","FECHA_SUBIDA":"2025-07-02 15:45:00","FECHA_REVISION":"2025-07-02 17:20:00","ID_REVISOR":"18","OBSERVACIONES":"Oficio enviado a la entidad receptora","OBSERVACIONES_REVISOR":"Oficio formal y bien estructurado","VERSION":"1","ACTIVO":"1","FECHA_CREACION":"2025-09-04 06:59:17","FECHA_ACTUALIZACION":"2025-09-04 06:59:17","ID_TIPO_DOCUMENTO_PREPROFESIONAL":"2","TIPO_DOCUMENTO_CODIGO":"PPR-002","TIPO_DOCUMENTO_NOMBRE":"Oficio a Entidad Receptora","TIPO_DOCUMENTO_DESCRIPCION":"Carta formal enviada por el estudiante a la instituci\u00f3n \"Instituto Tecnol\u00f3gico Superior Ibarra\", con el prop\u00f3sito de solicitar la oportunidad de realizar sus pr\u00e1cticas de servicio comunitario.","TIPO_DOCUMENTO_ORDEN":"2","TIPO_DOCUMENTO_OBLIGATORIO":"1","ESTADO_REVISION":"Aprobado","ID_ESTUDIANTE":"2","ENTIDAD_RECEPTORA":"Banco del Pac\u00edfico","ESTUDIANTE_NOMBRE":"Mar\u00eda Elena Garc\u00eda Torres","NOMBRE_ESTUDIANTE":"Mar\u00eda Elena","APELLIDO_ESTUDIANTE":"Garc\u00eda Torres","CEDULA_ESTUDIANTE":"1002345678"},{"ID_DOCUMENTO_PREPROFESIONAL":"4","ID_PRACTICA_PREPROFESIONAL":"2","ID_TIPO_DOCUMENTO":"1","ID_ESTADO_REVISION":"3","NOMBRE_ARCHIVO":"oficio_asignacion_tutor_002_20250701.pdf","NOMBRE_ORIGINAL":"Oficio Asignaci\u00f3n Tutor - Mar\u00eda Elena.pdf","TIPO_ARCHIVO":"application\/pdf","TAMANO_ARCHIVO":"234880","RUTA_ARCHIVO":"\/uploads\/documentos-practicas\/","FECHA_SUBIDA":"2025-07-01 11:00:00","FECHA_REVISION":"2025-07-01 13:15:00","ID_REVISOR":"18","OBSERVACIONES":"Documento oficial de asignaci\u00f3n","OBSERVACIONES_REVISOR":"Asignaci\u00f3n correcta del tutor","VERSION":"1","ACTIVO":"1","FECHA_CREACION":"2025-09-04 06:59:17","FECHA_ACTUALIZACION":"2025-09-04 06:59:17","ID_TIPO_DOCUMENTO_PREPROFESIONAL":"1","TIPO_DOCUMENTO_CODIGO":"PPR-001","TIPO_DOCUMENTO_NOMBRE":"Oficio de Asignaci\u00f3n de Tutor","TIPO_DOCUMENTO_DESCRIPCION":"Documento oficial emitido por la coordinaci\u00f3n de la carrera que designa al docente responsable de la tutor\u00eda y seguimiento de las pr\u00e1cticas de servicio comunitario del estudiante.","TIPO_DOCUMENTO_ORDEN":"1","TIPO_DOCUMENTO_OBLIGATORIO":"1","ESTADO_REVISION":"Aprobado","ID_ESTUDIANTE":"2","ENTIDAD_RECEPTORA":"Banco del Pac\u00edfico","ESTUDIANTE_NOMBRE":"Mar\u00eda Elena Garc\u00eda Torres","NOMBRE_ESTUDIANTE":"Mar\u00eda Elena","APELLIDO_ESTUDIANTE":"Garc\u00eda Torres","CEDULA_ESTUDIANTE":"1002345678"},{"ID_DOCUMENTO_PREPROFESIONAL":"3","ID_PRACTICA_PREPROFESIONAL":"1","ID_TIPO_DOCUMENTO":"3","ID_ESTADO_REVISION":"3","NOMBRE_ARCHIVO":"carta_aceptacion_001_20250603.pdf","NOMBRE_ORIGINAL":"Carta Aceptaci\u00f3n - Hospital.pdf","TIPO_ARCHIVO":"application\/pdf","TAMANO_ARCHIVO":"156672","RUTA_ARCHIVO":"\/uploads\/documentos-practicas\/","FECHA_SUBIDA":"2025-06-03 09:15:00","FECHA_REVISION":"2025-06-03 11:20:00","ID_REVISOR":"17","OBSERVACIONES":"Carta de aceptaci\u00f3n de la entidad","OBSERVACIONES_REVISOR":"Carta oficial con sello institucional","VERSION":"1","ACTIVO":"1","FECHA_CREACION":"2025-09-04 06:59:17","FECHA_ACTUALIZACION":"2025-09-04 06:59:17","ID_TIPO_DOCUMENTO_PREPROFESIONAL":"3","TIPO_DOCUMENTO_CODIGO":"PPR-003","TIPO_DOCUMENTO_NOMBRE":"Carta de Aceptaci\u00f3n","TIPO_DOCUMENTO_DESCRIPCION":"Carta oficial de la entidad receptora \"Instituto Tecnol\u00f3gico Superior Ibarra\" que confirma la aceptaci\u00f3n del o los estudiantes para realizar las pr\u00e1cticas de servicio comunitario en sus instalaciones.","TIPO_DOCUMENTO_ORDEN":"3","TIPO_DOCUMENTO_OBLIGATORIO":"1","ESTADO_REVISION":"Aprobado","ID_ESTUDIANTE":"1","ENTIDAD_RECEPTORA":"Hospital San Vicente de Pa\u00fal","ESTUDIANTE_NOMBRE":"Juan Carlos P\u00e9rez L\u00f3pez","NOMBRE_ESTUDIANTE":"Juan Carlos","APELLIDO_ESTUDIANTE":"P\u00e9rez L\u00f3pez","CEDULA_ESTUDIANTE":"1001234567"},{"ID_DOCUMENTO_PREPROFESIONAL":"2","ID_PRACTICA_PREPROFESIONAL":"1","ID_TIPO_DOCUMENTO":"2","ID_ESTADO_REVISION":"3","NOMBRE_ARCHIVO":"oficio_entidad_receptora_001_20250602.pdf","NOMBRE_ORIGINAL":"Oficio Entidad Receptora - Hospital.pdf","TIPO_ARCHIVO":"application\/pdf","TAMANO_ARCHIVO":"189440","RUTA_ARCHIVO":"\/uploads\/documentos-practicas\/","FECHA_SUBIDA":"2025-06-02 14:30:00","FECHA_REVISION":"2025-06-02 16:45:00","ID_REVISOR":"17","OBSERVACIONES":"Oficio enviado a la entidad receptora","OBSERVACIONES_REVISOR":"Oficio bien redactado y formal","VERSION":"1","ACTIVO":"1","FECHA_CREACION":"2025-09-04 06:59:17","FECHA_ACTUALIZACION":"2025-09-04 06:59:17","ID_TIPO_DOCUMENTO_PREPROFESIONAL":"2","TIPO_DOCUMENTO_CODIGO":"PPR-002","TIPO_DOCUMENTO_NOMBRE":"Oficio a Entidad Receptora","TIPO_DOCUMENTO_DESCRIPCION":"Carta formal enviada por el estudiante a la instituci\u00f3n \"Instituto Tecnol\u00f3gico Superior Ibarra\", con el prop\u00f3sito de solicitar la oportunidad de realizar sus pr\u00e1cticas de servicio comunitario.","TIPO_DOCUMENTO_ORDEN":"2","TIPO_DOCUMENTO_OBLIGATORIO":"1","ESTADO_REVISION":"Aprobado","ID_ESTUDIANTE":"1","ENTIDAD_RECEPTORA":"Hospital San Vicente de Pa\u00fal","ESTUDIANTE_NOMBRE":"Juan Carlos P\u00e9rez L\u00f3pez","NOMBRE_ESTUDIANTE":"Juan Carlos","APELLIDO_ESTUDIANTE":"P\u00e9rez L\u00f3pez","CEDULA_ESTUDIANTE":"1001234567"},{"ID_DOCUMENTO_PREPROFESIONAL":"1","ID_PRACTICA_PREPROFESIONAL":"1","ID_TIPO_DOCUMENTO":"1","ID_ESTADO_REVISION":"3","NOMBRE_ARCHIVO":"oficio_asignacion_tutor_001_20250601.pdf","NOMBRE_ORIGINAL":"Oficio Asignaci\u00f3n Tutor - Juan Carlos.pdf","TIPO_ARCHIVO":"application\/pdf","TAMANO_ARCHIVO":"245760","RUTA_ARCHIVO":"\/uploads\/documentos-practicas\/","FECHA_SUBIDA":"2025-06-01 10:00:00","FECHA_REVISION":"2025-06-01 14:30:00","ID_REVISOR":"17","OBSERVACIONES":"Documento oficial de asignaci\u00f3n","OBSERVACIONES_REVISOR":"Documento aprobado correctamente","VERSION":"1","ACTIVO":"1","FECHA_CREACION":"2025-09-04 06:59:17","FECHA_ACTUALIZACION":"2025-09-04 06:59:17","ID_TIPO_DOCUMENTO_PREPROFESIONAL":"1","TIPO_DOCUMENTO_CODIGO":"PPR-001","TIPO_DOCUMENTO_NOMBRE":"Oficio de Asignaci\u00f3n de Tutor","TIPO_DOCUMENTO_DESCRIPCION":"Documento oficial emitido por la coordinaci\u00f3n de la carrera que designa al docente responsable de la tutor\u00eda y seguimiento de las pr\u00e1cticas de servicio comunitario del estudiante.","TIPO_DOCUMENTO_ORDEN":"1","TIPO_DOCUMENTO_OBLIGATORIO":"1","ESTADO_REVISION":"Aprobado","ID_ESTUDIANTE":"1","ENTIDAD_RECEPTORA":"Hospital San Vicente de Pa\u00fal","ESTUDIANTE_NOMBRE":"Juan Carlos P\u00e9rez L\u00f3pez","NOMBRE_ESTUDIANTE":"Juan Carlos","APELLIDO_ESTUDIANTE":"P\u00e9rez L\u00f3pez","CEDULA_ESTUDIANTE":"1001234567"}]
DEBUG - 2026-03-03 23:25:51 --> Session: Class initialized using 'CodeIgniter\Session\Handlers\FileHandler' driver.
DEBUG - 2026-03-03 23:26:32 --> Session: Class initialized using 'CodeIgniter\Session\Handlers\FileHandler' driver.
DEBUG - 2026-03-03 23:26:34 --> Consulta SQL: SELECT *
FROM `TAB_DOCUMENTOS_PRACTICAS_PREPROFESIONALES` `dp`
DEBUG - 2026-03-03 23:26:34 --> Resultados obtenidos: 9
DEBUG - 2026-03-03 23:26:34 --> Tipos de documentos en index: [{"ID_TIPO_DOCUMENTO_PREPROFESIONAL":"1","CODIGO":"PPR-001","NOMBRE":"Oficio de Asignaci\u00f3n de Tutor","DESCRIPCION":"Documento oficial emitido por la coordinaci\u00f3n de la carrera que designa al docente responsable de la tutor\u00eda y seguimiento de las pr\u00e1cticas de servicio comunitario del estudiante.","ORDEN":"1","OBLIGATORIO":"1","ACTIVO":"1","FECHA_CREACION":"2025-09-04 06:59:17","FECHA_ACTUALIZACION":"2025-09-04 06:59:17"},{"ID_TIPO_DOCUMENTO_PREPROFESIONAL":"2","CODIGO":"PPR-002","NOMBRE":"Oficio a Entidad Receptora","DESCRIPCION":"Carta formal enviada por el estudiante a la instituci\u00f3n \"Instituto Tecnol\u00f3gico Superior Ibarra\", con el prop\u00f3sito de solicitar la oportunidad de realizar sus pr\u00e1cticas de servicio comunitario.","ORDEN":"2","OBLIGATORIO":"1","ACTIVO":"1","FECHA_CREACION":"2025-09-04 06:59:17","FECHA_ACTUALIZACION":"2025-09-04 06:59:17"},{"ID_TIPO_DOCUMENTO_PREPROFESIONAL":"3","CODIGO":"PPR-003","NOMBRE":"Carta de Aceptaci\u00f3n","DESCRIPCION":"Carta oficial de la entidad receptora \"Instituto Tecnol\u00f3gico Superior Ibarra\" que confirma la aceptaci\u00f3n del o los estudiantes para realizar las pr\u00e1cticas de servicio comunitario en sus instalaciones.","ORDEN":"3","OBLIGATORIO":"1","ACTIVO":"1","FECHA_CREACION":"2025-09-04 06:59:17","FECHA_ACTUALIZACION":"2025-09-04 06:59:17"},{"ID_TIPO_DOCUMENTO_PREPROFESIONAL":"4","CODIGO":"PPR-004","NOMBRE":"Solicitud Institucional Valorada","DESCRIPCION":"Documento de solicitud formal dirigido al Sr. Rector, Dr. Mario Montenegro, pidiendo la aprobaci\u00f3n institucional para la realizaci\u00f3n de las pr\u00e1cticas de servicio comunitario.","ORDEN":"4","OBLIGATORIO":"1","ACTIVO":"1","FECHA_CREACION":"2025-09-04 06:59:17","FECHA_ACTUALIZACION":"2025-09-04 06:59:17"},{"ID_TIPO_DOCUMENTO_PREPROFESIONAL":"5","CODIGO":"PPR-005","NOMBRE":"Certificado de Culminaci\u00f3n de Horas","DESCRIPCION":"Certificado emitido por la entidad receptora \"Instituto Tecnol\u00f3gico Superior Ibarra\" que acredita que el estudiante ha completado las 60 horas requeridas de pr\u00e1cticas de servicio comunitario.","ORDEN":"5","OBLIGATORIO":"1","ACTIVO":"1","FECHA_CREACION":"2025-09-04 06:59:17","FECHA_ACTUALIZACION":"2025-09-04 06:59:17"},{"ID_TIPO_DOCUMENTO_PREPROFESIONAL":"6","CODIGO":"PPR-006","NOMBRE":"Hojas de Asistencia","DESCRIPCION":"Registro f\u00edsico de la asistencia del estudiante en la entidad receptora. Incluye las firmas y sellos para validar las horas de trabajo.","ORDEN":"6","OBLIGATORIO":"1","ACTIVO":"1","FECHA_CREACION":"2025-09-04 06:59:17","FECHA_ACTUALIZACION":"2025-09-04 06:59:17"},{"ID_TIPO_DOCUMENTO_PREPROFESIONAL":"7","CODIGO":"PPR-007","NOMBRE":"Ficha de Registro de Actividades","DESCRIPCION":"Documento detallado en el que el estudiante registra las actividades espec\u00edficas realizadas durante sus pr\u00e1cticas, incluyendo fechas y descripciones.","ORDEN":"7","OBLIGATORIO":"1","ACTIVO":"1","FECHA_CREACION":"2025-09-04 06:59:17","FECHA_ACTUALIZACION":"2025-09-04 06:59:17"},{"ID_TIPO_DOCUMENTO_PREPROFESIONAL":"8","CODIGO":"PPR-008","NOMBRE":"R\u00fabrica de Evaluaci\u00f3n de Entidad","DESCRIPCION":"Formulario de evaluaci\u00f3n del desempe\u00f1o del estudiante, llenado y sellado por la entidad receptora. Valora aspectos como la responsabilidad, la proactividad y la calidad del trabajo.","ORDEN":"8","OBLIGATORIO":"1","ACTIVO":"1","FECHA_CREACION":"2025-09-04 06:59:17","FECHA_ACTUALIZACION":"2025-09-04 06:59:17"},{"ID_TIPO_DOCUMENTO_PREPROFESIONAL":"9","CODIGO":"PPR-009","NOMBRE":"Ficha de Control y Seguimiento Docente","DESCRIPCION":"Documento utilizado por el tutor docente para registrar el seguimiento acad\u00e9mico del estudiante durante las pr\u00e1cticas. Incluye visitas o revisiones peri\u00f3dicas.","ORDEN":"9","OBLIGATORIO":"1","ACTIVO":"1","FECHA_CREACION":"2025-09-04 06:59:17","FECHA_ACTUALIZACION":"2025-09-04 06:59:17"},{"ID_TIPO_DOCUMENTO_PREPROFESIONAL":"10","CODIGO":"PPR-010","NOMBRE":"R\u00fabrica de Evaluaci\u00f3n Docente","DESCRIPCION":"R\u00fabrica de evaluaci\u00f3n llenada y firmada por el tutor docente. Califica el desempe\u00f1o del estudiante en base a los criterios acad\u00e9micos del programa.","ORDEN":"10","OBLIGATORIO":"1","ACTIVO":"1","FECHA_CREACION":"2025-09-04 06:59:17","FECHA_ACTUALIZACION":"2025-09-04 06:59:17"},{"ID_TIPO_DOCUMENTO_PREPROFESIONAL":"11","CODIGO":"PPR-011","NOMBRE":"R\u00fabrica de Evaluaci\u00f3n de Resultados","DESCRIPCION":"Evaluaci\u00f3n final realizada por el Departamento de Vinculaci\u00f3n con la Sociedad, que valora los resultados y el impacto del proyecto de servicio comunitario en su conjunto.","ORDEN":"11","OBLIGATORIO":"1","ACTIVO":"1","FECHA_CREACION":"2025-09-04 06:59:17","FECHA_ACTUALIZACION":"2025-09-04 06:59:17"},{"ID_TIPO_DOCUMENTO_PREPROFESIONAL":"12","CODIGO":"PPR-012","NOMBRE":"Evidencia Fotogr\u00e1fica y Digital","DESCRIPCION":"Material de apoyo visual y digital, como fotos, capturas, videos o impresiones, que documenta y comprueba la realizaci\u00f3n de las actividades y trabajos del proyecto.","ORDEN":"12","OBLIGATORIO":"1","ACTIVO":"1","FECHA_CREACION":"2025-09-04 06:59:17","FECHA_ACTUALIZACION":"2025-09-04 06:59:17"}]
DEBUG - 2026-03-03 23:26:34 --> Session: Class initialized using 'CodeIgniter\Session\Handlers\FileHandler' driver.
DEBUG - 2026-03-03 23:26:35 --> Consulta SQL: SELECT *
FROM `TAB_DOCUMENTOS_PRACTICAS_PREPROFESIONALES` `dp`
DEBUG - 2026-03-03 23:26:35 --> Resultados obtenidos: 9
DEBUG - 2026-03-03 23:26:35 --> Documentos obtenidos: [{"ID_DOCUMENTO_PREPROFESIONAL":"17","ID_PRACTICA_PREPROFESIONAL":"2","ID_TIPO_DOCUMENTO":"9","ID_ESTADO_REVISION":"4","NOMBRE_ARCHIVO":"ficha_control_seguimiento_002_20250920.pdf","NOMBRE_ORIGINAL":"Ficha Control Seguimiento - Mar\u00eda.pdf","TIPO_ARCHIVO":"application\/pdf","TAMANO_ARCHIVO":"112233","RUTA_ARCHIVO":"\/uploads\/documentos-practicas\/","FECHA_SUBIDA":"2025-09-20 10:15:00","FECHA_REVISION":"2025-09-20 12:45:00","ID_REVISOR":"18","OBSERVACIONES":"Ficha de control y seguimiento docente","OBSERVACIONES_REVISOR":"Faltan las firmas del tutor docente, documento inv\u00e1lido","VERSION":"1","ACTIVO":"1","FECHA_CREACION":"2025-09-04 06:59:17","FECHA_ACTUALIZACION":"2025-09-04 06:59:17","ID_TIPO_DOCUMENTO_PREPROFESIONAL":"9","TIPO_DOCUMENTO_CODIGO":"PPR-009","TIPO_DOCUMENTO_NOMBRE":"Ficha de Control y Seguimiento Docente","TIPO_DOCUMENTO_DESCRIPCION":"Documento utilizado por el tutor docente para registrar el seguimiento acad\u00e9mico del estudiante durante las pr\u00e1cticas. Incluye visitas o revisiones peri\u00f3dicas.","TIPO_DOCUMENTO_ORDEN":"9","TIPO_DOCUMENTO_OBLIGATORIO":"1","ESTADO_REVISION":"Rechazado","ID_ESTUDIANTE":"2","ENTIDAD_RECEPTORA":"Banco del Pac\u00edfico","ESTUDIANTE_NOMBRE":"Mar\u00eda Elena Garc\u00eda Torres","NOMBRE_ESTUDIANTE":"Mar\u00eda Elena","APELLIDO_ESTUDIANTE":"Garc\u00eda Torres","CEDULA_ESTUDIANTE":"1002345678"},{"ID_DOCUMENTO_PREPROFESIONAL":"15","ID_PRACTICA_PREPROFESIONAL":"2","ID_TIPO_DOCUMENTO":"7","ID_ESTADO_REVISION":"5","NOMBRE_ARCHIVO":"ficha_registro_actividades_002_20250915.pdf","NOMBRE_ORIGINAL":"Ficha Registro Actividades - Mar\u00eda.pdf","TIPO_ARCHIVO":"application\/pdf","TAMANO_ARCHIVO":"98765","RUTA_ARCHIVO":"\/uploads\/documentos-practicas\/","FECHA_SUBIDA":"2025-09-15 11:30:00","FECHA_REVISION":"2025-09-15 14:20:00","ID_REVISOR":"18","OBSERVACIONES":"Ficha de registro de actividades","OBSERVACIONES_REVISOR":"Descripci\u00f3n de actividades muy general, especificar m\u00e1s detalles","VERSION":"1","ACTIVO":"1","FECHA_CREACION":"2025-09-04 06:59:17","FECHA_ACTUALIZACION":"2025-09-04 06:59:17","ID_TIPO_DOCUMENTO_PREPROFESIONAL":"7","TIPO_DOCUMENTO_CODIGO":"PPR-007","TIPO_DOCUMENTO_NOMBRE":"Ficha de Registro de Actividades","TIPO_DOCUMENTO_DESCRIPCION":"Documento detallado en el que el estudiante registra las actividades espec\u00edficas realizadas durante sus pr\u00e1cticas, incluyendo fechas y descripciones.","TIPO_DOCUMENTO_ORDEN":"7","TIPO_DOCUMENTO_OBLIGATORIO":"1","ESTADO_REVISION":"Requiere Correcci\u00f3n","ID_ESTUDIANTE":"2","ENTIDAD_RECEPTORA":"Banco del Pac\u00edfico","ESTUDIANTE_NOMBRE":"Mar\u00eda Elena Garc\u00eda Torres","NOMBRE_ESTUDIANTE":"Mar\u00eda Elena","APELLIDO_ESTUDIANTE":"Garc\u00eda Torres","CEDULA_ESTUDIANTE":"1002345678"},{"ID_DOCUMENTO_PREPROFESIONAL":"14","ID_PRACTICA_PREPROFESIONAL":"1","ID_TIPO_DOCUMENTO":"6","ID_ESTADO_REVISION":"5","NOMBRE_ARCHIVO":"hojas_asistencia_001_20250830.pdf","NOMBRE_ORIGINAL":"Hojas de Asistencia - Juan Carlos.pdf","TIPO_ARCHIVO":"application\/pdf","TAMANO_ARCHIVO":"123456","RUTA_ARCHIVO":"\/uploads\/documentos-practicas\/","FECHA_SUBIDA":"2025-08-30 16:15:00","FECHA_REVISION":"2025-08-30 17:45:00","ID_REVISOR":"17","OBSERVACIONES":"Hojas de asistencia completas","OBSERVACIONES_REVISOR":"Faltan firmas en algunas fechas, corregir y volver a subir","VERSION":"1","ACTIVO":"1","FECHA_CREACION":"2025-09-04 06:59:17","FECHA_ACTUALIZACION":"2025-09-04 06:59:17","ID_TIPO_DOCUMENTO_PREPROFESIONAL":"6","TIPO_DOCUMENTO_CODIGO":"PPR-006","TIPO_DOCUMENTO_NOMBRE":"Hojas de Asistencia","TIPO_DOCUMENTO_DESCRIPCION":"Registro f\u00edsico de la asistencia del estudiante en la entidad receptora. Incluye las firmas y sellos para validar las horas de trabajo.","TIPO_DOCUMENTO_ORDEN":"6","TIPO_DOCUMENTO_OBLIGATORIO":"1","ESTADO_REVISION":"Requiere Correcci\u00f3n","ID_ESTUDIANTE":"1","ENTIDAD_RECEPTORA":"Hospital San Vicente de Pa\u00fal","ESTUDIANTE_NOMBRE":"Juan Carlos P\u00e9rez L\u00f3pez","NOMBRE_ESTUDIANTE":"Juan Carlos","APELLIDO_ESTUDIANTE":"P\u00e9rez L\u00f3pez","CEDULA_ESTUDIANTE":"1001234567"},{"ID_DOCUMENTO_PREPROFESIONAL":"16","ID_PRACTICA_PREPROFESIONAL":"1","ID_TIPO_DOCUMENTO":"8","ID_ESTADO_REVISION":"4","NOMBRE_ARCHIVO":"rubrica_evaluacion_entidad_001_20250825.pdf","NOMBRE_ORIGINAL":"R\u00fabrica Evaluaci\u00f3n Entidad - Juan.pdf","TIPO_ARCHIVO":"application\/pdf","TAMANO_ARCHIVO":"87654","RUTA_ARCHIVO":"\/uploads\/documentos-practicas\/","FECHA_SUBIDA":"2025-08-25 15:00:00","FECHA_REVISION":"2025-08-25 16:30:00","ID_REVISOR":"17","OBSERVACIONES":"R\u00fabrica de evaluaci\u00f3n de entidad","OBSERVACIONES_REVISOR":"Documento no tiene sello oficial de la entidad, rechazado","VERSION":"1","ACTIVO":"1","FECHA_CREACION":"2025-09-04 06:59:17","FECHA_ACTUALIZACION":"2025-09-04 06:59:17","ID_TIPO_DOCUMENTO_PREPROFESIONAL":"8","TIPO_DOCUMENTO_CODIGO":"PPR-008","TIPO_DOCUMENTO_NOMBRE":"R\u00fabrica de Evaluaci\u00f3n de Entidad","TIPO_DOCUMENTO_DESCRIPCION":"Formulario de evaluaci\u00f3n del desempe\u00f1o del estudiante, llenado y sellado por la entidad receptora. Valora aspectos como la responsabilidad, la proactividad y la calidad del trabajo.","TIPO_DOCUMENTO_ORDEN":"8","TIPO_DOCUMENTO_OBLIGATORIO":"1","ESTADO_REVISION":"Rechazado","ID_ESTUDIANTE":"1","ENTIDAD_RECEPTORA":"Hospital San Vicente de Pa\u00fal","ESTUDIANTE_NOMBRE":"Juan Carlos P\u00e9rez L\u00f3pez","NOMBRE_ESTUDIANTE":"Juan Carlos","APELLIDO_ESTUDIANTE":"P\u00e9rez L\u00f3pez","CEDULA_ESTUDIANTE":"1001234567"},{"ID_DOCUMENTO_PREPROFESIONAL":"5","ID_PRACTICA_PREPROFESIONAL":"2","ID_TIPO_DOCUMENTO":"2","ID_ESTADO_REVISION":"3","NOMBRE_ARCHIVO":"oficio_entidad_receptora_002_20250702.pdf","NOMBRE_ORIGINAL":"Oficio Entidad Receptora - Banco.pdf","TIPO_ARCHIVO":"application\/pdf","TAMANO_ARCHIVO":"178944","RUTA_ARCHIVO":"\/uploads\/documentos-practicas\/","FECHA_SUBIDA":"2025-07-02 15:45:00","FECHA_REVISION":"2025-07-02 17:20:00","ID_REVISOR":"18","OBSERVACIONES":"Oficio enviado a la entidad receptora","OBSERVACIONES_REVISOR":"Oficio formal y bien estructurado","VERSION":"1","ACTIVO":"1","FECHA_CREACION":"2025-09-04 06:59:17","FECHA_ACTUALIZACION":"2025-09-04 06:59:17","ID_TIPO_DOCUMENTO_PREPROFESIONAL":"2","TIPO_DOCUMENTO_CODIGO":"PPR-002","TIPO_DOCUMENTO_NOMBRE":"Oficio a Entidad Receptora","TIPO_DOCUMENTO_DESCRIPCION":"Carta formal enviada por el estudiante a la instituci\u00f3n \"Instituto Tecnol\u00f3gico Superior Ibarra\", con el prop\u00f3sito de solicitar la oportunidad de realizar sus pr\u00e1cticas de servicio comunitario.","TIPO_DOCUMENTO_ORDEN":"2","TIPO_DOCUMENTO_OBLIGATORIO":"1","ESTADO_REVISION":"Aprobado","ID_ESTUDIANTE":"2","ENTIDAD_RECEPTORA":"Banco del Pac\u00edfico","ESTUDIANTE_NOMBRE":"Mar\u00eda Elena Garc\u00eda Torres","NOMBRE_ESTUDIANTE":"Mar\u00eda Elena","APELLIDO_ESTUDIANTE":"Garc\u00eda Torres","CEDULA_ESTUDIANTE":"1002345678"},{"ID_DOCUMENTO_PREPROFESIONAL":"4","ID_PRACTICA_PREPROFESIONAL":"2","ID_TIPO_DOCUMENTO":"1","ID_ESTADO_REVISION":"3","NOMBRE_ARCHIVO":"oficio_asignacion_tutor_002_20250701.pdf","NOMBRE_ORIGINAL":"Oficio Asignaci\u00f3n Tutor - Mar\u00eda Elena.pdf","TIPO_ARCHIVO":"application\/pdf","TAMANO_ARCHIVO":"234880","RUTA_ARCHIVO":"\/uploads\/documentos-practicas\/","FECHA_SUBIDA":"2025-07-01 11:00:00","FECHA_REVISION":"2025-07-01 13:15:00","ID_REVISOR":"18","OBSERVACIONES":"Documento oficial de asignaci\u00f3n","OBSERVACIONES_REVISOR":"Asignaci\u00f3n correcta del tutor","VERSION":"1","ACTIVO":"1","FECHA_CREACION":"2025-09-04 06:59:17","FECHA_ACTUALIZACION":"2025-09-04 06:59:17","ID_TIPO_DOCUMENTO_PREPROFESIONAL":"1","TIPO_DOCUMENTO_CODIGO":"PPR-001","TIPO_DOCUMENTO_NOMBRE":"Oficio de Asignaci\u00f3n de Tutor","TIPO_DOCUMENTO_DESCRIPCION":"Documento oficial emitido por la coordinaci\u00f3n de la carrera que designa al docente responsable de la tutor\u00eda y seguimiento de las pr\u00e1cticas de servicio comunitario del estudiante.","TIPO_DOCUMENTO_ORDEN":"1","TIPO_DOCUMENTO_OBLIGATORIO":"1","ESTADO_REVISION":"Aprobado","ID_ESTUDIANTE":"2","ENTIDAD_RECEPTORA":"Banco del Pac\u00edfico","ESTUDIANTE_NOMBRE":"Mar\u00eda Elena Garc\u00eda Torres","NOMBRE_ESTUDIANTE":"Mar\u00eda Elena","APELLIDO_ESTUDIANTE":"Garc\u00eda Torres","CEDULA_ESTUDIANTE":"1002345678"},{"ID_DOCUMENTO_PREPROFESIONAL":"3","ID_PRACTICA_PREPROFESIONAL":"1","ID_TIPO_DOCUMENTO":"3","ID_ESTADO_REVISION":"3","NOMBRE_ARCHIVO":"carta_aceptacion_001_20250603.pdf","NOMBRE_ORIGINAL":"Carta Aceptaci\u00f3n - Hospital.pdf","TIPO_ARCHIVO":"application\/pdf","TAMANO_ARCHIVO":"156672","RUTA_ARCHIVO":"\/uploads\/documentos-practicas\/","FECHA_SUBIDA":"2025-06-03 09:15:00","FECHA_REVISION":"2025-06-03 11:20:00","ID_REVISOR":"17","OBSERVACIONES":"Carta de aceptaci\u00f3n de la entidad","OBSERVACIONES_REVISOR":"Carta oficial con sello institucional","VERSION":"1","ACTIVO":"1","FECHA_CREACION":"2025-09-04 06:59:17","FECHA_ACTUALIZACION":"2025-09-04 06:59:17","ID_TIPO_DOCUMENTO_PREPROFESIONAL":"3","TIPO_DOCUMENTO_CODIGO":"PPR-003","TIPO_DOCUMENTO_NOMBRE":"Carta de Aceptaci\u00f3n","TIPO_DOCUMENTO_DESCRIPCION":"Carta oficial de la entidad receptora \"Instituto Tecnol\u00f3gico Superior Ibarra\" que confirma la aceptaci\u00f3n del o los estudiantes para realizar las pr\u00e1cticas de servicio comunitario en sus instalaciones.","TIPO_DOCUMENTO_ORDEN":"3","TIPO_DOCUMENTO_OBLIGATORIO":"1","ESTADO_REVISION":"Aprobado","ID_ESTUDIANTE":"1","ENTIDAD_RECEPTORA":"Hospital San Vicente de Pa\u00fal","ESTUDIANTE_NOMBRE":"Juan Carlos P\u00e9rez L\u00f3pez","NOMBRE_ESTUDIANTE":"Juan Carlos","APELLIDO_ESTUDIANTE":"P\u00e9rez L\u00f3pez","CEDULA_ESTUDIANTE":"1001234567"},{"ID_DOCUMENTO_PREPROFESIONAL":"2","ID_PRACTICA_PREPROFESIONAL":"1","ID_TIPO_DOCUMENTO":"2","ID_ESTADO_REVISION":"3","NOMBRE_ARCHIVO":"oficio_entidad_receptora_001_20250602.pdf","NOMBRE_ORIGINAL":"Oficio Entidad Receptora - Hospital.pdf","TIPO_ARCHIVO":"application\/pdf","TAMANO_ARCHIVO":"189440","RUTA_ARCHIVO":"\/uploads\/documentos-practicas\/","FECHA_SUBIDA":"2025-06-02 14:30:00","FECHA_REVISION":"2025-06-02 16:45:00","ID_REVISOR":"17","OBSERVACIONES":"Oficio enviado a la entidad receptora","OBSERVACIONES_REVISOR":"Oficio bien redactado y formal","VERSION":"1","ACTIVO":"1","FECHA_CREACION":"2025-09-04 06:59:17","FECHA_ACTUALIZACION":"2025-09-04 06:59:17","ID_TIPO_DOCUMENTO_PREPROFESIONAL":"2","TIPO_DOCUMENTO_CODIGO":"PPR-002","TIPO_DOCUMENTO_NOMBRE":"Oficio a Entidad Receptora","TIPO_DOCUMENTO_DESCRIPCION":"Carta formal enviada por el estudiante a la instituci\u00f3n \"Instituto Tecnol\u00f3gico Superior Ibarra\", con el prop\u00f3sito de solicitar la oportunidad de realizar sus pr\u00e1cticas de servicio comunitario.","TIPO_DOCUMENTO_ORDEN":"2","TIPO_DOCUMENTO_OBLIGATORIO":"1","ESTADO_REVISION":"Aprobado","ID_ESTUDIANTE":"1","ENTIDAD_RECEPTORA":"Hospital San Vicente de Pa\u00fal","ESTUDIANTE_NOMBRE":"Juan Carlos P\u00e9rez L\u00f3pez","NOMBRE_ESTUDIANTE":"Juan Carlos","APELLIDO_ESTUDIANTE":"P\u00e9rez L\u00f3pez","CEDULA_ESTUDIANTE":"1001234567"},{"ID_DOCUMENTO_PREPROFESIONAL":"1","ID_PRACTICA_PREPROFESIONAL":"1","ID_TIPO_DOCUMENTO":"1","ID_ESTADO_REVISION":"3","NOMBRE_ARCHIVO":"oficio_asignacion_tutor_001_20250601.pdf","NOMBRE_ORIGINAL":"Oficio Asignaci\u00f3n Tutor - Juan Carlos.pdf","TIPO_ARCHIVO":"application\/pdf","TAMANO_ARCHIVO":"245760","RUTA_ARCHIVO":"\/uploads\/documentos-practicas\/","FECHA_SUBIDA":"2025-06-01 10:00:00","FECHA_REVISION":"2025-06-01 14:30:00","ID_REVISOR":"17","OBSERVACIONES":"Documento oficial de asignaci\u00f3n","OBSERVACIONES_REVISOR":"Documento aprobado correctamente","VERSION":"1","ACTIVO":"1","FECHA_CREACION":"2025-09-04 06:59:17","FECHA_ACTUALIZACION":"2025-09-04 06:59:17","ID_TIPO_DOCUMENTO_PREPROFESIONAL":"1","TIPO_DOCUMENTO_CODIGO":"PPR-001","TIPO_DOCUMENTO_NOMBRE":"Oficio de Asignaci\u00f3n de Tutor","TIPO_DOCUMENTO_DESCRIPCION":"Documento oficial emitido por la coordinaci\u00f3n de la carrera que designa al docente responsable de la tutor\u00eda y seguimiento de las pr\u00e1cticas de servicio comunitario del estudiante.","TIPO_DOCUMENTO_ORDEN":"1","TIPO_DOCUMENTO_OBLIGATORIO":"1","ESTADO_REVISION":"Aprobado","ID_ESTUDIANTE":"1","ENTIDAD_RECEPTORA":"Hospital San Vicente de Pa\u00fal","ESTUDIANTE_NOMBRE":"Juan Carlos P\u00e9rez L\u00f3pez","NOMBRE_ESTUDIANTE":"Juan Carlos","APELLIDO_ESTUDIANTE":"P\u00e9rez L\u00f3pez","CEDULA_ESTUDIANTE":"1001234567"}]
DEBUG - 2026-03-03 23:33:28 --> Consulta SQL: SELECT *
FROM `TAB_DOCUMENTOS_PRACTICAS_PREPROFESIONALES` `dp`
DEBUG - 2026-03-03 23:33:28 --> Resultados obtenidos: 9
DEBUG - 2026-03-03 23:33:28 --> Tipos de documentos en index: [{"ID_TIPO_DOCUMENTO_PREPROFESIONAL":"1","CODIGO":"PPR-001","NOMBRE":"Oficio de Asignaci\u00f3n de Tutor","DESCRIPCION":"Documento oficial emitido por la coordinaci\u00f3n de la carrera que designa al docente responsable de la tutor\u00eda y seguimiento de las pr\u00e1cticas de servicio comunitario del estudiante.","ORDEN":"1","OBLIGATORIO":"1","ACTIVO":"1","FECHA_CREACION":"2025-09-04 06:59:17","FECHA_ACTUALIZACION":"2025-09-04 06:59:17"},{"ID_TIPO_DOCUMENTO_PREPROFESIONAL":"2","CODIGO":"PPR-002","NOMBRE":"Oficio a Entidad Receptora","DESCRIPCION":"Carta formal enviada por el estudiante a la instituci\u00f3n \"Instituto Tecnol\u00f3gico Superior Ibarra\", con el prop\u00f3sito de solicitar la oportunidad de realizar sus pr\u00e1cticas de servicio comunitario.","ORDEN":"2","OBLIGATORIO":"1","ACTIVO":"1","FECHA_CREACION":"2025-09-04 06:59:17","FECHA_ACTUALIZACION":"2025-09-04 06:59:17"},{"ID_TIPO_DOCUMENTO_PREPROFESIONAL":"3","CODIGO":"PPR-003","NOMBRE":"Carta de Aceptaci\u00f3n","DESCRIPCION":"Carta oficial de la entidad receptora \"Instituto Tecnol\u00f3gico Superior Ibarra\" que confirma la aceptaci\u00f3n del o los estudiantes para realizar las pr\u00e1cticas de servicio comunitario en sus instalaciones.","ORDEN":"3","OBLIGATORIO":"1","ACTIVO":"1","FECHA_CREACION":"2025-09-04 06:59:17","FECHA_ACTUALIZACION":"2025-09-04 06:59:17"},{"ID_TIPO_DOCUMENTO_PREPROFESIONAL":"4","CODIGO":"PPR-004","NOMBRE":"Solicitud Institucional Valorada","DESCRIPCION":"Documento de solicitud formal dirigido al Sr. Rector, Dr. Mario Montenegro, pidiendo la aprobaci\u00f3n institucional para la realizaci\u00f3n de las pr\u00e1cticas de servicio comunitario.","ORDEN":"4","OBLIGATORIO":"1","ACTIVO":"1","FECHA_CREACION":"2025-09-04 06:59:17","FECHA_ACTUALIZACION":"2025-09-04 06:59:17"},{"ID_TIPO_DOCUMENTO_PREPROFESIONAL":"5","CODIGO":"PPR-005","NOMBRE":"Certificado de Culminaci\u00f3n de Horas","DESCRIPCION":"Certificado emitido por la entidad receptora \"Instituto Tecnol\u00f3gico Superior Ibarra\" que acredita que el estudiante ha completado las 60 horas requeridas de pr\u00e1cticas de servicio comunitario.","ORDEN":"5","OBLIGATORIO":"1","ACTIVO":"1","FECHA_CREACION":"2025-09-04 06:59:17","FECHA_ACTUALIZACION":"2025-09-04 06:59:17"},{"ID_TIPO_DOCUMENTO_PREPROFESIONAL":"6","CODIGO":"PPR-006","NOMBRE":"Hojas de Asistencia","DESCRIPCION":"Registro f\u00edsico de la asistencia del estudiante en la entidad receptora. Incluye las firmas y sellos para validar las horas de trabajo.","ORDEN":"6","OBLIGATORIO":"1","ACTIVO":"1","FECHA_CREACION":"2025-09-04 06:59:17","FECHA_ACTUALIZACION":"2025-09-04 06:59:17"},{"ID_TIPO_DOCUMENTO_PREPROFESIONAL":"7","CODIGO":"PPR-007","NOMBRE":"Ficha de Registro de Actividades","DESCRIPCION":"Documento detallado en el que el estudiante registra las actividades espec\u00edficas realizadas durante sus pr\u00e1cticas, incluyendo fechas y descripciones.","ORDEN":"7","OBLIGATORIO":"1","ACTIVO":"1","FECHA_CREACION":"2025-09-04 06:59:17","FECHA_ACTUALIZACION":"2025-09-04 06:59:17"},{"ID_TIPO_DOCUMENTO_PREPROFESIONAL":"8","CODIGO":"PPR-008","NOMBRE":"R\u00fabrica de Evaluaci\u00f3n de Entidad","DESCRIPCION":"Formulario de evaluaci\u00f3n del desempe\u00f1o del estudiante, llenado y sellado por la entidad receptora. Valora aspectos como la responsabilidad, la proactividad y la calidad del trabajo.","ORDEN":"8","OBLIGATORIO":"1","ACTIVO":"1","FECHA_CREACION":"2025-09-04 06:59:17","FECHA_ACTUALIZACION":"2025-09-04 06:59:17"},{"ID_TIPO_DOCUMENTO_PREPROFESIONAL":"9","CODIGO":"PPR-009","NOMBRE":"Ficha de Control y Seguimiento Docente","DESCRIPCION":"Documento utilizado por el tutor docente para registrar el seguimiento acad\u00e9mico del estudiante durante las pr\u00e1cticas. Incluye visitas o revisiones peri\u00f3dicas.","ORDEN":"9","OBLIGATORIO":"1","ACTIVO":"1","FECHA_CREACION":"2025-09-04 06:59:17","FECHA_ACTUALIZACION":"2025-09-04 06:59:17"},{"ID_TIPO_DOCUMENTO_PREPROFESIONAL":"10","CODIGO":"PPR-010","NOMBRE":"R\u00fabrica de Evaluaci\u00f3n Docente","DESCRIPCION":"R\u00fabrica de evaluaci\u00f3n llenada y firmada por el tutor docente. Califica el desempe\u00f1o del estudiante en base a los criterios acad\u00e9micos del programa.","ORDEN":"10","OBLIGATORIO":"1","ACTIVO":"1","FECHA_CREACION":"2025-09-04 06:59:17","FECHA_ACTUALIZACION":"2025-09-04 06:59:17"},{"ID_TIPO_DOCUMENTO_PREPROFESIONAL":"11","CODIGO":"PPR-011","NOMBRE":"R\u00fabrica de Evaluaci\u00f3n de Resultados","DESCRIPCION":"Evaluaci\u00f3n final realizada por el Departamento de Vinculaci\u00f3n con la Sociedad, que valora los resultados y el impacto del proyecto de servicio comunitario en su conjunto.","ORDEN":"11","OBLIGATORIO":"1","ACTIVO":"1","FECHA_CREACION":"2025-09-04 06:59:17","FECHA_ACTUALIZACION":"2025-09-04 06:59:17"},{"ID_TIPO_DOCUMENTO_PREPROFESIONAL":"12","CODIGO":"PPR-012","NOMBRE":"Evidencia Fotogr\u00e1fica y Digital","DESCRIPCION":"Material de apoyo visual y digital, como fotos, capturas, videos o impresiones, que documenta y comprueba la realizaci\u00f3n de las actividades y trabajos del proyecto.","ORDEN":"12","OBLIGATORIO":"1","ACTIVO":"1","FECHA_CREACION":"2025-09-04 06:59:17","FECHA_ACTUALIZACION":"2025-09-04 06:59:17"}]
DEBUG - 2026-03-03 23:33:28 --> Session: Class initialized using 'CodeIgniter\Session\Handlers\FileHandler' driver.
DEBUG - 2026-03-03 23:33:29 --> Consulta SQL: SELECT *
FROM `TAB_DOCUMENTOS_PRACTICAS_PREPROFESIONALES` `dp`
DEBUG - 2026-03-03 23:33:29 --> Resultados obtenidos: 9
DEBUG - 2026-03-03 23:33:29 --> Documentos obtenidos: [{"ID_DOCUMENTO_PREPROFESIONAL":"17","ID_PRACTICA_PREPROFESIONAL":"2","ID_TIPO_DOCUMENTO":"9","ID_ESTADO_REVISION":"4","NOMBRE_ARCHIVO":"ficha_control_seguimiento_002_20250920.pdf","NOMBRE_ORIGINAL":"Ficha Control Seguimiento - Mar\u00eda.pdf","TIPO_ARCHIVO":"application\/pdf","TAMANO_ARCHIVO":"112233","RUTA_ARCHIVO":"\/uploads\/documentos-practicas\/","FECHA_SUBIDA":"2025-09-20 10:15:00","FECHA_REVISION":"2025-09-20 12:45:00","ID_REVISOR":"18","OBSERVACIONES":"Ficha de control y seguimiento docente","OBSERVACIONES_REVISOR":"Faltan las firmas del tutor docente, documento inv\u00e1lido","VERSION":"1","ACTIVO":"1","FECHA_CREACION":"2025-09-04 06:59:17","FECHA_ACTUALIZACION":"2025-09-04 06:59:17","ID_TIPO_DOCUMENTO_PREPROFESIONAL":"9","TIPO_DOCUMENTO_CODIGO":"PPR-009","TIPO_DOCUMENTO_NOMBRE":"Ficha de Control y Seguimiento Docente","TIPO_DOCUMENTO_DESCRIPCION":"Documento utilizado por el tutor docente para registrar el seguimiento acad\u00e9mico del estudiante durante las pr\u00e1cticas. Incluye visitas o revisiones peri\u00f3dicas.","TIPO_DOCUMENTO_ORDEN":"9","TIPO_DOCUMENTO_OBLIGATORIO":"1","ESTADO_REVISION":"Rechazado","ID_ESTUDIANTE":"2","ENTIDAD_RECEPTORA":"Banco del Pac\u00edfico","ESTUDIANTE_NOMBRE":"Mar\u00eda Elena Garc\u00eda Torres","NOMBRE_ESTUDIANTE":"Mar\u00eda Elena","APELLIDO_ESTUDIANTE":"Garc\u00eda Torres","CEDULA_ESTUDIANTE":"1002345678"},{"ID_DOCUMENTO_PREPROFESIONAL":"15","ID_PRACTICA_PREPROFESIONAL":"2","ID_TIPO_DOCUMENTO":"7","ID_ESTADO_REVISION":"5","NOMBRE_ARCHIVO":"ficha_registro_actividades_002_20250915.pdf","NOMBRE_ORIGINAL":"Ficha Registro Actividades - Mar\u00eda.pdf","TIPO_ARCHIVO":"application\/pdf","TAMANO_ARCHIVO":"98765","RUTA_ARCHIVO":"\/uploads\/documentos-practicas\/","FECHA_SUBIDA":"2025-09-15 11:30:00","FECHA_REVISION":"2025-09-15 14:20:00","ID_REVISOR":"18","OBSERVACIONES":"Ficha de registro de actividades","OBSERVACIONES_REVISOR":"Descripci\u00f3n de actividades muy general, especificar m\u00e1s detalles","VERSION":"1","ACTIVO":"1","FECHA_CREACION":"2025-09-04 06:59:17","FECHA_ACTUALIZACION":"2025-09-04 06:59:17","ID_TIPO_DOCUMENTO_PREPROFESIONAL":"7","TIPO_DOCUMENTO_CODIGO":"PPR-007","TIPO_DOCUMENTO_NOMBRE":"Ficha de Registro de Actividades","TIPO_DOCUMENTO_DESCRIPCION":"Documento detallado en el que el estudiante registra las actividades espec\u00edficas realizadas durante sus pr\u00e1cticas, incluyendo fechas y descripciones.","TIPO_DOCUMENTO_ORDEN":"7","TIPO_DOCUMENTO_OBLIGATORIO":"1","ESTADO_REVISION":"Requiere Correcci\u00f3n","ID_ESTUDIANTE":"2","ENTIDAD_RECEPTORA":"Banco del Pac\u00edfico","ESTUDIANTE_NOMBRE":"Mar\u00eda Elena Garc\u00eda Torres","NOMBRE_ESTUDIANTE":"Mar\u00eda Elena","APELLIDO_ESTUDIANTE":"Garc\u00eda Torres","CEDULA_ESTUDIANTE":"1002345678"},{"ID_DOCUMENTO_PREPROFESIONAL":"14","ID_PRACTICA_PREPROFESIONAL":"1","ID_TIPO_DOCUMENTO":"6","ID_ESTADO_REVISION":"5","NOMBRE_ARCHIVO":"hojas_asistencia_001_20250830.pdf","NOMBRE_ORIGINAL":"Hojas de Asistencia - Juan Carlos.pdf","TIPO_ARCHIVO":"application\/pdf","TAMANO_ARCHIVO":"123456","RUTA_ARCHIVO":"\/uploads\/documentos-practicas\/","FECHA_SUBIDA":"2025-08-30 16:15:00","FECHA_REVISION":"2025-08-30 17:45:00","ID_REVISOR":"17","OBSERVACIONES":"Hojas de asistencia completas","OBSERVACIONES_REVISOR":"Faltan firmas en algunas fechas, corregir y volver a subir","VERSION":"1","ACTIVO":"1","FECHA_CREACION":"2025-09-04 06:59:17","FECHA_ACTUALIZACION":"2025-09-04 06:59:17","ID_TIPO_DOCUMENTO_PREPROFESIONAL":"6","TIPO_DOCUMENTO_CODIGO":"PPR-006","TIPO_DOCUMENTO_NOMBRE":"Hojas de Asistencia","TIPO_DOCUMENTO_DESCRIPCION":"Registro f\u00edsico de la asistencia del estudiante en la entidad receptora. Incluye las firmas y sellos para validar las horas de trabajo.","TIPO_DOCUMENTO_ORDEN":"6","TIPO_DOCUMENTO_OBLIGATORIO":"1","ESTADO_REVISION":"Requiere Correcci\u00f3n","ID_ESTUDIANTE":"1","ENTIDAD_RECEPTORA":"Hospital San Vicente de Pa\u00fal","ESTUDIANTE_NOMBRE":"Juan Carlos P\u00e9rez L\u00f3pez","NOMBRE_ESTUDIANTE":"Juan Carlos","APELLIDO_ESTUDIANTE":"P\u00e9rez L\u00f3pez","CEDULA_ESTUDIANTE":"1001234567"},{"ID_DOCUMENTO_PREPROFESIONAL":"16","ID_PRACTICA_PREPROFESIONAL":"1","ID_TIPO_DOCUMENTO":"8","ID_ESTADO_REVISION":"4","NOMBRE_ARCHIVO":"rubrica_evaluacion_entidad_001_20250825.pdf","NOMBRE_ORIGINAL":"R\u00fabrica Evaluaci\u00f3n Entidad - Juan.pdf","TIPO_ARCHIVO":"application\/pdf","TAMANO_ARCHIVO":"87654","RUTA_ARCHIVO":"\/uploads\/documentos-practicas\/","FECHA_SUBIDA":"2025-08-25 15:00:00","FECHA_REVISION":"2025-08-25 16:30:00","ID_REVISOR":"17","OBSERVACIONES":"R\u00fabrica de evaluaci\u00f3n de entidad","OBSERVACIONES_REVISOR":"Documento no tiene sello oficial de la entidad, rechazado","VERSION":"1","ACTIVO":"1","FECHA_CREACION":"2025-09-04 06:59:17","FECHA_ACTUALIZACION":"2025-09-04 06:59:17","ID_TIPO_DOCUMENTO_PREPROFESIONAL":"8","TIPO_DOCUMENTO_CODIGO":"PPR-008","TIPO_DOCUMENTO_NOMBRE":"R\u00fabrica de Evaluaci\u00f3n de Entidad","TIPO_DOCUMENTO_DESCRIPCION":"Formulario de evaluaci\u00f3n del desempe\u00f1o del estudiante, llenado y sellado por la entidad receptora. Valora aspectos como la responsabilidad, la proactividad y la calidad del trabajo.","TIPO_DOCUMENTO_ORDEN":"8","TIPO_DOCUMENTO_OBLIGATORIO":"1","ESTADO_REVISION":"Rechazado","ID_ESTUDIANTE":"1","ENTIDAD_RECEPTORA":"Hospital San Vicente de Pa\u00fal","ESTUDIANTE_NOMBRE":"Juan Carlos P\u00e9rez L\u00f3pez","NOMBRE_ESTUDIANTE":"Juan Carlos","APELLIDO_ESTUDIANTE":"P\u00e9rez L\u00f3pez","CEDULA_ESTUDIANTE":"1001234567"},{"ID_DOCUMENTO_PREPROFESIONAL":"5","ID_PRACTICA_PREPROFESIONAL":"2","ID_TIPO_DOCUMENTO":"2","ID_ESTADO_REVISION":"3","NOMBRE_ARCHIVO":"oficio_entidad_receptora_002_20250702.pdf","NOMBRE_ORIGINAL":"Oficio Entidad Receptora - Banco.pdf","TIPO_ARCHIVO":"application\/pdf","TAMANO_ARCHIVO":"178944","RUTA_ARCHIVO":"\/uploads\/documentos-practicas\/","FECHA_SUBIDA":"2025-07-02 15:45:00","FECHA_REVISION":"2025-07-02 17:20:00","ID_REVISOR":"18","OBSERVACIONES":"Oficio enviado a la entidad receptora","OBSERVACIONES_REVISOR":"Oficio formal y bien estructurado","VERSION":"1","ACTIVO":"1","FECHA_CREACION":"2025-09-04 06:59:17","FECHA_ACTUALIZACION":"2025-09-04 06:59:17","ID_TIPO_DOCUMENTO_PREPROFESIONAL":"2","TIPO_DOCUMENTO_CODIGO":"PPR-002","TIPO_DOCUMENTO_NOMBRE":"Oficio a Entidad Receptora","TIPO_DOCUMENTO_DESCRIPCION":"Carta formal enviada por el estudiante a la instituci\u00f3n \"Instituto Tecnol\u00f3gico Superior Ibarra\", con el prop\u00f3sito de solicitar la oportunidad de realizar sus pr\u00e1cticas de servicio comunitario.","TIPO_DOCUMENTO_ORDEN":"2","TIPO_DOCUMENTO_OBLIGATORIO":"1","ESTADO_REVISION":"Aprobado","ID_ESTUDIANTE":"2","ENTIDAD_RECEPTORA":"Banco del Pac\u00edfico","ESTUDIANTE_NOMBRE":"Mar\u00eda Elena Garc\u00eda Torres","NOMBRE_ESTUDIANTE":"Mar\u00eda Elena","APELLIDO_ESTUDIANTE":"Garc\u00eda Torres","CEDULA_ESTUDIANTE":"1002345678"},{"ID_DOCUMENTO_PREPROFESIONAL":"4","ID_PRACTICA_PREPROFESIONAL":"2","ID_TIPO_DOCUMENTO":"1","ID_ESTADO_REVISION":"3","NOMBRE_ARCHIVO":"oficio_asignacion_tutor_002_20250701.pdf","NOMBRE_ORIGINAL":"Oficio Asignaci\u00f3n Tutor - Mar\u00eda Elena.pdf","TIPO_ARCHIVO":"application\/pdf","TAMANO_ARCHIVO":"234880","RUTA_ARCHIVO":"\/uploads\/documentos-practicas\/","FECHA_SUBIDA":"2025-07-01 11:00:00","FECHA_REVISION":"2025-07-01 13:15:00","ID_REVISOR":"18","OBSERVACIONES":"Documento oficial de asignaci\u00f3n","OBSERVACIONES_REVISOR":"Asignaci\u00f3n correcta del tutor","VERSION":"1","ACTIVO":"1","FECHA_CREACION":"2025-09-04 06:59:17","FECHA_ACTUALIZACION":"2025-09-04 06:59:17","ID_TIPO_DOCUMENTO_PREPROFESIONAL":"1","TIPO_DOCUMENTO_CODIGO":"PPR-001","TIPO_DOCUMENTO_NOMBRE":"Oficio de Asignaci\u00f3n de Tutor","TIPO_DOCUMENTO_DESCRIPCION":"Documento oficial emitido por la coordinaci\u00f3n de la carrera que designa al docente responsable de la tutor\u00eda y seguimiento de las pr\u00e1cticas de servicio comunitario del estudiante.","TIPO_DOCUMENTO_ORDEN":"1","TIPO_DOCUMENTO_OBLIGATORIO":"1","ESTADO_REVISION":"Aprobado","ID_ESTUDIANTE":"2","ENTIDAD_RECEPTORA":"Banco del Pac\u00edfico","ESTUDIANTE_NOMBRE":"Mar\u00eda Elena Garc\u00eda Torres","NOMBRE_ESTUDIANTE":"Mar\u00eda Elena","APELLIDO_ESTUDIANTE":"Garc\u00eda Torres","CEDULA_ESTUDIANTE":"1002345678"},{"ID_DOCUMENTO_PREPROFESIONAL":"3","ID_PRACTICA_PREPROFESIONAL":"1","ID_TIPO_DOCUMENTO":"3","ID_ESTADO_REVISION":"3","NOMBRE_ARCHIVO":"carta_aceptacion_001_20250603.pdf","NOMBRE_ORIGINAL":"Carta Aceptaci\u00f3n - Hospital.pdf","TIPO_ARCHIVO":"application\/pdf","TAMANO_ARCHIVO":"156672","RUTA_ARCHIVO":"\/uploads\/documentos-practicas\/","FECHA_SUBIDA":"2025-06-03 09:15:00","FECHA_REVISION":"2025-06-03 11:20:00","ID_REVISOR":"17","OBSERVACIONES":"Carta de aceptaci\u00f3n de la entidad","OBSERVACIONES_REVISOR":"Carta oficial con sello institucional","VERSION":"1","ACTIVO":"1","FECHA_CREACION":"2025-09-04 06:59:17","FECHA_ACTUALIZACION":"2025-09-04 06:59:17","ID_TIPO_DOCUMENTO_PREPROFESIONAL":"3","TIPO_DOCUMENTO_CODIGO":"PPR-003","TIPO_DOCUMENTO_NOMBRE":"Carta de Aceptaci\u00f3n","TIPO_DOCUMENTO_DESCRIPCION":"Carta oficial de la entidad receptora \"Instituto Tecnol\u00f3gico Superior Ibarra\" que confirma la aceptaci\u00f3n del o los estudiantes para realizar las pr\u00e1cticas de servicio comunitario en sus instalaciones.","TIPO_DOCUMENTO_ORDEN":"3","TIPO_DOCUMENTO_OBLIGATORIO":"1","ESTADO_REVISION":"Aprobado","ID_ESTUDIANTE":"1","ENTIDAD_RECEPTORA":"Hospital San Vicente de Pa\u00fal","ESTUDIANTE_NOMBRE":"Juan Carlos P\u00e9rez L\u00f3pez","NOMBRE_ESTUDIANTE":"Juan Carlos","APELLIDO_ESTUDIANTE":"P\u00e9rez L\u00f3pez","CEDULA_ESTUDIANTE":"1001234567"},{"ID_DOCUMENTO_PREPROFESIONAL":"2","ID_PRACTICA_PREPROFESIONAL":"1","ID_TIPO_DOCUMENTO":"2","ID_ESTADO_REVISION":"3","NOMBRE_ARCHIVO":"oficio_entidad_receptora_001_20250602.pdf","NOMBRE_ORIGINAL":"Oficio Entidad Receptora - Hospital.pdf","TIPO_ARCHIVO":"application\/pdf","TAMANO_ARCHIVO":"189440","RUTA_ARCHIVO":"\/uploads\/documentos-practicas\/","FECHA_SUBIDA":"2025-06-02 14:30:00","FECHA_REVISION":"2025-06-02 16:45:00","ID_REVISOR":"17","OBSERVACIONES":"Oficio enviado a la entidad receptora","OBSERVACIONES_REVISOR":"Oficio bien redactado y formal","VERSION":"1","ACTIVO":"1","FECHA_CREACION":"2025-09-04 06:59:17","FECHA_ACTUALIZACION":"2025-09-04 06:59:17","ID_TIPO_DOCUMENTO_PREPROFESIONAL":"2","TIPO_DOCUMENTO_CODIGO":"PPR-002","TIPO_DOCUMENTO_NOMBRE":"Oficio a Entidad Receptora","TIPO_DOCUMENTO_DESCRIPCION":"Carta formal enviada por el estudiante a la instituci\u00f3n \"Instituto Tecnol\u00f3gico Superior Ibarra\", con el prop\u00f3sito de solicitar la oportunidad de realizar sus pr\u00e1cticas de servicio comunitario.","TIPO_DOCUMENTO_ORDEN":"2","TIPO_DOCUMENTO_OBLIGATORIO":"1","ESTADO_REVISION":"Aprobado","ID_ESTUDIANTE":"1","ENTIDAD_RECEPTORA":"Hospital San Vicente de Pa\u00fal","ESTUDIANTE_NOMBRE":"Juan Carlos P\u00e9rez L\u00f3pez","NOMBRE_ESTUDIANTE":"Juan Carlos","APELLIDO_ESTUDIANTE":"P\u00e9rez L\u00f3pez","CEDULA_ESTUDIANTE":"1001234567"},{"ID_DOCUMENTO_PREPROFESIONAL":"1","ID_PRACTICA_PREPROFESIONAL":"1","ID_TIPO_DOCUMENTO":"1","ID_ESTADO_REVISION":"3","NOMBRE_ARCHIVO":"oficio_asignacion_tutor_001_20250601.pdf","NOMBRE_ORIGINAL":"Oficio Asignaci\u00f3n Tutor - Juan Carlos.pdf","TIPO_ARCHIVO":"application\/pdf","TAMANO_ARCHIVO":"245760","RUTA_ARCHIVO":"\/uploads\/documentos-practicas\/","FECHA_SUBIDA":"2025-06-01 10:00:00","FECHA_REVISION":"2025-06-01 14:30:00","ID_REVISOR":"17","OBSERVACIONES":"Documento oficial de asignaci\u00f3n","OBSERVACIONES_REVISOR":"Documento aprobado correctamente","VERSION":"1","ACTIVO":"1","FECHA_CREACION":"2025-09-04 06:59:17","FECHA_ACTUALIZACION":"2025-09-04 06:59:17","ID_TIPO_DOCUMENTO_PREPROFESIONAL":"1","TIPO_DOCUMENTO_CODIGO":"PPR-001","TIPO_DOCUMENTO_NOMBRE":"Oficio de Asignaci\u00f3n de Tutor","TIPO_DOCUMENTO_DESCRIPCION":"Documento oficial emitido por la coordinaci\u00f3n de la carrera que designa al docente responsable de la tutor\u00eda y seguimiento de las pr\u00e1cticas de servicio comunitario del estudiante.","TIPO_DOCUMENTO_ORDEN":"1","TIPO_DOCUMENTO_OBLIGATORIO":"1","ESTADO_REVISION":"Aprobado","ID_ESTUDIANTE":"1","ENTIDAD_RECEPTORA":"Hospital San Vicente de Pa\u00fal","ESTUDIANTE_NOMBRE":"Juan Carlos P\u00e9rez L\u00f3pez","NOMBRE_ESTUDIANTE":"Juan Carlos","APELLIDO_ESTUDIANTE":"P\u00e9rez L\u00f3pez","CEDULA_ESTUDIANTE":"1001234567"}]
DEBUG - 2026-03-03 23:33:40 --> Session: Class initialized using 'CodeIgniter\Session\Handlers\FileHandler' driver.
ERROR - 2026-03-03 23:33:40 --> mysqli_sql_exception: Unknown column 'dsc.ESTADO_REVISION' in 'field list' in C:\xampp\htdocs\ITSI\vendor\codeigniter4\framework\system\Database\MySQLi\Connection.php:327
Stack trace:
#0 C:\xampp\htdocs\ITSI\vendor\codeigniter4\framework\system\Database\MySQLi\Connection.php(327): mysqli->query('SELECT COUNT(*)...', 0)
#1 C:\xampp\htdocs\ITSI\vendor\codeigniter4\framework\system\Database\BaseConnection.php(738): CodeIgniter\Database\MySQLi\Connection->execute('SELECT COUNT(*)...')
#2 C:\xampp\htdocs\ITSI\vendor\codeigniter4\framework\system\Database\BaseConnection.php(652): CodeIgniter\Database\BaseConnection->simpleQuery('SELECT COUNT(*)...')
#3 C:\xampp\htdocs\ITSI\vendor\codeigniter4\framework\system\Database\BaseBuilder.php(1649): CodeIgniter\Database\BaseConnection->query('SELECT COUNT(*)...', Array, false)
#4 C:\xampp\htdocs\ITSI\app\Models\DocumentosServicioComunitarioModel.php(137): CodeIgniter\Database\BaseBuilder->get()
#5 C:\xampp\htdocs\ITSI\app\Controllers\admin\DocumentosAdminController.php(45): App\Models\DocumentosServicioComunitarioModel->getEstadisticasDocumentos()
#6 C:\xampp\htdocs\ITSI\vendor\codeigniter4\framework\system\CodeIgniter.php(933): App\Controllers\admin\DocumentosAdminController->documentosServicioComunitario()
#7 C:\xampp\htdocs\ITSI\vendor\codeigniter4\framework\system\CodeIgniter.php(507): CodeIgniter\CodeIgniter->runController(Object(App\Controllers\admin\DocumentosAdminController))
#8 C:\xampp\htdocs\ITSI\vendor\codeigniter4\framework\system\CodeIgniter.php(354): CodeIgniter\CodeIgniter->handleRequest(NULL, Object(Config\Cache), false)
#9 C:\xampp\htdocs\ITSI\vendor\codeigniter4\framework\system\Boot.php(334): CodeIgniter\CodeIgniter->run()
#10 C:\xampp\htdocs\ITSI\vendor\codeigniter4\framework\system\Boot.php(67): CodeIgniter\Boot::runCodeIgniter(Object(CodeIgniter\CodeIgniter))
#11 C:\xampp\htdocs\ITSI\public\index.php(59): CodeIgniter\Boot::bootWeb(Object(Config\Paths))
#12 {main}
DEBUG - 2026-03-03 23:33:43 --> Consulta SQL: SELECT *
FROM `TAB_DOCUMENTOS_PRACTICAS_PREPROFESIONALES` `dp`
DEBUG - 2026-03-03 23:33:43 --> Resultados obtenidos: 9
DEBUG - 2026-03-03 23:33:43 --> Tipos de documentos en index: [{"ID_TIPO_DOCUMENTO_PREPROFESIONAL":"1","CODIGO":"PPR-001","NOMBRE":"Oficio de Asignaci\u00f3n de Tutor","DESCRIPCION":"Documento oficial emitido por la coordinaci\u00f3n de la carrera que designa al docente responsable de la tutor\u00eda y seguimiento de las pr\u00e1cticas de servicio comunitario del estudiante.","ORDEN":"1","OBLIGATORIO":"1","ACTIVO":"1","FECHA_CREACION":"2025-09-04 06:59:17","FECHA_ACTUALIZACION":"2025-09-04 06:59:17"},{"ID_TIPO_DOCUMENTO_PREPROFESIONAL":"2","CODIGO":"PPR-002","NOMBRE":"Oficio a Entidad Receptora","DESCRIPCION":"Carta formal enviada por el estudiante a la instituci\u00f3n \"Instituto Tecnol\u00f3gico Superior Ibarra\", con el prop\u00f3sito de solicitar la oportunidad de realizar sus pr\u00e1cticas de servicio comunitario.","ORDEN":"2","OBLIGATORIO":"1","ACTIVO":"1","FECHA_CREACION":"2025-09-04 06:59:17","FECHA_ACTUALIZACION":"2025-09-04 06:59:17"},{"ID_TIPO_DOCUMENTO_PREPROFESIONAL":"3","CODIGO":"PPR-003","NOMBRE":"Carta de Aceptaci\u00f3n","DESCRIPCION":"Carta oficial de la entidad receptora \"Instituto Tecnol\u00f3gico Superior Ibarra\" que confirma la aceptaci\u00f3n del o los estudiantes para realizar las pr\u00e1cticas de servicio comunitario en sus instalaciones.","ORDEN":"3","OBLIGATORIO":"1","ACTIVO":"1","FECHA_CREACION":"2025-09-04 06:59:17","FECHA_ACTUALIZACION":"2025-09-04 06:59:17"},{"ID_TIPO_DOCUMENTO_PREPROFESIONAL":"4","CODIGO":"PPR-004","NOMBRE":"Solicitud Institucional Valorada","DESCRIPCION":"Documento de solicitud formal dirigido al Sr. Rector, Dr. Mario Montenegro, pidiendo la aprobaci\u00f3n institucional para la realizaci\u00f3n de las pr\u00e1cticas de servicio comunitario.","ORDEN":"4","OBLIGATORIO":"1","ACTIVO":"1","FECHA_CREACION":"2025-09-04 06:59:17","FECHA_ACTUALIZACION":"2025-09-04 06:59:17"},{"ID_TIPO_DOCUMENTO_PREPROFESIONAL":"5","CODIGO":"PPR-005","NOMBRE":"Certificado de Culminaci\u00f3n de Horas","DESCRIPCION":"Certificado emitido por la entidad receptora \"Instituto Tecnol\u00f3gico Superior Ibarra\" que acredita que el estudiante ha completado las 60 horas requeridas de pr\u00e1cticas de servicio comunitario.","ORDEN":"5","OBLIGATORIO":"1","ACTIVO":"1","FECHA_CREACION":"2025-09-04 06:59:17","FECHA_ACTUALIZACION":"2025-09-04 06:59:17"},{"ID_TIPO_DOCUMENTO_PREPROFESIONAL":"6","CODIGO":"PPR-006","NOMBRE":"Hojas de Asistencia","DESCRIPCION":"Registro f\u00edsico de la asistencia del estudiante en la entidad receptora. Incluye las firmas y sellos para validar las horas de trabajo.","ORDEN":"6","OBLIGATORIO":"1","ACTIVO":"1","FECHA_CREACION":"2025-09-04 06:59:17","FECHA_ACTUALIZACION":"2025-09-04 06:59:17"},{"ID_TIPO_DOCUMENTO_PREPROFESIONAL":"7","CODIGO":"PPR-007","NOMBRE":"Ficha de Registro de Actividades","DESCRIPCION":"Documento detallado en el que el estudiante registra las actividades espec\u00edficas realizadas durante sus pr\u00e1cticas, incluyendo fechas y descripciones.","ORDEN":"7","OBLIGATORIO":"1","ACTIVO":"1","FECHA_CREACION":"2025-09-04 06:59:17","FECHA_ACTUALIZACION":"2025-09-04 06:59:17"},{"ID_TIPO_DOCUMENTO_PREPROFESIONAL":"8","CODIGO":"PPR-008","NOMBRE":"R\u00fabrica de Evaluaci\u00f3n de Entidad","DESCRIPCION":"Formulario de evaluaci\u00f3n del desempe\u00f1o del estudiante, llenado y sellado por la entidad receptora. Valora aspectos como la responsabilidad, la proactividad y la calidad del trabajo.","ORDEN":"8","OBLIGATORIO":"1","ACTIVO":"1","FECHA_CREACION":"2025-09-04 06:59:17","FECHA_ACTUALIZACION":"2025-09-04 06:59:17"},{"ID_TIPO_DOCUMENTO_PREPROFESIONAL":"9","CODIGO":"PPR-009","NOMBRE":"Ficha de Control y Seguimiento Docente","DESCRIPCION":"Documento utilizado por el tutor docente para registrar el seguimiento acad\u00e9mico del estudiante durante las pr\u00e1cticas. Incluye visitas o revisiones peri\u00f3dicas.","ORDEN":"9","OBLIGATORIO":"1","ACTIVO":"1","FECHA_CREACION":"2025-09-04 06:59:17","FECHA_ACTUALIZACION":"2025-09-04 06:59:17"},{"ID_TIPO_DOCUMENTO_PREPROFESIONAL":"10","CODIGO":"PPR-010","NOMBRE":"R\u00fabrica de Evaluaci\u00f3n Docente","DESCRIPCION":"R\u00fabrica de evaluaci\u00f3n llenada y firmada por el tutor docente. Califica el desempe\u00f1o del estudiante en base a los criterios acad\u00e9micos del programa.","ORDEN":"10","OBLIGATORIO":"1","ACTIVO":"1","FECHA_CREACION":"2025-09-04 06:59:17","FECHA_ACTUALIZACION":"2025-09-04 06:59:17"},{"ID_TIPO_DOCUMENTO_PREPROFESIONAL":"11","CODIGO":"PPR-011","NOMBRE":"R\u00fabrica de Evaluaci\u00f3n de Resultados","DESCRIPCION":"Evaluaci\u00f3n final realizada por el Departamento de Vinculaci\u00f3n con la Sociedad, que valora los resultados y el impacto del proyecto de servicio comunitario en su conjunto.","ORDEN":"11","OBLIGATORIO":"1","ACTIVO":"1","FECHA_CREACION":"2025-09-04 06:59:17","FECHA_ACTUALIZACION":"2025-09-04 06:59:17"},{"ID_TIPO_DOCUMENTO_PREPROFESIONAL":"12","CODIGO":"PPR-012","NOMBRE":"Evidencia Fotogr\u00e1fica y Digital","DESCRIPCION":"Material de apoyo visual y digital, como fotos, capturas, videos o impresiones, que documenta y comprueba la realizaci\u00f3n de las actividades y trabajos del proyecto.","ORDEN":"12","OBLIGATORIO":"1","ACTIVO":"1","FECHA_CREACION":"2025-09-04 06:59:17","FECHA_ACTUALIZACION":"2025-09-04 06:59:17"}]
DEBUG - 2026-03-03 23:33:43 --> Session: Class initialized using 'CodeIgniter\Session\Handlers\FileHandler' driver.
DEBUG - 2026-03-03 23:33:44 --> Consulta SQL: SELECT *
FROM `TAB_DOCUMENTOS_PRACTICAS_PREPROFESIONALES` `dp`
DEBUG - 2026-03-03 23:33:44 --> Resultados obtenidos: 9
DEBUG - 2026-03-03 23:33:44 --> Documentos obtenidos: [{"ID_DOCUMENTO_PREPROFESIONAL":"17","ID_PRACTICA_PREPROFESIONAL":"2","ID_TIPO_DOCUMENTO":"9","ID_ESTADO_REVISION":"4","NOMBRE_ARCHIVO":"ficha_control_seguimiento_002_20250920.pdf","NOMBRE_ORIGINAL":"Ficha Control Seguimiento - Mar\u00eda.pdf","TIPO_ARCHIVO":"application\/pdf","TAMANO_ARCHIVO":"112233","RUTA_ARCHIVO":"\/uploads\/documentos-practicas\/","FECHA_SUBIDA":"2025-09-20 10:15:00","FECHA_REVISION":"2025-09-20 12:45:00","ID_REVISOR":"18","OBSERVACIONES":"Ficha de control y seguimiento docente","OBSERVACIONES_REVISOR":"Faltan las firmas del tutor docente, documento inv\u00e1lido","VERSION":"1","ACTIVO":"1","FECHA_CREACION":"2025-09-04 06:59:17","FECHA_ACTUALIZACION":"2025-09-04 06:59:17","ID_TIPO_DOCUMENTO_PREPROFESIONAL":"9","TIPO_DOCUMENTO_CODIGO":"PPR-009","TIPO_DOCUMENTO_NOMBRE":"Ficha de Control y Seguimiento Docente","TIPO_DOCUMENTO_DESCRIPCION":"Documento utilizado por el tutor docente para registrar el seguimiento acad\u00e9mico del estudiante durante las pr\u00e1cticas. Incluye visitas o revisiones peri\u00f3dicas.","TIPO_DOCUMENTO_ORDEN":"9","TIPO_DOCUMENTO_OBLIGATORIO":"1","ESTADO_REVISION":"Rechazado","ID_ESTUDIANTE":"2","ENTIDAD_RECEPTORA":"Banco del Pac\u00edfico","ESTUDIANTE_NOMBRE":"Mar\u00eda Elena Garc\u00eda Torres","NOMBRE_ESTUDIANTE":"Mar\u00eda Elena","APELLIDO_ESTUDIANTE":"Garc\u00eda Torres","CEDULA_ESTUDIANTE":"1002345678"},{"ID_DOCUMENTO_PREPROFESIONAL":"15","ID_PRACTICA_PREPROFESIONAL":"2","ID_TIPO_DOCUMENTO":"7","ID_ESTADO_REVISION":"5","NOMBRE_ARCHIVO":"ficha_registro_actividades_002_20250915.pdf","NOMBRE_ORIGINAL":"Ficha Registro Actividades - Mar\u00eda.pdf","TIPO_ARCHIVO":"application\/pdf","TAMANO_ARCHIVO":"98765","RUTA_ARCHIVO":"\/uploads\/documentos-practicas\/","FECHA_SUBIDA":"2025-09-15 11:30:00","FECHA_REVISION":"2025-09-15 14:20:00","ID_REVISOR":"18","OBSERVACIONES":"Ficha de registro de actividades","OBSERVACIONES_REVISOR":"Descripci\u00f3n de actividades muy general, especificar m\u00e1s detalles","VERSION":"1","ACTIVO":"1","FECHA_CREACION":"2025-09-04 06:59:17","FECHA_ACTUALIZACION":"2025-09-04 06:59:17","ID_TIPO_DOCUMENTO_PREPROFESIONAL":"7","TIPO_DOCUMENTO_CODIGO":"PPR-007","TIPO_DOCUMENTO_NOMBRE":"Ficha de Registro de Actividades","TIPO_DOCUMENTO_DESCRIPCION":"Documento detallado en el que el estudiante registra las actividades espec\u00edficas realizadas durante sus pr\u00e1cticas, incluyendo fechas y descripciones.","TIPO_DOCUMENTO_ORDEN":"7","TIPO_DOCUMENTO_OBLIGATORIO":"1","ESTADO_REVISION":"Requiere Correcci\u00f3n","ID_ESTUDIANTE":"2","ENTIDAD_RECEPTORA":"Banco del Pac\u00edfico","ESTUDIANTE_NOMBRE":"Mar\u00eda Elena Garc\u00eda Torres","NOMBRE_ESTUDIANTE":"Mar\u00eda Elena","APELLIDO_ESTUDIANTE":"Garc\u00eda Torres","CEDULA_ESTUDIANTE":"1002345678"},{"ID_DOCUMENTO_PREPROFESIONAL":"14","ID_PRACTICA_PREPROFESIONAL":"1","ID_TIPO_DOCUMENTO":"6","ID_ESTADO_REVISION":"5","NOMBRE_ARCHIVO":"hojas_asistencia_001_20250830.pdf","NOMBRE_ORIGINAL":"Hojas de Asistencia - Juan Carlos.pdf","TIPO_ARCHIVO":"application\/pdf","TAMANO_ARCHIVO":"123456","RUTA_ARCHIVO":"\/uploads\/documentos-practicas\/","FECHA_SUBIDA":"2025-08-30 16:15:00","FECHA_REVISION":"2025-08-30 17:45:00","ID_REVISOR":"17","OBSERVACIONES":"Hojas de asistencia completas","OBSERVACIONES_REVISOR":"Faltan firmas en algunas fechas, corregir y volver a subir","VERSION":"1","ACTIVO":"1","FECHA_CREACION":"2025-09-04 06:59:17","FECHA_ACTUALIZACION":"2025-09-04 06:59:17","ID_TIPO_DOCUMENTO_PREPROFESIONAL":"6","TIPO_DOCUMENTO_CODIGO":"PPR-006","TIPO_DOCUMENTO_NOMBRE":"Hojas de Asistencia","TIPO_DOCUMENTO_DESCRIPCION":"Registro f\u00edsico de la asistencia del estudiante en la entidad receptora. Incluye las firmas y sellos para validar las horas de trabajo.","TIPO_DOCUMENTO_ORDEN":"6","TIPO_DOCUMENTO_OBLIGATORIO":"1","ESTADO_REVISION":"Requiere Correcci\u00f3n","ID_ESTUDIANTE":"1","ENTIDAD_RECEPTORA":"Hospital San Vicente de Pa\u00fal","ESTUDIANTE_NOMBRE":"Juan Carlos P\u00e9rez L\u00f3pez","NOMBRE_ESTUDIANTE":"Juan Carlos","APELLIDO_ESTUDIANTE":"P\u00e9rez L\u00f3pez","CEDULA_ESTUDIANTE":"1001234567"},{"ID_DOCUMENTO_PREPROFESIONAL":"16","ID_PRACTICA_PREPROFESIONAL":"1","ID_TIPO_DOCUMENTO":"8","ID_ESTADO_REVISION":"4","NOMBRE_ARCHIVO":"rubrica_evaluacion_entidad_001_20250825.pdf","NOMBRE_ORIGINAL":"R\u00fabrica Evaluaci\u00f3n Entidad - Juan.pdf","TIPO_ARCHIVO":"application\/pdf","TAMANO_ARCHIVO":"87654","RUTA_ARCHIVO":"\/uploads\/documentos-practicas\/","FECHA_SUBIDA":"2025-08-25 15:00:00","FECHA_REVISION":"2025-08-25 16:30:00","ID_REVISOR":"17","OBSERVACIONES":"R\u00fabrica de evaluaci\u00f3n de entidad","OBSERVACIONES_REVISOR":"Documento no tiene sello oficial de la entidad, rechazado","VERSION":"1","ACTIVO":"1","FECHA_CREACION":"2025-09-04 06:59:17","FECHA_ACTUALIZACION":"2025-09-04 06:59:17","ID_TIPO_DOCUMENTO_PREPROFESIONAL":"8","TIPO_DOCUMENTO_CODIGO":"PPR-008","TIPO_DOCUMENTO_NOMBRE":"R\u00fabrica de Evaluaci\u00f3n de Entidad","TIPO_DOCUMENTO_DESCRIPCION":"Formulario de evaluaci\u00f3n del desempe\u00f1o del estudiante, llenado y sellado por la entidad receptora. Valora aspectos como la responsabilidad, la proactividad y la calidad del trabajo.","TIPO_DOCUMENTO_ORDEN":"8","TIPO_DOCUMENTO_OBLIGATORIO":"1","ESTADO_REVISION":"Rechazado","ID_ESTUDIANTE":"1","ENTIDAD_RECEPTORA":"Hospital San Vicente de Pa\u00fal","ESTUDIANTE_NOMBRE":"Juan Carlos P\u00e9rez L\u00f3pez","NOMBRE_ESTUDIANTE":"Juan Carlos","APELLIDO_ESTUDIANTE":"P\u00e9rez L\u00f3pez","CEDULA_ESTUDIANTE":"1001234567"},{"ID_DOCUMENTO_PREPROFESIONAL":"5","ID_PRACTICA_PREPROFESIONAL":"2","ID_TIPO_DOCUMENTO":"2","ID_ESTADO_REVISION":"3","NOMBRE_ARCHIVO":"oficio_entidad_receptora_002_20250702.pdf","NOMBRE_ORIGINAL":"Oficio Entidad Receptora - Banco.pdf","TIPO_ARCHIVO":"application\/pdf","TAMANO_ARCHIVO":"178944","RUTA_ARCHIVO":"\/uploads\/documentos-practicas\/","FECHA_SUBIDA":"2025-07-02 15:45:00","FECHA_REVISION":"2025-07-02 17:20:00","ID_REVISOR":"18","OBSERVACIONES":"Oficio enviado a la entidad receptora","OBSERVACIONES_REVISOR":"Oficio formal y bien estructurado","VERSION":"1","ACTIVO":"1","FECHA_CREACION":"2025-09-04 06:59:17","FECHA_ACTUALIZACION":"2025-09-04 06:59:17","ID_TIPO_DOCUMENTO_PREPROFESIONAL":"2","TIPO_DOCUMENTO_CODIGO":"PPR-002","TIPO_DOCUMENTO_NOMBRE":"Oficio a Entidad Receptora","TIPO_DOCUMENTO_DESCRIPCION":"Carta formal enviada por el estudiante a la instituci\u00f3n \"Instituto Tecnol\u00f3gico Superior Ibarra\", con el prop\u00f3sito de solicitar la oportunidad de realizar sus pr\u00e1cticas de servicio comunitario.","TIPO_DOCUMENTO_ORDEN":"2","TIPO_DOCUMENTO_OBLIGATORIO":"1","ESTADO_REVISION":"Aprobado","ID_ESTUDIANTE":"2","ENTIDAD_RECEPTORA":"Banco del Pac\u00edfico","ESTUDIANTE_NOMBRE":"Mar\u00eda Elena Garc\u00eda Torres","NOMBRE_ESTUDIANTE":"Mar\u00eda Elena","APELLIDO_ESTUDIANTE":"Garc\u00eda Torres","CEDULA_ESTUDIANTE":"1002345678"},{"ID_DOCUMENTO_PREPROFESIONAL":"4","ID_PRACTICA_PREPROFESIONAL":"2","ID_TIPO_DOCUMENTO":"1","ID_ESTADO_REVISION":"3","NOMBRE_ARCHIVO":"oficio_asignacion_tutor_002_20250701.pdf","NOMBRE_ORIGINAL":"Oficio Asignaci\u00f3n Tutor - Mar\u00eda Elena.pdf","TIPO_ARCHIVO":"application\/pdf","TAMANO_ARCHIVO":"234880","RUTA_ARCHIVO":"\/uploads\/documentos-practicas\/","FECHA_SUBIDA":"2025-07-01 11:00:00","FECHA_REVISION":"2025-07-01 13:15:00","ID_REVISOR":"18","OBSERVACIONES":"Documento oficial de asignaci\u00f3n","OBSERVACIONES_REVISOR":"Asignaci\u00f3n correcta del tutor","VERSION":"1","ACTIVO":"1","FECHA_CREACION":"2025-09-04 06:59:17","FECHA_ACTUALIZACION":"2025-09-04 06:59:17","ID_TIPO_DOCUMENTO_PREPROFESIONAL":"1","TIPO_DOCUMENTO_CODIGO":"PPR-001","TIPO_DOCUMENTO_NOMBRE":"Oficio de Asignaci\u00f3n de Tutor","TIPO_DOCUMENTO_DESCRIPCION":"Documento oficial emitido por la coordinaci\u00f3n de la carrera que designa al docente responsable de la tutor\u00eda y seguimiento de las pr\u00e1cticas de servicio comunitario del estudiante.","TIPO_DOCUMENTO_ORDEN":"1","TIPO_DOCUMENTO_OBLIGATORIO":"1","ESTADO_REVISION":"Aprobado","ID_ESTUDIANTE":"2","ENTIDAD_RECEPTORA":"Banco del Pac\u00edfico","ESTUDIANTE_NOMBRE":"Mar\u00eda Elena Garc\u00eda Torres","NOMBRE_ESTUDIANTE":"Mar\u00eda Elena","APELLIDO_ESTUDIANTE":"Garc\u00eda Torres","CEDULA_ESTUDIANTE":"1002345678"},{"ID_DOCUMENTO_PREPROFESIONAL":"3","ID_PRACTICA_PREPROFESIONAL":"1","ID_TIPO_DOCUMENTO":"3","ID_ESTADO_REVISION":"3","NOMBRE_ARCHIVO":"carta_aceptacion_001_20250603.pdf","NOMBRE_ORIGINAL":"Carta Aceptaci\u00f3n - Hospital.pdf","TIPO_ARCHIVO":"application\/pdf","TAMANO_ARCHIVO":"156672","RUTA_ARCHIVO":"\/uploads\/documentos-practicas\/","FECHA_SUBIDA":"2025-06-03 09:15:00","FECHA_REVISION":"2025-06-03 11:20:00","ID_REVISOR":"17","OBSERVACIONES":"Carta de aceptaci\u00f3n de la entidad","OBSERVACIONES_REVISOR":"Carta oficial con sello institucional","VERSION":"1","ACTIVO":"1","FECHA_CREACION":"2025-09-04 06:59:17","FECHA_ACTUALIZACION":"2025-09-04 06:59:17","ID_TIPO_DOCUMENTO_PREPROFESIONAL":"3","TIPO_DOCUMENTO_CODIGO":"PPR-003","TIPO_DOCUMENTO_NOMBRE":"Carta de Aceptaci\u00f3n","TIPO_DOCUMENTO_DESCRIPCION":"Carta oficial de la entidad receptora \"Instituto Tecnol\u00f3gico Superior Ibarra\" que confirma la aceptaci\u00f3n del o los estudiantes para realizar las pr\u00e1cticas de servicio comunitario en sus instalaciones.","TIPO_DOCUMENTO_ORDEN":"3","TIPO_DOCUMENTO_OBLIGATORIO":"1","ESTADO_REVISION":"Aprobado","ID_ESTUDIANTE":"1","ENTIDAD_RECEPTORA":"Hospital San Vicente de Pa\u00fal","ESTUDIANTE_NOMBRE":"Juan Carlos P\u00e9rez L\u00f3pez","NOMBRE_ESTUDIANTE":"Juan Carlos","APELLIDO_ESTUDIANTE":"P\u00e9rez L\u00f3pez","CEDULA_ESTUDIANTE":"1001234567"},{"ID_DOCUMENTO_PREPROFESIONAL":"2","ID_PRACTICA_PREPROFESIONAL":"1","ID_TIPO_DOCUMENTO":"2","ID_ESTADO_REVISION":"3","NOMBRE_ARCHIVO":"oficio_entidad_receptora_001_20250602.pdf","NOMBRE_ORIGINAL":"Oficio Entidad Receptora - Hospital.pdf","TIPO_ARCHIVO":"application\/pdf","TAMANO_ARCHIVO":"189440","RUTA_ARCHIVO":"\/uploads\/documentos-practicas\/","FECHA_SUBIDA":"2025-06-02 14:30:00","FECHA_REVISION":"2025-06-02 16:45:00","ID_REVISOR":"17","OBSERVACIONES":"Oficio enviado a la entidad receptora","OBSERVACIONES_REVISOR":"Oficio bien redactado y formal","VERSION":"1","ACTIVO":"1","FECHA_CREACION":"2025-09-04 06:59:17","FECHA_ACTUALIZACION":"2025-09-04 06:59:17","ID_TIPO_DOCUMENTO_PREPROFESIONAL":"2","TIPO_DOCUMENTO_CODIGO":"PPR-002","TIPO_DOCUMENTO_NOMBRE":"Oficio a Entidad Receptora","TIPO_DOCUMENTO_DESCRIPCION":"Carta formal enviada por el estudiante a la instituci\u00f3n \"Instituto Tecnol\u00f3gico Superior Ibarra\", con el prop\u00f3sito de solicitar la oportunidad de realizar sus pr\u00e1cticas de servicio comunitario.","TIPO_DOCUMENTO_ORDEN":"2","TIPO_DOCUMENTO_OBLIGATORIO":"1","ESTADO_REVISION":"Aprobado","ID_ESTUDIANTE":"1","ENTIDAD_RECEPTORA":"Hospital San Vicente de Pa\u00fal","ESTUDIANTE_NOMBRE":"Juan Carlos P\u00e9rez L\u00f3pez","NOMBRE_ESTUDIANTE":"Juan Carlos","APELLIDO_ESTUDIANTE":"P\u00e9rez L\u00f3pez","CEDULA_ESTUDIANTE":"1001234567"},{"ID_DOCUMENTO_PREPROFESIONAL":"1","ID_PRACTICA_PREPROFESIONAL":"1","ID_TIPO_DOCUMENTO":"1","ID_ESTADO_REVISION":"3","NOMBRE_ARCHIVO":"oficio_asignacion_tutor_001_20250601.pdf","NOMBRE_ORIGINAL":"Oficio Asignaci\u00f3n Tutor - Juan Carlos.pdf","TIPO_ARCHIVO":"application\/pdf","TAMANO_ARCHIVO":"245760","RUTA_ARCHIVO":"\/uploads\/documentos-practicas\/","FECHA_SUBIDA":"2025-06-01 10:00:00","FECHA_REVISION":"2025-06-01 14:30:00","ID_REVISOR":"17","OBSERVACIONES":"Documento oficial de asignaci\u00f3n","OBSERVACIONES_REVISOR":"Documento aprobado correctamente","VERSION":"1","ACTIVO":"1","FECHA_CREACION":"2025-09-04 06:59:17","FECHA_ACTUALIZACION":"2025-09-04 06:59:17","ID_TIPO_DOCUMENTO_PREPROFESIONAL":"1","TIPO_DOCUMENTO_CODIGO":"PPR-001","TIPO_DOCUMENTO_NOMBRE":"Oficio de Asignaci\u00f3n de Tutor","TIPO_DOCUMENTO_DESCRIPCION":"Documento oficial emitido por la coordinaci\u00f3n de la carrera que designa al docente responsable de la tutor\u00eda y seguimiento de las pr\u00e1cticas de servicio comunitario del estudiante.","TIPO_DOCUMENTO_ORDEN":"1","TIPO_DOCUMENTO_OBLIGATORIO":"1","ESTADO_REVISION":"Aprobado","ID_ESTUDIANTE":"1","ENTIDAD_RECEPTORA":"Hospital San Vicente de Pa\u00fal","ESTUDIANTE_NOMBRE":"Juan Carlos P\u00e9rez L\u00f3pez","NOMBRE_ESTUDIANTE":"Juan Carlos","APELLIDO_ESTUDIANTE":"P\u00e9rez L\u00f3pez","CEDULA_ESTUDIANTE":"1001234567"}]
DEBUG - 2026-03-03 23:33:52 --> Session: Class initialized using 'CodeIgniter\Session\Handlers\FileHandler' driver.
INFO - 2026-03-03 23:33:52 --> Iniciando proceso de cierre de sesión para usuario: ycampues
INFO - 2026-03-03 23:33:52 --> Sesión cerrada exitosamente
DEBUG - 2026-03-03 23:33:52 --> Session: Class initialized using 'CodeIgniter\Session\Handlers\FileHandler' driver.
