DEBUG - 2026-04-04 09:10:24 --> Session: Class initialized using 'CodeIgniter\Session\Handlers\FileHandler' driver.
DEBUG - 2026-04-04 09:10:41 --> Session: Class initialized using 'CodeIgniter\Session\Handlers\FileHandler' driver.
INFO - 2026-04-04 09:10:42 --> Usuario autenticado: paguirre con rol: 3 - requiere cambio password: no
DEBUG - 2026-04-04 09:10:43 --> Session: Class initialized using 'CodeIgniter\Session\Handlers\FileHandler' driver.
DEBUG - 2026-04-04 09:11:13 --> Session: Class initialized using 'CodeIgniter\Session\Handlers\FileHandler' driver.
DEBUG - 2026-04-04 09:11:13 --> Session: Class initialized using 'CodeIgniter\Session\Handlers\FileHandler' driver.
DEBUG - 2026-04-04 09:11:16 --> Session: Class initialized using 'CodeIgniter\Session\Handlers\FileHandler' driver.
DEBUG - 2026-04-04 09:19:39 --> Session: Class initialized using 'CodeIgniter\Session\Handlers\FileHandler' driver.
DEBUG - 2026-04-04 09:32:29 --> Session: Class initialized using 'CodeIgniter\Session\Handlers\FileHandler' driver.
DEBUG - 2026-04-04 09:32:44 --> Session: Class initialized using 'CodeIgniter\Session\Handlers\FileHandler' driver.
ERROR - 2026-04-04 09:32:45 --> mysqli_sql_exception: Unknown column 'ENTIDAD_RECEPTORA' in 'field list' in C:\xampp\htdocs\ITSI\vendor\codeigniter4\framework\system\Database\MySQLi\Connection.php:327
Stack trace:
#0 C:\xampp\htdocs\ITSI\vendor\codeigniter4\framework\system\Database\MySQLi\Connection.php(327): mysqli->query('INSERT INTO `TA...', 0)
#1 C:\xampp\htdocs\ITSI\vendor\codeigniter4\framework\system\Database\BaseConnection.php(738): CodeIgniter\Database\MySQLi\Connection->execute('INSERT INTO `TA...')
#2 C:\xampp\htdocs\ITSI\vendor\codeigniter4\framework\system\Database\BaseConnection.php(652): CodeIgniter\Database\BaseConnection->simpleQuery('INSERT INTO `TA...')
#3 C:\xampp\htdocs\ITSI\vendor\codeigniter4\framework\system\Database\BaseBuilder.php(2345): CodeIgniter\Database\BaseConnection->query('INSERT INTO `TA...', Array, false)
#4 C:\xampp\htdocs\ITSI\vendor\codeigniter4\framework\system\Model.php(394): CodeIgniter\Database\BaseBuilder->insert()
#5 C:\xampp\htdocs\ITSI\vendor\codeigniter4\framework\system\BaseModel.php(843): CodeIgniter\Model->doInsert(Array)
#6 C:\xampp\htdocs\ITSI\vendor\codeigniter4\framework\system\Model.php(800): CodeIgniter\BaseModel->insert(Array, true)
#7 C:\xampp\htdocs\ITSI\app\Controllers\estudiante\DocumentosPracticasEstudianteController.php(202): CodeIgniter\Model->insert(Array)
#8 C:\xampp\htdocs\ITSI\vendor\codeigniter4\framework\system\CodeIgniter.php(933): App\Controllers\estudiante\DocumentosPracticasEstudianteController->subirDocumento()
#9 C:\xampp\htdocs\ITSI\vendor\codeigniter4\framework\system\CodeIgniter.php(507): CodeIgniter\CodeIgniter->runController(Object(App\Controllers\estudiante\DocumentosPracticasEstudianteController))
#10 C:\xampp\htdocs\ITSI\vendor\codeigniter4\framework\system\CodeIgniter.php(354): CodeIgniter\CodeIgniter->handleRequest(NULL, Object(Config\Cache), false)
#11 C:\xampp\htdocs\ITSI\vendor\codeigniter4\framework\system\Boot.php(334): CodeIgniter\CodeIgniter->run()
#12 C:\xampp\htdocs\ITSI\vendor\codeigniter4\framework\system\Boot.php(67): CodeIgniter\Boot::runCodeIgniter(Object(CodeIgniter\CodeIgniter))
#13 C:\xampp\htdocs\ITSI\public\index.php(59): CodeIgniter\Boot::bootWeb(Object(Config\Paths))
#14 {main}
DEBUG - 2026-04-04 09:34:12 --> Session: Class initialized using 'CodeIgniter\Session\Handlers\FileHandler' driver.
DEBUG - 2026-04-04 09:34:14 --> Session: Class initialized using 'CodeIgniter\Session\Handlers\FileHandler' driver.
DEBUG - 2026-04-04 09:34:18 --> Session: Class initialized using 'CodeIgniter\Session\Handlers\FileHandler' driver.
DEBUG - 2026-04-04 09:36:08 --> Session: Class initialized using 'CodeIgniter\Session\Handlers\FileHandler' driver.
DEBUG - 2026-04-04 09:36:09 --> Session: Class initialized using 'CodeIgniter\Session\Handlers\FileHandler' driver.
DEBUG - 2026-04-04 09:36:11 --> Session: Class initialized using 'CodeIgniter\Session\Handlers\FileHandler' driver.
DEBUG - 2026-04-04 09:36:11 --> Session: Class initialized using 'CodeIgniter\Session\Handlers\FileHandler' driver.
DEBUG - 2026-04-04 09:36:12 --> Session: Class initialized using 'CodeIgniter\Session\Handlers\FileHandler' driver.
DEBUG - 2026-04-04 09:36:12 --> Session: Class initialized using 'CodeIgniter\Session\Handlers\FileHandler' driver.
DEBUG - 2026-04-04 09:36:12 --> Session: Class initialized using 'CodeIgniter\Session\Handlers\FileHandler' driver.
DEBUG - 2026-04-04 09:36:14 --> Session: Class initialized using 'CodeIgniter\Session\Handlers\FileHandler' driver.
DEBUG - 2026-04-04 09:46:28 --> Session: Class initialized using 'CodeIgniter\Session\Handlers\FileHandler' driver.
INFO - 2026-04-04 09:46:28 --> Iniciando proceso de cierre de sesión para usuario: paguirre
INFO - 2026-04-04 09:46:28 --> Sesión cerrada exitosamente
DEBUG - 2026-04-04 09:46:28 --> Session: Class initialized using 'CodeIgniter\Session\Handlers\FileHandler' driver.
DEBUG - 2026-04-04 10:00:35 --> Session: Class initialized using 'CodeIgniter\Session\Handlers\FileHandler' driver.
INFO - 2026-04-04 10:00:36 --> Usuario autenticado: paguirre con rol: 3 - requiere cambio password: no
DEBUG - 2026-04-04 10:00:36 --> Session: Class initialized using 'CodeIgniter\Session\Handlers\FileHandler' driver.
DEBUG - 2026-04-04 10:00:40 --> Session: Class initialized using 'CodeIgniter\Session\Handlers\FileHandler' driver.
DEBUG - 2026-04-04 10:03:41 --> Session: Class initialized using 'CodeIgniter\Session\Handlers\FileHandler' driver.
DEBUG - 2026-04-04 10:03:56 --> Session: Class initialized using 'CodeIgniter\Session\Handlers\FileHandler' driver.
DEBUG - 2026-04-04 10:06:00 --> Session: Class initialized using 'CodeIgniter\Session\Handlers\FileHandler' driver.
DEBUG - 2026-04-04 10:06:18 --> Session: Class initialized using 'CodeIgniter\Session\Handlers\FileHandler' driver.
DEBUG - 2026-04-04 10:11:58 --> Session: Class initialized using 'CodeIgniter\Session\Handlers\FileHandler' driver.
DEBUG - 2026-04-04 10:17:22 --> Session: Class initialized using 'CodeIgniter\Session\Handlers\FileHandler' driver.
DEBUG - 2026-04-04 10:20:26 --> Session: Class initialized using 'CodeIgniter\Session\Handlers\FileHandler' driver.
DEBUG - 2026-04-04 10:20:38 --> Session: Class initialized using 'CodeIgniter\Session\Handlers\FileHandler' driver.
DEBUG - 2026-04-04 10:25:07 --> Session: Class initialized using 'CodeIgniter\Session\Handlers\FileHandler' driver.
DEBUG - 2026-04-04 10:25:18 --> Session: Class initialized using 'CodeIgniter\Session\Handlers\FileHandler' driver.
DEBUG - 2026-04-04 10:28:11 --> Session: Class initialized using 'CodeIgniter\Session\Handlers\FileHandler' driver.
DEBUG - 2026-04-04 10:28:24 --> Session: Class initialized using 'CodeIgniter\Session\Handlers\FileHandler' driver.
DEBUG - 2026-04-04 10:28:25 --> Session: Class initialized using 'CodeIgniter\Session\Handlers\FileHandler' driver.
DEBUG - 2026-04-04 10:29:14 --> Session: Class initialized using 'CodeIgniter\Session\Handlers\FileHandler' driver.
DEBUG - 2026-04-04 10:29:16 --> Session: Class initialized using 'CodeIgniter\Session\Handlers\FileHandler' driver.
DEBUG - 2026-04-04 10:29:44 --> Session: Class initialized using 'CodeIgniter\Session\Handlers\FileHandler' driver.
DEBUG - 2026-04-04 10:29:46 --> Session: Class initialized using 'CodeIgniter\Session\Handlers\FileHandler' driver.
DEBUG - 2026-04-04 10:29:49 --> Session: Class initialized using 'CodeIgniter\Session\Handlers\FileHandler' driver.
DEBUG - 2026-04-04 10:31:22 --> Session: Class initialized using 'CodeIgniter\Session\Handlers\FileHandler' driver.
DEBUG - 2026-04-04 10:31:28 --> Session: Class initialized using 'CodeIgniter\Session\Handlers\FileHandler' driver.
DEBUG - 2026-04-04 10:31:33 --> Session: Class initialized using 'CodeIgniter\Session\Handlers\FileHandler' driver.
DEBUG - 2026-04-04 10:31:33 --> Session: Class initialized using 'CodeIgniter\Session\Handlers\FileHandler' driver.
DEBUG - 2026-04-04 10:31:33 --> Session: Class initialized using 'CodeIgniter\Session\Handlers\FileHandler' driver.
DEBUG - 2026-04-04 10:31:34 --> Session: Class initialized using 'CodeIgniter\Session\Handlers\FileHandler' driver.
DEBUG - 2026-04-04 10:31:34 --> Session: Class initialized using 'CodeIgniter\Session\Handlers\FileHandler' driver.
DEBUG - 2026-04-04 10:31:49 --> Session: Class initialized using 'CodeIgniter\Session\Handlers\FileHandler' driver.
DEBUG - 2026-04-04 10:32:04 --> Session: Class initialized using 'CodeIgniter\Session\Handlers\FileHandler' driver.
DEBUG - 2026-04-04 10:32:19 --> Session: Class initialized using 'CodeIgniter\Session\Handlers\FileHandler' driver.
DEBUG - 2026-04-04 10:32:34 --> Session: Class initialized using 'CodeIgniter\Session\Handlers\FileHandler' driver.
DEBUG - 2026-04-04 10:32:49 --> Session: Class initialized using 'CodeIgniter\Session\Handlers\FileHandler' driver.
DEBUG - 2026-04-04 10:32:55 --> Session: Class initialized using 'CodeIgniter\Session\Handlers\FileHandler' driver.
DEBUG - 2026-04-04 10:32:56 --> Session: Class initialized using 'CodeIgniter\Session\Handlers\FileHandler' driver.
DEBUG - 2026-04-04 10:32:56 --> Session: Class initialized using 'CodeIgniter\Session\Handlers\FileHandler' driver.
DEBUG - 2026-04-04 10:32:56 --> Session: Class initialized using 'CodeIgniter\Session\Handlers\FileHandler' driver.
DEBUG - 2026-04-04 10:32:56 --> Session: Class initialized using 'CodeIgniter\Session\Handlers\FileHandler' driver.
DEBUG - 2026-04-04 10:32:59 --> Session: Class initialized using 'CodeIgniter\Session\Handlers\FileHandler' driver.
DEBUG - 2026-04-04 10:33:00 --> Session: Class initialized using 'CodeIgniter\Session\Handlers\FileHandler' driver.
DEBUG - 2026-04-04 10:33:00 --> Session: Class initialized using 'CodeIgniter\Session\Handlers\FileHandler' driver.
DEBUG - 2026-04-04 10:33:00 --> Session: Class initialized using 'CodeIgniter\Session\Handlers\FileHandler' driver.
DEBUG - 2026-04-04 10:33:01 --> Session: Class initialized using 'CodeIgniter\Session\Handlers\FileHandler' driver.
DEBUG - 2026-04-04 10:33:15 --> Session: Class initialized using 'CodeIgniter\Session\Handlers\FileHandler' driver.
DEBUG - 2026-04-04 10:33:30 --> Session: Class initialized using 'CodeIgniter\Session\Handlers\FileHandler' driver.
DEBUG - 2026-04-04 10:33:45 --> Session: Class initialized using 'CodeIgniter\Session\Handlers\FileHandler' driver.
DEBUG - 2026-04-04 10:34:00 --> Session: Class initialized using 'CodeIgniter\Session\Handlers\FileHandler' driver.
DEBUG - 2026-04-04 10:34:15 --> Session: Class initialized using 'CodeIgniter\Session\Handlers\FileHandler' driver.
DEBUG - 2026-04-04 10:34:30 --> Session: Class initialized using 'CodeIgniter\Session\Handlers\FileHandler' driver.
DEBUG - 2026-04-04 10:34:45 --> Session: Class initialized using 'CodeIgniter\Session\Handlers\FileHandler' driver.
DEBUG - 2026-04-04 10:35:00 --> Session: Class initialized using 'CodeIgniter\Session\Handlers\FileHandler' driver.
DEBUG - 2026-04-04 10:35:15 --> Session: Class initialized using 'CodeIgniter\Session\Handlers\FileHandler' driver.
DEBUG - 2026-04-04 10:35:30 --> Session: Class initialized using 'CodeIgniter\Session\Handlers\FileHandler' driver.
DEBUG - 2026-04-04 10:35:45 --> Session: Class initialized using 'CodeIgniter\Session\Handlers\FileHandler' driver.
DEBUG - 2026-04-04 10:36:00 --> Session: Class initialized using 'CodeIgniter\Session\Handlers\FileHandler' driver.
DEBUG - 2026-04-04 10:36:15 --> Session: Class initialized using 'CodeIgniter\Session\Handlers\FileHandler' driver.
DEBUG - 2026-04-04 10:36:30 --> Session: Class initialized using 'CodeIgniter\Session\Handlers\FileHandler' driver.
DEBUG - 2026-04-04 10:36:45 --> Session: Class initialized using 'CodeIgniter\Session\Handlers\FileHandler' driver.
DEBUG - 2026-04-04 10:37:00 --> Session: Class initialized using 'CodeIgniter\Session\Handlers\FileHandler' driver.
DEBUG - 2026-04-04 10:37:15 --> Session: Class initialized using 'CodeIgniter\Session\Handlers\FileHandler' driver.
DEBUG - 2026-04-04 10:37:30 --> Session: Class initialized using 'CodeIgniter\Session\Handlers\FileHandler' driver.
DEBUG - 2026-04-04 10:37:45 --> Session: Class initialized using 'CodeIgniter\Session\Handlers\FileHandler' driver.
DEBUG - 2026-04-04 10:38:00 --> Session: Class initialized using 'CodeIgniter\Session\Handlers\FileHandler' driver.
DEBUG - 2026-04-04 10:38:15 --> Session: Class initialized using 'CodeIgniter\Session\Handlers\FileHandler' driver.
DEBUG - 2026-04-04 10:38:30 --> Session: Class initialized using 'CodeIgniter\Session\Handlers\FileHandler' driver.
DEBUG - 2026-04-04 10:38:45 --> Session: Class initialized using 'CodeIgniter\Session\Handlers\FileHandler' driver.
DEBUG - 2026-04-04 10:39:00 --> Session: Class initialized using 'CodeIgniter\Session\Handlers\FileHandler' driver.
DEBUG - 2026-04-04 10:39:15 --> Session: Class initialized using 'CodeIgniter\Session\Handlers\FileHandler' driver.
DEBUG - 2026-04-04 10:39:30 --> Session: Class initialized using 'CodeIgniter\Session\Handlers\FileHandler' driver.
DEBUG - 2026-04-04 10:39:45 --> Session: Class initialized using 'CodeIgniter\Session\Handlers\FileHandler' driver.
DEBUG - 2026-04-04 10:40:00 --> Session: Class initialized using 'CodeIgniter\Session\Handlers\FileHandler' driver.
DEBUG - 2026-04-04 10:40:15 --> Session: Class initialized using 'CodeIgniter\Session\Handlers\FileHandler' driver.
DEBUG - 2026-04-04 10:40:30 --> Session: Class initialized using 'CodeIgniter\Session\Handlers\FileHandler' driver.
DEBUG - 2026-04-04 10:40:45 --> Session: Class initialized using 'CodeIgniter\Session\Handlers\FileHandler' driver.
DEBUG - 2026-04-04 10:40:47 --> Session: Class initialized using 'CodeIgniter\Session\Handlers\FileHandler' driver.
DEBUG - 2026-04-04 10:43:51 --> Session: Class initialized using 'CodeIgniter\Session\Handlers\FileHandler' driver.
DEBUG - 2026-04-04 10:43:53 --> Session: Class initialized using 'CodeIgniter\Session\Handlers\FileHandler' driver.
DEBUG - 2026-04-04 10:43:55 --> Session: Class initialized using 'CodeIgniter\Session\Handlers\FileHandler' driver.
DEBUG - 2026-04-04 10:43:57 --> Session: Class initialized using 'CodeIgniter\Session\Handlers\FileHandler' driver.
DEBUG - 2026-04-04 10:53:58 --> Session: Class initialized using 'CodeIgniter\Session\Handlers\FileHandler' driver.
INFO - 2026-04-04 10:53:58 --> Iniciando proceso de cierre de sesión para usuario: paguirre
INFO - 2026-04-04 10:53:58 --> Sesión cerrada exitosamente
DEBUG - 2026-04-04 10:53:58 --> Session: Class initialized using 'CodeIgniter\Session\Handlers\FileHandler' driver.
DEBUG - 2026-04-04 11:00:12 --> Session: Class initialized using 'CodeIgniter\Session\Handlers\FileHandler' driver.
INFO - 2026-04-04 11:00:12 --> Usuario autenticado: paguirre con rol: 3 - requiere cambio password: no
DEBUG - 2026-04-04 11:00:12 --> Session: Class initialized using 'CodeIgniter\Session\Handlers\FileHandler' driver.
DEBUG - 2026-04-04 11:00:24 --> Session: Class initialized using 'CodeIgniter\Session\Handlers\FileHandler' driver.
DEBUG - 2026-04-04 11:00:29 --> Session: Class initialized using 'CodeIgniter\Session\Handlers\FileHandler' driver.
DEBUG - 2026-04-04 11:00:29 --> Session: Class initialized using 'CodeIgniter\Session\Handlers\FileHandler' driver.
DEBUG - 2026-04-04 11:00:30 --> Session: Class initialized using 'CodeIgniter\Session\Handlers\FileHandler' driver.
DEBUG - 2026-04-04 11:00:30 --> Session: Class initialized using 'CodeIgniter\Session\Handlers\FileHandler' driver.
DEBUG - 2026-04-04 11:00:30 --> Session: Class initialized using 'CodeIgniter\Session\Handlers\FileHandler' driver.
DEBUG - 2026-04-04 11:00:45 --> Session: Class initialized using 'CodeIgniter\Session\Handlers\FileHandler' driver.
DEBUG - 2026-04-04 11:01:00 --> Session: Class initialized using 'CodeIgniter\Session\Handlers\FileHandler' driver.
DEBUG - 2026-04-04 11:01:15 --> Session: Class initialized using 'CodeIgniter\Session\Handlers\FileHandler' driver.
DEBUG - 2026-04-04 11:01:30 --> Session: Class initialized using 'CodeIgniter\Session\Handlers\FileHandler' driver.
DEBUG - 2026-04-04 11:01:45 --> Session: Class initialized using 'CodeIgniter\Session\Handlers\FileHandler' driver.
DEBUG - 2026-04-04 11:02:00 --> Session: Class initialized using 'CodeIgniter\Session\Handlers\FileHandler' driver.
DEBUG - 2026-04-04 11:02:15 --> Session: Class initialized using 'CodeIgniter\Session\Handlers\FileHandler' driver.
DEBUG - 2026-04-04 11:02:18 --> Session: Class initialized using 'CodeIgniter\Session\Handlers\FileHandler' driver.
DEBUG - 2026-04-04 11:02:19 --> Session: Class initialized using 'CodeIgniter\Session\Handlers\FileHandler' driver.
DEBUG - 2026-04-04 11:02:19 --> Session: Class initialized using 'CodeIgniter\Session\Handlers\FileHandler' driver.
DEBUG - 2026-04-04 11:02:19 --> Session: Class initialized using 'CodeIgniter\Session\Handlers\FileHandler' driver.
DEBUG - 2026-04-04 11:02:19 --> Session: Class initialized using 'CodeIgniter\Session\Handlers\FileHandler' driver.
DEBUG - 2026-04-04 11:02:34 --> Session: Class initialized using 'CodeIgniter\Session\Handlers\FileHandler' driver.
DEBUG - 2026-04-04 11:02:34 --> Session: Class initialized using 'CodeIgniter\Session\Handlers\FileHandler' driver.
DEBUG - 2026-04-04 11:02:34 --> Session: Class initialized using 'CodeIgniter\Session\Handlers\FileHandler' driver.
DEBUG - 2026-04-04 11:02:34 --> Session: Class initialized using 'CodeIgniter\Session\Handlers\FileHandler' driver.
DEBUG - 2026-04-04 11:02:34 --> Session: Class initialized using 'CodeIgniter\Session\Handlers\FileHandler' driver.
DEBUG - 2026-04-04 11:02:34 --> Session: Class initialized using 'CodeIgniter\Session\Handlers\FileHandler' driver.
DEBUG - 2026-04-04 11:02:36 --> Session: Class initialized using 'CodeIgniter\Session\Handlers\FileHandler' driver.
DEBUG - 2026-04-04 11:02:49 --> Session: Class initialized using 'CodeIgniter\Session\Handlers\FileHandler' driver.
DEBUG - 2026-04-04 11:03:04 --> Session: Class initialized using 'CodeIgniter\Session\Handlers\FileHandler' driver.
DEBUG - 2026-04-04 11:03:20 --> Session: Class initialized using 'CodeIgniter\Session\Handlers\FileHandler' driver.
DEBUG - 2026-04-04 11:03:35 --> Session: Class initialized using 'CodeIgniter\Session\Handlers\FileHandler' driver.
DEBUG - 2026-04-04 11:03:50 --> Session: Class initialized using 'CodeIgniter\Session\Handlers\FileHandler' driver.
DEBUG - 2026-04-04 11:04:05 --> Session: Class initialized using 'CodeIgniter\Session\Handlers\FileHandler' driver.
DEBUG - 2026-04-04 11:04:20 --> Session: Class initialized using 'CodeIgniter\Session\Handlers\FileHandler' driver.
DEBUG - 2026-04-04 11:05:07 --> Session: Class initialized using 'CodeIgniter\Session\Handlers\FileHandler' driver.
DEBUG - 2026-04-04 11:05:56 --> Session: Class initialized using 'CodeIgniter\Session\Handlers\FileHandler' driver.
DEBUG - 2026-04-04 11:05:57 --> Session: Class initialized using 'CodeIgniter\Session\Handlers\FileHandler' driver.
DEBUG - 2026-04-04 11:05:58 --> Session: Class initialized using 'CodeIgniter\Session\Handlers\FileHandler' driver.
DEBUG - 2026-04-04 11:05:58 --> Session: Class initialized using 'CodeIgniter\Session\Handlers\FileHandler' driver.
DEBUG - 2026-04-04 11:05:58 --> Session: Class initialized using 'CodeIgniter\Session\Handlers\FileHandler' driver.
DEBUG - 2026-04-04 11:05:58 --> Session: Class initialized using 'CodeIgniter\Session\Handlers\FileHandler' driver.
DEBUG - 2026-04-04 11:06:00 --> Session: Class initialized using 'CodeIgniter\Session\Handlers\FileHandler' driver.
DEBUG - 2026-04-04 11:06:13 --> Session: Class initialized using 'CodeIgniter\Session\Handlers\FileHandler' driver.
DEBUG - 2026-04-04 11:06:21 --> Session: Class initialized using 'CodeIgniter\Session\Handlers\FileHandler' driver.
DEBUG - 2026-04-04 11:06:29 --> Session: Class initialized using 'CodeIgniter\Session\Handlers\FileHandler' driver.
DEBUG - 2026-04-04 11:06:44 --> Session: Class initialized using 'CodeIgniter\Session\Handlers\FileHandler' driver.
DEBUG - 2026-04-04 11:06:59 --> Session: Class initialized using 'CodeIgniter\Session\Handlers\FileHandler' driver.
DEBUG - 2026-04-04 11:07:14 --> Session: Class initialized using 'CodeIgniter\Session\Handlers\FileHandler' driver.
DEBUG - 2026-04-04 11:07:29 --> Session: Class initialized using 'CodeIgniter\Session\Handlers\FileHandler' driver.
DEBUG - 2026-04-04 11:07:44 --> Session: Class initialized using 'CodeIgniter\Session\Handlers\FileHandler' driver.
DEBUG - 2026-04-04 11:08:00 --> Session: Class initialized using 'CodeIgniter\Session\Handlers\FileHandler' driver.
DEBUG - 2026-04-04 11:08:01 --> Session: Class initialized using 'CodeIgniter\Session\Handlers\FileHandler' driver.
DEBUG - 2026-04-04 11:08:01 --> Session: Class initialized using 'CodeIgniter\Session\Handlers\FileHandler' driver.
DEBUG - 2026-04-04 11:08:01 --> Session: Class initialized using 'CodeIgniter\Session\Handlers\FileHandler' driver.
DEBUG - 2026-04-04 11:08:01 --> Session: Class initialized using 'CodeIgniter\Session\Handlers\FileHandler' driver.
DEBUG - 2026-04-04 11:08:01 --> Session: Class initialized using 'CodeIgniter\Session\Handlers\FileHandler' driver.
DEBUG - 2026-04-04 11:08:04 --> Session: Class initialized using 'CodeIgniter\Session\Handlers\FileHandler' driver.
DEBUG - 2026-04-04 11:08:16 --> Session: Class initialized using 'CodeIgniter\Session\Handlers\FileHandler' driver.
DEBUG - 2026-04-04 11:08:31 --> Session: Class initialized using 'CodeIgniter\Session\Handlers\FileHandler' driver.
DEBUG - 2026-04-04 11:08:43 --> Session: Class initialized using 'CodeIgniter\Session\Handlers\FileHandler' driver.
DEBUG - 2026-04-04 11:08:45 --> Session: Class initialized using 'CodeIgniter\Session\Handlers\FileHandler' driver.
DEBUG - 2026-04-04 11:08:46 --> Session: Class initialized using 'CodeIgniter\Session\Handlers\FileHandler' driver.
DEBUG - 2026-04-04 11:08:46 --> Session: Class initialized using 'CodeIgniter\Session\Handlers\FileHandler' driver.
DEBUG - 2026-04-04 11:08:46 --> Session: Class initialized using 'CodeIgniter\Session\Handlers\FileHandler' driver.
DEBUG - 2026-04-04 11:08:46 --> Session: Class initialized using 'CodeIgniter\Session\Handlers\FileHandler' driver.
DEBUG - 2026-04-04 11:09:01 --> Session: Class initialized using 'CodeIgniter\Session\Handlers\FileHandler' driver.
DEBUG - 2026-04-04 11:09:16 --> Session: Class initialized using 'CodeIgniter\Session\Handlers\FileHandler' driver.
DEBUG - 2026-04-04 11:09:31 --> Session: Class initialized using 'CodeIgniter\Session\Handlers\FileHandler' driver.
DEBUG - 2026-04-04 11:09:46 --> Session: Class initialized using 'CodeIgniter\Session\Handlers\FileHandler' driver.
DEBUG - 2026-04-04 11:10:01 --> Session: Class initialized using 'CodeIgniter\Session\Handlers\FileHandler' driver.
DEBUG - 2026-04-04 11:10:16 --> Session: Class initialized using 'CodeIgniter\Session\Handlers\FileHandler' driver.
DEBUG - 2026-04-04 11:10:31 --> Session: Class initialized using 'CodeIgniter\Session\Handlers\FileHandler' driver.
DEBUG - 2026-04-04 11:11:07 --> Session: Class initialized using 'CodeIgniter\Session\Handlers\FileHandler' driver.
DEBUG - 2026-04-04 11:11:35 --> Session: Class initialized using 'CodeIgniter\Session\Handlers\FileHandler' driver.
DEBUG - 2026-04-04 11:11:46 --> Session: Class initialized using 'CodeIgniter\Session\Handlers\FileHandler' driver.
DEBUG - 2026-04-04 11:12:01 --> Session: Class initialized using 'CodeIgniter\Session\Handlers\FileHandler' driver.
DEBUG - 2026-04-04 11:12:16 --> Session: Class initialized using 'CodeIgniter\Session\Handlers\FileHandler' driver.
DEBUG - 2026-04-04 11:12:31 --> Session: Class initialized using 'CodeIgniter\Session\Handlers\FileHandler' driver.
DEBUG - 2026-04-04 11:12:46 --> Session: Class initialized using 'CodeIgniter\Session\Handlers\FileHandler' driver.
DEBUG - 2026-04-04 11:13:01 --> Session: Class initialized using 'CodeIgniter\Session\Handlers\FileHandler' driver.
DEBUG - 2026-04-04 11:13:16 --> Session: Class initialized using 'CodeIgniter\Session\Handlers\FileHandler' driver.
DEBUG - 2026-04-04 11:13:31 --> Session: Class initialized using 'CodeIgniter\Session\Handlers\FileHandler' driver.
DEBUG - 2026-04-04 11:13:54 --> Session: Class initialized using 'CodeIgniter\Session\Handlers\FileHandler' driver.
DEBUG - 2026-04-04 11:13:55 --> Session: Class initialized using 'CodeIgniter\Session\Handlers\FileHandler' driver.
DEBUG - 2026-04-04 11:13:56 --> Session: Class initialized using 'CodeIgniter\Session\Handlers\FileHandler' driver.
DEBUG - 2026-04-04 11:13:56 --> Session: Class initialized using 'CodeIgniter\Session\Handlers\FileHandler' driver.
DEBUG - 2026-04-04 11:13:56 --> Session: Class initialized using 'CodeIgniter\Session\Handlers\FileHandler' driver.
DEBUG - 2026-04-04 11:13:57 --> Session: Class initialized using 'CodeIgniter\Session\Handlers\FileHandler' driver.
DEBUG - 2026-04-04 11:14:12 --> Session: Class initialized using 'CodeIgniter\Session\Handlers\FileHandler' driver.
DEBUG - 2026-04-04 11:14:27 --> Session: Class initialized using 'CodeIgniter\Session\Handlers\FileHandler' driver.
DEBUG - 2026-04-04 11:14:42 --> Session: Class initialized using 'CodeIgniter\Session\Handlers\FileHandler' driver.
DEBUG - 2026-04-04 11:14:57 --> Session: Class initialized using 'CodeIgniter\Session\Handlers\FileHandler' driver.
DEBUG - 2026-04-04 11:15:12 --> Session: Class initialized using 'CodeIgniter\Session\Handlers\FileHandler' driver.
DEBUG - 2026-04-04 11:15:27 --> Session: Class initialized using 'CodeIgniter\Session\Handlers\FileHandler' driver.
DEBUG - 2026-04-04 11:15:42 --> Session: Class initialized using 'CodeIgniter\Session\Handlers\FileHandler' driver.
DEBUG - 2026-04-04 11:16:07 --> Session: Class initialized using 'CodeIgniter\Session\Handlers\FileHandler' driver.
DEBUG - 2026-04-04 11:17:07 --> Session: Class initialized using 'CodeIgniter\Session\Handlers\FileHandler' driver.
DEBUG - 2026-04-04 11:17:43 --> Session: Class initialized using 'CodeIgniter\Session\Handlers\FileHandler' driver.
DEBUG - 2026-04-04 11:17:45 --> Session: Class initialized using 'CodeIgniter\Session\Handlers\FileHandler' driver.
DEBUG - 2026-04-04 11:17:46 --> Session: Class initialized using 'CodeIgniter\Session\Handlers\FileHandler' driver.
DEBUG - 2026-04-04 11:17:46 --> Session: Class initialized using 'CodeIgniter\Session\Handlers\FileHandler' driver.
DEBUG - 2026-04-04 11:17:46 --> Session: Class initialized using 'CodeIgniter\Session\Handlers\FileHandler' driver.
DEBUG - 2026-04-04 11:17:46 --> Session: Class initialized using 'CodeIgniter\Session\Handlers\FileHandler' driver.
DEBUG - 2026-04-04 11:18:01 --> Session: Class initialized using 'CodeIgniter\Session\Handlers\FileHandler' driver.
DEBUG - 2026-04-04 11:18:16 --> Session: Class initialized using 'CodeIgniter\Session\Handlers\FileHandler' driver.
DEBUG - 2026-04-04 11:18:31 --> Session: Class initialized using 'CodeIgniter\Session\Handlers\FileHandler' driver.
DEBUG - 2026-04-04 11:18:46 --> Session: Class initialized using 'CodeIgniter\Session\Handlers\FileHandler' driver.
DEBUG - 2026-04-04 11:19:01 --> Session: Class initialized using 'CodeIgniter\Session\Handlers\FileHandler' driver.
DEBUG - 2026-04-04 11:19:15 --> Session: Class initialized using 'CodeIgniter\Session\Handlers\FileHandler' driver.
DEBUG - 2026-04-04 11:19:16 --> Session: Class initialized using 'CodeIgniter\Session\Handlers\FileHandler' driver.
DEBUG - 2026-04-04 11:19:16 --> Session: Class initialized using 'CodeIgniter\Session\Handlers\FileHandler' driver.
DEBUG - 2026-04-04 11:19:17 --> Session: Class initialized using 'CodeIgniter\Session\Handlers\FileHandler' driver.
DEBUG - 2026-04-04 11:19:17 --> Session: Class initialized using 'CodeIgniter\Session\Handlers\FileHandler' driver.
DEBUG - 2026-04-04 11:19:17 --> Session: Class initialized using 'CodeIgniter\Session\Handlers\FileHandler' driver.
DEBUG - 2026-04-04 11:19:31 --> Session: Class initialized using 'CodeIgniter\Session\Handlers\FileHandler' driver.
DEBUG - 2026-04-04 11:19:47 --> Session: Class initialized using 'CodeIgniter\Session\Handlers\FileHandler' driver.
DEBUG - 2026-04-04 11:20:02 --> Session: Class initialized using 'CodeIgniter\Session\Handlers\FileHandler' driver.
DEBUG - 2026-04-04 11:20:17 --> Session: Class initialized using 'CodeIgniter\Session\Handlers\FileHandler' driver.
DEBUG - 2026-04-04 11:20:32 --> Session: Class initialized using 'CodeIgniter\Session\Handlers\FileHandler' driver.
DEBUG - 2026-04-04 11:20:47 --> Session: Class initialized using 'CodeIgniter\Session\Handlers\FileHandler' driver.
DEBUG - 2026-04-04 11:21:02 --> Session: Class initialized using 'CodeIgniter\Session\Handlers\FileHandler' driver.
DEBUG - 2026-04-04 11:21:17 --> Session: Class initialized using 'CodeIgniter\Session\Handlers\FileHandler' driver.
DEBUG - 2026-04-04 11:21:32 --> Session: Class initialized using 'CodeIgniter\Session\Handlers\FileHandler' driver.
DEBUG - 2026-04-04 11:21:47 --> Session: Class initialized using 'CodeIgniter\Session\Handlers\FileHandler' driver.
DEBUG - 2026-04-04 11:22:07 --> Session: Class initialized using 'CodeIgniter\Session\Handlers\FileHandler' driver.
DEBUG - 2026-04-04 11:23:07 --> Session: Class initialized using 'CodeIgniter\Session\Handlers\FileHandler' driver.
DEBUG - 2026-04-04 11:24:07 --> Session: Class initialized using 'CodeIgniter\Session\Handlers\FileHandler' driver.
DEBUG - 2026-04-04 11:25:07 --> Session: Class initialized using 'CodeIgniter\Session\Handlers\FileHandler' driver.
DEBUG - 2026-04-04 11:25:41 --> Session: Class initialized using 'CodeIgniter\Session\Handlers\FileHandler' driver.
DEBUG - 2026-04-04 11:25:47 --> Session: Class initialized using 'CodeIgniter\Session\Handlers\FileHandler' driver.
DEBUG - 2026-04-04 11:25:47 --> Session: Class initialized using 'CodeIgniter\Session\Handlers\FileHandler' driver.
DEBUG - 2026-04-04 11:25:48 --> Session: Class initialized using 'CodeIgniter\Session\Handlers\FileHandler' driver.
DEBUG - 2026-04-04 11:25:48 --> Session: Class initialized using 'CodeIgniter\Session\Handlers\FileHandler' driver.
DEBUG - 2026-04-04 11:25:48 --> Session: Class initialized using 'CodeIgniter\Session\Handlers\FileHandler' driver.
DEBUG - 2026-04-04 11:25:48 --> Session: Class initialized using 'CodeIgniter\Session\Handlers\FileHandler' driver.
DEBUG - 2026-04-04 11:25:51 --> Session: Class initialized using 'CodeIgniter\Session\Handlers\FileHandler' driver.
DEBUG - 2026-04-04 11:26:03 --> Session: Class initialized using 'CodeIgniter\Session\Handlers\FileHandler' driver.
DEBUG - 2026-04-04 11:26:19 --> Session: Class initialized using 'CodeIgniter\Session\Handlers\FileHandler' driver.
DEBUG - 2026-04-04 11:26:34 --> Session: Class initialized using 'CodeIgniter\Session\Handlers\FileHandler' driver.
DEBUG - 2026-04-04 11:26:49 --> Session: Class initialized using 'CodeIgniter\Session\Handlers\FileHandler' driver.
DEBUG - 2026-04-04 11:27:04 --> Session: Class initialized using 'CodeIgniter\Session\Handlers\FileHandler' driver.
DEBUG - 2026-04-04 11:27:19 --> Session: Class initialized using 'CodeIgniter\Session\Handlers\FileHandler' driver.
DEBUG - 2026-04-04 11:27:34 --> Session: Class initialized using 'CodeIgniter\Session\Handlers\FileHandler' driver.
DEBUG - 2026-04-04 11:28:07 --> Session: Class initialized using 'CodeIgniter\Session\Handlers\FileHandler' driver.
DEBUG - 2026-04-04 11:28:18 --> Session: Class initialized using 'CodeIgniter\Session\Handlers\FileHandler' driver.
DEBUG - 2026-04-04 11:28:19 --> Session: Class initialized using 'CodeIgniter\Session\Handlers\FileHandler' driver.
DEBUG - 2026-04-04 11:28:19 --> Session: Class initialized using 'CodeIgniter\Session\Handlers\FileHandler' driver.
DEBUG - 2026-04-04 11:28:20 --> Session: Class initialized using 'CodeIgniter\Session\Handlers\FileHandler' driver.
DEBUG - 2026-04-04 11:28:20 --> Session: Class initialized using 'CodeIgniter\Session\Handlers\FileHandler' driver.
DEBUG - 2026-04-04 11:28:20 --> Session: Class initialized using 'CodeIgniter\Session\Handlers\FileHandler' driver.
DEBUG - 2026-04-04 11:29:45 --> Session: Class initialized using 'CodeIgniter\Session\Handlers\FileHandler' driver.
DEBUG - 2026-04-04 11:29:46 --> Session: Class initialized using 'CodeIgniter\Session\Handlers\FileHandler' driver.
DEBUG - 2026-04-04 11:29:47 --> Session: Class initialized using 'CodeIgniter\Session\Handlers\FileHandler' driver.
DEBUG - 2026-04-04 11:29:47 --> Session: Class initialized using 'CodeIgniter\Session\Handlers\FileHandler' driver.
DEBUG - 2026-04-04 11:29:47 --> Session: Class initialized using 'CodeIgniter\Session\Handlers\FileHandler' driver.
DEBUG - 2026-04-04 11:29:47 --> Session: Class initialized using 'CodeIgniter\Session\Handlers\FileHandler' driver.
DEBUG - 2026-04-04 11:30:02 --> Session: Class initialized using 'CodeIgniter\Session\Handlers\FileHandler' driver.
DEBUG - 2026-04-04 11:30:17 --> Session: Class initialized using 'CodeIgniter\Session\Handlers\FileHandler' driver.
DEBUG - 2026-04-04 11:30:32 --> Session: Class initialized using 'CodeIgniter\Session\Handlers\FileHandler' driver.
DEBUG - 2026-04-04 11:30:47 --> Session: Class initialized using 'CodeIgniter\Session\Handlers\FileHandler' driver.
DEBUG - 2026-04-04 11:31:02 --> Session: Class initialized using 'CodeIgniter\Session\Handlers\FileHandler' driver.
DEBUG - 2026-04-04 11:31:17 --> Session: Class initialized using 'CodeIgniter\Session\Handlers\FileHandler' driver.
DEBUG - 2026-04-04 11:31:32 --> Session: Class initialized using 'CodeIgniter\Session\Handlers\FileHandler' driver.
DEBUG - 2026-04-04 11:31:36 --> Session: Class initialized using 'CodeIgniter\Session\Handlers\FileHandler' driver.
DEBUG - 2026-04-04 11:31:37 --> Session: Class initialized using 'CodeIgniter\Session\Handlers\FileHandler' driver.
DEBUG - 2026-04-04 11:31:37 --> Session: Class initialized using 'CodeIgniter\Session\Handlers\FileHandler' driver.
DEBUG - 2026-04-04 11:31:37 --> Session: Class initialized using 'CodeIgniter\Session\Handlers\FileHandler' driver.
DEBUG - 2026-04-04 11:31:37 --> Session: Class initialized using 'CodeIgniter\Session\Handlers\FileHandler' driver.
DEBUG - 2026-04-04 11:31:39 --> Session: Class initialized using 'CodeIgniter\Session\Handlers\FileHandler' driver.
DEBUG - 2026-04-04 11:31:40 --> Session: Class initialized using 'CodeIgniter\Session\Handlers\FileHandler' driver.
DEBUG - 2026-04-04 11:31:41 --> Session: Class initialized using 'CodeIgniter\Session\Handlers\FileHandler' driver.
DEBUG - 2026-04-04 11:31:41 --> Session: Class initialized using 'CodeIgniter\Session\Handlers\FileHandler' driver.
DEBUG - 2026-04-04 11:31:41 --> Session: Class initialized using 'CodeIgniter\Session\Handlers\FileHandler' driver.
DEBUG - 2026-04-04 11:31:41 --> Session: Class initialized using 'CodeIgniter\Session\Handlers\FileHandler' driver.
DEBUG - 2026-04-04 11:31:43 --> Session: Class initialized using 'CodeIgniter\Session\Handlers\FileHandler' driver.
DEBUG - 2026-04-04 11:31:56 --> Session: Class initialized using 'CodeIgniter\Session\Handlers\FileHandler' driver.
DEBUG - 2026-04-04 11:32:01 --> Session: Class initialized using 'CodeIgniter\Session\Handlers\FileHandler' driver.
DEBUG - 2026-04-04 11:32:11 --> Session: Class initialized using 'CodeIgniter\Session\Handlers\FileHandler' driver.
DEBUG - 2026-04-04 11:32:26 --> Session: Class initialized using 'CodeIgniter\Session\Handlers\FileHandler' driver.
DEBUG - 2026-04-04 11:32:41 --> Session: Class initialized using 'CodeIgniter\Session\Handlers\FileHandler' driver.
DEBUG - 2026-04-04 11:32:56 --> Session: Class initialized using 'CodeIgniter\Session\Handlers\FileHandler' driver.
DEBUG - 2026-04-04 11:33:11 --> Session: Class initialized using 'CodeIgniter\Session\Handlers\FileHandler' driver.
DEBUG - 2026-04-04 11:33:11 --> Session: Class initialized using 'CodeIgniter\Session\Handlers\FileHandler' driver.
DEBUG - 2026-04-04 11:33:11 --> Session: Class initialized using 'CodeIgniter\Session\Handlers\FileHandler' driver.
DEBUG - 2026-04-04 11:33:11 --> Session: Class initialized using 'CodeIgniter\Session\Handlers\FileHandler' driver.
DEBUG - 2026-04-04 11:33:11 --> Session: Class initialized using 'CodeIgniter\Session\Handlers\FileHandler' driver.
DEBUG - 2026-04-04 11:33:14 --> Session: Class initialized using 'CodeIgniter\Session\Handlers\FileHandler' driver.
DEBUG - 2026-04-04 11:33:26 --> Session: Class initialized using 'CodeIgniter\Session\Handlers\FileHandler' driver.
DEBUG - 2026-04-04 11:33:41 --> Session: Class initialized using 'CodeIgniter\Session\Handlers\FileHandler' driver.
DEBUG - 2026-04-04 11:33:56 --> Session: Class initialized using 'CodeIgniter\Session\Handlers\FileHandler' driver.
DEBUG - 2026-04-04 11:34:11 --> Session: Class initialized using 'CodeIgniter\Session\Handlers\FileHandler' driver.
DEBUG - 2026-04-04 11:34:26 --> Session: Class initialized using 'CodeIgniter\Session\Handlers\FileHandler' driver.
DEBUG - 2026-04-04 11:34:41 --> Session: Class initialized using 'CodeIgniter\Session\Handlers\FileHandler' driver.
DEBUG - 2026-04-04 11:34:56 --> Session: Class initialized using 'CodeIgniter\Session\Handlers\FileHandler' driver.
DEBUG - 2026-04-04 11:35:11 --> Session: Class initialized using 'CodeIgniter\Session\Handlers\FileHandler' driver.
DEBUG - 2026-04-04 11:35:24 --> Session: Class initialized using 'CodeIgniter\Session\Handlers\FileHandler' driver.
DEBUG - 2026-04-04 11:35:26 --> Session: Class initialized using 'CodeIgniter\Session\Handlers\FileHandler' driver.
DEBUG - 2026-04-04 11:35:42 --> Session: Class initialized using 'CodeIgniter\Session\Handlers\FileHandler' driver.
DEBUG - 2026-04-04 11:35:56 --> Session: Class initialized using 'CodeIgniter\Session\Handlers\FileHandler' driver.
DEBUG - 2026-04-04 11:36:11 --> Session: Class initialized using 'CodeIgniter\Session\Handlers\FileHandler' driver.
DEBUG - 2026-04-04 11:36:26 --> Session: Class initialized using 'CodeIgniter\Session\Handlers\FileHandler' driver.
DEBUG - 2026-04-04 11:36:42 --> Session: Class initialized using 'CodeIgniter\Session\Handlers\FileHandler' driver.
DEBUG - 2026-04-04 11:36:57 --> Session: Class initialized using 'CodeIgniter\Session\Handlers\FileHandler' driver.
DEBUG - 2026-04-04 11:37:12 --> Session: Class initialized using 'CodeIgniter\Session\Handlers\FileHandler' driver.
DEBUG - 2026-04-04 11:37:27 --> Session: Class initialized using 'CodeIgniter\Session\Handlers\FileHandler' driver.
DEBUG - 2026-04-04 11:38:07 --> Session: Class initialized using 'CodeIgniter\Session\Handlers\FileHandler' driver.
DEBUG - 2026-04-04 11:38:26 --> Session: Class initialized using 'CodeIgniter\Session\Handlers\FileHandler' driver.
DEBUG - 2026-04-04 11:38:26 --> Session: Class initialized using 'CodeIgniter\Session\Handlers\FileHandler' driver.
DEBUG - 2026-04-04 11:38:27 --> Session: Class initialized using 'CodeIgniter\Session\Handlers\FileHandler' driver.
DEBUG - 2026-04-04 11:38:27 --> Session: Class initialized using 'CodeIgniter\Session\Handlers\FileHandler' driver.
DEBUG - 2026-04-04 11:38:27 --> Session: Class initialized using 'CodeIgniter\Session\Handlers\FileHandler' driver.
DEBUG - 2026-04-04 11:38:27 --> Session: Class initialized using 'CodeIgniter\Session\Handlers\FileHandler' driver.
DEBUG - 2026-04-04 11:38:29 --> Session: Class initialized using 'CodeIgniter\Session\Handlers\FileHandler' driver.
DEBUG - 2026-04-04 11:38:42 --> Session: Class initialized using 'CodeIgniter\Session\Handlers\FileHandler' driver.
DEBUG - 2026-04-04 11:38:57 --> Session: Class initialized using 'CodeIgniter\Session\Handlers\FileHandler' driver.
DEBUG - 2026-04-04 11:39:12 --> Session: Class initialized using 'CodeIgniter\Session\Handlers\FileHandler' driver.
DEBUG - 2026-04-04 11:39:27 --> Session: Class initialized using 'CodeIgniter\Session\Handlers\FileHandler' driver.
DEBUG - 2026-04-04 11:39:34 --> Session: Class initialized using 'CodeIgniter\Session\Handlers\FileHandler' driver.
DEBUG - 2026-04-04 11:39:42 --> Session: Class initialized using 'CodeIgniter\Session\Handlers\FileHandler' driver.
DEBUG - 2026-04-04 11:39:57 --> Session: Class initialized using 'CodeIgniter\Session\Handlers\FileHandler' driver.
DEBUG - 2026-04-04 11:40:12 --> Session: Class initialized using 'CodeIgniter\Session\Handlers\FileHandler' driver.
DEBUG - 2026-04-04 11:40:27 --> Session: Class initialized using 'CodeIgniter\Session\Handlers\FileHandler' driver.
DEBUG - 2026-04-04 11:40:42 --> Session: Class initialized using 'CodeIgniter\Session\Handlers\FileHandler' driver.
DEBUG - 2026-04-04 11:41:07 --> Session: Class initialized using 'CodeIgniter\Session\Handlers\FileHandler' driver.
DEBUG - 2026-04-04 11:42:07 --> Session: Class initialized using 'CodeIgniter\Session\Handlers\FileHandler' driver.
DEBUG - 2026-04-04 11:43:07 --> Session: Class initialized using 'CodeIgniter\Session\Handlers\FileHandler' driver.
DEBUG - 2026-04-04 11:43:59 --> Session: Class initialized using 'CodeIgniter\Session\Handlers\FileHandler' driver.
DEBUG - 2026-04-04 11:44:00 --> Session: Class initialized using 'CodeIgniter\Session\Handlers\FileHandler' driver.
DEBUG - 2026-04-04 11:44:00 --> Session: Class initialized using 'CodeIgniter\Session\Handlers\FileHandler' driver.
DEBUG - 2026-04-04 11:44:00 --> Session: Class initialized using 'CodeIgniter\Session\Handlers\FileHandler' driver.
DEBUG - 2026-04-04 11:44:01 --> Session: Class initialized using 'CodeIgniter\Session\Handlers\FileHandler' driver.
DEBUG - 2026-04-04 11:44:01 --> Session: Class initialized using 'CodeIgniter\Session\Handlers\FileHandler' driver.
DEBUG - 2026-04-04 11:44:02 --> Session: Class initialized using 'CodeIgniter\Session\Handlers\FileHandler' driver.
DEBUG - 2026-04-04 11:44:16 --> Session: Class initialized using 'CodeIgniter\Session\Handlers\FileHandler' driver.
DEBUG - 2026-04-04 11:44:31 --> Session: Class initialized using 'CodeIgniter\Session\Handlers\FileHandler' driver.
DEBUG - 2026-04-04 11:44:46 --> Session: Class initialized using 'CodeIgniter\Session\Handlers\FileHandler' driver.
DEBUG - 2026-04-04 11:45:01 --> Session: Class initialized using 'CodeIgniter\Session\Handlers\FileHandler' driver.
DEBUG - 2026-04-04 11:45:16 --> Session: Class initialized using 'CodeIgniter\Session\Handlers\FileHandler' driver.
DEBUG - 2026-04-04 11:45:31 --> Session: Class initialized using 'CodeIgniter\Session\Handlers\FileHandler' driver.
DEBUG - 2026-04-04 11:45:46 --> Session: Class initialized using 'CodeIgniter\Session\Handlers\FileHandler' driver.
DEBUG - 2026-04-04 11:46:07 --> Session: Class initialized using 'CodeIgniter\Session\Handlers\FileHandler' driver.
DEBUG - 2026-04-04 11:47:07 --> Session: Class initialized using 'CodeIgniter\Session\Handlers\FileHandler' driver.
DEBUG - 2026-04-04 11:48:07 --> Session: Class initialized using 'CodeIgniter\Session\Handlers\FileHandler' driver.
DEBUG - 2026-04-04 11:49:07 --> Session: Class initialized using 'CodeIgniter\Session\Handlers\FileHandler' driver.
DEBUG - 2026-04-04 11:50:07 --> Session: Class initialized using 'CodeIgniter\Session\Handlers\FileHandler' driver.
DEBUG - 2026-04-04 11:51:07 --> Session: Class initialized using 'CodeIgniter\Session\Handlers\FileHandler' driver.
DEBUG - 2026-04-04 11:51:56 --> Session: Class initialized using 'CodeIgniter\Session\Handlers\FileHandler' driver.
DEBUG - 2026-04-04 11:51:57 --> Session: Class initialized using 'CodeIgniter\Session\Handlers\FileHandler' driver.
DEBUG - 2026-04-04 11:51:58 --> Session: Class initialized using 'CodeIgniter\Session\Handlers\FileHandler' driver.
DEBUG - 2026-04-04 11:51:58 --> Session: Class initialized using 'CodeIgniter\Session\Handlers\FileHandler' driver.
DEBUG - 2026-04-04 11:51:58 --> Session: Class initialized using 'CodeIgniter\Session\Handlers\FileHandler' driver.
DEBUG - 2026-04-04 11:51:58 --> Session: Class initialized using 'CodeIgniter\Session\Handlers\FileHandler' driver.
DEBUG - 2026-04-04 11:51:58 --> Session: Class initialized using 'CodeIgniter\Session\Handlers\FileHandler' driver.
DEBUG - 2026-04-04 11:53:51 --> Session: Class initialized using 'CodeIgniter\Session\Handlers\FileHandler' driver.
DEBUG - 2026-04-04 11:54:17 --> Session: Class initialized using 'CodeIgniter\Session\Handlers\FileHandler' driver.
DEBUG - 2026-04-04 11:56:26 --> Session: Class initialized using 'CodeIgniter\Session\Handlers\FileHandler' driver.
DEBUG - 2026-04-04 11:56:27 --> Session: Class initialized using 'CodeIgniter\Session\Handlers\FileHandler' driver.
DEBUG - 2026-04-04 11:56:30 --> Session: Class initialized using 'CodeIgniter\Session\Handlers\FileHandler' driver.
DEBUG - 2026-04-04 11:56:30 --> Session: Class initialized using 'CodeIgniter\Session\Handlers\FileHandler' driver.
DEBUG - 2026-04-04 11:57:30 --> Session: Class initialized using 'CodeIgniter\Session\Handlers\FileHandler' driver.
DEBUG - 2026-04-04 11:57:43 --> Session: Class initialized using 'CodeIgniter\Session\Handlers\FileHandler' driver.
DEBUG - 2026-04-04 11:57:52 --> Session: Class initialized using 'CodeIgniter\Session\Handlers\FileHandler' driver.
INFO - 2026-04-04 11:57:52 --> Usuario autenticado: 1004191845 con rol: 1 - requiere cambio password: no
DEBUG - 2026-04-04 11:57:52 --> Session: Class initialized using 'CodeIgniter\Session\Handlers\FileHandler' driver.
DEBUG - 2026-04-04 11:57:52 --> Estadísticas mensuales prácticas: [{"mes":"May 2025","preprofesionales":0,"servicioComunitario":0},{"mes":"Jun 2025","preprofesionales":1,"servicioComunitario":0},{"mes":"Jul 2025","preprofesionales":1,"servicioComunitario":0},{"mes":"Ago 2025","preprofesionales":0,"servicioComunitario":1},{"mes":"Sep 2025","preprofesionales":1,"servicioComunitario":0},{"mes":"Oct 2025","preprofesionales":1,"servicioComunitario":0},{"mes":"Nov 2025","preprofesionales":0,"servicioComunitario":1},{"mes":"Dic 2025","preprofesionales":0,"servicioComunitario":0},{"mes":"Ene 2026","preprofesionales":0,"servicioComunitario":0},{"mes":"Feb 2026","preprofesionales":0,"servicioComunitario":0},{"mes":"Mar 2026","preprofesionales":0,"servicioComunitario":0},{"mes":"Abr 2026","preprofesionales":0,"servicioComunitario":0}]
DEBUG - 2026-04-04 11:57:57 --> Session: Class initialized using 'CodeIgniter\Session\Handlers\FileHandler' driver.
INFO - 2026-04-04 11:57:57 --> Iniciando proceso de cierre de sesión para usuario: ycampues
INFO - 2026-04-04 11:57:57 --> Sesión cerrada exitosamente
DEBUG - 2026-04-04 11:57:57 --> Session: Class initialized using 'CodeIgniter\Session\Handlers\FileHandler' driver.
DEBUG - 2026-04-04 11:58:03 --> Session: Class initialized using 'CodeIgniter\Session\Handlers\FileHandler' driver.
INFO - 2026-04-04 11:58:03 --> Usuario autenticado: paguirre con rol: 3 - requiere cambio password: no
DEBUG - 2026-04-04 11:58:04 --> Session: Class initialized using 'CodeIgniter\Session\Handlers\FileHandler' driver.
DEBUG - 2026-04-04 12:00:13 --> Session: Class initialized using 'CodeIgniter\Session\Handlers\FileHandler' driver.
DEBUG - 2026-04-04 12:01:55 --> Session: Class initialized using 'CodeIgniter\Session\Handlers\FileHandler' driver.
DEBUG - 2026-04-04 12:02:00 --> Session: Class initialized using 'CodeIgniter\Session\Handlers\FileHandler' driver.
DEBUG - 2026-04-04 12:02:08 --> Session: Class initialized using 'CodeIgniter\Session\Handlers\FileHandler' driver.
DEBUG - 2026-04-04 12:02:12 --> Session: Class initialized using 'CodeIgniter\Session\Handlers\FileHandler' driver.
DEBUG - 2026-04-04 12:07:00 --> Session: Class initialized using 'CodeIgniter\Session\Handlers\FileHandler' driver.
DEBUG - 2026-04-04 12:08:59 --> Session: Class initialized using 'CodeIgniter\Session\Handlers\FileHandler' driver.
DEBUG - 2026-04-04 12:13:34 --> Session: Class initialized using 'CodeIgniter\Session\Handlers\FileHandler' driver.
DEBUG - 2026-04-04 12:13:46 --> Session: Class initialized using 'CodeIgniter\Session\Handlers\FileHandler' driver.
DEBUG - 2026-04-04 12:15:22 --> Session: Class initialized using 'CodeIgniter\Session\Handlers\FileHandler' driver.
DEBUG - 2026-04-04 12:17:21 --> Session: Class initialized using 'CodeIgniter\Session\Handlers\FileHandler' driver.
DEBUG - 2026-04-04 12:17:31 --> Session: Class initialized using 'CodeIgniter\Session\Handlers\FileHandler' driver.
DEBUG - 2026-04-04 12:17:42 --> Session: Class initialized using 'CodeIgniter\Session\Handlers\FileHandler' driver.
DEBUG - 2026-04-04 12:17:42 --> Session: Class initialized using 'CodeIgniter\Session\Handlers\FileHandler' driver.
DEBUG - 2026-04-04 12:17:53 --> Session: Class initialized using 'CodeIgniter\Session\Handlers\FileHandler' driver.
INFO - 2026-04-04 12:17:53 --> Usuario autenticado: 1004191845 con rol: 1 - requiere cambio password: no
DEBUG - 2026-04-04 12:17:54 --> Session: Class initialized using 'CodeIgniter\Session\Handlers\FileHandler' driver.
DEBUG - 2026-04-04 12:17:54 --> Estadísticas mensuales prácticas: [{"mes":"May 2025","preprofesionales":0,"servicioComunitario":0},{"mes":"Jun 2025","preprofesionales":1,"servicioComunitario":0},{"mes":"Jul 2025","preprofesionales":1,"servicioComunitario":0},{"mes":"Ago 2025","preprofesionales":0,"servicioComunitario":1},{"mes":"Sep 2025","preprofesionales":1,"servicioComunitario":0},{"mes":"Oct 2025","preprofesionales":1,"servicioComunitario":0},{"mes":"Nov 2025","preprofesionales":0,"servicioComunitario":1},{"mes":"Dic 2025","preprofesionales":0,"servicioComunitario":0},{"mes":"Ene 2026","preprofesionales":0,"servicioComunitario":0},{"mes":"Feb 2026","preprofesionales":0,"servicioComunitario":0},{"mes":"Mar 2026","preprofesionales":0,"servicioComunitario":0},{"mes":"Abr 2026","preprofesionales":0,"servicioComunitario":0}]
DEBUG - 2026-04-04 12:19:14 --> Session: Class initialized using 'CodeIgniter\Session\Handlers\FileHandler' driver.
DEBUG - 2026-04-04 12:19:14 --> Estadísticas mensuales prácticas: [{"mes":"May 2025","preprofesionales":0,"servicioComunitario":0},{"mes":"Jun 2025","preprofesionales":1,"servicioComunitario":0},{"mes":"Jul 2025","preprofesionales":1,"servicioComunitario":0},{"mes":"Ago 2025","preprofesionales":0,"servicioComunitario":1},{"mes":"Sep 2025","preprofesionales":1,"servicioComunitario":0},{"mes":"Oct 2025","preprofesionales":1,"servicioComunitario":0},{"mes":"Nov 2025","preprofesionales":0,"servicioComunitario":1},{"mes":"Dic 2025","preprofesionales":0,"servicioComunitario":0},{"mes":"Ene 2026","preprofesionales":0,"servicioComunitario":0},{"mes":"Feb 2026","preprofesionales":0,"servicioComunitario":0},{"mes":"Mar 2026","preprofesionales":0,"servicioComunitario":0},{"mes":"Abr 2026","preprofesionales":0,"servicioComunitario":0}]
DEBUG - 2026-04-04 12:19:16 --> Session: Class initialized using 'CodeIgniter\Session\Handlers\FileHandler' driver.
DEBUG - 2026-04-04 12:19:32 --> Session: Class initialized using 'CodeIgniter\Session\Handlers\FileHandler' driver.
DEBUG - 2026-04-04 12:19:33 --> Session: Class initialized using 'CodeIgniter\Session\Handlers\FileHandler' driver.
DEBUG - 2026-04-04 12:22:36 --> Session: Class initialized using 'CodeIgniter\Session\Handlers\FileHandler' driver.
DEBUG - 2026-04-04 12:22:37 --> Session: Class initialized using 'CodeIgniter\Session\Handlers\FileHandler' driver.
DEBUG - 2026-04-04 12:27:55 --> Session: Class initialized using 'CodeIgniter\Session\Handlers\FileHandler' driver.
DEBUG - 2026-04-04 12:27:56 --> Session: Class initialized using 'CodeIgniter\Session\Handlers\FileHandler' driver.
DEBUG - 2026-04-04 12:28:35 --> Session: Class initialized using 'CodeIgniter\Session\Handlers\FileHandler' driver.
DEBUG - 2026-04-04 12:28:36 --> Session: Class initialized using 'CodeIgniter\Session\Handlers\FileHandler' driver.
DEBUG - 2026-04-04 12:28:37 --> Session: Class initialized using 'CodeIgniter\Session\Handlers\FileHandler' driver.
DEBUG - 2026-04-04 12:28:38 --> Session: Class initialized using 'CodeIgniter\Session\Handlers\FileHandler' driver.
DEBUG - 2026-04-04 12:28:38 --> Session: Class initialized using 'CodeIgniter\Session\Handlers\FileHandler' driver.
DEBUG - 2026-04-04 12:28:38 --> Session: Class initialized using 'CodeIgniter\Session\Handlers\FileHandler' driver.
DEBUG - 2026-04-04 12:28:38 --> Session: Class initialized using 'CodeIgniter\Session\Handlers\FileHandler' driver.
DEBUG - 2026-04-04 12:29:45 --> Session: Class initialized using 'CodeIgniter\Session\Handlers\FileHandler' driver.
DEBUG - 2026-04-04 12:29:45 --> Session: Class initialized using 'CodeIgniter\Session\Handlers\FileHandler' driver.
DEBUG - 2026-04-04 12:29:45 --> Session: Class initialized using 'CodeIgniter\Session\Handlers\FileHandler' driver.
DEBUG - 2026-04-04 12:29:45 --> Session: Class initialized using 'CodeIgniter\Session\Handlers\FileHandler' driver.
DEBUG - 2026-04-04 12:29:45 --> Session: Class initialized using 'CodeIgniter\Session\Handlers\FileHandler' driver.
DEBUG - 2026-04-04 12:33:14 --> Session: Class initialized using 'CodeIgniter\Session\Handlers\FileHandler' driver.
DEBUG - 2026-04-04 12:33:14 --> Session: Class initialized using 'CodeIgniter\Session\Handlers\FileHandler' driver.
DEBUG - 2026-04-04 12:33:14 --> Session: Class initialized using 'CodeIgniter\Session\Handlers\FileHandler' driver.
DEBUG - 2026-04-04 12:33:14 --> Session: Class initialized using 'CodeIgniter\Session\Handlers\FileHandler' driver.
DEBUG - 2026-04-04 12:33:15 --> Session: Class initialized using 'CodeIgniter\Session\Handlers\FileHandler' driver.
DEBUG - 2026-04-04 12:35:13 --> Session: Class initialized using 'CodeIgniter\Session\Handlers\FileHandler' driver.
DEBUG - 2026-04-04 12:35:13 --> Session: Class initialized using 'CodeIgniter\Session\Handlers\FileHandler' driver.
DEBUG - 2026-04-04 12:35:13 --> Session: Class initialized using 'CodeIgniter\Session\Handlers\FileHandler' driver.
DEBUG - 2026-04-04 12:35:14 --> Session: Class initialized using 'CodeIgniter\Session\Handlers\FileHandler' driver.
DEBUG - 2026-04-04 12:35:14 --> Session: Class initialized using 'CodeIgniter\Session\Handlers\FileHandler' driver.
DEBUG - 2026-04-04 12:35:15 --> Session: Class initialized using 'CodeIgniter\Session\Handlers\FileHandler' driver.
DEBUG - 2026-04-04 12:35:16 --> Session: Class initialized using 'CodeIgniter\Session\Handlers\FileHandler' driver.
DEBUG - 2026-04-04 12:35:18 --> Session: Class initialized using 'CodeIgniter\Session\Handlers\FileHandler' driver.
DEBUG - 2026-04-04 12:35:18 --> Session: Class initialized using 'CodeIgniter\Session\Handlers\FileHandler' driver.
DEBUG - 2026-04-04 12:35:18 --> Session: Class initialized using 'CodeIgniter\Session\Handlers\FileHandler' driver.
DEBUG - 2026-04-04 12:35:18 --> Session: Class initialized using 'CodeIgniter\Session\Handlers\FileHandler' driver.
DEBUG - 2026-04-04 12:35:18 --> Session: Class initialized using 'CodeIgniter\Session\Handlers\FileHandler' driver.
DEBUG - 2026-04-04 12:35:23 --> Session: Class initialized using 'CodeIgniter\Session\Handlers\FileHandler' driver.
DEBUG - 2026-04-04 12:35:25 --> Session: Class initialized using 'CodeIgniter\Session\Handlers\FileHandler' driver.
DEBUG - 2026-04-04 12:35:25 --> Session: Class initialized using 'CodeIgniter\Session\Handlers\FileHandler' driver.
DEBUG - 2026-04-04 12:35:27 --> Session: Class initialized using 'CodeIgniter\Session\Handlers\FileHandler' driver.
DEBUG - 2026-04-04 12:35:28 --> Session: Class initialized using 'CodeIgniter\Session\Handlers\FileHandler' driver.
DEBUG - 2026-04-04 12:35:28 --> Session: Class initialized using 'CodeIgniter\Session\Handlers\FileHandler' driver.
DEBUG - 2026-04-04 12:35:28 --> Session: Class initialized using 'CodeIgniter\Session\Handlers\FileHandler' driver.
DEBUG - 2026-04-04 12:35:28 --> Session: Class initialized using 'CodeIgniter\Session\Handlers\FileHandler' driver.
DEBUG - 2026-04-04 12:35:28 --> Session: Class initialized using 'CodeIgniter\Session\Handlers\FileHandler' driver.
DEBUG - 2026-04-04 12:38:39 --> Session: Class initialized using 'CodeIgniter\Session\Handlers\FileHandler' driver.
DEBUG - 2026-04-04 12:42:00 --> Session: Class initialized using 'CodeIgniter\Session\Handlers\FileHandler' driver.
DEBUG - 2026-04-04 12:42:11 --> Session: Class initialized using 'CodeIgniter\Session\Handlers\FileHandler' driver.
DEBUG - 2026-04-04 12:42:11 --> Consulta SQL: SELECT *
FROM `TAB_DOCUMENTOS_PRACTICAS_PREPROFESIONALES` `dp`
DEBUG - 2026-04-04 12:42:11 --> Resultados obtenidos: 10
DEBUG - 2026-04-04 12:42:11 --> Tipos de documentos en index: [{"ID_TIPO_DOCUMENTO_PREPROFESIONAL":"1","CODIGO":"PPR-001","NOMBRE":"Oficio de Asignaci\u00f3n de Tutor","DESCRIPCION":"Documento oficial emitido por la coordinaci\u00f3n de la carrera que designa al docente responsable de la tutor\u00eda y seguimiento de las pr\u00e1cticas de servicio comunitario del estudiante.","ORDEN":"1","OBLIGATORIO":"1","ACTIVO":"1","FECHA_CREACION":"2026-03-26 16:26:19","FECHA_ACTUALIZACION":"2026-03-26 16:26:19","REQUERIDO":"1"},{"ID_TIPO_DOCUMENTO_PREPROFESIONAL":"2","CODIGO":"PPR-002","NOMBRE":"Oficio a Entidad Receptora","DESCRIPCION":"Carta formal enviada por el estudiante a la instituci\u00f3n \"Instituto Tecnol\u00f3gico Superior Ibarra\", con el prop\u00f3sito de solicitar la oportunidad de realizar sus pr\u00e1cticas de servicio comunitario.","ORDEN":"2","OBLIGATORIO":"1","ACTIVO":"1","FECHA_CREACION":"2026-03-26 16:26:19","FECHA_ACTUALIZACION":"2026-03-26 16:26:19","REQUERIDO":"1"},{"ID_TIPO_DOCUMENTO_PREPROFESIONAL":"3","CODIGO":"PPR-003","NOMBRE":"Carta de Aceptaci\u00f3n","DESCRIPCION":"Carta oficial de la entidad receptora \"Instituto Tecnol\u00f3gico Superior Ibarra\" que confirma la aceptaci\u00f3n del o los estudiantes para realizar las pr\u00e1cticas de servicio comunitario en sus instalaciones.","ORDEN":"3","OBLIGATORIO":"1","ACTIVO":"1","FECHA_CREACION":"2026-03-26 16:26:19","FECHA_ACTUALIZACION":"2026-03-26 16:26:19","REQUERIDO":"1"},{"ID_TIPO_DOCUMENTO_PREPROFESIONAL":"4","CODIGO":"PPR-004","NOMBRE":"Solicitud Institucional Valorada","DESCRIPCION":"Documento de solicitud formal dirigido al Sr. Rector, Dr. Mario Montenegro, pidiendo la aprobaci\u00f3n institucional para la realizaci\u00f3n de las pr\u00e1cticas de servicio comunitario.","ORDEN":"4","OBLIGATORIO":"1","ACTIVO":"1","FECHA_CREACION":"2026-03-26 16:26:19","FECHA_ACTUALIZACION":"2026-03-26 16:26:19","REQUERIDO":"1"},{"ID_TIPO_DOCUMENTO_PREPROFESIONAL":"5","CODIGO":"PPR-005","NOMBRE":"Certificado de Culminaci\u00f3n de Horas","DESCRIPCION":"Certificado emitido por la entidad receptora \"Instituto Tecnol\u00f3gico Superior Ibarra\" que acredita que el estudiante ha completado las 60 horas requeridas de pr\u00e1cticas de servicio comunitario.","ORDEN":"5","OBLIGATORIO":"1","ACTIVO":"1","FECHA_CREACION":"2026-03-26 16:26:19","FECHA_ACTUALIZACION":"2026-03-26 16:26:19","REQUERIDO":"1"},{"ID_TIPO_DOCUMENTO_PREPROFESIONAL":"6","CODIGO":"PPR-006","NOMBRE":"Hojas de Asistencia","DESCRIPCION":"Registro f\u00edsico de la asistencia del estudiante en la entidad receptora. Incluye las firmas y sellos para validar las horas de trabajo.","ORDEN":"6","OBLIGATORIO":"1","ACTIVO":"1","FECHA_CREACION":"2026-03-26 16:26:19","FECHA_ACTUALIZACION":"2026-03-26 16:26:19","REQUERIDO":"1"},{"ID_TIPO_DOCUMENTO_PREPROFESIONAL":"7","CODIGO":"PPR-007","NOMBRE":"Ficha de Registro de Actividades","DESCRIPCION":"Documento detallado en el que el estudiante registra las actividades espec\u00edficas realizadas durante sus pr\u00e1cticas, incluyendo fechas y descripciones.","ORDEN":"7","OBLIGATORIO":"1","ACTIVO":"1","FECHA_CREACION":"2026-03-26 16:26:19","FECHA_ACTUALIZACION":"2026-03-26 16:26:19","REQUERIDO":"1"},{"ID_TIPO_DOCUMENTO_PREPROFESIONAL":"8","CODIGO":"PPR-008","NOMBRE":"R\u00fabrica de Evaluaci\u00f3n de Entidad","DESCRIPCION":"Formulario de evaluaci\u00f3n del desempe\u00f1o del estudiante, llenado y sellado por la entidad receptora. Valora aspectos como la responsabilidad, la proactividad y la calidad del trabajo.","ORDEN":"8","OBLIGATORIO":"1","ACTIVO":"1","FECHA_CREACION":"2026-03-26 16:26:19","FECHA_ACTUALIZACION":"2026-03-26 16:26:19","REQUERIDO":"1"},{"ID_TIPO_DOCUMENTO_PREPROFESIONAL":"9","CODIGO":"PPR-009","NOMBRE":"Ficha de Control y Seguimiento Docente","DESCRIPCION":"Documento utilizado por el tutor docente para registrar el seguimiento acad\u00e9mico del estudiante durante las pr\u00e1cticas. Incluye visitas o revisiones peri\u00f3dicas.","ORDEN":"9","OBLIGATORIO":"1","ACTIVO":"1","FECHA_CREACION":"2026-03-26 16:26:19","FECHA_ACTUALIZACION":"2026-03-26 16:26:19","REQUERIDO":"1"},{"ID_TIPO_DOCUMENTO_PREPROFESIONAL":"10","CODIGO":"PPR-010","NOMBRE":"R\u00fabrica de Evaluaci\u00f3n Docente","DESCRIPCION":"R\u00fabrica de evaluaci\u00f3n llenada y firmada por el tutor docente. Califica el desempe\u00f1o del estudiante en base a los criterios acad\u00e9micos del programa.","ORDEN":"10","OBLIGATORIO":"1","ACTIVO":"1","FECHA_CREACION":"2026-03-26 16:26:19","FECHA_ACTUALIZACION":"2026-03-26 16:26:19","REQUERIDO":"1"},{"ID_TIPO_DOCUMENTO_PREPROFESIONAL":"11","CODIGO":"PPR-011","NOMBRE":"R\u00fabrica de Evaluaci\u00f3n de Resultados","DESCRIPCION":"Evaluaci\u00f3n final realizada por el Departamento de Vinculaci\u00f3n con la Sociedad, que valora los resultados y el impacto del proyecto de servicio comunitario en su conjunto.","ORDEN":"11","OBLIGATORIO":"1","ACTIVO":"1","FECHA_CREACION":"2026-03-26 16:26:19","FECHA_ACTUALIZACION":"2026-03-26 16:26:19","REQUERIDO":"1"},{"ID_TIPO_DOCUMENTO_PREPROFESIONAL":"12","CODIGO":"PPR-012","NOMBRE":"Evidencia Fotogr\u00e1fica y Digital","DESCRIPCION":"Material de apoyo visual y digital, como fotos, capturas, videos o impresiones, que documenta y comprueba la realizaci\u00f3n de las actividades y trabajos del proyecto.","ORDEN":"12","OBLIGATORIO":"1","ACTIVO":"1","FECHA_CREACION":"2026-03-26 16:26:19","FECHA_ACTUALIZACION":"2026-03-26 16:26:19","REQUERIDO":"1"}]
DEBUG - 2026-04-04 12:42:11 --> Session: Class initialized using 'CodeIgniter\Session\Handlers\FileHandler' driver.
DEBUG - 2026-04-04 12:42:11 --> Consulta SQL: SELECT *
FROM `TAB_DOCUMENTOS_PRACTICAS_PREPROFESIONALES` `dp`
DEBUG - 2026-04-04 12:42:11 --> Resultados obtenidos: 10
DEBUG - 2026-04-04 12:42:11 --> Documentos obtenidos: [{"ID_DOCUMENTO_PREPROFESIONAL":"18","ID_PRACTICA_PREPROFESIONAL":"4","ID_TIPO_DOCUMENTO":"1","ID_ESTADO_REVISION":"1","NOMBRE_ARCHIVO":"estudiante_3_20260404093413_28cbbf8a.pdf","NOMBRE_ORIGINAL":null,"TIPO_ARCHIVO":"application\/pdf","TAMANO_ARCHIVO":null,"RUTA_ARCHIVO":null,"FECHA_SUBIDA":"2026-04-04 09:34:13","FECHA_REVISION":null,"ID_REVISOR":null,"OBSERVACIONES":"","OBSERVACIONES_REVISOR":null,"VERSION":"1","ACTIVO":"1","FECHA_CREACION":"2026-04-04 09:34:13","FECHA_ACTUALIZACION":"2026-04-04 09:34:13","ID_TIPO_DOCUMENTO_PREPROFESIONAL":"1","TIPO_DOCUMENTO_CODIGO":"PPR-001","TIPO_DOCUMENTO_NOMBRE":"Oficio de Asignaci\u00f3n de Tutor","TIPO_DOCUMENTO_DESCRIPCION":"Documento oficial emitido por la coordinaci\u00f3n de la carrera que designa al docente responsable de la tutor\u00eda y seguimiento de las pr\u00e1cticas de servicio comunitario del estudiante.","TIPO_DOCUMENTO_ORDEN":"1","TIPO_DOCUMENTO_OBLIGATORIO":"1","ESTADO_REVISION":"Pendiente","ID_ESTUDIANTE":"5","ENTIDAD_RECEPTORA":"Banco del Pac\u00edfico","ESTUDIANTE_NOMBRE":"Pedro Aguirre","NOMBRE_ESTUDIANTE":"Pedro","APELLIDO_ESTUDIANTE":"Aguirre","CEDULA_ESTUDIANTE":"0123456789"},{"ID_DOCUMENTO_PREPROFESIONAL":"17","ID_PRACTICA_PREPROFESIONAL":"2","ID_TIPO_DOCUMENTO":"9","ID_ESTADO_REVISION":"4","NOMBRE_ARCHIVO":"ficha_control_seguimiento_002_20250920.pdf","NOMBRE_ORIGINAL":"Ficha Control Seguimiento - Mar\u00eda.pdf","TIPO_ARCHIVO":"application\/pdf","TAMANO_ARCHIVO":"112233","RUTA_ARCHIVO":"\/uploads\/documentos-practicas\/","FECHA_SUBIDA":"2025-09-20 10:15:00","FECHA_REVISION":"2025-09-20 12:45:00","ID_REVISOR":"5","OBSERVACIONES":"Ficha de control y seguimiento docente","OBSERVACIONES_REVISOR":"Faltan las firmas del tutor docente, documento inv\u00e1lido","VERSION":"1","ACTIVO":"1","FECHA_CREACION":"2026-03-26 16:26:20","FECHA_ACTUALIZACION":"2026-03-26 16:26:20","ID_TIPO_DOCUMENTO_PREPROFESIONAL":"9","TIPO_DOCUMENTO_CODIGO":"PPR-009","TIPO_DOCUMENTO_NOMBRE":"Ficha de Control y Seguimiento Docente","TIPO_DOCUMENTO_DESCRIPCION":"Documento utilizado por el tutor docente para registrar el seguimiento acad\u00e9mico del estudiante durante las pr\u00e1cticas. Incluye visitas o revisiones peri\u00f3dicas.","TIPO_DOCUMENTO_ORDEN":"9","TIPO_DOCUMENTO_OBLIGATORIO":"1","ESTADO_REVISION":"Rechazado","ID_ESTUDIANTE":"2","ENTIDAD_RECEPTORA":"Banco del Pac\u00edfico","ESTUDIANTE_NOMBRE":"Mar\u00eda Elena Garc\u00eda Torres","NOMBRE_ESTUDIANTE":"Mar\u00eda Elena","APELLIDO_ESTUDIANTE":"Garc\u00eda Torres","CEDULA_ESTUDIANTE":"1002345678"},{"ID_DOCUMENTO_PREPROFESIONAL":"15","ID_PRACTICA_PREPROFESIONAL":"2","ID_TIPO_DOCUMENTO":"7","ID_ESTADO_REVISION":"5","NOMBRE_ARCHIVO":"ficha_registro_actividades_002_20250915.pdf","NOMBRE_ORIGINAL":"Ficha Registro Actividades - Mar\u00eda.pdf","TIPO_ARCHIVO":"application\/pdf","TAMANO_ARCHIVO":"98765","RUTA_ARCHIVO":"\/uploads\/documentos-practicas\/","FECHA_SUBIDA":"2025-09-15 11:30:00","FECHA_REVISION":"2025-09-15 14:20:00","ID_REVISOR":"5","OBSERVACIONES":"Ficha de registro de actividades","OBSERVACIONES_REVISOR":"Descripci\u00f3n de actividades muy general, especificar m\u00e1s detalles","VERSION":"1","ACTIVO":"1","FECHA_CREACION":"2026-03-26 16:26:20","FECHA_ACTUALIZACION":"2026-03-26 16:26:20","ID_TIPO_DOCUMENTO_PREPROFESIONAL":"7","TIPO_DOCUMENTO_CODIGO":"PPR-007","TIPO_DOCUMENTO_NOMBRE":"Ficha de Registro de Actividades","TIPO_DOCUMENTO_DESCRIPCION":"Documento detallado en el que el estudiante registra las actividades espec\u00edficas realizadas durante sus pr\u00e1cticas, incluyendo fechas y descripciones.","TIPO_DOCUMENTO_ORDEN":"7","TIPO_DOCUMENTO_OBLIGATORIO":"1","ESTADO_REVISION":"Requiere Correcci\u00f3n","ID_ESTUDIANTE":"2","ENTIDAD_RECEPTORA":"Banco del Pac\u00edfico","ESTUDIANTE_NOMBRE":"Mar\u00eda Elena Garc\u00eda Torres","NOMBRE_ESTUDIANTE":"Mar\u00eda Elena","APELLIDO_ESTUDIANTE":"Garc\u00eda Torres","CEDULA_ESTUDIANTE":"1002345678"},{"ID_DOCUMENTO_PREPROFESIONAL":"14","ID_PRACTICA_PREPROFESIONAL":"1","ID_TIPO_DOCUMENTO":"6","ID_ESTADO_REVISION":"5","NOMBRE_ARCHIVO":"hojas_asistencia_001_20250830.pdf","NOMBRE_ORIGINAL":"Hojas de Asistencia - Juan Carlos.pdf","TIPO_ARCHIVO":"application\/pdf","TAMANO_ARCHIVO":"123456","RUTA_ARCHIVO":"\/uploads\/documentos-practicas\/","FECHA_SUBIDA":"2025-08-30 16:15:00","FECHA_REVISION":"2025-08-30 17:45:00","ID_REVISOR":"4","OBSERVACIONES":"Hojas de asistencia completas","OBSERVACIONES_REVISOR":"Faltan firmas en algunas fechas, corregir y volver a subir","VERSION":"1","ACTIVO":"1","FECHA_CREACION":"2026-03-26 16:26:20","FECHA_ACTUALIZACION":"2026-03-26 16:26:20","ID_TIPO_DOCUMENTO_PREPROFESIONAL":"6","TIPO_DOCUMENTO_CODIGO":"PPR-006","TIPO_DOCUMENTO_NOMBRE":"Hojas de Asistencia","TIPO_DOCUMENTO_DESCRIPCION":"Registro f\u00edsico de la asistencia del estudiante en la entidad receptora. Incluye las firmas y sellos para validar las horas de trabajo.","TIPO_DOCUMENTO_ORDEN":"6","TIPO_DOCUMENTO_OBLIGATORIO":"1","ESTADO_REVISION":"Requiere Correcci\u00f3n","ID_ESTUDIANTE":"1","ENTIDAD_RECEPTORA":"Hospital San Vicente de Pa\u00fal","ESTUDIANTE_NOMBRE":"Juan Carlos P\u00e9rez L\u00f3pez","NOMBRE_ESTUDIANTE":"Juan Carlos","APELLIDO_ESTUDIANTE":"P\u00e9rez L\u00f3pez","CEDULA_ESTUDIANTE":"1001234567"},{"ID_DOCUMENTO_PREPROFESIONAL":"16","ID_PRACTICA_PREPROFESIONAL":"1","ID_TIPO_DOCUMENTO":"8","ID_ESTADO_REVISION":"4","NOMBRE_ARCHIVO":"rubrica_evaluacion_entidad_001_20250825.pdf","NOMBRE_ORIGINAL":"R\u00fabrica Evaluaci\u00f3n Entidad - Juan.pdf","TIPO_ARCHIVO":"application\/pdf","TAMANO_ARCHIVO":"87654","RUTA_ARCHIVO":"\/uploads\/documentos-practicas\/","FECHA_SUBIDA":"2025-08-25 15:00:00","FECHA_REVISION":"2025-08-25 16:30:00","ID_REVISOR":"4","OBSERVACIONES":"R\u00fabrica de evaluaci\u00f3n de entidad","OBSERVACIONES_REVISOR":"Documento no tiene sello oficial de la entidad, rechazado","VERSION":"1","ACTIVO":"1","FECHA_CREACION":"2026-03-26 16:26:20","FECHA_ACTUALIZACION":"2026-03-26 16:26:20","ID_TIPO_DOCUMENTO_PREPROFESIONAL":"8","TIPO_DOCUMENTO_CODIGO":"PPR-008","TIPO_DOCUMENTO_NOMBRE":"R\u00fabrica de Evaluaci\u00f3n de Entidad","TIPO_DOCUMENTO_DESCRIPCION":"Formulario de evaluaci\u00f3n del desempe\u00f1o del estudiante, llenado y sellado por la entidad receptora. Valora aspectos como la responsabilidad, la proactividad y la calidad del trabajo.","TIPO_DOCUMENTO_ORDEN":"8","TIPO_DOCUMENTO_OBLIGATORIO":"1","ESTADO_REVISION":"Rechazado","ID_ESTUDIANTE":"1","ENTIDAD_RECEPTORA":"Hospital San Vicente de Pa\u00fal","ESTUDIANTE_NOMBRE":"Juan Carlos P\u00e9rez L\u00f3pez","NOMBRE_ESTUDIANTE":"Juan Carlos","APELLIDO_ESTUDIANTE":"P\u00e9rez L\u00f3pez","CEDULA_ESTUDIANTE":"1001234567"},{"ID_DOCUMENTO_PREPROFESIONAL":"5","ID_PRACTICA_PREPROFESIONAL":"2","ID_TIPO_DOCUMENTO":"2","ID_ESTADO_REVISION":"3","NOMBRE_ARCHIVO":"oficio_entidad_receptora_002_20250702.pdf","NOMBRE_ORIGINAL":"Oficio Entidad Receptora - Banco.pdf","TIPO_ARCHIVO":"application\/pdf","TAMANO_ARCHIVO":"178944","RUTA_ARCHIVO":"\/uploads\/documentos-practicas\/","FECHA_SUBIDA":"2025-07-02 15:45:00","FECHA_REVISION":"2025-07-02 17:20:00","ID_REVISOR":"5","OBSERVACIONES":"Oficio enviado a la entidad receptora","OBSERVACIONES_REVISOR":"Oficio formal y bien estructurado","VERSION":"1","ACTIVO":"1","FECHA_CREACION":"2026-03-26 16:26:20","FECHA_ACTUALIZACION":"2026-03-26 16:26:20","ID_TIPO_DOCUMENTO_PREPROFESIONAL":"2","TIPO_DOCUMENTO_CODIGO":"PPR-002","TIPO_DOCUMENTO_NOMBRE":"Oficio a Entidad Receptora","TIPO_DOCUMENTO_DESCRIPCION":"Carta formal enviada por el estudiante a la instituci\u00f3n \"Instituto Tecnol\u00f3gico Superior Ibarra\", con el prop\u00f3sito de solicitar la oportunidad de realizar sus pr\u00e1cticas de servicio comunitario.","TIPO_DOCUMENTO_ORDEN":"2","TIPO_DOCUMENTO_OBLIGATORIO":"1","ESTADO_REVISION":"Aprobado","ID_ESTUDIANTE":"2","ENTIDAD_RECEPTORA":"Banco del Pac\u00edfico","ESTUDIANTE_NOMBRE":"Mar\u00eda Elena Garc\u00eda Torres","NOMBRE_ESTUDIANTE":"Mar\u00eda Elena","APELLIDO_ESTUDIANTE":"Garc\u00eda Torres","CEDULA_ESTUDIANTE":"1002345678"},{"ID_DOCUMENTO_PREPROFESIONAL":"4","ID_PRACTICA_PREPROFESIONAL":"2","ID_TIPO_DOCUMENTO":"1","ID_ESTADO_REVISION":"3","NOMBRE_ARCHIVO":"oficio_asignacion_tutor_002_20250701.pdf","NOMBRE_ORIGINAL":"Oficio Asignaci\u00f3n Tutor - Mar\u00eda Elena.pdf","TIPO_ARCHIVO":"application\/pdf","TAMANO_ARCHIVO":"234880","RUTA_ARCHIVO":"\/uploads\/documentos-practicas\/","FECHA_SUBIDA":"2025-07-01 11:00:00","FECHA_REVISION":"2025-07-01 13:15:00","ID_REVISOR":"5","OBSERVACIONES":"Documento oficial de asignaci\u00f3n","OBSERVACIONES_REVISOR":"Asignaci\u00f3n correcta del tutor","VERSION":"1","ACTIVO":"1","FECHA_CREACION":"2026-03-26 16:26:20","FECHA_ACTUALIZACION":"2026-03-26 16:26:20","ID_TIPO_DOCUMENTO_PREPROFESIONAL":"1","TIPO_DOCUMENTO_CODIGO":"PPR-001","TIPO_DOCUMENTO_NOMBRE":"Oficio de Asignaci\u00f3n de Tutor","TIPO_DOCUMENTO_DESCRIPCION":"Documento oficial emitido por la coordinaci\u00f3n de la carrera que designa al docente responsable de la tutor\u00eda y seguimiento de las pr\u00e1cticas de servicio comunitario del estudiante.","TIPO_DOCUMENTO_ORDEN":"1","TIPO_DOCUMENTO_OBLIGATORIO":"1","ESTADO_REVISION":"Aprobado","ID_ESTUDIANTE":"2","ENTIDAD_RECEPTORA":"Banco del Pac\u00edfico","ESTUDIANTE_NOMBRE":"Mar\u00eda Elena Garc\u00eda Torres","NOMBRE_ESTUDIANTE":"Mar\u00eda Elena","APELLIDO_ESTUDIANTE":"Garc\u00eda Torres","CEDULA_ESTUDIANTE":"1002345678"},{"ID_DOCUMENTO_PREPROFESIONAL":"3","ID_PRACTICA_PREPROFESIONAL":"1","ID_TIPO_DOCUMENTO":"3","ID_ESTADO_REVISION":"3","NOMBRE_ARCHIVO":"carta_aceptacion_001_20250603.pdf","NOMBRE_ORIGINAL":"Carta Aceptaci\u00f3n - Hospital.pdf","TIPO_ARCHIVO":"application\/pdf","TAMANO_ARCHIVO":"156672","RUTA_ARCHIVO":"\/uploads\/documentos-practicas\/","FECHA_SUBIDA":"2025-06-03 09:15:00","FECHA_REVISION":"2025-06-03 11:20:00","ID_REVISOR":"4","OBSERVACIONES":"Carta de aceptaci\u00f3n de la entidad","OBSERVACIONES_REVISOR":"Carta oficial con sello institucional","VERSION":"1","ACTIVO":"1","FECHA_CREACION":"2026-03-26 16:26:20","FECHA_ACTUALIZACION":"2026-03-26 16:26:20","ID_TIPO_DOCUMENTO_PREPROFESIONAL":"3","TIPO_DOCUMENTO_CODIGO":"PPR-003","TIPO_DOCUMENTO_NOMBRE":"Carta de Aceptaci\u00f3n","TIPO_DOCUMENTO_DESCRIPCION":"Carta oficial de la entidad receptora \"Instituto Tecnol\u00f3gico Superior Ibarra\" que confirma la aceptaci\u00f3n del o los estudiantes para realizar las pr\u00e1cticas de servicio comunitario en sus instalaciones.","TIPO_DOCUMENTO_ORDEN":"3","TIPO_DOCUMENTO_OBLIGATORIO":"1","ESTADO_REVISION":"Aprobado","ID_ESTUDIANTE":"1","ENTIDAD_RECEPTORA":"Hospital San Vicente de Pa\u00fal","ESTUDIANTE_NOMBRE":"Juan Carlos P\u00e9rez L\u00f3pez","NOMBRE_ESTUDIANTE":"Juan Carlos","APELLIDO_ESTUDIANTE":"P\u00e9rez L\u00f3pez","CEDULA_ESTUDIANTE":"1001234567"},{"ID_DOCUMENTO_PREPROFESIONAL":"2","ID_PRACTICA_PREPROFESIONAL":"1","ID_TIPO_DOCUMENTO":"2","ID_ESTADO_REVISION":"3","NOMBRE_ARCHIVO":"oficio_entidad_receptora_001_20250602.pdf","NOMBRE_ORIGINAL":"Oficio Entidad Receptora - Hospital.pdf","TIPO_ARCHIVO":"application\/pdf","TAMANO_ARCHIVO":"189440","RUTA_ARCHIVO":"\/uploads\/documentos-practicas\/","FECHA_SUBIDA":"2025-06-02 14:30:00","FECHA_REVISION":"2025-06-02 16:45:00","ID_REVISOR":"4","OBSERVACIONES":"Oficio enviado a la entidad receptora","OBSERVACIONES_REVISOR":"Oficio bien redactado y formal","VERSION":"1","ACTIVO":"1","FECHA_CREACION":"2026-03-26 16:26:20","FECHA_ACTUALIZACION":"2026-03-26 16:26:20","ID_TIPO_DOCUMENTO_PREPROFESIONAL":"2","TIPO_DOCUMENTO_CODIGO":"PPR-002","TIPO_DOCUMENTO_NOMBRE":"Oficio a Entidad Receptora","TIPO_DOCUMENTO_DESCRIPCION":"Carta formal enviada por el estudiante a la instituci\u00f3n \"Instituto Tecnol\u00f3gico Superior Ibarra\", con el prop\u00f3sito de solicitar la oportunidad de realizar sus pr\u00e1cticas de servicio comunitario.","TIPO_DOCUMENTO_ORDEN":"2","TIPO_DOCUMENTO_OBLIGATORIO":"1","ESTADO_REVISION":"Aprobado","ID_ESTUDIANTE":"1","ENTIDAD_RECEPTORA":"Hospital San Vicente de Pa\u00fal","ESTUDIANTE_NOMBRE":"Juan Carlos P\u00e9rez L\u00f3pez","NOMBRE_ESTUDIANTE":"Juan Carlos","APELLIDO_ESTUDIANTE":"P\u00e9rez L\u00f3pez","CEDULA_ESTUDIANTE":"1001234567"},{"ID_DOCUMENTO_PREPROFESIONAL":"1","ID_PRACTICA_PREPROFESIONAL":"1","ID_TIPO_DOCUMENTO":"1","ID_ESTADO_REVISION":"3","NOMBRE_ARCHIVO":"oficio_asignacion_tutor_001_20250601.pdf","NOMBRE_ORIGINAL":"Oficio Asignaci\u00f3n Tutor - Juan Carlos.pdf","TIPO_ARCHIVO":"application\/pdf","TAMANO_ARCHIVO":"245760","RUTA_ARCHIVO":"\/uploads\/documentos-practicas\/","FECHA_SUBIDA":"2025-06-01 10:00:00","FECHA_REVISION":"2025-06-01 14:30:00","ID_REVISOR":"4","OBSERVACIONES":"Documento oficial de asignaci\u00f3n","OBSERVACIONES_REVISOR":"Documento aprobado correctamente","VERSION":"1","ACTIVO":"1","FECHA_CREACION":"2026-03-26 16:26:20","FECHA_ACTUALIZACION":"2026-03-26 16:26:20","ID_TIPO_DOCUMENTO_PREPROFESIONAL":"1","TIPO_DOCUMENTO_CODIGO":"PPR-001","TIPO_DOCUMENTO_NOMBRE":"Oficio de Asignaci\u00f3n de Tutor","TIPO_DOCUMENTO_DESCRIPCION":"Documento oficial emitido por la coordinaci\u00f3n de la carrera que designa al docente responsable de la tutor\u00eda y seguimiento de las pr\u00e1cticas de servicio comunitario del estudiante.","TIPO_DOCUMENTO_ORDEN":"1","TIPO_DOCUMENTO_OBLIGATORIO":"1","ESTADO_REVISION":"Aprobado","ID_ESTUDIANTE":"1","ENTIDAD_RECEPTORA":"Hospital San Vicente de Pa\u00fal","ESTUDIANTE_NOMBRE":"Juan Carlos P\u00e9rez L\u00f3pez","NOMBRE_ESTUDIANTE":"Juan Carlos","APELLIDO_ESTUDIANTE":"P\u00e9rez L\u00f3pez","CEDULA_ESTUDIANTE":"1001234567"}]
DEBUG - 2026-04-04 12:42:18 --> Session: Class initialized using 'CodeIgniter\Session\Handlers\FileHandler' driver.
ERROR - 2026-04-04 12:42:18 --> mysqli_sql_exception: Unknown column 'TAB_ROLES.NOMBRE_ROL' in 'where clause' in C:\xampp\htdocs\ITSI\vendor\codeigniter4\framework\system\Database\MySQLi\Connection.php:327
Stack trace:
#0 C:\xampp\htdocs\ITSI\vendor\codeigniter4\framework\system\Database\MySQLi\Connection.php(327): mysqli->query('SELECT `TAB_USU...', 0)
#1 C:\xampp\htdocs\ITSI\vendor\codeigniter4\framework\system\Database\BaseConnection.php(738): CodeIgniter\Database\MySQLi\Connection->execute('SELECT `TAB_USU...')
#2 C:\xampp\htdocs\ITSI\vendor\codeigniter4\framework\system\Database\BaseConnection.php(652): CodeIgniter\Database\BaseConnection->simpleQuery('SELECT `TAB_USU...')
#3 C:\xampp\htdocs\ITSI\vendor\codeigniter4\framework\system\Database\BaseBuilder.php(1649): CodeIgniter\Database\BaseConnection->query('SELECT `TAB_USU...', Array, false)
#4 C:\xampp\htdocs\ITSI\vendor\codeigniter4\framework\system\Model.php(286): CodeIgniter\Database\BaseBuilder->get()
#5 C:\xampp\htdocs\ITSI\vendor\codeigniter4\framework\system\BaseModel.php(679): CodeIgniter\Model->doFindAll(0, 0)
#6 C:\xampp\htdocs\ITSI\app\Controllers\coord\DocumentosServicioComunitarioCoordController.php(494): CodeIgniter\BaseModel->findAll()
#7 C:\xampp\htdocs\ITSI\app\Controllers\coord\DocumentosServicioComunitarioCoordController.php(58): App\Controllers\coord\DocumentosServicioComunitarioCoordController->getEstudiantes()
#8 C:\xampp\htdocs\ITSI\vendor\codeigniter4\framework\system\CodeIgniter.php(933): App\Controllers\coord\DocumentosServicioComunitarioCoordController->index()
#9 C:\xampp\htdocs\ITSI\vendor\codeigniter4\framework\system\CodeIgniter.php(507): CodeIgniter\CodeIgniter->runController(Object(App\Controllers\coord\DocumentosServicioComunitarioCoordController))
#10 C:\xampp\htdocs\ITSI\vendor\codeigniter4\framework\system\CodeIgniter.php(354): CodeIgniter\CodeIgniter->handleRequest(NULL, Object(Config\Cache), false)
#11 C:\xampp\htdocs\ITSI\vendor\codeigniter4\framework\system\Boot.php(334): CodeIgniter\CodeIgniter->run()
#12 C:\xampp\htdocs\ITSI\vendor\codeigniter4\framework\system\Boot.php(67): CodeIgniter\Boot::runCodeIgniter(Object(CodeIgniter\CodeIgniter))
#13 C:\xampp\htdocs\ITSI\public\index.php(59): CodeIgniter\Boot::bootWeb(Object(Config\Paths))
#14 {main}
DEBUG - 2026-04-04 12:42:19 --> Session: Class initialized using 'CodeIgniter\Session\Handlers\FileHandler' driver.
DEBUG - 2026-04-04 12:42:20 --> Session: Class initialized using 'CodeIgniter\Session\Handlers\FileHandler' driver.
DEBUG - 2026-04-04 12:42:20 --> Consulta SQL: SELECT *
FROM `TAB_DOCUMENTOS_PRACTICAS_PREPROFESIONALES` `dp`
DEBUG - 2026-04-04 12:42:20 --> Resultados obtenidos: 10
DEBUG - 2026-04-04 12:42:20 --> Tipos de documentos en index: [{"ID_TIPO_DOCUMENTO_PREPROFESIONAL":"1","CODIGO":"PPR-001","NOMBRE":"Oficio de Asignaci\u00f3n de Tutor","DESCRIPCION":"Documento oficial emitido por la coordinaci\u00f3n de la carrera que designa al docente responsable de la tutor\u00eda y seguimiento de las pr\u00e1cticas de servicio comunitario del estudiante.","ORDEN":"1","OBLIGATORIO":"1","ACTIVO":"1","FECHA_CREACION":"2026-03-26 16:26:19","FECHA_ACTUALIZACION":"2026-03-26 16:26:19","REQUERIDO":"1"},{"ID_TIPO_DOCUMENTO_PREPROFESIONAL":"2","CODIGO":"PPR-002","NOMBRE":"Oficio a Entidad Receptora","DESCRIPCION":"Carta formal enviada por el estudiante a la instituci\u00f3n \"Instituto Tecnol\u00f3gico Superior Ibarra\", con el prop\u00f3sito de solicitar la oportunidad de realizar sus pr\u00e1cticas de servicio comunitario.","ORDEN":"2","OBLIGATORIO":"1","ACTIVO":"1","FECHA_CREACION":"2026-03-26 16:26:19","FECHA_ACTUALIZACION":"2026-03-26 16:26:19","REQUERIDO":"1"},{"ID_TIPO_DOCUMENTO_PREPROFESIONAL":"3","CODIGO":"PPR-003","NOMBRE":"Carta de Aceptaci\u00f3n","DESCRIPCION":"Carta oficial de la entidad receptora \"Instituto Tecnol\u00f3gico Superior Ibarra\" que confirma la aceptaci\u00f3n del o los estudiantes para realizar las pr\u00e1cticas de servicio comunitario en sus instalaciones.","ORDEN":"3","OBLIGATORIO":"1","ACTIVO":"1","FECHA_CREACION":"2026-03-26 16:26:19","FECHA_ACTUALIZACION":"2026-03-26 16:26:19","REQUERIDO":"1"},{"ID_TIPO_DOCUMENTO_PREPROFESIONAL":"4","CODIGO":"PPR-004","NOMBRE":"Solicitud Institucional Valorada","DESCRIPCION":"Documento de solicitud formal dirigido al Sr. Rector, Dr. Mario Montenegro, pidiendo la aprobaci\u00f3n institucional para la realizaci\u00f3n de las pr\u00e1cticas de servicio comunitario.","ORDEN":"4","OBLIGATORIO":"1","ACTIVO":"1","FECHA_CREACION":"2026-03-26 16:26:19","FECHA_ACTUALIZACION":"2026-03-26 16:26:19","REQUERIDO":"1"},{"ID_TIPO_DOCUMENTO_PREPROFESIONAL":"5","CODIGO":"PPR-005","NOMBRE":"Certificado de Culminaci\u00f3n de Horas","DESCRIPCION":"Certificado emitido por la entidad receptora \"Instituto Tecnol\u00f3gico Superior Ibarra\" que acredita que el estudiante ha completado las 60 horas requeridas de pr\u00e1cticas de servicio comunitario.","ORDEN":"5","OBLIGATORIO":"1","ACTIVO":"1","FECHA_CREACION":"2026-03-26 16:26:19","FECHA_ACTUALIZACION":"2026-03-26 16:26:19","REQUERIDO":"1"},{"ID_TIPO_DOCUMENTO_PREPROFESIONAL":"6","CODIGO":"PPR-006","NOMBRE":"Hojas de Asistencia","DESCRIPCION":"Registro f\u00edsico de la asistencia del estudiante en la entidad receptora. Incluye las firmas y sellos para validar las horas de trabajo.","ORDEN":"6","OBLIGATORIO":"1","ACTIVO":"1","FECHA_CREACION":"2026-03-26 16:26:19","FECHA_ACTUALIZACION":"2026-03-26 16:26:19","REQUERIDO":"1"},{"ID_TIPO_DOCUMENTO_PREPROFESIONAL":"7","CODIGO":"PPR-007","NOMBRE":"Ficha de Registro de Actividades","DESCRIPCION":"Documento detallado en el que el estudiante registra las actividades espec\u00edficas realizadas durante sus pr\u00e1cticas, incluyendo fechas y descripciones.","ORDEN":"7","OBLIGATORIO":"1","ACTIVO":"1","FECHA_CREACION":"2026-03-26 16:26:19","FECHA_ACTUALIZACION":"2026-03-26 16:26:19","REQUERIDO":"1"},{"ID_TIPO_DOCUMENTO_PREPROFESIONAL":"8","CODIGO":"PPR-008","NOMBRE":"R\u00fabrica de Evaluaci\u00f3n de Entidad","DESCRIPCION":"Formulario de evaluaci\u00f3n del desempe\u00f1o del estudiante, llenado y sellado por la entidad receptora. Valora aspectos como la responsabilidad, la proactividad y la calidad del trabajo.","ORDEN":"8","OBLIGATORIO":"1","ACTIVO":"1","FECHA_CREACION":"2026-03-26 16:26:19","FECHA_ACTUALIZACION":"2026-03-26 16:26:19","REQUERIDO":"1"},{"ID_TIPO_DOCUMENTO_PREPROFESIONAL":"9","CODIGO":"PPR-009","NOMBRE":"Ficha de Control y Seguimiento Docente","DESCRIPCION":"Documento utilizado por el tutor docente para registrar el seguimiento acad\u00e9mico del estudiante durante las pr\u00e1cticas. Incluye visitas o revisiones peri\u00f3dicas.","ORDEN":"9","OBLIGATORIO":"1","ACTIVO":"1","FECHA_CREACION":"2026-03-26 16:26:19","FECHA_ACTUALIZACION":"2026-03-26 16:26:19","REQUERIDO":"1"},{"ID_TIPO_DOCUMENTO_PREPROFESIONAL":"10","CODIGO":"PPR-010","NOMBRE":"R\u00fabrica de Evaluaci\u00f3n Docente","DESCRIPCION":"R\u00fabrica de evaluaci\u00f3n llenada y firmada por el tutor docente. Califica el desempe\u00f1o del estudiante en base a los criterios acad\u00e9micos del programa.","ORDEN":"10","OBLIGATORIO":"1","ACTIVO":"1","FECHA_CREACION":"2026-03-26 16:26:19","FECHA_ACTUALIZACION":"2026-03-26 16:26:19","REQUERIDO":"1"},{"ID_TIPO_DOCUMENTO_PREPROFESIONAL":"11","CODIGO":"PPR-011","NOMBRE":"R\u00fabrica de Evaluaci\u00f3n de Resultados","DESCRIPCION":"Evaluaci\u00f3n final realizada por el Departamento de Vinculaci\u00f3n con la Sociedad, que valora los resultados y el impacto del proyecto de servicio comunitario en su conjunto.","ORDEN":"11","OBLIGATORIO":"1","ACTIVO":"1","FECHA_CREACION":"2026-03-26 16:26:19","FECHA_ACTUALIZACION":"2026-03-26 16:26:19","REQUERIDO":"1"},{"ID_TIPO_DOCUMENTO_PREPROFESIONAL":"12","CODIGO":"PPR-012","NOMBRE":"Evidencia Fotogr\u00e1fica y Digital","DESCRIPCION":"Material de apoyo visual y digital, como fotos, capturas, videos o impresiones, que documenta y comprueba la realizaci\u00f3n de las actividades y trabajos del proyecto.","ORDEN":"12","OBLIGATORIO":"1","ACTIVO":"1","FECHA_CREACION":"2026-03-26 16:26:19","FECHA_ACTUALIZACION":"2026-03-26 16:26:19","REQUERIDO":"1"}]
DEBUG - 2026-04-04 12:42:20 --> Session: Class initialized using 'CodeIgniter\Session\Handlers\FileHandler' driver.
DEBUG - 2026-04-04 12:42:20 --> Consulta SQL: SELECT *
FROM `TAB_DOCUMENTOS_PRACTICAS_PREPROFESIONALES` `dp`
DEBUG - 2026-04-04 12:42:20 --> Resultados obtenidos: 10
DEBUG - 2026-04-04 12:42:20 --> Documentos obtenidos: [{"ID_DOCUMENTO_PREPROFESIONAL":"18","ID_PRACTICA_PREPROFESIONAL":"4","ID_TIPO_DOCUMENTO":"1","ID_ESTADO_REVISION":"1","NOMBRE_ARCHIVO":"estudiante_3_20260404093413_28cbbf8a.pdf","NOMBRE_ORIGINAL":null,"TIPO_ARCHIVO":"application\/pdf","TAMANO_ARCHIVO":null,"RUTA_ARCHIVO":null,"FECHA_SUBIDA":"2026-04-04 09:34:13","FECHA_REVISION":null,"ID_REVISOR":null,"OBSERVACIONES":"","OBSERVACIONES_REVISOR":null,"VERSION":"1","ACTIVO":"1","FECHA_CREACION":"2026-04-04 09:34:13","FECHA_ACTUALIZACION":"2026-04-04 09:34:13","ID_TIPO_DOCUMENTO_PREPROFESIONAL":"1","TIPO_DOCUMENTO_CODIGO":"PPR-001","TIPO_DOCUMENTO_NOMBRE":"Oficio de Asignaci\u00f3n de Tutor","TIPO_DOCUMENTO_DESCRIPCION":"Documento oficial emitido por la coordinaci\u00f3n de la carrera que designa al docente responsable de la tutor\u00eda y seguimiento de las pr\u00e1cticas de servicio comunitario del estudiante.","TIPO_DOCUMENTO_ORDEN":"1","TIPO_DOCUMENTO_OBLIGATORIO":"1","ESTADO_REVISION":"Pendiente","ID_ESTUDIANTE":"5","ENTIDAD_RECEPTORA":"Banco del Pac\u00edfico","ESTUDIANTE_NOMBRE":"Pedro Aguirre","NOMBRE_ESTUDIANTE":"Pedro","APELLIDO_ESTUDIANTE":"Aguirre","CEDULA_ESTUDIANTE":"0123456789"},{"ID_DOCUMENTO_PREPROFESIONAL":"17","ID_PRACTICA_PREPROFESIONAL":"2","ID_TIPO_DOCUMENTO":"9","ID_ESTADO_REVISION":"4","NOMBRE_ARCHIVO":"ficha_control_seguimiento_002_20250920.pdf","NOMBRE_ORIGINAL":"Ficha Control Seguimiento - Mar\u00eda.pdf","TIPO_ARCHIVO":"application\/pdf","TAMANO_ARCHIVO":"112233","RUTA_ARCHIVO":"\/uploads\/documentos-practicas\/","FECHA_SUBIDA":"2025-09-20 10:15:00","FECHA_REVISION":"2025-09-20 12:45:00","ID_REVISOR":"5","OBSERVACIONES":"Ficha de control y seguimiento docente","OBSERVACIONES_REVISOR":"Faltan las firmas del tutor docente, documento inv\u00e1lido","VERSION":"1","ACTIVO":"1","FECHA_CREACION":"2026-03-26 16:26:20","FECHA_ACTUALIZACION":"2026-03-26 16:26:20","ID_TIPO_DOCUMENTO_PREPROFESIONAL":"9","TIPO_DOCUMENTO_CODIGO":"PPR-009","TIPO_DOCUMENTO_NOMBRE":"Ficha de Control y Seguimiento Docente","TIPO_DOCUMENTO_DESCRIPCION":"Documento utilizado por el tutor docente para registrar el seguimiento acad\u00e9mico del estudiante durante las pr\u00e1cticas. Incluye visitas o revisiones peri\u00f3dicas.","TIPO_DOCUMENTO_ORDEN":"9","TIPO_DOCUMENTO_OBLIGATORIO":"1","ESTADO_REVISION":"Rechazado","ID_ESTUDIANTE":"2","ENTIDAD_RECEPTORA":"Banco del Pac\u00edfico","ESTUDIANTE_NOMBRE":"Mar\u00eda Elena Garc\u00eda Torres","NOMBRE_ESTUDIANTE":"Mar\u00eda Elena","APELLIDO_ESTUDIANTE":"Garc\u00eda Torres","CEDULA_ESTUDIANTE":"1002345678"},{"ID_DOCUMENTO_PREPROFESIONAL":"15","ID_PRACTICA_PREPROFESIONAL":"2","ID_TIPO_DOCUMENTO":"7","ID_ESTADO_REVISION":"5","NOMBRE_ARCHIVO":"ficha_registro_actividades_002_20250915.pdf","NOMBRE_ORIGINAL":"Ficha Registro Actividades - Mar\u00eda.pdf","TIPO_ARCHIVO":"application\/pdf","TAMANO_ARCHIVO":"98765","RUTA_ARCHIVO":"\/uploads\/documentos-practicas\/","FECHA_SUBIDA":"2025-09-15 11:30:00","FECHA_REVISION":"2025-09-15 14:20:00","ID_REVISOR":"5","OBSERVACIONES":"Ficha de registro de actividades","OBSERVACIONES_REVISOR":"Descripci\u00f3n de actividades muy general, especificar m\u00e1s detalles","VERSION":"1","ACTIVO":"1","FECHA_CREACION":"2026-03-26 16:26:20","FECHA_ACTUALIZACION":"2026-03-26 16:26:20","ID_TIPO_DOCUMENTO_PREPROFESIONAL":"7","TIPO_DOCUMENTO_CODIGO":"PPR-007","TIPO_DOCUMENTO_NOMBRE":"Ficha de Registro de Actividades","TIPO_DOCUMENTO_DESCRIPCION":"Documento detallado en el que el estudiante registra las actividades espec\u00edficas realizadas durante sus pr\u00e1cticas, incluyendo fechas y descripciones.","TIPO_DOCUMENTO_ORDEN":"7","TIPO_DOCUMENTO_OBLIGATORIO":"1","ESTADO_REVISION":"Requiere Correcci\u00f3n","ID_ESTUDIANTE":"2","ENTIDAD_RECEPTORA":"Banco del Pac\u00edfico","ESTUDIANTE_NOMBRE":"Mar\u00eda Elena Garc\u00eda Torres","NOMBRE_ESTUDIANTE":"Mar\u00eda Elena","APELLIDO_ESTUDIANTE":"Garc\u00eda Torres","CEDULA_ESTUDIANTE":"1002345678"},{"ID_DOCUMENTO_PREPROFESIONAL":"14","ID_PRACTICA_PREPROFESIONAL":"1","ID_TIPO_DOCUMENTO":"6","ID_ESTADO_REVISION":"5","NOMBRE_ARCHIVO":"hojas_asistencia_001_20250830.pdf","NOMBRE_ORIGINAL":"Hojas de Asistencia - Juan Carlos.pdf","TIPO_ARCHIVO":"application\/pdf","TAMANO_ARCHIVO":"123456","RUTA_ARCHIVO":"\/uploads\/documentos-practicas\/","FECHA_SUBIDA":"2025-08-30 16:15:00","FECHA_REVISION":"2025-08-30 17:45:00","ID_REVISOR":"4","OBSERVACIONES":"Hojas de asistencia completas","OBSERVACIONES_REVISOR":"Faltan firmas en algunas fechas, corregir y volver a subir","VERSION":"1","ACTIVO":"1","FECHA_CREACION":"2026-03-26 16:26:20","FECHA_ACTUALIZACION":"2026-03-26 16:26:20","ID_TIPO_DOCUMENTO_PREPROFESIONAL":"6","TIPO_DOCUMENTO_CODIGO":"PPR-006","TIPO_DOCUMENTO_NOMBRE":"Hojas de Asistencia","TIPO_DOCUMENTO_DESCRIPCION":"Registro f\u00edsico de la asistencia del estudiante en la entidad receptora. Incluye las firmas y sellos para validar las horas de trabajo.","TIPO_DOCUMENTO_ORDEN":"6","TIPO_DOCUMENTO_OBLIGATORIO":"1","ESTADO_REVISION":"Requiere Correcci\u00f3n","ID_ESTUDIANTE":"1","ENTIDAD_RECEPTORA":"Hospital San Vicente de Pa\u00fal","ESTUDIANTE_NOMBRE":"Juan Carlos P\u00e9rez L\u00f3pez","NOMBRE_ESTUDIANTE":"Juan Carlos","APELLIDO_ESTUDIANTE":"P\u00e9rez L\u00f3pez","CEDULA_ESTUDIANTE":"1001234567"},{"ID_DOCUMENTO_PREPROFESIONAL":"16","ID_PRACTICA_PREPROFESIONAL":"1","ID_TIPO_DOCUMENTO":"8","ID_ESTADO_REVISION":"4","NOMBRE_ARCHIVO":"rubrica_evaluacion_entidad_001_20250825.pdf","NOMBRE_ORIGINAL":"R\u00fabrica Evaluaci\u00f3n Entidad - Juan.pdf","TIPO_ARCHIVO":"application\/pdf","TAMANO_ARCHIVO":"87654","RUTA_ARCHIVO":"\/uploads\/documentos-practicas\/","FECHA_SUBIDA":"2025-08-25 15:00:00","FECHA_REVISION":"2025-08-25 16:30:00","ID_REVISOR":"4","OBSERVACIONES":"R\u00fabrica de evaluaci\u00f3n de entidad","OBSERVACIONES_REVISOR":"Documento no tiene sello oficial de la entidad, rechazado","VERSION":"1","ACTIVO":"1","FECHA_CREACION":"2026-03-26 16:26:20","FECHA_ACTUALIZACION":"2026-03-26 16:26:20","ID_TIPO_DOCUMENTO_PREPROFESIONAL":"8","TIPO_DOCUMENTO_CODIGO":"PPR-008","TIPO_DOCUMENTO_NOMBRE":"R\u00fabrica de Evaluaci\u00f3n de Entidad","TIPO_DOCUMENTO_DESCRIPCION":"Formulario de evaluaci\u00f3n del desempe\u00f1o del estudiante, llenado y sellado por la entidad receptora. Valora aspectos como la responsabilidad, la proactividad y la calidad del trabajo.","TIPO_DOCUMENTO_ORDEN":"8","TIPO_DOCUMENTO_OBLIGATORIO":"1","ESTADO_REVISION":"Rechazado","ID_ESTUDIANTE":"1","ENTIDAD_RECEPTORA":"Hospital San Vicente de Pa\u00fal","ESTUDIANTE_NOMBRE":"Juan Carlos P\u00e9rez L\u00f3pez","NOMBRE_ESTUDIANTE":"Juan Carlos","APELLIDO_ESTUDIANTE":"P\u00e9rez L\u00f3pez","CEDULA_ESTUDIANTE":"1001234567"},{"ID_DOCUMENTO_PREPROFESIONAL":"5","ID_PRACTICA_PREPROFESIONAL":"2","ID_TIPO_DOCUMENTO":"2","ID_ESTADO_REVISION":"3","NOMBRE_ARCHIVO":"oficio_entidad_receptora_002_20250702.pdf","NOMBRE_ORIGINAL":"Oficio Entidad Receptora - Banco.pdf","TIPO_ARCHIVO":"application\/pdf","TAMANO_ARCHIVO":"178944","RUTA_ARCHIVO":"\/uploads\/documentos-practicas\/","FECHA_SUBIDA":"2025-07-02 15:45:00","FECHA_REVISION":"2025-07-02 17:20:00","ID_REVISOR":"5","OBSERVACIONES":"Oficio enviado a la entidad receptora","OBSERVACIONES_REVISOR":"Oficio formal y bien estructurado","VERSION":"1","ACTIVO":"1","FECHA_CREACION":"2026-03-26 16:26:20","FECHA_ACTUALIZACION":"2026-03-26 16:26:20","ID_TIPO_DOCUMENTO_PREPROFESIONAL":"2","TIPO_DOCUMENTO_CODIGO":"PPR-002","TIPO_DOCUMENTO_NOMBRE":"Oficio a Entidad Receptora","TIPO_DOCUMENTO_DESCRIPCION":"Carta formal enviada por el estudiante a la instituci\u00f3n \"Instituto Tecnol\u00f3gico Superior Ibarra\", con el prop\u00f3sito de solicitar la oportunidad de realizar sus pr\u00e1cticas de servicio comunitario.","TIPO_DOCUMENTO_ORDEN":"2","TIPO_DOCUMENTO_OBLIGATORIO":"1","ESTADO_REVISION":"Aprobado","ID_ESTUDIANTE":"2","ENTIDAD_RECEPTORA":"Banco del Pac\u00edfico","ESTUDIANTE_NOMBRE":"Mar\u00eda Elena Garc\u00eda Torres","NOMBRE_ESTUDIANTE":"Mar\u00eda Elena","APELLIDO_ESTUDIANTE":"Garc\u00eda Torres","CEDULA_ESTUDIANTE":"1002345678"},{"ID_DOCUMENTO_PREPROFESIONAL":"4","ID_PRACTICA_PREPROFESIONAL":"2","ID_TIPO_DOCUMENTO":"1","ID_ESTADO_REVISION":"3","NOMBRE_ARCHIVO":"oficio_asignacion_tutor_002_20250701.pdf","NOMBRE_ORIGINAL":"Oficio Asignaci\u00f3n Tutor - Mar\u00eda Elena.pdf","TIPO_ARCHIVO":"application\/pdf","TAMANO_ARCHIVO":"234880","RUTA_ARCHIVO":"\/uploads\/documentos-practicas\/","FECHA_SUBIDA":"2025-07-01 11:00:00","FECHA_REVISION":"2025-07-01 13:15:00","ID_REVISOR":"5","OBSERVACIONES":"Documento oficial de asignaci\u00f3n","OBSERVACIONES_REVISOR":"Asignaci\u00f3n correcta del tutor","VERSION":"1","ACTIVO":"1","FECHA_CREACION":"2026-03-26 16:26:20","FECHA_ACTUALIZACION":"2026-03-26 16:26:20","ID_TIPO_DOCUMENTO_PREPROFESIONAL":"1","TIPO_DOCUMENTO_CODIGO":"PPR-001","TIPO_DOCUMENTO_NOMBRE":"Oficio de Asignaci\u00f3n de Tutor","TIPO_DOCUMENTO_DESCRIPCION":"Documento oficial emitido por la coordinaci\u00f3n de la carrera que designa al docente responsable de la tutor\u00eda y seguimiento de las pr\u00e1cticas de servicio comunitario del estudiante.","TIPO_DOCUMENTO_ORDEN":"1","TIPO_DOCUMENTO_OBLIGATORIO":"1","ESTADO_REVISION":"Aprobado","ID_ESTUDIANTE":"2","ENTIDAD_RECEPTORA":"Banco del Pac\u00edfico","ESTUDIANTE_NOMBRE":"Mar\u00eda Elena Garc\u00eda Torres","NOMBRE_ESTUDIANTE":"Mar\u00eda Elena","APELLIDO_ESTUDIANTE":"Garc\u00eda Torres","CEDULA_ESTUDIANTE":"1002345678"},{"ID_DOCUMENTO_PREPROFESIONAL":"3","ID_PRACTICA_PREPROFESIONAL":"1","ID_TIPO_DOCUMENTO":"3","ID_ESTADO_REVISION":"3","NOMBRE_ARCHIVO":"carta_aceptacion_001_20250603.pdf","NOMBRE_ORIGINAL":"Carta Aceptaci\u00f3n - Hospital.pdf","TIPO_ARCHIVO":"application\/pdf","TAMANO_ARCHIVO":"156672","RUTA_ARCHIVO":"\/uploads\/documentos-practicas\/","FECHA_SUBIDA":"2025-06-03 09:15:00","FECHA_REVISION":"2025-06-03 11:20:00","ID_REVISOR":"4","OBSERVACIONES":"Carta de aceptaci\u00f3n de la entidad","OBSERVACIONES_REVISOR":"Carta oficial con sello institucional","VERSION":"1","ACTIVO":"1","FECHA_CREACION":"2026-03-26 16:26:20","FECHA_ACTUALIZACION":"2026-03-26 16:26:20","ID_TIPO_DOCUMENTO_PREPROFESIONAL":"3","TIPO_DOCUMENTO_CODIGO":"PPR-003","TIPO_DOCUMENTO_NOMBRE":"Carta de Aceptaci\u00f3n","TIPO_DOCUMENTO_DESCRIPCION":"Carta oficial de la entidad receptora \"Instituto Tecnol\u00f3gico Superior Ibarra\" que confirma la aceptaci\u00f3n del o los estudiantes para realizar las pr\u00e1cticas de servicio comunitario en sus instalaciones.","TIPO_DOCUMENTO_ORDEN":"3","TIPO_DOCUMENTO_OBLIGATORIO":"1","ESTADO_REVISION":"Aprobado","ID_ESTUDIANTE":"1","ENTIDAD_RECEPTORA":"Hospital San Vicente de Pa\u00fal","ESTUDIANTE_NOMBRE":"Juan Carlos P\u00e9rez L\u00f3pez","NOMBRE_ESTUDIANTE":"Juan Carlos","APELLIDO_ESTUDIANTE":"P\u00e9rez L\u00f3pez","CEDULA_ESTUDIANTE":"1001234567"},{"ID_DOCUMENTO_PREPROFESIONAL":"2","ID_PRACTICA_PREPROFESIONAL":"1","ID_TIPO_DOCUMENTO":"2","ID_ESTADO_REVISION":"3","NOMBRE_ARCHIVO":"oficio_entidad_receptora_001_20250602.pdf","NOMBRE_ORIGINAL":"Oficio Entidad Receptora - Hospital.pdf","TIPO_ARCHIVO":"application\/pdf","TAMANO_ARCHIVO":"189440","RUTA_ARCHIVO":"\/uploads\/documentos-practicas\/","FECHA_SUBIDA":"2025-06-02 14:30:00","FECHA_REVISION":"2025-06-02 16:45:00","ID_REVISOR":"4","OBSERVACIONES":"Oficio enviado a la entidad receptora","OBSERVACIONES_REVISOR":"Oficio bien redactado y formal","VERSION":"1","ACTIVO":"1","FECHA_CREACION":"2026-03-26 16:26:20","FECHA_ACTUALIZACION":"2026-03-26 16:26:20","ID_TIPO_DOCUMENTO_PREPROFESIONAL":"2","TIPO_DOCUMENTO_CODIGO":"PPR-002","TIPO_DOCUMENTO_NOMBRE":"Oficio a Entidad Receptora","TIPO_DOCUMENTO_DESCRIPCION":"Carta formal enviada por el estudiante a la instituci\u00f3n \"Instituto Tecnol\u00f3gico Superior Ibarra\", con el prop\u00f3sito de solicitar la oportunidad de realizar sus pr\u00e1cticas de servicio comunitario.","TIPO_DOCUMENTO_ORDEN":"2","TIPO_DOCUMENTO_OBLIGATORIO":"1","ESTADO_REVISION":"Aprobado","ID_ESTUDIANTE":"1","ENTIDAD_RECEPTORA":"Hospital San Vicente de Pa\u00fal","ESTUDIANTE_NOMBRE":"Juan Carlos P\u00e9rez L\u00f3pez","NOMBRE_ESTUDIANTE":"Juan Carlos","APELLIDO_ESTUDIANTE":"P\u00e9rez L\u00f3pez","CEDULA_ESTUDIANTE":"1001234567"},{"ID_DOCUMENTO_PREPROFESIONAL":"1","ID_PRACTICA_PREPROFESIONAL":"1","ID_TIPO_DOCUMENTO":"1","ID_ESTADO_REVISION":"3","NOMBRE_ARCHIVO":"oficio_asignacion_tutor_001_20250601.pdf","NOMBRE_ORIGINAL":"Oficio Asignaci\u00f3n Tutor - Juan Carlos.pdf","TIPO_ARCHIVO":"application\/pdf","TAMANO_ARCHIVO":"245760","RUTA_ARCHIVO":"\/uploads\/documentos-practicas\/","FECHA_SUBIDA":"2025-06-01 10:00:00","FECHA_REVISION":"2025-06-01 14:30:00","ID_REVISOR":"4","OBSERVACIONES":"Documento oficial de asignaci\u00f3n","OBSERVACIONES_REVISOR":"Documento aprobado correctamente","VERSION":"1","ACTIVO":"1","FECHA_CREACION":"2026-03-26 16:26:20","FECHA_ACTUALIZACION":"2026-03-26 16:26:20","ID_TIPO_DOCUMENTO_PREPROFESIONAL":"1","TIPO_DOCUMENTO_CODIGO":"PPR-001","TIPO_DOCUMENTO_NOMBRE":"Oficio de Asignaci\u00f3n de Tutor","TIPO_DOCUMENTO_DESCRIPCION":"Documento oficial emitido por la coordinaci\u00f3n de la carrera que designa al docente responsable de la tutor\u00eda y seguimiento de las pr\u00e1cticas de servicio comunitario del estudiante.","TIPO_DOCUMENTO_ORDEN":"1","TIPO_DOCUMENTO_OBLIGATORIO":"1","ESTADO_REVISION":"Aprobado","ID_ESTUDIANTE":"1","ENTIDAD_RECEPTORA":"Hospital San Vicente de Pa\u00fal","ESTUDIANTE_NOMBRE":"Juan Carlos P\u00e9rez L\u00f3pez","NOMBRE_ESTUDIANTE":"Juan Carlos","APELLIDO_ESTUDIANTE":"P\u00e9rez L\u00f3pez","CEDULA_ESTUDIANTE":"1001234567"}]
DEBUG - 2026-04-04 12:46:21 --> Session: Class initialized using 'CodeIgniter\Session\Handlers\FileHandler' driver.
DEBUG - 2026-04-04 12:46:21 --> Consulta SQL: SELECT *
FROM `TAB_DOCUMENTOS_PRACTICAS_PREPROFESIONALES` `dp`
DEBUG - 2026-04-04 12:46:21 --> Resultados obtenidos: 10
DEBUG - 2026-04-04 12:46:21 --> Tipos de documentos en index: [{"ID_TIPO_DOCUMENTO_PREPROFESIONAL":"1","CODIGO":"PPR-001","NOMBRE":"Oficio de Asignaci\u00f3n de Tutor","DESCRIPCION":"Documento oficial emitido por la coordinaci\u00f3n de la carrera que designa al docente responsable de la tutor\u00eda y seguimiento de las pr\u00e1cticas de servicio comunitario del estudiante.","ORDEN":"1","OBLIGATORIO":"1","ACTIVO":"1","FECHA_CREACION":"2026-03-26 16:26:19","FECHA_ACTUALIZACION":"2026-03-26 16:26:19","REQUERIDO":"1"},{"ID_TIPO_DOCUMENTO_PREPROFESIONAL":"2","CODIGO":"PPR-002","NOMBRE":"Oficio a Entidad Receptora","DESCRIPCION":"Carta formal enviada por el estudiante a la instituci\u00f3n \"Instituto Tecnol\u00f3gico Superior Ibarra\", con el prop\u00f3sito de solicitar la oportunidad de realizar sus pr\u00e1cticas de servicio comunitario.","ORDEN":"2","OBLIGATORIO":"1","ACTIVO":"1","FECHA_CREACION":"2026-03-26 16:26:19","FECHA_ACTUALIZACION":"2026-03-26 16:26:19","REQUERIDO":"1"},{"ID_TIPO_DOCUMENTO_PREPROFESIONAL":"3","CODIGO":"PPR-003","NOMBRE":"Carta de Aceptaci\u00f3n","DESCRIPCION":"Carta oficial de la entidad receptora \"Instituto Tecnol\u00f3gico Superior Ibarra\" que confirma la aceptaci\u00f3n del o los estudiantes para realizar las pr\u00e1cticas de servicio comunitario en sus instalaciones.","ORDEN":"3","OBLIGATORIO":"1","ACTIVO":"1","FECHA_CREACION":"2026-03-26 16:26:19","FECHA_ACTUALIZACION":"2026-03-26 16:26:19","REQUERIDO":"1"},{"ID_TIPO_DOCUMENTO_PREPROFESIONAL":"4","CODIGO":"PPR-004","NOMBRE":"Solicitud Institucional Valorada","DESCRIPCION":"Documento de solicitud formal dirigido al Sr. Rector, Dr. Mario Montenegro, pidiendo la aprobaci\u00f3n institucional para la realizaci\u00f3n de las pr\u00e1cticas de servicio comunitario.","ORDEN":"4","OBLIGATORIO":"1","ACTIVO":"1","FECHA_CREACION":"2026-03-26 16:26:19","FECHA_ACTUALIZACION":"2026-03-26 16:26:19","REQUERIDO":"1"},{"ID_TIPO_DOCUMENTO_PREPROFESIONAL":"5","CODIGO":"PPR-005","NOMBRE":"Certificado de Culminaci\u00f3n de Horas","DESCRIPCION":"Certificado emitido por la entidad receptora \"Instituto Tecnol\u00f3gico Superior Ibarra\" que acredita que el estudiante ha completado las 60 horas requeridas de pr\u00e1cticas de servicio comunitario.","ORDEN":"5","OBLIGATORIO":"1","ACTIVO":"1","FECHA_CREACION":"2026-03-26 16:26:19","FECHA_ACTUALIZACION":"2026-03-26 16:26:19","REQUERIDO":"1"},{"ID_TIPO_DOCUMENTO_PREPROFESIONAL":"6","CODIGO":"PPR-006","NOMBRE":"Hojas de Asistencia","DESCRIPCION":"Registro f\u00edsico de la asistencia del estudiante en la entidad receptora. Incluye las firmas y sellos para validar las horas de trabajo.","ORDEN":"6","OBLIGATORIO":"1","ACTIVO":"1","FECHA_CREACION":"2026-03-26 16:26:19","FECHA_ACTUALIZACION":"2026-03-26 16:26:19","REQUERIDO":"1"},{"ID_TIPO_DOCUMENTO_PREPROFESIONAL":"7","CODIGO":"PPR-007","NOMBRE":"Ficha de Registro de Actividades","DESCRIPCION":"Documento detallado en el que el estudiante registra las actividades espec\u00edficas realizadas durante sus pr\u00e1cticas, incluyendo fechas y descripciones.","ORDEN":"7","OBLIGATORIO":"1","ACTIVO":"1","FECHA_CREACION":"2026-03-26 16:26:19","FECHA_ACTUALIZACION":"2026-03-26 16:26:19","REQUERIDO":"1"},{"ID_TIPO_DOCUMENTO_PREPROFESIONAL":"8","CODIGO":"PPR-008","NOMBRE":"R\u00fabrica de Evaluaci\u00f3n de Entidad","DESCRIPCION":"Formulario de evaluaci\u00f3n del desempe\u00f1o del estudiante, llenado y sellado por la entidad receptora. Valora aspectos como la responsabilidad, la proactividad y la calidad del trabajo.","ORDEN":"8","OBLIGATORIO":"1","ACTIVO":"1","FECHA_CREACION":"2026-03-26 16:26:19","FECHA_ACTUALIZACION":"2026-03-26 16:26:19","REQUERIDO":"1"},{"ID_TIPO_DOCUMENTO_PREPROFESIONAL":"9","CODIGO":"PPR-009","NOMBRE":"Ficha de Control y Seguimiento Docente","DESCRIPCION":"Documento utilizado por el tutor docente para registrar el seguimiento acad\u00e9mico del estudiante durante las pr\u00e1cticas. Incluye visitas o revisiones peri\u00f3dicas.","ORDEN":"9","OBLIGATORIO":"1","ACTIVO":"1","FECHA_CREACION":"2026-03-26 16:26:19","FECHA_ACTUALIZACION":"2026-03-26 16:26:19","REQUERIDO":"1"},{"ID_TIPO_DOCUMENTO_PREPROFESIONAL":"10","CODIGO":"PPR-010","NOMBRE":"R\u00fabrica de Evaluaci\u00f3n Docente","DESCRIPCION":"R\u00fabrica de evaluaci\u00f3n llenada y firmada por el tutor docente. Califica el desempe\u00f1o del estudiante en base a los criterios acad\u00e9micos del programa.","ORDEN":"10","OBLIGATORIO":"1","ACTIVO":"1","FECHA_CREACION":"2026-03-26 16:26:19","FECHA_ACTUALIZACION":"2026-03-26 16:26:19","REQUERIDO":"1"},{"ID_TIPO_DOCUMENTO_PREPROFESIONAL":"11","CODIGO":"PPR-011","NOMBRE":"R\u00fabrica de Evaluaci\u00f3n de Resultados","DESCRIPCION":"Evaluaci\u00f3n final realizada por el Departamento de Vinculaci\u00f3n con la Sociedad, que valora los resultados y el impacto del proyecto de servicio comunitario en su conjunto.","ORDEN":"11","OBLIGATORIO":"1","ACTIVO":"1","FECHA_CREACION":"2026-03-26 16:26:19","FECHA_ACTUALIZACION":"2026-03-26 16:26:19","REQUERIDO":"1"},{"ID_TIPO_DOCUMENTO_PREPROFESIONAL":"12","CODIGO":"PPR-012","NOMBRE":"Evidencia Fotogr\u00e1fica y Digital","DESCRIPCION":"Material de apoyo visual y digital, como fotos, capturas, videos o impresiones, que documenta y comprueba la realizaci\u00f3n de las actividades y trabajos del proyecto.","ORDEN":"12","OBLIGATORIO":"1","ACTIVO":"1","FECHA_CREACION":"2026-03-26 16:26:19","FECHA_ACTUALIZACION":"2026-03-26 16:26:19","REQUERIDO":"1"}]
DEBUG - 2026-04-04 12:46:22 --> Session: Class initialized using 'CodeIgniter\Session\Handlers\FileHandler' driver.
DEBUG - 2026-04-04 12:46:22 --> Consulta SQL: SELECT *
FROM `TAB_DOCUMENTOS_PRACTICAS_PREPROFESIONALES` `dp`
DEBUG - 2026-04-04 12:46:22 --> Resultados obtenidos: 10
DEBUG - 2026-04-04 12:46:22 --> Documentos obtenidos: [{"ID_DOCUMENTO_PREPROFESIONAL":"18","ID_PRACTICA_PREPROFESIONAL":"4","ID_TIPO_DOCUMENTO":"1","ID_ESTADO_REVISION":"1","NOMBRE_ARCHIVO":"estudiante_3_20260404093413_28cbbf8a.pdf","NOMBRE_ORIGINAL":null,"TIPO_ARCHIVO":"application\/pdf","TAMANO_ARCHIVO":null,"RUTA_ARCHIVO":null,"FECHA_SUBIDA":"2026-04-04 09:34:13","FECHA_REVISION":null,"ID_REVISOR":null,"OBSERVACIONES":"","OBSERVACIONES_REVISOR":null,"VERSION":"1","ACTIVO":"1","FECHA_CREACION":"2026-04-04 09:34:13","FECHA_ACTUALIZACION":"2026-04-04 09:34:13","ID_TIPO_DOCUMENTO_PREPROFESIONAL":"1","TIPO_DOCUMENTO_CODIGO":"PPR-001","TIPO_DOCUMENTO_NOMBRE":"Oficio de Asignaci\u00f3n de Tutor","TIPO_DOCUMENTO_DESCRIPCION":"Documento oficial emitido por la coordinaci\u00f3n de la carrera que designa al docente responsable de la tutor\u00eda y seguimiento de las pr\u00e1cticas de servicio comunitario del estudiante.","TIPO_DOCUMENTO_ORDEN":"1","TIPO_DOCUMENTO_OBLIGATORIO":"1","ESTADO_REVISION":"Pendiente","ID_ESTUDIANTE":"5","ENTIDAD_RECEPTORA":"Banco del Pac\u00edfico","ESTUDIANTE_NOMBRE":"Pedro Aguirre","NOMBRE_ESTUDIANTE":"Pedro","APELLIDO_ESTUDIANTE":"Aguirre","CEDULA_ESTUDIANTE":"0123456789"},{"ID_DOCUMENTO_PREPROFESIONAL":"17","ID_PRACTICA_PREPROFESIONAL":"2","ID_TIPO_DOCUMENTO":"9","ID_ESTADO_REVISION":"4","NOMBRE_ARCHIVO":"ficha_control_seguimiento_002_20250920.pdf","NOMBRE_ORIGINAL":"Ficha Control Seguimiento - Mar\u00eda.pdf","TIPO_ARCHIVO":"application\/pdf","TAMANO_ARCHIVO":"112233","RUTA_ARCHIVO":"\/uploads\/documentos-practicas\/","FECHA_SUBIDA":"2025-09-20 10:15:00","FECHA_REVISION":"2025-09-20 12:45:00","ID_REVISOR":"5","OBSERVACIONES":"Ficha de control y seguimiento docente","OBSERVACIONES_REVISOR":"Faltan las firmas del tutor docente, documento inv\u00e1lido","VERSION":"1","ACTIVO":"1","FECHA_CREACION":"2026-03-26 16:26:20","FECHA_ACTUALIZACION":"2026-03-26 16:26:20","ID_TIPO_DOCUMENTO_PREPROFESIONAL":"9","TIPO_DOCUMENTO_CODIGO":"PPR-009","TIPO_DOCUMENTO_NOMBRE":"Ficha de Control y Seguimiento Docente","TIPO_DOCUMENTO_DESCRIPCION":"Documento utilizado por el tutor docente para registrar el seguimiento acad\u00e9mico del estudiante durante las pr\u00e1cticas. Incluye visitas o revisiones peri\u00f3dicas.","TIPO_DOCUMENTO_ORDEN":"9","TIPO_DOCUMENTO_OBLIGATORIO":"1","ESTADO_REVISION":"Rechazado","ID_ESTUDIANTE":"2","ENTIDAD_RECEPTORA":"Banco del Pac\u00edfico","ESTUDIANTE_NOMBRE":"Mar\u00eda Elena Garc\u00eda Torres","NOMBRE_ESTUDIANTE":"Mar\u00eda Elena","APELLIDO_ESTUDIANTE":"Garc\u00eda Torres","CEDULA_ESTUDIANTE":"1002345678"},{"ID_DOCUMENTO_PREPROFESIONAL":"15","ID_PRACTICA_PREPROFESIONAL":"2","ID_TIPO_DOCUMENTO":"7","ID_ESTADO_REVISION":"5","NOMBRE_ARCHIVO":"ficha_registro_actividades_002_20250915.pdf","NOMBRE_ORIGINAL":"Ficha Registro Actividades - Mar\u00eda.pdf","TIPO_ARCHIVO":"application\/pdf","TAMANO_ARCHIVO":"98765","RUTA_ARCHIVO":"\/uploads\/documentos-practicas\/","FECHA_SUBIDA":"2025-09-15 11:30:00","FECHA_REVISION":"2025-09-15 14:20:00","ID_REVISOR":"5","OBSERVACIONES":"Ficha de registro de actividades","OBSERVACIONES_REVISOR":"Descripci\u00f3n de actividades muy general, especificar m\u00e1s detalles","VERSION":"1","ACTIVO":"1","FECHA_CREACION":"2026-03-26 16:26:20","FECHA_ACTUALIZACION":"2026-03-26 16:26:20","ID_TIPO_DOCUMENTO_PREPROFESIONAL":"7","TIPO_DOCUMENTO_CODIGO":"PPR-007","TIPO_DOCUMENTO_NOMBRE":"Ficha de Registro de Actividades","TIPO_DOCUMENTO_DESCRIPCION":"Documento detallado en el que el estudiante registra las actividades espec\u00edficas realizadas durante sus pr\u00e1cticas, incluyendo fechas y descripciones.","TIPO_DOCUMENTO_ORDEN":"7","TIPO_DOCUMENTO_OBLIGATORIO":"1","ESTADO_REVISION":"Requiere Correcci\u00f3n","ID_ESTUDIANTE":"2","ENTIDAD_RECEPTORA":"Banco del Pac\u00edfico","ESTUDIANTE_NOMBRE":"Mar\u00eda Elena Garc\u00eda Torres","NOMBRE_ESTUDIANTE":"Mar\u00eda Elena","APELLIDO_ESTUDIANTE":"Garc\u00eda Torres","CEDULA_ESTUDIANTE":"1002345678"},{"ID_DOCUMENTO_PREPROFESIONAL":"14","ID_PRACTICA_PREPROFESIONAL":"1","ID_TIPO_DOCUMENTO":"6","ID_ESTADO_REVISION":"5","NOMBRE_ARCHIVO":"hojas_asistencia_001_20250830.pdf","NOMBRE_ORIGINAL":"Hojas de Asistencia - Juan Carlos.pdf","TIPO_ARCHIVO":"application\/pdf","TAMANO_ARCHIVO":"123456","RUTA_ARCHIVO":"\/uploads\/documentos-practicas\/","FECHA_SUBIDA":"2025-08-30 16:15:00","FECHA_REVISION":"2025-08-30 17:45:00","ID_REVISOR":"4","OBSERVACIONES":"Hojas de asistencia completas","OBSERVACIONES_REVISOR":"Faltan firmas en algunas fechas, corregir y volver a subir","VERSION":"1","ACTIVO":"1","FECHA_CREACION":"2026-03-26 16:26:20","FECHA_ACTUALIZACION":"2026-03-26 16:26:20","ID_TIPO_DOCUMENTO_PREPROFESIONAL":"6","TIPO_DOCUMENTO_CODIGO":"PPR-006","TIPO_DOCUMENTO_NOMBRE":"Hojas de Asistencia","TIPO_DOCUMENTO_DESCRIPCION":"Registro f\u00edsico de la asistencia del estudiante en la entidad receptora. Incluye las firmas y sellos para validar las horas de trabajo.","TIPO_DOCUMENTO_ORDEN":"6","TIPO_DOCUMENTO_OBLIGATORIO":"1","ESTADO_REVISION":"Requiere Correcci\u00f3n","ID_ESTUDIANTE":"1","ENTIDAD_RECEPTORA":"Hospital San Vicente de Pa\u00fal","ESTUDIANTE_NOMBRE":"Juan Carlos P\u00e9rez L\u00f3pez","NOMBRE_ESTUDIANTE":"Juan Carlos","APELLIDO_ESTUDIANTE":"P\u00e9rez L\u00f3pez","CEDULA_ESTUDIANTE":"1001234567"},{"ID_DOCUMENTO_PREPROFESIONAL":"16","ID_PRACTICA_PREPROFESIONAL":"1","ID_TIPO_DOCUMENTO":"8","ID_ESTADO_REVISION":"4","NOMBRE_ARCHIVO":"rubrica_evaluacion_entidad_001_20250825.pdf","NOMBRE_ORIGINAL":"R\u00fabrica Evaluaci\u00f3n Entidad - Juan.pdf","TIPO_ARCHIVO":"application\/pdf","TAMANO_ARCHIVO":"87654","RUTA_ARCHIVO":"\/uploads\/documentos-practicas\/","FECHA_SUBIDA":"2025-08-25 15:00:00","FECHA_REVISION":"2025-08-25 16:30:00","ID_REVISOR":"4","OBSERVACIONES":"R\u00fabrica de evaluaci\u00f3n de entidad","OBSERVACIONES_REVISOR":"Documento no tiene sello oficial de la entidad, rechazado","VERSION":"1","ACTIVO":"1","FECHA_CREACION":"2026-03-26 16:26:20","FECHA_ACTUALIZACION":"2026-03-26 16:26:20","ID_TIPO_DOCUMENTO_PREPROFESIONAL":"8","TIPO_DOCUMENTO_CODIGO":"PPR-008","TIPO_DOCUMENTO_NOMBRE":"R\u00fabrica de Evaluaci\u00f3n de Entidad","TIPO_DOCUMENTO_DESCRIPCION":"Formulario de evaluaci\u00f3n del desempe\u00f1o del estudiante, llenado y sellado por la entidad receptora. Valora aspectos como la responsabilidad, la proactividad y la calidad del trabajo.","TIPO_DOCUMENTO_ORDEN":"8","TIPO_DOCUMENTO_OBLIGATORIO":"1","ESTADO_REVISION":"Rechazado","ID_ESTUDIANTE":"1","ENTIDAD_RECEPTORA":"Hospital San Vicente de Pa\u00fal","ESTUDIANTE_NOMBRE":"Juan Carlos P\u00e9rez L\u00f3pez","NOMBRE_ESTUDIANTE":"Juan Carlos","APELLIDO_ESTUDIANTE":"P\u00e9rez L\u00f3pez","CEDULA_ESTUDIANTE":"1001234567"},{"ID_DOCUMENTO_PREPROFESIONAL":"5","ID_PRACTICA_PREPROFESIONAL":"2","ID_TIPO_DOCUMENTO":"2","ID_ESTADO_REVISION":"3","NOMBRE_ARCHIVO":"oficio_entidad_receptora_002_20250702.pdf","NOMBRE_ORIGINAL":"Oficio Entidad Receptora - Banco.pdf","TIPO_ARCHIVO":"application\/pdf","TAMANO_ARCHIVO":"178944","RUTA_ARCHIVO":"\/uploads\/documentos-practicas\/","FECHA_SUBIDA":"2025-07-02 15:45:00","FECHA_REVISION":"2025-07-02 17:20:00","ID_REVISOR":"5","OBSERVACIONES":"Oficio enviado a la entidad receptora","OBSERVACIONES_REVISOR":"Oficio formal y bien estructurado","VERSION":"1","ACTIVO":"1","FECHA_CREACION":"2026-03-26 16:26:20","FECHA_ACTUALIZACION":"2026-03-26 16:26:20","ID_TIPO_DOCUMENTO_PREPROFESIONAL":"2","TIPO_DOCUMENTO_CODIGO":"PPR-002","TIPO_DOCUMENTO_NOMBRE":"Oficio a Entidad Receptora","TIPO_DOCUMENTO_DESCRIPCION":"Carta formal enviada por el estudiante a la instituci\u00f3n \"Instituto Tecnol\u00f3gico Superior Ibarra\", con el prop\u00f3sito de solicitar la oportunidad de realizar sus pr\u00e1cticas de servicio comunitario.","TIPO_DOCUMENTO_ORDEN":"2","TIPO_DOCUMENTO_OBLIGATORIO":"1","ESTADO_REVISION":"Aprobado","ID_ESTUDIANTE":"2","ENTIDAD_RECEPTORA":"Banco del Pac\u00edfico","ESTUDIANTE_NOMBRE":"Mar\u00eda Elena Garc\u00eda Torres","NOMBRE_ESTUDIANTE":"Mar\u00eda Elena","APELLIDO_ESTUDIANTE":"Garc\u00eda Torres","CEDULA_ESTUDIANTE":"1002345678"},{"ID_DOCUMENTO_PREPROFESIONAL":"4","ID_PRACTICA_PREPROFESIONAL":"2","ID_TIPO_DOCUMENTO":"1","ID_ESTADO_REVISION":"3","NOMBRE_ARCHIVO":"oficio_asignacion_tutor_002_20250701.pdf","NOMBRE_ORIGINAL":"Oficio Asignaci\u00f3n Tutor - Mar\u00eda Elena.pdf","TIPO_ARCHIVO":"application\/pdf","TAMANO_ARCHIVO":"234880","RUTA_ARCHIVO":"\/uploads\/documentos-practicas\/","FECHA_SUBIDA":"2025-07-01 11:00:00","FECHA_REVISION":"2025-07-01 13:15:00","ID_REVISOR":"5","OBSERVACIONES":"Documento oficial de asignaci\u00f3n","OBSERVACIONES_REVISOR":"Asignaci\u00f3n correcta del tutor","VERSION":"1","ACTIVO":"1","FECHA_CREACION":"2026-03-26 16:26:20","FECHA_ACTUALIZACION":"2026-03-26 16:26:20","ID_TIPO_DOCUMENTO_PREPROFESIONAL":"1","TIPO_DOCUMENTO_CODIGO":"PPR-001","TIPO_DOCUMENTO_NOMBRE":"Oficio de Asignaci\u00f3n de Tutor","TIPO_DOCUMENTO_DESCRIPCION":"Documento oficial emitido por la coordinaci\u00f3n de la carrera que designa al docente responsable de la tutor\u00eda y seguimiento de las pr\u00e1cticas de servicio comunitario del estudiante.","TIPO_DOCUMENTO_ORDEN":"1","TIPO_DOCUMENTO_OBLIGATORIO":"1","ESTADO_REVISION":"Aprobado","ID_ESTUDIANTE":"2","ENTIDAD_RECEPTORA":"Banco del Pac\u00edfico","ESTUDIANTE_NOMBRE":"Mar\u00eda Elena Garc\u00eda Torres","NOMBRE_ESTUDIANTE":"Mar\u00eda Elena","APELLIDO_ESTUDIANTE":"Garc\u00eda Torres","CEDULA_ESTUDIANTE":"1002345678"},{"ID_DOCUMENTO_PREPROFESIONAL":"3","ID_PRACTICA_PREPROFESIONAL":"1","ID_TIPO_DOCUMENTO":"3","ID_ESTADO_REVISION":"3","NOMBRE_ARCHIVO":"carta_aceptacion_001_20250603.pdf","NOMBRE_ORIGINAL":"Carta Aceptaci\u00f3n - Hospital.pdf","TIPO_ARCHIVO":"application\/pdf","TAMANO_ARCHIVO":"156672","RUTA_ARCHIVO":"\/uploads\/documentos-practicas\/","FECHA_SUBIDA":"2025-06-03 09:15:00","FECHA_REVISION":"2025-06-03 11:20:00","ID_REVISOR":"4","OBSERVACIONES":"Carta de aceptaci\u00f3n de la entidad","OBSERVACIONES_REVISOR":"Carta oficial con sello institucional","VERSION":"1","ACTIVO":"1","FECHA_CREACION":"2026-03-26 16:26:20","FECHA_ACTUALIZACION":"2026-03-26 16:26:20","ID_TIPO_DOCUMENTO_PREPROFESIONAL":"3","TIPO_DOCUMENTO_CODIGO":"PPR-003","TIPO_DOCUMENTO_NOMBRE":"Carta de Aceptaci\u00f3n","TIPO_DOCUMENTO_DESCRIPCION":"Carta oficial de la entidad receptora \"Instituto Tecnol\u00f3gico Superior Ibarra\" que confirma la aceptaci\u00f3n del o los estudiantes para realizar las pr\u00e1cticas de servicio comunitario en sus instalaciones.","TIPO_DOCUMENTO_ORDEN":"3","TIPO_DOCUMENTO_OBLIGATORIO":"1","ESTADO_REVISION":"Aprobado","ID_ESTUDIANTE":"1","ENTIDAD_RECEPTORA":"Hospital San Vicente de Pa\u00fal","ESTUDIANTE_NOMBRE":"Juan Carlos P\u00e9rez L\u00f3pez","NOMBRE_ESTUDIANTE":"Juan Carlos","APELLIDO_ESTUDIANTE":"P\u00e9rez L\u00f3pez","CEDULA_ESTUDIANTE":"1001234567"},{"ID_DOCUMENTO_PREPROFESIONAL":"2","ID_PRACTICA_PREPROFESIONAL":"1","ID_TIPO_DOCUMENTO":"2","ID_ESTADO_REVISION":"3","NOMBRE_ARCHIVO":"oficio_entidad_receptora_001_20250602.pdf","NOMBRE_ORIGINAL":"Oficio Entidad Receptora - Hospital.pdf","TIPO_ARCHIVO":"application\/pdf","TAMANO_ARCHIVO":"189440","RUTA_ARCHIVO":"\/uploads\/documentos-practicas\/","FECHA_SUBIDA":"2025-06-02 14:30:00","FECHA_REVISION":"2025-06-02 16:45:00","ID_REVISOR":"4","OBSERVACIONES":"Oficio enviado a la entidad receptora","OBSERVACIONES_REVISOR":"Oficio bien redactado y formal","VERSION":"1","ACTIVO":"1","FECHA_CREACION":"2026-03-26 16:26:20","FECHA_ACTUALIZACION":"2026-03-26 16:26:20","ID_TIPO_DOCUMENTO_PREPROFESIONAL":"2","TIPO_DOCUMENTO_CODIGO":"PPR-002","TIPO_DOCUMENTO_NOMBRE":"Oficio a Entidad Receptora","TIPO_DOCUMENTO_DESCRIPCION":"Carta formal enviada por el estudiante a la instituci\u00f3n \"Instituto Tecnol\u00f3gico Superior Ibarra\", con el prop\u00f3sito de solicitar la oportunidad de realizar sus pr\u00e1cticas de servicio comunitario.","TIPO_DOCUMENTO_ORDEN":"2","TIPO_DOCUMENTO_OBLIGATORIO":"1","ESTADO_REVISION":"Aprobado","ID_ESTUDIANTE":"1","ENTIDAD_RECEPTORA":"Hospital San Vicente de Pa\u00fal","ESTUDIANTE_NOMBRE":"Juan Carlos P\u00e9rez L\u00f3pez","NOMBRE_ESTUDIANTE":"Juan Carlos","APELLIDO_ESTUDIANTE":"P\u00e9rez L\u00f3pez","CEDULA_ESTUDIANTE":"1001234567"},{"ID_DOCUMENTO_PREPROFESIONAL":"1","ID_PRACTICA_PREPROFESIONAL":"1","ID_TIPO_DOCUMENTO":"1","ID_ESTADO_REVISION":"3","NOMBRE_ARCHIVO":"oficio_asignacion_tutor_001_20250601.pdf","NOMBRE_ORIGINAL":"Oficio Asignaci\u00f3n Tutor - Juan Carlos.pdf","TIPO_ARCHIVO":"application\/pdf","TAMANO_ARCHIVO":"245760","RUTA_ARCHIVO":"\/uploads\/documentos-practicas\/","FECHA_SUBIDA":"2025-06-01 10:00:00","FECHA_REVISION":"2025-06-01 14:30:00","ID_REVISOR":"4","OBSERVACIONES":"Documento oficial de asignaci\u00f3n","OBSERVACIONES_REVISOR":"Documento aprobado correctamente","VERSION":"1","ACTIVO":"1","FECHA_CREACION":"2026-03-26 16:26:20","FECHA_ACTUALIZACION":"2026-03-26 16:26:20","ID_TIPO_DOCUMENTO_PREPROFESIONAL":"1","TIPO_DOCUMENTO_CODIGO":"PPR-001","TIPO_DOCUMENTO_NOMBRE":"Oficio de Asignaci\u00f3n de Tutor","TIPO_DOCUMENTO_DESCRIPCION":"Documento oficial emitido por la coordinaci\u00f3n de la carrera que designa al docente responsable de la tutor\u00eda y seguimiento de las pr\u00e1cticas de servicio comunitario del estudiante.","TIPO_DOCUMENTO_ORDEN":"1","TIPO_DOCUMENTO_OBLIGATORIO":"1","ESTADO_REVISION":"Aprobado","ID_ESTUDIANTE":"1","ENTIDAD_RECEPTORA":"Hospital San Vicente de Pa\u00fal","ESTUDIANTE_NOMBRE":"Juan Carlos P\u00e9rez L\u00f3pez","NOMBRE_ESTUDIANTE":"Juan Carlos","APELLIDO_ESTUDIANTE":"P\u00e9rez L\u00f3pez","CEDULA_ESTUDIANTE":"1001234567"}]
DEBUG - 2026-04-04 12:46:43 --> Session: Class initialized using 'CodeIgniter\Session\Handlers\FileHandler' driver.
ERROR - 2026-04-04 12:46:43 --> mysqli_sql_exception: Unknown column 'TAB_ROLES.NOMBRE_ROL' in 'where clause' in C:\xampp\htdocs\ITSI\vendor\codeigniter4\framework\system\Database\MySQLi\Connection.php:327
Stack trace:
#0 C:\xampp\htdocs\ITSI\vendor\codeigniter4\framework\system\Database\MySQLi\Connection.php(327): mysqli->query('SELECT `TAB_USU...', 0)
#1 C:\xampp\htdocs\ITSI\vendor\codeigniter4\framework\system\Database\BaseConnection.php(738): CodeIgniter\Database\MySQLi\Connection->execute('SELECT `TAB_USU...')
#2 C:\xampp\htdocs\ITSI\vendor\codeigniter4\framework\system\Database\BaseConnection.php(652): CodeIgniter\Database\BaseConnection->simpleQuery('SELECT `TAB_USU...')
#3 C:\xampp\htdocs\ITSI\vendor\codeigniter4\framework\system\Database\BaseBuilder.php(1649): CodeIgniter\Database\BaseConnection->query('SELECT `TAB_USU...', Array, false)
#4 C:\xampp\htdocs\ITSI\vendor\codeigniter4\framework\system\Model.php(286): CodeIgniter\Database\BaseBuilder->get()
#5 C:\xampp\htdocs\ITSI\vendor\codeigniter4\framework\system\BaseModel.php(679): CodeIgniter\Model->doFindAll(0, 0)
#6 C:\xampp\htdocs\ITSI\app\Controllers\coord\DocumentosServicioComunitarioCoordController.php(494): CodeIgniter\BaseModel->findAll()
#7 C:\xampp\htdocs\ITSI\app\Controllers\coord\DocumentosServicioComunitarioCoordController.php(58): App\Controllers\coord\DocumentosServicioComunitarioCoordController->getEstudiantes()
#8 C:\xampp\htdocs\ITSI\vendor\codeigniter4\framework\system\CodeIgniter.php(933): App\Controllers\coord\DocumentosServicioComunitarioCoordController->index()
#9 C:\xampp\htdocs\ITSI\vendor\codeigniter4\framework\system\CodeIgniter.php(507): CodeIgniter\CodeIgniter->runController(Object(App\Controllers\coord\DocumentosServicioComunitarioCoordController))
#10 C:\xampp\htdocs\ITSI\vendor\codeigniter4\framework\system\CodeIgniter.php(354): CodeIgniter\CodeIgniter->handleRequest(NULL, Object(Config\Cache), false)
#11 C:\xampp\htdocs\ITSI\vendor\codeigniter4\framework\system\Boot.php(334): CodeIgniter\CodeIgniter->run()
#12 C:\xampp\htdocs\ITSI\vendor\codeigniter4\framework\system\Boot.php(67): CodeIgniter\Boot::runCodeIgniter(Object(CodeIgniter\CodeIgniter))
#13 C:\xampp\htdocs\ITSI\public\index.php(59): CodeIgniter\Boot::bootWeb(Object(Config\Paths))
#14 {main}
DEBUG - 2026-04-04 12:46:44 --> Session: Class initialized using 'CodeIgniter\Session\Handlers\FileHandler' driver.
DEBUG - 2026-04-04 12:48:28 --> Session: Class initialized using 'CodeIgniter\Session\Handlers\FileHandler' driver.
DEBUG - 2026-04-04 12:48:28 --> Consulta SQL: SELECT *
FROM `TAB_DOCUMENTOS_PRACTICAS_PREPROFESIONALES` `dp`
DEBUG - 2026-04-04 12:48:28 --> Resultados obtenidos: 10
DEBUG - 2026-04-04 12:48:28 --> Tipos de documentos en index: [{"ID_TIPO_DOCUMENTO_PREPROFESIONAL":"1","CODIGO":"PPR-001","NOMBRE":"Oficio de Asignaci\u00f3n de Tutor","DESCRIPCION":"Documento oficial emitido por la coordinaci\u00f3n de la carrera que designa al docente responsable de la tutor\u00eda y seguimiento de las pr\u00e1cticas de servicio comunitario del estudiante.","ORDEN":"1","OBLIGATORIO":"1","ACTIVO":"1","FECHA_CREACION":"2026-03-26 16:26:19","FECHA_ACTUALIZACION":"2026-03-26 16:26:19","REQUERIDO":"1"},{"ID_TIPO_DOCUMENTO_PREPROFESIONAL":"2","CODIGO":"PPR-002","NOMBRE":"Oficio a Entidad Receptora","DESCRIPCION":"Carta formal enviada por el estudiante a la instituci\u00f3n \"Instituto Tecnol\u00f3gico Superior Ibarra\", con el prop\u00f3sito de solicitar la oportunidad de realizar sus pr\u00e1cticas de servicio comunitario.","ORDEN":"2","OBLIGATORIO":"1","ACTIVO":"1","FECHA_CREACION":"2026-03-26 16:26:19","FECHA_ACTUALIZACION":"2026-03-26 16:26:19","REQUERIDO":"1"},{"ID_TIPO_DOCUMENTO_PREPROFESIONAL":"3","CODIGO":"PPR-003","NOMBRE":"Carta de Aceptaci\u00f3n","DESCRIPCION":"Carta oficial de la entidad receptora \"Instituto Tecnol\u00f3gico Superior Ibarra\" que confirma la aceptaci\u00f3n del o los estudiantes para realizar las pr\u00e1cticas de servicio comunitario en sus instalaciones.","ORDEN":"3","OBLIGATORIO":"1","ACTIVO":"1","FECHA_CREACION":"2026-03-26 16:26:19","FECHA_ACTUALIZACION":"2026-03-26 16:26:19","REQUERIDO":"1"},{"ID_TIPO_DOCUMENTO_PREPROFESIONAL":"4","CODIGO":"PPR-004","NOMBRE":"Solicitud Institucional Valorada","DESCRIPCION":"Documento de solicitud formal dirigido al Sr. Rector, Dr. Mario Montenegro, pidiendo la aprobaci\u00f3n institucional para la realizaci\u00f3n de las pr\u00e1cticas de servicio comunitario.","ORDEN":"4","OBLIGATORIO":"1","ACTIVO":"1","FECHA_CREACION":"2026-03-26 16:26:19","FECHA_ACTUALIZACION":"2026-03-26 16:26:19","REQUERIDO":"1"},{"ID_TIPO_DOCUMENTO_PREPROFESIONAL":"5","CODIGO":"PPR-005","NOMBRE":"Certificado de Culminaci\u00f3n de Horas","DESCRIPCION":"Certificado emitido por la entidad receptora \"Instituto Tecnol\u00f3gico Superior Ibarra\" que acredita que el estudiante ha completado las 60 horas requeridas de pr\u00e1cticas de servicio comunitario.","ORDEN":"5","OBLIGATORIO":"1","ACTIVO":"1","FECHA_CREACION":"2026-03-26 16:26:19","FECHA_ACTUALIZACION":"2026-03-26 16:26:19","REQUERIDO":"1"},{"ID_TIPO_DOCUMENTO_PREPROFESIONAL":"6","CODIGO":"PPR-006","NOMBRE":"Hojas de Asistencia","DESCRIPCION":"Registro f\u00edsico de la asistencia del estudiante en la entidad receptora. Incluye las firmas y sellos para validar las horas de trabajo.","ORDEN":"6","OBLIGATORIO":"1","ACTIVO":"1","FECHA_CREACION":"2026-03-26 16:26:19","FECHA_ACTUALIZACION":"2026-03-26 16:26:19","REQUERIDO":"1"},{"ID_TIPO_DOCUMENTO_PREPROFESIONAL":"7","CODIGO":"PPR-007","NOMBRE":"Ficha de Registro de Actividades","DESCRIPCION":"Documento detallado en el que el estudiante registra las actividades espec\u00edficas realizadas durante sus pr\u00e1cticas, incluyendo fechas y descripciones.","ORDEN":"7","OBLIGATORIO":"1","ACTIVO":"1","FECHA_CREACION":"2026-03-26 16:26:19","FECHA_ACTUALIZACION":"2026-03-26 16:26:19","REQUERIDO":"1"},{"ID_TIPO_DOCUMENTO_PREPROFESIONAL":"8","CODIGO":"PPR-008","NOMBRE":"R\u00fabrica de Evaluaci\u00f3n de Entidad","DESCRIPCION":"Formulario de evaluaci\u00f3n del desempe\u00f1o del estudiante, llenado y sellado por la entidad receptora. Valora aspectos como la responsabilidad, la proactividad y la calidad del trabajo.","ORDEN":"8","OBLIGATORIO":"1","ACTIVO":"1","FECHA_CREACION":"2026-03-26 16:26:19","FECHA_ACTUALIZACION":"2026-03-26 16:26:19","REQUERIDO":"1"},{"ID_TIPO_DOCUMENTO_PREPROFESIONAL":"9","CODIGO":"PPR-009","NOMBRE":"Ficha de Control y Seguimiento Docente","DESCRIPCION":"Documento utilizado por el tutor docente para registrar el seguimiento acad\u00e9mico del estudiante durante las pr\u00e1cticas. Incluye visitas o revisiones peri\u00f3dicas.","ORDEN":"9","OBLIGATORIO":"1","ACTIVO":"1","FECHA_CREACION":"2026-03-26 16:26:19","FECHA_ACTUALIZACION":"2026-03-26 16:26:19","REQUERIDO":"1"},{"ID_TIPO_DOCUMENTO_PREPROFESIONAL":"10","CODIGO":"PPR-010","NOMBRE":"R\u00fabrica de Evaluaci\u00f3n Docente","DESCRIPCION":"R\u00fabrica de evaluaci\u00f3n llenada y firmada por el tutor docente. Califica el desempe\u00f1o del estudiante en base a los criterios acad\u00e9micos del programa.","ORDEN":"10","OBLIGATORIO":"1","ACTIVO":"1","FECHA_CREACION":"2026-03-26 16:26:19","FECHA_ACTUALIZACION":"2026-03-26 16:26:19","REQUERIDO":"1"},{"ID_TIPO_DOCUMENTO_PREPROFESIONAL":"11","CODIGO":"PPR-011","NOMBRE":"R\u00fabrica de Evaluaci\u00f3n de Resultados","DESCRIPCION":"Evaluaci\u00f3n final realizada por el Departamento de Vinculaci\u00f3n con la Sociedad, que valora los resultados y el impacto del proyecto de servicio comunitario en su conjunto.","ORDEN":"11","OBLIGATORIO":"1","ACTIVO":"1","FECHA_CREACION":"2026-03-26 16:26:19","FECHA_ACTUALIZACION":"2026-03-26 16:26:19","REQUERIDO":"1"},{"ID_TIPO_DOCUMENTO_PREPROFESIONAL":"12","CODIGO":"PPR-012","NOMBRE":"Evidencia Fotogr\u00e1fica y Digital","DESCRIPCION":"Material de apoyo visual y digital, como fotos, capturas, videos o impresiones, que documenta y comprueba la realizaci\u00f3n de las actividades y trabajos del proyecto.","ORDEN":"12","OBLIGATORIO":"1","ACTIVO":"1","FECHA_CREACION":"2026-03-26 16:26:19","FECHA_ACTUALIZACION":"2026-03-26 16:26:19","REQUERIDO":"1"}]
DEBUG - 2026-04-04 12:48:29 --> Session: Class initialized using 'CodeIgniter\Session\Handlers\FileHandler' driver.
DEBUG - 2026-04-04 12:48:29 --> Consulta SQL: SELECT *
FROM `TAB_DOCUMENTOS_PRACTICAS_PREPROFESIONALES` `dp`
DEBUG - 2026-04-04 12:48:29 --> Resultados obtenidos: 10
DEBUG - 2026-04-04 12:48:29 --> Documentos obtenidos: [{"ID_DOCUMENTO_PREPROFESIONAL":"18","ID_PRACTICA_PREPROFESIONAL":"4","ID_TIPO_DOCUMENTO":"1","ID_ESTADO_REVISION":"1","NOMBRE_ARCHIVO":"estudiante_3_20260404093413_28cbbf8a.pdf","NOMBRE_ORIGINAL":null,"TIPO_ARCHIVO":"application\/pdf","TAMANO_ARCHIVO":null,"RUTA_ARCHIVO":null,"FECHA_SUBIDA":"2026-04-04 09:34:13","FECHA_REVISION":null,"ID_REVISOR":null,"OBSERVACIONES":"","OBSERVACIONES_REVISOR":null,"VERSION":"1","ACTIVO":"1","FECHA_CREACION":"2026-04-04 09:34:13","FECHA_ACTUALIZACION":"2026-04-04 09:34:13","ID_TIPO_DOCUMENTO_PREPROFESIONAL":"1","TIPO_DOCUMENTO_CODIGO":"PPR-001","TIPO_DOCUMENTO_NOMBRE":"Oficio de Asignaci\u00f3n de Tutor","TIPO_DOCUMENTO_DESCRIPCION":"Documento oficial emitido por la coordinaci\u00f3n de la carrera que designa al docente responsable de la tutor\u00eda y seguimiento de las pr\u00e1cticas de servicio comunitario del estudiante.","TIPO_DOCUMENTO_ORDEN":"1","TIPO_DOCUMENTO_OBLIGATORIO":"1","ESTADO_REVISION":"Pendiente","ID_ESTUDIANTE":"5","ENTIDAD_RECEPTORA":"Banco del Pac\u00edfico","ESTUDIANTE_NOMBRE":"Pedro Aguirre","NOMBRE_ESTUDIANTE":"Pedro","APELLIDO_ESTUDIANTE":"Aguirre","CEDULA_ESTUDIANTE":"0123456789"},{"ID_DOCUMENTO_PREPROFESIONAL":"17","ID_PRACTICA_PREPROFESIONAL":"2","ID_TIPO_DOCUMENTO":"9","ID_ESTADO_REVISION":"4","NOMBRE_ARCHIVO":"ficha_control_seguimiento_002_20250920.pdf","NOMBRE_ORIGINAL":"Ficha Control Seguimiento - Mar\u00eda.pdf","TIPO_ARCHIVO":"application\/pdf","TAMANO_ARCHIVO":"112233","RUTA_ARCHIVO":"\/uploads\/documentos-practicas\/","FECHA_SUBIDA":"2025-09-20 10:15:00","FECHA_REVISION":"2025-09-20 12:45:00","ID_REVISOR":"5","OBSERVACIONES":"Ficha de control y seguimiento docente","OBSERVACIONES_REVISOR":"Faltan las firmas del tutor docente, documento inv\u00e1lido","VERSION":"1","ACTIVO":"1","FECHA_CREACION":"2026-03-26 16:26:20","FECHA_ACTUALIZACION":"2026-03-26 16:26:20","ID_TIPO_DOCUMENTO_PREPROFESIONAL":"9","TIPO_DOCUMENTO_CODIGO":"PPR-009","TIPO_DOCUMENTO_NOMBRE":"Ficha de Control y Seguimiento Docente","TIPO_DOCUMENTO_DESCRIPCION":"Documento utilizado por el tutor docente para registrar el seguimiento acad\u00e9mico del estudiante durante las pr\u00e1cticas. Incluye visitas o revisiones peri\u00f3dicas.","TIPO_DOCUMENTO_ORDEN":"9","TIPO_DOCUMENTO_OBLIGATORIO":"1","ESTADO_REVISION":"Rechazado","ID_ESTUDIANTE":"2","ENTIDAD_RECEPTORA":"Banco del Pac\u00edfico","ESTUDIANTE_NOMBRE":"Mar\u00eda Elena Garc\u00eda Torres","NOMBRE_ESTUDIANTE":"Mar\u00eda Elena","APELLIDO_ESTUDIANTE":"Garc\u00eda Torres","CEDULA_ESTUDIANTE":"1002345678"},{"ID_DOCUMENTO_PREPROFESIONAL":"15","ID_PRACTICA_PREPROFESIONAL":"2","ID_TIPO_DOCUMENTO":"7","ID_ESTADO_REVISION":"5","NOMBRE_ARCHIVO":"ficha_registro_actividades_002_20250915.pdf","NOMBRE_ORIGINAL":"Ficha Registro Actividades - Mar\u00eda.pdf","TIPO_ARCHIVO":"application\/pdf","TAMANO_ARCHIVO":"98765","RUTA_ARCHIVO":"\/uploads\/documentos-practicas\/","FECHA_SUBIDA":"2025-09-15 11:30:00","FECHA_REVISION":"2025-09-15 14:20:00","ID_REVISOR":"5","OBSERVACIONES":"Ficha de registro de actividades","OBSERVACIONES_REVISOR":"Descripci\u00f3n de actividades muy general, especificar m\u00e1s detalles","VERSION":"1","ACTIVO":"1","FECHA_CREACION":"2026-03-26 16:26:20","FECHA_ACTUALIZACION":"2026-03-26 16:26:20","ID_TIPO_DOCUMENTO_PREPROFESIONAL":"7","TIPO_DOCUMENTO_CODIGO":"PPR-007","TIPO_DOCUMENTO_NOMBRE":"Ficha de Registro de Actividades","TIPO_DOCUMENTO_DESCRIPCION":"Documento detallado en el que el estudiante registra las actividades espec\u00edficas realizadas durante sus pr\u00e1cticas, incluyendo fechas y descripciones.","TIPO_DOCUMENTO_ORDEN":"7","TIPO_DOCUMENTO_OBLIGATORIO":"1","ESTADO_REVISION":"Requiere Correcci\u00f3n","ID_ESTUDIANTE":"2","ENTIDAD_RECEPTORA":"Banco del Pac\u00edfico","ESTUDIANTE_NOMBRE":"Mar\u00eda Elena Garc\u00eda Torres","NOMBRE_ESTUDIANTE":"Mar\u00eda Elena","APELLIDO_ESTUDIANTE":"Garc\u00eda Torres","CEDULA_ESTUDIANTE":"1002345678"},{"ID_DOCUMENTO_PREPROFESIONAL":"14","ID_PRACTICA_PREPROFESIONAL":"1","ID_TIPO_DOCUMENTO":"6","ID_ESTADO_REVISION":"5","NOMBRE_ARCHIVO":"hojas_asistencia_001_20250830.pdf","NOMBRE_ORIGINAL":"Hojas de Asistencia - Juan Carlos.pdf","TIPO_ARCHIVO":"application\/pdf","TAMANO_ARCHIVO":"123456","RUTA_ARCHIVO":"\/uploads\/documentos-practicas\/","FECHA_SUBIDA":"2025-08-30 16:15:00","FECHA_REVISION":"2025-08-30 17:45:00","ID_REVISOR":"4","OBSERVACIONES":"Hojas de asistencia completas","OBSERVACIONES_REVISOR":"Faltan firmas en algunas fechas, corregir y volver a subir","VERSION":"1","ACTIVO":"1","FECHA_CREACION":"2026-03-26 16:26:20","FECHA_ACTUALIZACION":"2026-03-26 16:26:20","ID_TIPO_DOCUMENTO_PREPROFESIONAL":"6","TIPO_DOCUMENTO_CODIGO":"PPR-006","TIPO_DOCUMENTO_NOMBRE":"Hojas de Asistencia","TIPO_DOCUMENTO_DESCRIPCION":"Registro f\u00edsico de la asistencia del estudiante en la entidad receptora. Incluye las firmas y sellos para validar las horas de trabajo.","TIPO_DOCUMENTO_ORDEN":"6","TIPO_DOCUMENTO_OBLIGATORIO":"1","ESTADO_REVISION":"Requiere Correcci\u00f3n","ID_ESTUDIANTE":"1","ENTIDAD_RECEPTORA":"Hospital San Vicente de Pa\u00fal","ESTUDIANTE_NOMBRE":"Juan Carlos P\u00e9rez L\u00f3pez","NOMBRE_ESTUDIANTE":"Juan Carlos","APELLIDO_ESTUDIANTE":"P\u00e9rez L\u00f3pez","CEDULA_ESTUDIANTE":"1001234567"},{"ID_DOCUMENTO_PREPROFESIONAL":"16","ID_PRACTICA_PREPROFESIONAL":"1","ID_TIPO_DOCUMENTO":"8","ID_ESTADO_REVISION":"4","NOMBRE_ARCHIVO":"rubrica_evaluacion_entidad_001_20250825.pdf","NOMBRE_ORIGINAL":"R\u00fabrica Evaluaci\u00f3n Entidad - Juan.pdf","TIPO_ARCHIVO":"application\/pdf","TAMANO_ARCHIVO":"87654","RUTA_ARCHIVO":"\/uploads\/documentos-practicas\/","FECHA_SUBIDA":"2025-08-25 15:00:00","FECHA_REVISION":"2025-08-25 16:30:00","ID_REVISOR":"4","OBSERVACIONES":"R\u00fabrica de evaluaci\u00f3n de entidad","OBSERVACIONES_REVISOR":"Documento no tiene sello oficial de la entidad, rechazado","VERSION":"1","ACTIVO":"1","FECHA_CREACION":"2026-03-26 16:26:20","FECHA_ACTUALIZACION":"2026-03-26 16:26:20","ID_TIPO_DOCUMENTO_PREPROFESIONAL":"8","TIPO_DOCUMENTO_CODIGO":"PPR-008","TIPO_DOCUMENTO_NOMBRE":"R\u00fabrica de Evaluaci\u00f3n de Entidad","TIPO_DOCUMENTO_DESCRIPCION":"Formulario de evaluaci\u00f3n del desempe\u00f1o del estudiante, llenado y sellado por la entidad receptora. Valora aspectos como la responsabilidad, la proactividad y la calidad del trabajo.","TIPO_DOCUMENTO_ORDEN":"8","TIPO_DOCUMENTO_OBLIGATORIO":"1","ESTADO_REVISION":"Rechazado","ID_ESTUDIANTE":"1","ENTIDAD_RECEPTORA":"Hospital San Vicente de Pa\u00fal","ESTUDIANTE_NOMBRE":"Juan Carlos P\u00e9rez L\u00f3pez","NOMBRE_ESTUDIANTE":"Juan Carlos","APELLIDO_ESTUDIANTE":"P\u00e9rez L\u00f3pez","CEDULA_ESTUDIANTE":"1001234567"},{"ID_DOCUMENTO_PREPROFESIONAL":"5","ID_PRACTICA_PREPROFESIONAL":"2","ID_TIPO_DOCUMENTO":"2","ID_ESTADO_REVISION":"3","NOMBRE_ARCHIVO":"oficio_entidad_receptora_002_20250702.pdf","NOMBRE_ORIGINAL":"Oficio Entidad Receptora - Banco.pdf","TIPO_ARCHIVO":"application\/pdf","TAMANO_ARCHIVO":"178944","RUTA_ARCHIVO":"\/uploads\/documentos-practicas\/","FECHA_SUBIDA":"2025-07-02 15:45:00","FECHA_REVISION":"2025-07-02 17:20:00","ID_REVISOR":"5","OBSERVACIONES":"Oficio enviado a la entidad receptora","OBSERVACIONES_REVISOR":"Oficio formal y bien estructurado","VERSION":"1","ACTIVO":"1","FECHA_CREACION":"2026-03-26 16:26:20","FECHA_ACTUALIZACION":"2026-03-26 16:26:20","ID_TIPO_DOCUMENTO_PREPROFESIONAL":"2","TIPO_DOCUMENTO_CODIGO":"PPR-002","TIPO_DOCUMENTO_NOMBRE":"Oficio a Entidad Receptora","TIPO_DOCUMENTO_DESCRIPCION":"Carta formal enviada por el estudiante a la instituci\u00f3n \"Instituto Tecnol\u00f3gico Superior Ibarra\", con el prop\u00f3sito de solicitar la oportunidad de realizar sus pr\u00e1cticas de servicio comunitario.","TIPO_DOCUMENTO_ORDEN":"2","TIPO_DOCUMENTO_OBLIGATORIO":"1","ESTADO_REVISION":"Aprobado","ID_ESTUDIANTE":"2","ENTIDAD_RECEPTORA":"Banco del Pac\u00edfico","ESTUDIANTE_NOMBRE":"Mar\u00eda Elena Garc\u00eda Torres","NOMBRE_ESTUDIANTE":"Mar\u00eda Elena","APELLIDO_ESTUDIANTE":"Garc\u00eda Torres","CEDULA_ESTUDIANTE":"1002345678"},{"ID_DOCUMENTO_PREPROFESIONAL":"4","ID_PRACTICA_PREPROFESIONAL":"2","ID_TIPO_DOCUMENTO":"1","ID_ESTADO_REVISION":"3","NOMBRE_ARCHIVO":"oficio_asignacion_tutor_002_20250701.pdf","NOMBRE_ORIGINAL":"Oficio Asignaci\u00f3n Tutor - Mar\u00eda Elena.pdf","TIPO_ARCHIVO":"application\/pdf","TAMANO_ARCHIVO":"234880","RUTA_ARCHIVO":"\/uploads\/documentos-practicas\/","FECHA_SUBIDA":"2025-07-01 11:00:00","FECHA_REVISION":"2025-07-01 13:15:00","ID_REVISOR":"5","OBSERVACIONES":"Documento oficial de asignaci\u00f3n","OBSERVACIONES_REVISOR":"Asignaci\u00f3n correcta del tutor","VERSION":"1","ACTIVO":"1","FECHA_CREACION":"2026-03-26 16:26:20","FECHA_ACTUALIZACION":"2026-03-26 16:26:20","ID_TIPO_DOCUMENTO_PREPROFESIONAL":"1","TIPO_DOCUMENTO_CODIGO":"PPR-001","TIPO_DOCUMENTO_NOMBRE":"Oficio de Asignaci\u00f3n de Tutor","TIPO_DOCUMENTO_DESCRIPCION":"Documento oficial emitido por la coordinaci\u00f3n de la carrera que designa al docente responsable de la tutor\u00eda y seguimiento de las pr\u00e1cticas de servicio comunitario del estudiante.","TIPO_DOCUMENTO_ORDEN":"1","TIPO_DOCUMENTO_OBLIGATORIO":"1","ESTADO_REVISION":"Aprobado","ID_ESTUDIANTE":"2","ENTIDAD_RECEPTORA":"Banco del Pac\u00edfico","ESTUDIANTE_NOMBRE":"Mar\u00eda Elena Garc\u00eda Torres","NOMBRE_ESTUDIANTE":"Mar\u00eda Elena","APELLIDO_ESTUDIANTE":"Garc\u00eda Torres","CEDULA_ESTUDIANTE":"1002345678"},{"ID_DOCUMENTO_PREPROFESIONAL":"3","ID_PRACTICA_PREPROFESIONAL":"1","ID_TIPO_DOCUMENTO":"3","ID_ESTADO_REVISION":"3","NOMBRE_ARCHIVO":"carta_aceptacion_001_20250603.pdf","NOMBRE_ORIGINAL":"Carta Aceptaci\u00f3n - Hospital.pdf","TIPO_ARCHIVO":"application\/pdf","TAMANO_ARCHIVO":"156672","RUTA_ARCHIVO":"\/uploads\/documentos-practicas\/","FECHA_SUBIDA":"2025-06-03 09:15:00","FECHA_REVISION":"2025-06-03 11:20:00","ID_REVISOR":"4","OBSERVACIONES":"Carta de aceptaci\u00f3n de la entidad","OBSERVACIONES_REVISOR":"Carta oficial con sello institucional","VERSION":"1","ACTIVO":"1","FECHA_CREACION":"2026-03-26 16:26:20","FECHA_ACTUALIZACION":"2026-03-26 16:26:20","ID_TIPO_DOCUMENTO_PREPROFESIONAL":"3","TIPO_DOCUMENTO_CODIGO":"PPR-003","TIPO_DOCUMENTO_NOMBRE":"Carta de Aceptaci\u00f3n","TIPO_DOCUMENTO_DESCRIPCION":"Carta oficial de la entidad receptora \"Instituto Tecnol\u00f3gico Superior Ibarra\" que confirma la aceptaci\u00f3n del o los estudiantes para realizar las pr\u00e1cticas de servicio comunitario en sus instalaciones.","TIPO_DOCUMENTO_ORDEN":"3","TIPO_DOCUMENTO_OBLIGATORIO":"1","ESTADO_REVISION":"Aprobado","ID_ESTUDIANTE":"1","ENTIDAD_RECEPTORA":"Hospital San Vicente de Pa\u00fal","ESTUDIANTE_NOMBRE":"Juan Carlos P\u00e9rez L\u00f3pez","NOMBRE_ESTUDIANTE":"Juan Carlos","APELLIDO_ESTUDIANTE":"P\u00e9rez L\u00f3pez","CEDULA_ESTUDIANTE":"1001234567"},{"ID_DOCUMENTO_PREPROFESIONAL":"2","ID_PRACTICA_PREPROFESIONAL":"1","ID_TIPO_DOCUMENTO":"2","ID_ESTADO_REVISION":"3","NOMBRE_ARCHIVO":"oficio_entidad_receptora_001_20250602.pdf","NOMBRE_ORIGINAL":"Oficio Entidad Receptora - Hospital.pdf","TIPO_ARCHIVO":"application\/pdf","TAMANO_ARCHIVO":"189440","RUTA_ARCHIVO":"\/uploads\/documentos-practicas\/","FECHA_SUBIDA":"2025-06-02 14:30:00","FECHA_REVISION":"2025-06-02 16:45:00","ID_REVISOR":"4","OBSERVACIONES":"Oficio enviado a la entidad receptora","OBSERVACIONES_REVISOR":"Oficio bien redactado y formal","VERSION":"1","ACTIVO":"1","FECHA_CREACION":"2026-03-26 16:26:20","FECHA_ACTUALIZACION":"2026-03-26 16:26:20","ID_TIPO_DOCUMENTO_PREPROFESIONAL":"2","TIPO_DOCUMENTO_CODIGO":"PPR-002","TIPO_DOCUMENTO_NOMBRE":"Oficio a Entidad Receptora","TIPO_DOCUMENTO_DESCRIPCION":"Carta formal enviada por el estudiante a la instituci\u00f3n \"Instituto Tecnol\u00f3gico Superior Ibarra\", con el prop\u00f3sito de solicitar la oportunidad de realizar sus pr\u00e1cticas de servicio comunitario.","TIPO_DOCUMENTO_ORDEN":"2","TIPO_DOCUMENTO_OBLIGATORIO":"1","ESTADO_REVISION":"Aprobado","ID_ESTUDIANTE":"1","ENTIDAD_RECEPTORA":"Hospital San Vicente de Pa\u00fal","ESTUDIANTE_NOMBRE":"Juan Carlos P\u00e9rez L\u00f3pez","NOMBRE_ESTUDIANTE":"Juan Carlos","APELLIDO_ESTUDIANTE":"P\u00e9rez L\u00f3pez","CEDULA_ESTUDIANTE":"1001234567"},{"ID_DOCUMENTO_PREPROFESIONAL":"1","ID_PRACTICA_PREPROFESIONAL":"1","ID_TIPO_DOCUMENTO":"1","ID_ESTADO_REVISION":"3","NOMBRE_ARCHIVO":"oficio_asignacion_tutor_001_20250601.pdf","NOMBRE_ORIGINAL":"Oficio Asignaci\u00f3n Tutor - Juan Carlos.pdf","TIPO_ARCHIVO":"application\/pdf","TAMANO_ARCHIVO":"245760","RUTA_ARCHIVO":"\/uploads\/documentos-practicas\/","FECHA_SUBIDA":"2025-06-01 10:00:00","FECHA_REVISION":"2025-06-01 14:30:00","ID_REVISOR":"4","OBSERVACIONES":"Documento oficial de asignaci\u00f3n","OBSERVACIONES_REVISOR":"Documento aprobado correctamente","VERSION":"1","ACTIVO":"1","FECHA_CREACION":"2026-03-26 16:26:20","FECHA_ACTUALIZACION":"2026-03-26 16:26:20","ID_TIPO_DOCUMENTO_PREPROFESIONAL":"1","TIPO_DOCUMENTO_CODIGO":"PPR-001","TIPO_DOCUMENTO_NOMBRE":"Oficio de Asignaci\u00f3n de Tutor","TIPO_DOCUMENTO_DESCRIPCION":"Documento oficial emitido por la coordinaci\u00f3n de la carrera que designa al docente responsable de la tutor\u00eda y seguimiento de las pr\u00e1cticas de servicio comunitario del estudiante.","TIPO_DOCUMENTO_ORDEN":"1","TIPO_DOCUMENTO_OBLIGATORIO":"1","ESTADO_REVISION":"Aprobado","ID_ESTUDIANTE":"1","ENTIDAD_RECEPTORA":"Hospital San Vicente de Pa\u00fal","ESTUDIANTE_NOMBRE":"Juan Carlos P\u00e9rez L\u00f3pez","NOMBRE_ESTUDIANTE":"Juan Carlos","APELLIDO_ESTUDIANTE":"P\u00e9rez L\u00f3pez","CEDULA_ESTUDIANTE":"1001234567"}]
DEBUG - 2026-04-04 12:48:30 --> Session: Class initialized using 'CodeIgniter\Session\Handlers\FileHandler' driver.
ERROR - 2026-04-04 12:48:30 --> mysqli_sql_exception: Unknown column 'TAB_ROLES.NOMBRE_ROL' in 'where clause' in C:\xampp\htdocs\ITSI\vendor\codeigniter4\framework\system\Database\MySQLi\Connection.php:327
Stack trace:
#0 C:\xampp\htdocs\ITSI\vendor\codeigniter4\framework\system\Database\MySQLi\Connection.php(327): mysqli->query('SELECT `TAB_USU...', 0)
#1 C:\xampp\htdocs\ITSI\vendor\codeigniter4\framework\system\Database\BaseConnection.php(738): CodeIgniter\Database\MySQLi\Connection->execute('SELECT `TAB_USU...')
#2 C:\xampp\htdocs\ITSI\vendor\codeigniter4\framework\system\Database\BaseConnection.php(652): CodeIgniter\Database\BaseConnection->simpleQuery('SELECT `TAB_USU...')
#3 C:\xampp\htdocs\ITSI\vendor\codeigniter4\framework\system\Database\BaseBuilder.php(1649): CodeIgniter\Database\BaseConnection->query('SELECT `TAB_USU...', Array, false)
#4 C:\xampp\htdocs\ITSI\vendor\codeigniter4\framework\system\Model.php(286): CodeIgniter\Database\BaseBuilder->get()
#5 C:\xampp\htdocs\ITSI\vendor\codeigniter4\framework\system\BaseModel.php(679): CodeIgniter\Model->doFindAll(0, 0)
#6 C:\xampp\htdocs\ITSI\app\Controllers\coord\DocumentosServicioComunitarioCoordController.php(494): CodeIgniter\BaseModel->findAll()
#7 C:\xampp\htdocs\ITSI\app\Controllers\coord\DocumentosServicioComunitarioCoordController.php(58): App\Controllers\coord\DocumentosServicioComunitarioCoordController->getEstudiantes()
#8 C:\xampp\htdocs\ITSI\vendor\codeigniter4\framework\system\CodeIgniter.php(933): App\Controllers\coord\DocumentosServicioComunitarioCoordController->index()
#9 C:\xampp\htdocs\ITSI\vendor\codeigniter4\framework\system\CodeIgniter.php(507): CodeIgniter\CodeIgniter->runController(Object(App\Controllers\coord\DocumentosServicioComunitarioCoordController))
#10 C:\xampp\htdocs\ITSI\vendor\codeigniter4\framework\system\CodeIgniter.php(354): CodeIgniter\CodeIgniter->handleRequest(NULL, Object(Config\Cache), false)
#11 C:\xampp\htdocs\ITSI\vendor\codeigniter4\framework\system\Boot.php(334): CodeIgniter\CodeIgniter->run()
#12 C:\xampp\htdocs\ITSI\vendor\codeigniter4\framework\system\Boot.php(67): CodeIgniter\Boot::runCodeIgniter(Object(CodeIgniter\CodeIgniter))
#13 C:\xampp\htdocs\ITSI\public\index.php(59): CodeIgniter\Boot::bootWeb(Object(Config\Paths))
#14 {main}
DEBUG - 2026-04-04 12:48:31 --> Session: Class initialized using 'CodeIgniter\Session\Handlers\FileHandler' driver.
DEBUG - 2026-04-04 12:49:03 --> Session: Class initialized using 'CodeIgniter\Session\Handlers\FileHandler' driver.
ERROR - 2026-04-04 12:49:03 --> mysqli_sql_exception: Unknown column 'TAB_ROLES.NOMBRE_ROL' in 'where clause' in C:\xampp\htdocs\ITSI\vendor\codeigniter4\framework\system\Database\MySQLi\Connection.php:327
Stack trace:
#0 C:\xampp\htdocs\ITSI\vendor\codeigniter4\framework\system\Database\MySQLi\Connection.php(327): mysqli->query('SELECT `TAB_USU...', 0)
#1 C:\xampp\htdocs\ITSI\vendor\codeigniter4\framework\system\Database\BaseConnection.php(738): CodeIgniter\Database\MySQLi\Connection->execute('SELECT `TAB_USU...')
#2 C:\xampp\htdocs\ITSI\vendor\codeigniter4\framework\system\Database\BaseConnection.php(652): CodeIgniter\Database\BaseConnection->simpleQuery('SELECT `TAB_USU...')
#3 C:\xampp\htdocs\ITSI\vendor\codeigniter4\framework\system\Database\BaseBuilder.php(1649): CodeIgniter\Database\BaseConnection->query('SELECT `TAB_USU...', Array, false)
#4 C:\xampp\htdocs\ITSI\vendor\codeigniter4\framework\system\Model.php(286): CodeIgniter\Database\BaseBuilder->get()
#5 C:\xampp\htdocs\ITSI\vendor\codeigniter4\framework\system\BaseModel.php(679): CodeIgniter\Model->doFindAll(0, 0)
#6 C:\xampp\htdocs\ITSI\app\Controllers\coord\DocumentosServicioComunitarioCoordController.php(494): CodeIgniter\BaseModel->findAll()
#7 C:\xampp\htdocs\ITSI\app\Controllers\coord\DocumentosServicioComunitarioCoordController.php(58): App\Controllers\coord\DocumentosServicioComunitarioCoordController->getEstudiantes()
#8 C:\xampp\htdocs\ITSI\vendor\codeigniter4\framework\system\CodeIgniter.php(933): App\Controllers\coord\DocumentosServicioComunitarioCoordController->index()
#9 C:\xampp\htdocs\ITSI\vendor\codeigniter4\framework\system\CodeIgniter.php(507): CodeIgniter\CodeIgniter->runController(Object(App\Controllers\coord\DocumentosServicioComunitarioCoordController))
#10 C:\xampp\htdocs\ITSI\vendor\codeigniter4\framework\system\CodeIgniter.php(354): CodeIgniter\CodeIgniter->handleRequest(NULL, Object(Config\Cache), false)
#11 C:\xampp\htdocs\ITSI\vendor\codeigniter4\framework\system\Boot.php(334): CodeIgniter\CodeIgniter->run()
#12 C:\xampp\htdocs\ITSI\vendor\codeigniter4\framework\system\Boot.php(67): CodeIgniter\Boot::runCodeIgniter(Object(CodeIgniter\CodeIgniter))
#13 C:\xampp\htdocs\ITSI\public\index.php(59): CodeIgniter\Boot::bootWeb(Object(Config\Paths))
#14 {main}
DEBUG - 2026-04-04 12:49:04 --> Session: Class initialized using 'CodeIgniter\Session\Handlers\FileHandler' driver.
DEBUG - 2026-04-04 12:49:11 --> Session: Class initialized using 'CodeIgniter\Session\Handlers\FileHandler' driver.
DEBUG - 2026-04-04 12:49:11 --> Consulta SQL: SELECT *
FROM `TAB_DOCUMENTOS_PRACTICAS_PREPROFESIONALES` `dp`
DEBUG - 2026-04-04 12:49:11 --> Resultados obtenidos: 10
DEBUG - 2026-04-04 12:49:11 --> Tipos de documentos en index: [{"ID_TIPO_DOCUMENTO_PREPROFESIONAL":"1","CODIGO":"PPR-001","NOMBRE":"Oficio de Asignaci\u00f3n de Tutor","DESCRIPCION":"Documento oficial emitido por la coordinaci\u00f3n de la carrera que designa al docente responsable de la tutor\u00eda y seguimiento de las pr\u00e1cticas de servicio comunitario del estudiante.","ORDEN":"1","OBLIGATORIO":"1","ACTIVO":"1","FECHA_CREACION":"2026-03-26 16:26:19","FECHA_ACTUALIZACION":"2026-03-26 16:26:19","REQUERIDO":"1"},{"ID_TIPO_DOCUMENTO_PREPROFESIONAL":"2","CODIGO":"PPR-002","NOMBRE":"Oficio a Entidad Receptora","DESCRIPCION":"Carta formal enviada por el estudiante a la instituci\u00f3n \"Instituto Tecnol\u00f3gico Superior Ibarra\", con el prop\u00f3sito de solicitar la oportunidad de realizar sus pr\u00e1cticas de servicio comunitario.","ORDEN":"2","OBLIGATORIO":"1","ACTIVO":"1","FECHA_CREACION":"2026-03-26 16:26:19","FECHA_ACTUALIZACION":"2026-03-26 16:26:19","REQUERIDO":"1"},{"ID_TIPO_DOCUMENTO_PREPROFESIONAL":"3","CODIGO":"PPR-003","NOMBRE":"Carta de Aceptaci\u00f3n","DESCRIPCION":"Carta oficial de la entidad receptora \"Instituto Tecnol\u00f3gico Superior Ibarra\" que confirma la aceptaci\u00f3n del o los estudiantes para realizar las pr\u00e1cticas de servicio comunitario en sus instalaciones.","ORDEN":"3","OBLIGATORIO":"1","ACTIVO":"1","FECHA_CREACION":"2026-03-26 16:26:19","FECHA_ACTUALIZACION":"2026-03-26 16:26:19","REQUERIDO":"1"},{"ID_TIPO_DOCUMENTO_PREPROFESIONAL":"4","CODIGO":"PPR-004","NOMBRE":"Solicitud Institucional Valorada","DESCRIPCION":"Documento de solicitud formal dirigido al Sr. Rector, Dr. Mario Montenegro, pidiendo la aprobaci\u00f3n institucional para la realizaci\u00f3n de las pr\u00e1cticas de servicio comunitario.","ORDEN":"4","OBLIGATORIO":"1","ACTIVO":"1","FECHA_CREACION":"2026-03-26 16:26:19","FECHA_ACTUALIZACION":"2026-03-26 16:26:19","REQUERIDO":"1"},{"ID_TIPO_DOCUMENTO_PREPROFESIONAL":"5","CODIGO":"PPR-005","NOMBRE":"Certificado de Culminaci\u00f3n de Horas","DESCRIPCION":"Certificado emitido por la entidad receptora \"Instituto Tecnol\u00f3gico Superior Ibarra\" que acredita que el estudiante ha completado las 60 horas requeridas de pr\u00e1cticas de servicio comunitario.","ORDEN":"5","OBLIGATORIO":"1","ACTIVO":"1","FECHA_CREACION":"2026-03-26 16:26:19","FECHA_ACTUALIZACION":"2026-03-26 16:26:19","REQUERIDO":"1"},{"ID_TIPO_DOCUMENTO_PREPROFESIONAL":"6","CODIGO":"PPR-006","NOMBRE":"Hojas de Asistencia","DESCRIPCION":"Registro f\u00edsico de la asistencia del estudiante en la entidad receptora. Incluye las firmas y sellos para validar las horas de trabajo.","ORDEN":"6","OBLIGATORIO":"1","ACTIVO":"1","FECHA_CREACION":"2026-03-26 16:26:19","FECHA_ACTUALIZACION":"2026-03-26 16:26:19","REQUERIDO":"1"},{"ID_TIPO_DOCUMENTO_PREPROFESIONAL":"7","CODIGO":"PPR-007","NOMBRE":"Ficha de Registro de Actividades","DESCRIPCION":"Documento detallado en el que el estudiante registra las actividades espec\u00edficas realizadas durante sus pr\u00e1cticas, incluyendo fechas y descripciones.","ORDEN":"7","OBLIGATORIO":"1","ACTIVO":"1","FECHA_CREACION":"2026-03-26 16:26:19","FECHA_ACTUALIZACION":"2026-03-26 16:26:19","REQUERIDO":"1"},{"ID_TIPO_DOCUMENTO_PREPROFESIONAL":"8","CODIGO":"PPR-008","NOMBRE":"R\u00fabrica de Evaluaci\u00f3n de Entidad","DESCRIPCION":"Formulario de evaluaci\u00f3n del desempe\u00f1o del estudiante, llenado y sellado por la entidad receptora. Valora aspectos como la responsabilidad, la proactividad y la calidad del trabajo.","ORDEN":"8","OBLIGATORIO":"1","ACTIVO":"1","FECHA_CREACION":"2026-03-26 16:26:19","FECHA_ACTUALIZACION":"2026-03-26 16:26:19","REQUERIDO":"1"},{"ID_TIPO_DOCUMENTO_PREPROFESIONAL":"9","CODIGO":"PPR-009","NOMBRE":"Ficha de Control y Seguimiento Docente","DESCRIPCION":"Documento utilizado por el tutor docente para registrar el seguimiento acad\u00e9mico del estudiante durante las pr\u00e1cticas. Incluye visitas o revisiones peri\u00f3dicas.","ORDEN":"9","OBLIGATORIO":"1","ACTIVO":"1","FECHA_CREACION":"2026-03-26 16:26:19","FECHA_ACTUALIZACION":"2026-03-26 16:26:19","REQUERIDO":"1"},{"ID_TIPO_DOCUMENTO_PREPROFESIONAL":"10","CODIGO":"PPR-010","NOMBRE":"R\u00fabrica de Evaluaci\u00f3n Docente","DESCRIPCION":"R\u00fabrica de evaluaci\u00f3n llenada y firmada por el tutor docente. Califica el desempe\u00f1o del estudiante en base a los criterios acad\u00e9micos del programa.","ORDEN":"10","OBLIGATORIO":"1","ACTIVO":"1","FECHA_CREACION":"2026-03-26 16:26:19","FECHA_ACTUALIZACION":"2026-03-26 16:26:19","REQUERIDO":"1"},{"ID_TIPO_DOCUMENTO_PREPROFESIONAL":"11","CODIGO":"PPR-011","NOMBRE":"R\u00fabrica de Evaluaci\u00f3n de Resultados","DESCRIPCION":"Evaluaci\u00f3n final realizada por el Departamento de Vinculaci\u00f3n con la Sociedad, que valora los resultados y el impacto del proyecto de servicio comunitario en su conjunto.","ORDEN":"11","OBLIGATORIO":"1","ACTIVO":"1","FECHA_CREACION":"2026-03-26 16:26:19","FECHA_ACTUALIZACION":"2026-03-26 16:26:19","REQUERIDO":"1"},{"ID_TIPO_DOCUMENTO_PREPROFESIONAL":"12","CODIGO":"PPR-012","NOMBRE":"Evidencia Fotogr\u00e1fica y Digital","DESCRIPCION":"Material de apoyo visual y digital, como fotos, capturas, videos o impresiones, que documenta y comprueba la realizaci\u00f3n de las actividades y trabajos del proyecto.","ORDEN":"12","OBLIGATORIO":"1","ACTIVO":"1","FECHA_CREACION":"2026-03-26 16:26:19","FECHA_ACTUALIZACION":"2026-03-26 16:26:19","REQUERIDO":"1"}]
DEBUG - 2026-04-04 12:49:12 --> Session: Class initialized using 'CodeIgniter\Session\Handlers\FileHandler' driver.
DEBUG - 2026-04-04 12:49:12 --> Consulta SQL: SELECT *
FROM `TAB_DOCUMENTOS_PRACTICAS_PREPROFESIONALES` `dp`
DEBUG - 2026-04-04 12:49:12 --> Resultados obtenidos: 10
DEBUG - 2026-04-04 12:49:12 --> Documentos obtenidos: [{"ID_DOCUMENTO_PREPROFESIONAL":"18","ID_PRACTICA_PREPROFESIONAL":"4","ID_TIPO_DOCUMENTO":"1","ID_ESTADO_REVISION":"1","NOMBRE_ARCHIVO":"estudiante_3_20260404093413_28cbbf8a.pdf","NOMBRE_ORIGINAL":null,"TIPO_ARCHIVO":"application\/pdf","TAMANO_ARCHIVO":null,"RUTA_ARCHIVO":null,"FECHA_SUBIDA":"2026-04-04 09:34:13","FECHA_REVISION":null,"ID_REVISOR":null,"OBSERVACIONES":"","OBSERVACIONES_REVISOR":null,"VERSION":"1","ACTIVO":"1","FECHA_CREACION":"2026-04-04 09:34:13","FECHA_ACTUALIZACION":"2026-04-04 09:34:13","ID_TIPO_DOCUMENTO_PREPROFESIONAL":"1","TIPO_DOCUMENTO_CODIGO":"PPR-001","TIPO_DOCUMENTO_NOMBRE":"Oficio de Asignaci\u00f3n de Tutor","TIPO_DOCUMENTO_DESCRIPCION":"Documento oficial emitido por la coordinaci\u00f3n de la carrera que designa al docente responsable de la tutor\u00eda y seguimiento de las pr\u00e1cticas de servicio comunitario del estudiante.","TIPO_DOCUMENTO_ORDEN":"1","TIPO_DOCUMENTO_OBLIGATORIO":"1","ESTADO_REVISION":"Pendiente","ID_ESTUDIANTE":"5","ENTIDAD_RECEPTORA":"Banco del Pac\u00edfico","ESTUDIANTE_NOMBRE":"Pedro Aguirre","NOMBRE_ESTUDIANTE":"Pedro","APELLIDO_ESTUDIANTE":"Aguirre","CEDULA_ESTUDIANTE":"0123456789"},{"ID_DOCUMENTO_PREPROFESIONAL":"17","ID_PRACTICA_PREPROFESIONAL":"2","ID_TIPO_DOCUMENTO":"9","ID_ESTADO_REVISION":"4","NOMBRE_ARCHIVO":"ficha_control_seguimiento_002_20250920.pdf","NOMBRE_ORIGINAL":"Ficha Control Seguimiento - Mar\u00eda.pdf","TIPO_ARCHIVO":"application\/pdf","TAMANO_ARCHIVO":"112233","RUTA_ARCHIVO":"\/uploads\/documentos-practicas\/","FECHA_SUBIDA":"2025-09-20 10:15:00","FECHA_REVISION":"2025-09-20 12:45:00","ID_REVISOR":"5","OBSERVACIONES":"Ficha de control y seguimiento docente","OBSERVACIONES_REVISOR":"Faltan las firmas del tutor docente, documento inv\u00e1lido","VERSION":"1","ACTIVO":"1","FECHA_CREACION":"2026-03-26 16:26:20","FECHA_ACTUALIZACION":"2026-03-26 16:26:20","ID_TIPO_DOCUMENTO_PREPROFESIONAL":"9","TIPO_DOCUMENTO_CODIGO":"PPR-009","TIPO_DOCUMENTO_NOMBRE":"Ficha de Control y Seguimiento Docente","TIPO_DOCUMENTO_DESCRIPCION":"Documento utilizado por el tutor docente para registrar el seguimiento acad\u00e9mico del estudiante durante las pr\u00e1cticas. Incluye visitas o revisiones peri\u00f3dicas.","TIPO_DOCUMENTO_ORDEN":"9","TIPO_DOCUMENTO_OBLIGATORIO":"1","ESTADO_REVISION":"Rechazado","ID_ESTUDIANTE":"2","ENTIDAD_RECEPTORA":"Banco del Pac\u00edfico","ESTUDIANTE_NOMBRE":"Mar\u00eda Elena Garc\u00eda Torres","NOMBRE_ESTUDIANTE":"Mar\u00eda Elena","APELLIDO_ESTUDIANTE":"Garc\u00eda Torres","CEDULA_ESTUDIANTE":"1002345678"},{"ID_DOCUMENTO_PREPROFESIONAL":"15","ID_PRACTICA_PREPROFESIONAL":"2","ID_TIPO_DOCUMENTO":"7","ID_ESTADO_REVISION":"5","NOMBRE_ARCHIVO":"ficha_registro_actividades_002_20250915.pdf","NOMBRE_ORIGINAL":"Ficha Registro Actividades - Mar\u00eda.pdf","TIPO_ARCHIVO":"application\/pdf","TAMANO_ARCHIVO":"98765","RUTA_ARCHIVO":"\/uploads\/documentos-practicas\/","FECHA_SUBIDA":"2025-09-15 11:30:00","FECHA_REVISION":"2025-09-15 14:20:00","ID_REVISOR":"5","OBSERVACIONES":"Ficha de registro de actividades","OBSERVACIONES_REVISOR":"Descripci\u00f3n de actividades muy general, especificar m\u00e1s detalles","VERSION":"1","ACTIVO":"1","FECHA_CREACION":"2026-03-26 16:26:20","FECHA_ACTUALIZACION":"2026-03-26 16:26:20","ID_TIPO_DOCUMENTO_PREPROFESIONAL":"7","TIPO_DOCUMENTO_CODIGO":"PPR-007","TIPO_DOCUMENTO_NOMBRE":"Ficha de Registro de Actividades","TIPO_DOCUMENTO_DESCRIPCION":"Documento detallado en el que el estudiante registra las actividades espec\u00edficas realizadas durante sus pr\u00e1cticas, incluyendo fechas y descripciones.","TIPO_DOCUMENTO_ORDEN":"7","TIPO_DOCUMENTO_OBLIGATORIO":"1","ESTADO_REVISION":"Requiere Correcci\u00f3n","ID_ESTUDIANTE":"2","ENTIDAD_RECEPTORA":"Banco del Pac\u00edfico","ESTUDIANTE_NOMBRE":"Mar\u00eda Elena Garc\u00eda Torres","NOMBRE_ESTUDIANTE":"Mar\u00eda Elena","APELLIDO_ESTUDIANTE":"Garc\u00eda Torres","CEDULA_ESTUDIANTE":"1002345678"},{"ID_DOCUMENTO_PREPROFESIONAL":"14","ID_PRACTICA_PREPROFESIONAL":"1","ID_TIPO_DOCUMENTO":"6","ID_ESTADO_REVISION":"5","NOMBRE_ARCHIVO":"hojas_asistencia_001_20250830.pdf","NOMBRE_ORIGINAL":"Hojas de Asistencia - Juan Carlos.pdf","TIPO_ARCHIVO":"application\/pdf","TAMANO_ARCHIVO":"123456","RUTA_ARCHIVO":"\/uploads\/documentos-practicas\/","FECHA_SUBIDA":"2025-08-30 16:15:00","FECHA_REVISION":"2025-08-30 17:45:00","ID_REVISOR":"4","OBSERVACIONES":"Hojas de asistencia completas","OBSERVACIONES_REVISOR":"Faltan firmas en algunas fechas, corregir y volver a subir","VERSION":"1","ACTIVO":"1","FECHA_CREACION":"2026-03-26 16:26:20","FECHA_ACTUALIZACION":"2026-03-26 16:26:20","ID_TIPO_DOCUMENTO_PREPROFESIONAL":"6","TIPO_DOCUMENTO_CODIGO":"PPR-006","TIPO_DOCUMENTO_NOMBRE":"Hojas de Asistencia","TIPO_DOCUMENTO_DESCRIPCION":"Registro f\u00edsico de la asistencia del estudiante en la entidad receptora. Incluye las firmas y sellos para validar las horas de trabajo.","TIPO_DOCUMENTO_ORDEN":"6","TIPO_DOCUMENTO_OBLIGATORIO":"1","ESTADO_REVISION":"Requiere Correcci\u00f3n","ID_ESTUDIANTE":"1","ENTIDAD_RECEPTORA":"Hospital San Vicente de Pa\u00fal","ESTUDIANTE_NOMBRE":"Juan Carlos P\u00e9rez L\u00f3pez","NOMBRE_ESTUDIANTE":"Juan Carlos","APELLIDO_ESTUDIANTE":"P\u00e9rez L\u00f3pez","CEDULA_ESTUDIANTE":"1001234567"},{"ID_DOCUMENTO_PREPROFESIONAL":"16","ID_PRACTICA_PREPROFESIONAL":"1","ID_TIPO_DOCUMENTO":"8","ID_ESTADO_REVISION":"4","NOMBRE_ARCHIVO":"rubrica_evaluacion_entidad_001_20250825.pdf","NOMBRE_ORIGINAL":"R\u00fabrica Evaluaci\u00f3n Entidad - Juan.pdf","TIPO_ARCHIVO":"application\/pdf","TAMANO_ARCHIVO":"87654","RUTA_ARCHIVO":"\/uploads\/documentos-practicas\/","FECHA_SUBIDA":"2025-08-25 15:00:00","FECHA_REVISION":"2025-08-25 16:30:00","ID_REVISOR":"4","OBSERVACIONES":"R\u00fabrica de evaluaci\u00f3n de entidad","OBSERVACIONES_REVISOR":"Documento no tiene sello oficial de la entidad, rechazado","VERSION":"1","ACTIVO":"1","FECHA_CREACION":"2026-03-26 16:26:20","FECHA_ACTUALIZACION":"2026-03-26 16:26:20","ID_TIPO_DOCUMENTO_PREPROFESIONAL":"8","TIPO_DOCUMENTO_CODIGO":"PPR-008","TIPO_DOCUMENTO_NOMBRE":"R\u00fabrica de Evaluaci\u00f3n de Entidad","TIPO_DOCUMENTO_DESCRIPCION":"Formulario de evaluaci\u00f3n del desempe\u00f1o del estudiante, llenado y sellado por la entidad receptora. Valora aspectos como la responsabilidad, la proactividad y la calidad del trabajo.","TIPO_DOCUMENTO_ORDEN":"8","TIPO_DOCUMENTO_OBLIGATORIO":"1","ESTADO_REVISION":"Rechazado","ID_ESTUDIANTE":"1","ENTIDAD_RECEPTORA":"Hospital San Vicente de Pa\u00fal","ESTUDIANTE_NOMBRE":"Juan Carlos P\u00e9rez L\u00f3pez","NOMBRE_ESTUDIANTE":"Juan Carlos","APELLIDO_ESTUDIANTE":"P\u00e9rez L\u00f3pez","CEDULA_ESTUDIANTE":"1001234567"},{"ID_DOCUMENTO_PREPROFESIONAL":"5","ID_PRACTICA_PREPROFESIONAL":"2","ID_TIPO_DOCUMENTO":"2","ID_ESTADO_REVISION":"3","NOMBRE_ARCHIVO":"oficio_entidad_receptora_002_20250702.pdf","NOMBRE_ORIGINAL":"Oficio Entidad Receptora - Banco.pdf","TIPO_ARCHIVO":"application\/pdf","TAMANO_ARCHIVO":"178944","RUTA_ARCHIVO":"\/uploads\/documentos-practicas\/","FECHA_SUBIDA":"2025-07-02 15:45:00","FECHA_REVISION":"2025-07-02 17:20:00","ID_REVISOR":"5","OBSERVACIONES":"Oficio enviado a la entidad receptora","OBSERVACIONES_REVISOR":"Oficio formal y bien estructurado","VERSION":"1","ACTIVO":"1","FECHA_CREACION":"2026-03-26 16:26:20","FECHA_ACTUALIZACION":"2026-03-26 16:26:20","ID_TIPO_DOCUMENTO_PREPROFESIONAL":"2","TIPO_DOCUMENTO_CODIGO":"PPR-002","TIPO_DOCUMENTO_NOMBRE":"Oficio a Entidad Receptora","TIPO_DOCUMENTO_DESCRIPCION":"Carta formal enviada por el estudiante a la instituci\u00f3n \"Instituto Tecnol\u00f3gico Superior Ibarra\", con el prop\u00f3sito de solicitar la oportunidad de realizar sus pr\u00e1cticas de servicio comunitario.","TIPO_DOCUMENTO_ORDEN":"2","TIPO_DOCUMENTO_OBLIGATORIO":"1","ESTADO_REVISION":"Aprobado","ID_ESTUDIANTE":"2","ENTIDAD_RECEPTORA":"Banco del Pac\u00edfico","ESTUDIANTE_NOMBRE":"Mar\u00eda Elena Garc\u00eda Torres","NOMBRE_ESTUDIANTE":"Mar\u00eda Elena","APELLIDO_ESTUDIANTE":"Garc\u00eda Torres","CEDULA_ESTUDIANTE":"1002345678"},{"ID_DOCUMENTO_PREPROFESIONAL":"4","ID_PRACTICA_PREPROFESIONAL":"2","ID_TIPO_DOCUMENTO":"1","ID_ESTADO_REVISION":"3","NOMBRE_ARCHIVO":"oficio_asignacion_tutor_002_20250701.pdf","NOMBRE_ORIGINAL":"Oficio Asignaci\u00f3n Tutor - Mar\u00eda Elena.pdf","TIPO_ARCHIVO":"application\/pdf","TAMANO_ARCHIVO":"234880","RUTA_ARCHIVO":"\/uploads\/documentos-practicas\/","FECHA_SUBIDA":"2025-07-01 11:00:00","FECHA_REVISION":"2025-07-01 13:15:00","ID_REVISOR":"5","OBSERVACIONES":"Documento oficial de asignaci\u00f3n","OBSERVACIONES_REVISOR":"Asignaci\u00f3n correcta del tutor","VERSION":"1","ACTIVO":"1","FECHA_CREACION":"2026-03-26 16:26:20","FECHA_ACTUALIZACION":"2026-03-26 16:26:20","ID_TIPO_DOCUMENTO_PREPROFESIONAL":"1","TIPO_DOCUMENTO_CODIGO":"PPR-001","TIPO_DOCUMENTO_NOMBRE":"Oficio de Asignaci\u00f3n de Tutor","TIPO_DOCUMENTO_DESCRIPCION":"Documento oficial emitido por la coordinaci\u00f3n de la carrera que designa al docente responsable de la tutor\u00eda y seguimiento de las pr\u00e1cticas de servicio comunitario del estudiante.","TIPO_DOCUMENTO_ORDEN":"1","TIPO_DOCUMENTO_OBLIGATORIO":"1","ESTADO_REVISION":"Aprobado","ID_ESTUDIANTE":"2","ENTIDAD_RECEPTORA":"Banco del Pac\u00edfico","ESTUDIANTE_NOMBRE":"Mar\u00eda Elena Garc\u00eda Torres","NOMBRE_ESTUDIANTE":"Mar\u00eda Elena","APELLIDO_ESTUDIANTE":"Garc\u00eda Torres","CEDULA_ESTUDIANTE":"1002345678"},{"ID_DOCUMENTO_PREPROFESIONAL":"3","ID_PRACTICA_PREPROFESIONAL":"1","ID_TIPO_DOCUMENTO":"3","ID_ESTADO_REVISION":"3","NOMBRE_ARCHIVO":"carta_aceptacion_001_20250603.pdf","NOMBRE_ORIGINAL":"Carta Aceptaci\u00f3n - Hospital.pdf","TIPO_ARCHIVO":"application\/pdf","TAMANO_ARCHIVO":"156672","RUTA_ARCHIVO":"\/uploads\/documentos-practicas\/","FECHA_SUBIDA":"2025-06-03 09:15:00","FECHA_REVISION":"2025-06-03 11:20:00","ID_REVISOR":"4","OBSERVACIONES":"Carta de aceptaci\u00f3n de la entidad","OBSERVACIONES_REVISOR":"Carta oficial con sello institucional","VERSION":"1","ACTIVO":"1","FECHA_CREACION":"2026-03-26 16:26:20","FECHA_ACTUALIZACION":"2026-03-26 16:26:20","ID_TIPO_DOCUMENTO_PREPROFESIONAL":"3","TIPO_DOCUMENTO_CODIGO":"PPR-003","TIPO_DOCUMENTO_NOMBRE":"Carta de Aceptaci\u00f3n","TIPO_DOCUMENTO_DESCRIPCION":"Carta oficial de la entidad receptora \"Instituto Tecnol\u00f3gico Superior Ibarra\" que confirma la aceptaci\u00f3n del o los estudiantes para realizar las pr\u00e1cticas de servicio comunitario en sus instalaciones.","TIPO_DOCUMENTO_ORDEN":"3","TIPO_DOCUMENTO_OBLIGATORIO":"1","ESTADO_REVISION":"Aprobado","ID_ESTUDIANTE":"1","ENTIDAD_RECEPTORA":"Hospital San Vicente de Pa\u00fal","ESTUDIANTE_NOMBRE":"Juan Carlos P\u00e9rez L\u00f3pez","NOMBRE_ESTUDIANTE":"Juan Carlos","APELLIDO_ESTUDIANTE":"P\u00e9rez L\u00f3pez","CEDULA_ESTUDIANTE":"1001234567"},{"ID_DOCUMENTO_PREPROFESIONAL":"2","ID_PRACTICA_PREPROFESIONAL":"1","ID_TIPO_DOCUMENTO":"2","ID_ESTADO_REVISION":"3","NOMBRE_ARCHIVO":"oficio_entidad_receptora_001_20250602.pdf","NOMBRE_ORIGINAL":"Oficio Entidad Receptora - Hospital.pdf","TIPO_ARCHIVO":"application\/pdf","TAMANO_ARCHIVO":"189440","RUTA_ARCHIVO":"\/uploads\/documentos-practicas\/","FECHA_SUBIDA":"2025-06-02 14:30:00","FECHA_REVISION":"2025-06-02 16:45:00","ID_REVISOR":"4","OBSERVACIONES":"Oficio enviado a la entidad receptora","OBSERVACIONES_REVISOR":"Oficio bien redactado y formal","VERSION":"1","ACTIVO":"1","FECHA_CREACION":"2026-03-26 16:26:20","FECHA_ACTUALIZACION":"2026-03-26 16:26:20","ID_TIPO_DOCUMENTO_PREPROFESIONAL":"2","TIPO_DOCUMENTO_CODIGO":"PPR-002","TIPO_DOCUMENTO_NOMBRE":"Oficio a Entidad Receptora","TIPO_DOCUMENTO_DESCRIPCION":"Carta formal enviada por el estudiante a la instituci\u00f3n \"Instituto Tecnol\u00f3gico Superior Ibarra\", con el prop\u00f3sito de solicitar la oportunidad de realizar sus pr\u00e1cticas de servicio comunitario.","TIPO_DOCUMENTO_ORDEN":"2","TIPO_DOCUMENTO_OBLIGATORIO":"1","ESTADO_REVISION":"Aprobado","ID_ESTUDIANTE":"1","ENTIDAD_RECEPTORA":"Hospital San Vicente de Pa\u00fal","ESTUDIANTE_NOMBRE":"Juan Carlos P\u00e9rez L\u00f3pez","NOMBRE_ESTUDIANTE":"Juan Carlos","APELLIDO_ESTUDIANTE":"P\u00e9rez L\u00f3pez","CEDULA_ESTUDIANTE":"1001234567"},{"ID_DOCUMENTO_PREPROFESIONAL":"1","ID_PRACTICA_PREPROFESIONAL":"1","ID_TIPO_DOCUMENTO":"1","ID_ESTADO_REVISION":"3","NOMBRE_ARCHIVO":"oficio_asignacion_tutor_001_20250601.pdf","NOMBRE_ORIGINAL":"Oficio Asignaci\u00f3n Tutor - Juan Carlos.pdf","TIPO_ARCHIVO":"application\/pdf","TAMANO_ARCHIVO":"245760","RUTA_ARCHIVO":"\/uploads\/documentos-practicas\/","FECHA_SUBIDA":"2025-06-01 10:00:00","FECHA_REVISION":"2025-06-01 14:30:00","ID_REVISOR":"4","OBSERVACIONES":"Documento oficial de asignaci\u00f3n","OBSERVACIONES_REVISOR":"Documento aprobado correctamente","VERSION":"1","ACTIVO":"1","FECHA_CREACION":"2026-03-26 16:26:20","FECHA_ACTUALIZACION":"2026-03-26 16:26:20","ID_TIPO_DOCUMENTO_PREPROFESIONAL":"1","TIPO_DOCUMENTO_CODIGO":"PPR-001","TIPO_DOCUMENTO_NOMBRE":"Oficio de Asignaci\u00f3n de Tutor","TIPO_DOCUMENTO_DESCRIPCION":"Documento oficial emitido por la coordinaci\u00f3n de la carrera que designa al docente responsable de la tutor\u00eda y seguimiento de las pr\u00e1cticas de servicio comunitario del estudiante.","TIPO_DOCUMENTO_ORDEN":"1","TIPO_DOCUMENTO_OBLIGATORIO":"1","ESTADO_REVISION":"Aprobado","ID_ESTUDIANTE":"1","ENTIDAD_RECEPTORA":"Hospital San Vicente de Pa\u00fal","ESTUDIANTE_NOMBRE":"Juan Carlos P\u00e9rez L\u00f3pez","NOMBRE_ESTUDIANTE":"Juan Carlos","APELLIDO_ESTUDIANTE":"P\u00e9rez L\u00f3pez","CEDULA_ESTUDIANTE":"1001234567"}]
DEBUG - 2026-04-04 12:52:52 --> Session: Class initialized using 'CodeIgniter\Session\Handlers\FileHandler' driver.
DEBUG - 2026-04-04 12:52:52 --> Consulta SQL: SELECT *
FROM `TAB_DOCUMENTOS_PRACTICAS_PREPROFESIONALES` `dp`
DEBUG - 2026-04-04 12:52:52 --> Resultados obtenidos: 10
DEBUG - 2026-04-04 12:52:52 --> Tipos de documentos en index: [{"ID_TIPO_DOCUMENTO_PREPROFESIONAL":"1","CODIGO":"PPR-001","NOMBRE":"Oficio de Asignaci\u00f3n de Tutor","DESCRIPCION":"Documento oficial emitido por la coordinaci\u00f3n de la carrera que designa al docente responsable de la tutor\u00eda y seguimiento de las pr\u00e1cticas de servicio comunitario del estudiante.","ORDEN":"1","OBLIGATORIO":"1","ACTIVO":"1","FECHA_CREACION":"2026-03-26 16:26:19","FECHA_ACTUALIZACION":"2026-03-26 16:26:19","REQUERIDO":"1"},{"ID_TIPO_DOCUMENTO_PREPROFESIONAL":"2","CODIGO":"PPR-002","NOMBRE":"Oficio a Entidad Receptora","DESCRIPCION":"Carta formal enviada por el estudiante a la instituci\u00f3n \"Instituto Tecnol\u00f3gico Superior Ibarra\", con el prop\u00f3sito de solicitar la oportunidad de realizar sus pr\u00e1cticas de servicio comunitario.","ORDEN":"2","OBLIGATORIO":"1","ACTIVO":"1","FECHA_CREACION":"2026-03-26 16:26:19","FECHA_ACTUALIZACION":"2026-03-26 16:26:19","REQUERIDO":"1"},{"ID_TIPO_DOCUMENTO_PREPROFESIONAL":"3","CODIGO":"PPR-003","NOMBRE":"Carta de Aceptaci\u00f3n","DESCRIPCION":"Carta oficial de la entidad receptora \"Instituto Tecnol\u00f3gico Superior Ibarra\" que confirma la aceptaci\u00f3n del o los estudiantes para realizar las pr\u00e1cticas de servicio comunitario en sus instalaciones.","ORDEN":"3","OBLIGATORIO":"1","ACTIVO":"1","FECHA_CREACION":"2026-03-26 16:26:19","FECHA_ACTUALIZACION":"2026-03-26 16:26:19","REQUERIDO":"1"},{"ID_TIPO_DOCUMENTO_PREPROFESIONAL":"4","CODIGO":"PPR-004","NOMBRE":"Solicitud Institucional Valorada","DESCRIPCION":"Documento de solicitud formal dirigido al Sr. Rector, Dr. Mario Montenegro, pidiendo la aprobaci\u00f3n institucional para la realizaci\u00f3n de las pr\u00e1cticas de servicio comunitario.","ORDEN":"4","OBLIGATORIO":"1","ACTIVO":"1","FECHA_CREACION":"2026-03-26 16:26:19","FECHA_ACTUALIZACION":"2026-03-26 16:26:19","REQUERIDO":"1"},{"ID_TIPO_DOCUMENTO_PREPROFESIONAL":"5","CODIGO":"PPR-005","NOMBRE":"Certificado de Culminaci\u00f3n de Horas","DESCRIPCION":"Certificado emitido por la entidad receptora \"Instituto Tecnol\u00f3gico Superior Ibarra\" que acredita que el estudiante ha completado las 60 horas requeridas de pr\u00e1cticas de servicio comunitario.","ORDEN":"5","OBLIGATORIO":"1","ACTIVO":"1","FECHA_CREACION":"2026-03-26 16:26:19","FECHA_ACTUALIZACION":"2026-03-26 16:26:19","REQUERIDO":"1"},{"ID_TIPO_DOCUMENTO_PREPROFESIONAL":"6","CODIGO":"PPR-006","NOMBRE":"Hojas de Asistencia","DESCRIPCION":"Registro f\u00edsico de la asistencia del estudiante en la entidad receptora. Incluye las firmas y sellos para validar las horas de trabajo.","ORDEN":"6","OBLIGATORIO":"1","ACTIVO":"1","FECHA_CREACION":"2026-03-26 16:26:19","FECHA_ACTUALIZACION":"2026-03-26 16:26:19","REQUERIDO":"1"},{"ID_TIPO_DOCUMENTO_PREPROFESIONAL":"7","CODIGO":"PPR-007","NOMBRE":"Ficha de Registro de Actividades","DESCRIPCION":"Documento detallado en el que el estudiante registra las actividades espec\u00edficas realizadas durante sus pr\u00e1cticas, incluyendo fechas y descripciones.","ORDEN":"7","OBLIGATORIO":"1","ACTIVO":"1","FECHA_CREACION":"2026-03-26 16:26:19","FECHA_ACTUALIZACION":"2026-03-26 16:26:19","REQUERIDO":"1"},{"ID_TIPO_DOCUMENTO_PREPROFESIONAL":"8","CODIGO":"PPR-008","NOMBRE":"R\u00fabrica de Evaluaci\u00f3n de Entidad","DESCRIPCION":"Formulario de evaluaci\u00f3n del desempe\u00f1o del estudiante, llenado y sellado por la entidad receptora. Valora aspectos como la responsabilidad, la proactividad y la calidad del trabajo.","ORDEN":"8","OBLIGATORIO":"1","ACTIVO":"1","FECHA_CREACION":"2026-03-26 16:26:19","FECHA_ACTUALIZACION":"2026-03-26 16:26:19","REQUERIDO":"1"},{"ID_TIPO_DOCUMENTO_PREPROFESIONAL":"9","CODIGO":"PPR-009","NOMBRE":"Ficha de Control y Seguimiento Docente","DESCRIPCION":"Documento utilizado por el tutor docente para registrar el seguimiento acad\u00e9mico del estudiante durante las pr\u00e1cticas. Incluye visitas o revisiones peri\u00f3dicas.","ORDEN":"9","OBLIGATORIO":"1","ACTIVO":"1","FECHA_CREACION":"2026-03-26 16:26:19","FECHA_ACTUALIZACION":"2026-03-26 16:26:19","REQUERIDO":"1"},{"ID_TIPO_DOCUMENTO_PREPROFESIONAL":"10","CODIGO":"PPR-010","NOMBRE":"R\u00fabrica de Evaluaci\u00f3n Docente","DESCRIPCION":"R\u00fabrica de evaluaci\u00f3n llenada y firmada por el tutor docente. Califica el desempe\u00f1o del estudiante en base a los criterios acad\u00e9micos del programa.","ORDEN":"10","OBLIGATORIO":"1","ACTIVO":"1","FECHA_CREACION":"2026-03-26 16:26:19","FECHA_ACTUALIZACION":"2026-03-26 16:26:19","REQUERIDO":"1"},{"ID_TIPO_DOCUMENTO_PREPROFESIONAL":"11","CODIGO":"PPR-011","NOMBRE":"R\u00fabrica de Evaluaci\u00f3n de Resultados","DESCRIPCION":"Evaluaci\u00f3n final realizada por el Departamento de Vinculaci\u00f3n con la Sociedad, que valora los resultados y el impacto del proyecto de servicio comunitario en su conjunto.","ORDEN":"11","OBLIGATORIO":"1","ACTIVO":"1","FECHA_CREACION":"2026-03-26 16:26:19","FECHA_ACTUALIZACION":"2026-03-26 16:26:19","REQUERIDO":"1"},{"ID_TIPO_DOCUMENTO_PREPROFESIONAL":"12","CODIGO":"PPR-012","NOMBRE":"Evidencia Fotogr\u00e1fica y Digital","DESCRIPCION":"Material de apoyo visual y digital, como fotos, capturas, videos o impresiones, que documenta y comprueba la realizaci\u00f3n de las actividades y trabajos del proyecto.","ORDEN":"12","OBLIGATORIO":"1","ACTIVO":"1","FECHA_CREACION":"2026-03-26 16:26:19","FECHA_ACTUALIZACION":"2026-03-26 16:26:19","REQUERIDO":"1"},{"ID_TIPO_DOCUMENTO_PREPROFESIONAL":"13","CODIGO":"1.13","NOMBRE":"Documento final","DESCRIPCION":"Documento de cierre o carpeta final de pr\u00e1cticas preprofesionales.","ORDEN":"13","OBLIGATORIO":"1","ACTIVO":"1","FECHA_CREACION":"2026-04-04 12:52:52","FECHA_ACTUALIZACION":"2026-04-04 12:52:52","REQUERIDO":"1"}]
DEBUG - 2026-04-04 12:52:53 --> Session: Class initialized using 'CodeIgniter\Session\Handlers\FileHandler' driver.
DEBUG - 2026-04-04 12:52:53 --> Consulta SQL: SELECT *
FROM `TAB_DOCUMENTOS_PRACTICAS_PREPROFESIONALES` `dp`
DEBUG - 2026-04-04 12:52:53 --> Resultados obtenidos: 10
DEBUG - 2026-04-04 12:52:53 --> Documentos obtenidos: [{"ID_DOCUMENTO_PREPROFESIONAL":"18","ID_PRACTICA_PREPROFESIONAL":"4","ID_TIPO_DOCUMENTO":"1","ID_ESTADO_REVISION":"1","NOMBRE_ARCHIVO":"estudiante_3_20260404093413_28cbbf8a.pdf","NOMBRE_ORIGINAL":null,"TIPO_ARCHIVO":"application\/pdf","TAMANO_ARCHIVO":null,"RUTA_ARCHIVO":null,"FECHA_SUBIDA":"2026-04-04 09:34:13","FECHA_REVISION":null,"ID_REVISOR":null,"OBSERVACIONES":"","OBSERVACIONES_REVISOR":null,"VERSION":"1","ACTIVO":"1","FECHA_CREACION":"2026-04-04 09:34:13","FECHA_ACTUALIZACION":"2026-04-04 09:34:13","ID_TIPO_DOCUMENTO_PREPROFESIONAL":"1","TIPO_DOCUMENTO_CODIGO":"PPR-001","TIPO_DOCUMENTO_NOMBRE":"Oficio de Asignaci\u00f3n de Tutor","TIPO_DOCUMENTO_DESCRIPCION":"Documento oficial emitido por la coordinaci\u00f3n de la carrera que designa al docente responsable de la tutor\u00eda y seguimiento de las pr\u00e1cticas de servicio comunitario del estudiante.","TIPO_DOCUMENTO_ORDEN":"1","TIPO_DOCUMENTO_OBLIGATORIO":"1","ESTADO_REVISION":"Pendiente","ID_ESTUDIANTE":"5","ENTIDAD_RECEPTORA":"Banco del Pac\u00edfico","ESTUDIANTE_NOMBRE":"Pedro Aguirre","NOMBRE_ESTUDIANTE":"Pedro","APELLIDO_ESTUDIANTE":"Aguirre","CEDULA_ESTUDIANTE":"0123456789"},{"ID_DOCUMENTO_PREPROFESIONAL":"17","ID_PRACTICA_PREPROFESIONAL":"2","ID_TIPO_DOCUMENTO":"9","ID_ESTADO_REVISION":"4","NOMBRE_ARCHIVO":"ficha_control_seguimiento_002_20250920.pdf","NOMBRE_ORIGINAL":"Ficha Control Seguimiento - Mar\u00eda.pdf","TIPO_ARCHIVO":"application\/pdf","TAMANO_ARCHIVO":"112233","RUTA_ARCHIVO":"\/uploads\/documentos-practicas\/","FECHA_SUBIDA":"2025-09-20 10:15:00","FECHA_REVISION":"2025-09-20 12:45:00","ID_REVISOR":"5","OBSERVACIONES":"Ficha de control y seguimiento docente","OBSERVACIONES_REVISOR":"Faltan las firmas del tutor docente, documento inv\u00e1lido","VERSION":"1","ACTIVO":"1","FECHA_CREACION":"2026-03-26 16:26:20","FECHA_ACTUALIZACION":"2026-03-26 16:26:20","ID_TIPO_DOCUMENTO_PREPROFESIONAL":"9","TIPO_DOCUMENTO_CODIGO":"PPR-009","TIPO_DOCUMENTO_NOMBRE":"Ficha de Control y Seguimiento Docente","TIPO_DOCUMENTO_DESCRIPCION":"Documento utilizado por el tutor docente para registrar el seguimiento acad\u00e9mico del estudiante durante las pr\u00e1cticas. Incluye visitas o revisiones peri\u00f3dicas.","TIPO_DOCUMENTO_ORDEN":"9","TIPO_DOCUMENTO_OBLIGATORIO":"1","ESTADO_REVISION":"Rechazado","ID_ESTUDIANTE":"2","ENTIDAD_RECEPTORA":"Banco del Pac\u00edfico","ESTUDIANTE_NOMBRE":"Mar\u00eda Elena Garc\u00eda Torres","NOMBRE_ESTUDIANTE":"Mar\u00eda Elena","APELLIDO_ESTUDIANTE":"Garc\u00eda Torres","CEDULA_ESTUDIANTE":"1002345678"},{"ID_DOCUMENTO_PREPROFESIONAL":"15","ID_PRACTICA_PREPROFESIONAL":"2","ID_TIPO_DOCUMENTO":"7","ID_ESTADO_REVISION":"5","NOMBRE_ARCHIVO":"ficha_registro_actividades_002_20250915.pdf","NOMBRE_ORIGINAL":"Ficha Registro Actividades - Mar\u00eda.pdf","TIPO_ARCHIVO":"application\/pdf","TAMANO_ARCHIVO":"98765","RUTA_ARCHIVO":"\/uploads\/documentos-practicas\/","FECHA_SUBIDA":"2025-09-15 11:30:00","FECHA_REVISION":"2025-09-15 14:20:00","ID_REVISOR":"5","OBSERVACIONES":"Ficha de registro de actividades","OBSERVACIONES_REVISOR":"Descripci\u00f3n de actividades muy general, especificar m\u00e1s detalles","VERSION":"1","ACTIVO":"1","FECHA_CREACION":"2026-03-26 16:26:20","FECHA_ACTUALIZACION":"2026-03-26 16:26:20","ID_TIPO_DOCUMENTO_PREPROFESIONAL":"7","TIPO_DOCUMENTO_CODIGO":"PPR-007","TIPO_DOCUMENTO_NOMBRE":"Ficha de Registro de Actividades","TIPO_DOCUMENTO_DESCRIPCION":"Documento detallado en el que el estudiante registra las actividades espec\u00edficas realizadas durante sus pr\u00e1cticas, incluyendo fechas y descripciones.","TIPO_DOCUMENTO_ORDEN":"7","TIPO_DOCUMENTO_OBLIGATORIO":"1","ESTADO_REVISION":"Requiere Correcci\u00f3n","ID_ESTUDIANTE":"2","ENTIDAD_RECEPTORA":"Banco del Pac\u00edfico","ESTUDIANTE_NOMBRE":"Mar\u00eda Elena Garc\u00eda Torres","NOMBRE_ESTUDIANTE":"Mar\u00eda Elena","APELLIDO_ESTUDIANTE":"Garc\u00eda Torres","CEDULA_ESTUDIANTE":"1002345678"},{"ID_DOCUMENTO_PREPROFESIONAL":"14","ID_PRACTICA_PREPROFESIONAL":"1","ID_TIPO_DOCUMENTO":"6","ID_ESTADO_REVISION":"5","NOMBRE_ARCHIVO":"hojas_asistencia_001_20250830.pdf","NOMBRE_ORIGINAL":"Hojas de Asistencia - Juan Carlos.pdf","TIPO_ARCHIVO":"application\/pdf","TAMANO_ARCHIVO":"123456","RUTA_ARCHIVO":"\/uploads\/documentos-practicas\/","FECHA_SUBIDA":"2025-08-30 16:15:00","FECHA_REVISION":"2025-08-30 17:45:00","ID_REVISOR":"4","OBSERVACIONES":"Hojas de asistencia completas","OBSERVACIONES_REVISOR":"Faltan firmas en algunas fechas, corregir y volver a subir","VERSION":"1","ACTIVO":"1","FECHA_CREACION":"2026-03-26 16:26:20","FECHA_ACTUALIZACION":"2026-03-26 16:26:20","ID_TIPO_DOCUMENTO_PREPROFESIONAL":"6","TIPO_DOCUMENTO_CODIGO":"PPR-006","TIPO_DOCUMENTO_NOMBRE":"Hojas de Asistencia","TIPO_DOCUMENTO_DESCRIPCION":"Registro f\u00edsico de la asistencia del estudiante en la entidad receptora. Incluye las firmas y sellos para validar las horas de trabajo.","TIPO_DOCUMENTO_ORDEN":"6","TIPO_DOCUMENTO_OBLIGATORIO":"1","ESTADO_REVISION":"Requiere Correcci\u00f3n","ID_ESTUDIANTE":"1","ENTIDAD_RECEPTORA":"Hospital San Vicente de Pa\u00fal","ESTUDIANTE_NOMBRE":"Juan Carlos P\u00e9rez L\u00f3pez","NOMBRE_ESTUDIANTE":"Juan Carlos","APELLIDO_ESTUDIANTE":"P\u00e9rez L\u00f3pez","CEDULA_ESTUDIANTE":"1001234567"},{"ID_DOCUMENTO_PREPROFESIONAL":"16","ID_PRACTICA_PREPROFESIONAL":"1","ID_TIPO_DOCUMENTO":"8","ID_ESTADO_REVISION":"4","NOMBRE_ARCHIVO":"rubrica_evaluacion_entidad_001_20250825.pdf","NOMBRE_ORIGINAL":"R\u00fabrica Evaluaci\u00f3n Entidad - Juan.pdf","TIPO_ARCHIVO":"application\/pdf","TAMANO_ARCHIVO":"87654","RUTA_ARCHIVO":"\/uploads\/documentos-practicas\/","FECHA_SUBIDA":"2025-08-25 15:00:00","FECHA_REVISION":"2025-08-25 16:30:00","ID_REVISOR":"4","OBSERVACIONES":"R\u00fabrica de evaluaci\u00f3n de entidad","OBSERVACIONES_REVISOR":"Documento no tiene sello oficial de la entidad, rechazado","VERSION":"1","ACTIVO":"1","FECHA_CREACION":"2026-03-26 16:26:20","FECHA_ACTUALIZACION":"2026-03-26 16:26:20","ID_TIPO_DOCUMENTO_PREPROFESIONAL":"8","TIPO_DOCUMENTO_CODIGO":"PPR-008","TIPO_DOCUMENTO_NOMBRE":"R\u00fabrica de Evaluaci\u00f3n de Entidad","TIPO_DOCUMENTO_DESCRIPCION":"Formulario de evaluaci\u00f3n del desempe\u00f1o del estudiante, llenado y sellado por la entidad receptora. Valora aspectos como la responsabilidad, la proactividad y la calidad del trabajo.","TIPO_DOCUMENTO_ORDEN":"8","TIPO_DOCUMENTO_OBLIGATORIO":"1","ESTADO_REVISION":"Rechazado","ID_ESTUDIANTE":"1","ENTIDAD_RECEPTORA":"Hospital San Vicente de Pa\u00fal","ESTUDIANTE_NOMBRE":"Juan Carlos P\u00e9rez L\u00f3pez","NOMBRE_ESTUDIANTE":"Juan Carlos","APELLIDO_ESTUDIANTE":"P\u00e9rez L\u00f3pez","CEDULA_ESTUDIANTE":"1001234567"},{"ID_DOCUMENTO_PREPROFESIONAL":"5","ID_PRACTICA_PREPROFESIONAL":"2","ID_TIPO_DOCUMENTO":"2","ID_ESTADO_REVISION":"3","NOMBRE_ARCHIVO":"oficio_entidad_receptora_002_20250702.pdf","NOMBRE_ORIGINAL":"Oficio Entidad Receptora - Banco.pdf","TIPO_ARCHIVO":"application\/pdf","TAMANO_ARCHIVO":"178944","RUTA_ARCHIVO":"\/uploads\/documentos-practicas\/","FECHA_SUBIDA":"2025-07-02 15:45:00","FECHA_REVISION":"2025-07-02 17:20:00","ID_REVISOR":"5","OBSERVACIONES":"Oficio enviado a la entidad receptora","OBSERVACIONES_REVISOR":"Oficio formal y bien estructurado","VERSION":"1","ACTIVO":"1","FECHA_CREACION":"2026-03-26 16:26:20","FECHA_ACTUALIZACION":"2026-03-26 16:26:20","ID_TIPO_DOCUMENTO_PREPROFESIONAL":"2","TIPO_DOCUMENTO_CODIGO":"PPR-002","TIPO_DOCUMENTO_NOMBRE":"Oficio a Entidad Receptora","TIPO_DOCUMENTO_DESCRIPCION":"Carta formal enviada por el estudiante a la instituci\u00f3n \"Instituto Tecnol\u00f3gico Superior Ibarra\", con el prop\u00f3sito de solicitar la oportunidad de realizar sus pr\u00e1cticas de servicio comunitario.","TIPO_DOCUMENTO_ORDEN":"2","TIPO_DOCUMENTO_OBLIGATORIO":"1","ESTADO_REVISION":"Aprobado","ID_ESTUDIANTE":"2","ENTIDAD_RECEPTORA":"Banco del Pac\u00edfico","ESTUDIANTE_NOMBRE":"Mar\u00eda Elena Garc\u00eda Torres","NOMBRE_ESTUDIANTE":"Mar\u00eda Elena","APELLIDO_ESTUDIANTE":"Garc\u00eda Torres","CEDULA_ESTUDIANTE":"1002345678"},{"ID_DOCUMENTO_PREPROFESIONAL":"4","ID_PRACTICA_PREPROFESIONAL":"2","ID_TIPO_DOCUMENTO":"1","ID_ESTADO_REVISION":"3","NOMBRE_ARCHIVO":"oficio_asignacion_tutor_002_20250701.pdf","NOMBRE_ORIGINAL":"Oficio Asignaci\u00f3n Tutor - Mar\u00eda Elena.pdf","TIPO_ARCHIVO":"application\/pdf","TAMANO_ARCHIVO":"234880","RUTA_ARCHIVO":"\/uploads\/documentos-practicas\/","FECHA_SUBIDA":"2025-07-01 11:00:00","FECHA_REVISION":"2025-07-01 13:15:00","ID_REVISOR":"5","OBSERVACIONES":"Documento oficial de asignaci\u00f3n","OBSERVACIONES_REVISOR":"Asignaci\u00f3n correcta del tutor","VERSION":"1","ACTIVO":"1","FECHA_CREACION":"2026-03-26 16:26:20","FECHA_ACTUALIZACION":"2026-03-26 16:26:20","ID_TIPO_DOCUMENTO_PREPROFESIONAL":"1","TIPO_DOCUMENTO_CODIGO":"PPR-001","TIPO_DOCUMENTO_NOMBRE":"Oficio de Asignaci\u00f3n de Tutor","TIPO_DOCUMENTO_DESCRIPCION":"Documento oficial emitido por la coordinaci\u00f3n de la carrera que designa al docente responsable de la tutor\u00eda y seguimiento de las pr\u00e1cticas de servicio comunitario del estudiante.","TIPO_DOCUMENTO_ORDEN":"1","TIPO_DOCUMENTO_OBLIGATORIO":"1","ESTADO_REVISION":"Aprobado","ID_ESTUDIANTE":"2","ENTIDAD_RECEPTORA":"Banco del Pac\u00edfico","ESTUDIANTE_NOMBRE":"Mar\u00eda Elena Garc\u00eda Torres","NOMBRE_ESTUDIANTE":"Mar\u00eda Elena","APELLIDO_ESTUDIANTE":"Garc\u00eda Torres","CEDULA_ESTUDIANTE":"1002345678"},{"ID_DOCUMENTO_PREPROFESIONAL":"3","ID_PRACTICA_PREPROFESIONAL":"1","ID_TIPO_DOCUMENTO":"3","ID_ESTADO_REVISION":"3","NOMBRE_ARCHIVO":"carta_aceptacion_001_20250603.pdf","NOMBRE_ORIGINAL":"Carta Aceptaci\u00f3n - Hospital.pdf","TIPO_ARCHIVO":"application\/pdf","TAMANO_ARCHIVO":"156672","RUTA_ARCHIVO":"\/uploads\/documentos-practicas\/","FECHA_SUBIDA":"2025-06-03 09:15:00","FECHA_REVISION":"2025-06-03 11:20:00","ID_REVISOR":"4","OBSERVACIONES":"Carta de aceptaci\u00f3n de la entidad","OBSERVACIONES_REVISOR":"Carta oficial con sello institucional","VERSION":"1","ACTIVO":"1","FECHA_CREACION":"2026-03-26 16:26:20","FECHA_ACTUALIZACION":"2026-03-26 16:26:20","ID_TIPO_DOCUMENTO_PREPROFESIONAL":"3","TIPO_DOCUMENTO_CODIGO":"PPR-003","TIPO_DOCUMENTO_NOMBRE":"Carta de Aceptaci\u00f3n","TIPO_DOCUMENTO_DESCRIPCION":"Carta oficial de la entidad receptora \"Instituto Tecnol\u00f3gico Superior Ibarra\" que confirma la aceptaci\u00f3n del o los estudiantes para realizar las pr\u00e1cticas de servicio comunitario en sus instalaciones.","TIPO_DOCUMENTO_ORDEN":"3","TIPO_DOCUMENTO_OBLIGATORIO":"1","ESTADO_REVISION":"Aprobado","ID_ESTUDIANTE":"1","ENTIDAD_RECEPTORA":"Hospital San Vicente de Pa\u00fal","ESTUDIANTE_NOMBRE":"Juan Carlos P\u00e9rez L\u00f3pez","NOMBRE_ESTUDIANTE":"Juan Carlos","APELLIDO_ESTUDIANTE":"P\u00e9rez L\u00f3pez","CEDULA_ESTUDIANTE":"1001234567"},{"ID_DOCUMENTO_PREPROFESIONAL":"2","ID_PRACTICA_PREPROFESIONAL":"1","ID_TIPO_DOCUMENTO":"2","ID_ESTADO_REVISION":"3","NOMBRE_ARCHIVO":"oficio_entidad_receptora_001_20250602.pdf","NOMBRE_ORIGINAL":"Oficio Entidad Receptora - Hospital.pdf","TIPO_ARCHIVO":"application\/pdf","TAMANO_ARCHIVO":"189440","RUTA_ARCHIVO":"\/uploads\/documentos-practicas\/","FECHA_SUBIDA":"2025-06-02 14:30:00","FECHA_REVISION":"2025-06-02 16:45:00","ID_REVISOR":"4","OBSERVACIONES":"Oficio enviado a la entidad receptora","OBSERVACIONES_REVISOR":"Oficio bien redactado y formal","VERSION":"1","ACTIVO":"1","FECHA_CREACION":"2026-03-26 16:26:20","FECHA_ACTUALIZACION":"2026-03-26 16:26:20","ID_TIPO_DOCUMENTO_PREPROFESIONAL":"2","TIPO_DOCUMENTO_CODIGO":"PPR-002","TIPO_DOCUMENTO_NOMBRE":"Oficio a Entidad Receptora","TIPO_DOCUMENTO_DESCRIPCION":"Carta formal enviada por el estudiante a la instituci\u00f3n \"Instituto Tecnol\u00f3gico Superior Ibarra\", con el prop\u00f3sito de solicitar la oportunidad de realizar sus pr\u00e1cticas de servicio comunitario.","TIPO_DOCUMENTO_ORDEN":"2","TIPO_DOCUMENTO_OBLIGATORIO":"1","ESTADO_REVISION":"Aprobado","ID_ESTUDIANTE":"1","ENTIDAD_RECEPTORA":"Hospital San Vicente de Pa\u00fal","ESTUDIANTE_NOMBRE":"Juan Carlos P\u00e9rez L\u00f3pez","NOMBRE_ESTUDIANTE":"Juan Carlos","APELLIDO_ESTUDIANTE":"P\u00e9rez L\u00f3pez","CEDULA_ESTUDIANTE":"1001234567"},{"ID_DOCUMENTO_PREPROFESIONAL":"1","ID_PRACTICA_PREPROFESIONAL":"1","ID_TIPO_DOCUMENTO":"1","ID_ESTADO_REVISION":"3","NOMBRE_ARCHIVO":"oficio_asignacion_tutor_001_20250601.pdf","NOMBRE_ORIGINAL":"Oficio Asignaci\u00f3n Tutor - Juan Carlos.pdf","TIPO_ARCHIVO":"application\/pdf","TAMANO_ARCHIVO":"245760","RUTA_ARCHIVO":"\/uploads\/documentos-practicas\/","FECHA_SUBIDA":"2025-06-01 10:00:00","FECHA_REVISION":"2025-06-01 14:30:00","ID_REVISOR":"4","OBSERVACIONES":"Documento oficial de asignaci\u00f3n","OBSERVACIONES_REVISOR":"Documento aprobado correctamente","VERSION":"1","ACTIVO":"1","FECHA_CREACION":"2026-03-26 16:26:20","FECHA_ACTUALIZACION":"2026-03-26 16:26:20","ID_TIPO_DOCUMENTO_PREPROFESIONAL":"1","TIPO_DOCUMENTO_CODIGO":"PPR-001","TIPO_DOCUMENTO_NOMBRE":"Oficio de Asignaci\u00f3n de Tutor","TIPO_DOCUMENTO_DESCRIPCION":"Documento oficial emitido por la coordinaci\u00f3n de la carrera que designa al docente responsable de la tutor\u00eda y seguimiento de las pr\u00e1cticas de servicio comunitario del estudiante.","TIPO_DOCUMENTO_ORDEN":"1","TIPO_DOCUMENTO_OBLIGATORIO":"1","ESTADO_REVISION":"Aprobado","ID_ESTUDIANTE":"1","ENTIDAD_RECEPTORA":"Hospital San Vicente de Pa\u00fal","ESTUDIANTE_NOMBRE":"Juan Carlos P\u00e9rez L\u00f3pez","NOMBRE_ESTUDIANTE":"Juan Carlos","APELLIDO_ESTUDIANTE":"P\u00e9rez L\u00f3pez","CEDULA_ESTUDIANTE":"1001234567"}]
DEBUG - 2026-04-04 12:53:04 --> Session: Class initialized using 'CodeIgniter\Session\Handlers\FileHandler' driver.
ERROR - 2026-04-04 12:53:04 --> mysqli_sql_exception: Unknown column 'TAB_ROLES.NOMBRE_ROL' in 'where clause' in C:\xampp\htdocs\ITSI\vendor\codeigniter4\framework\system\Database\MySQLi\Connection.php:327
Stack trace:
#0 C:\xampp\htdocs\ITSI\vendor\codeigniter4\framework\system\Database\MySQLi\Connection.php(327): mysqli->query('SELECT `TAB_USU...', 0)
#1 C:\xampp\htdocs\ITSI\vendor\codeigniter4\framework\system\Database\BaseConnection.php(738): CodeIgniter\Database\MySQLi\Connection->execute('SELECT `TAB_USU...')
#2 C:\xampp\htdocs\ITSI\vendor\codeigniter4\framework\system\Database\BaseConnection.php(652): CodeIgniter\Database\BaseConnection->simpleQuery('SELECT `TAB_USU...')
#3 C:\xampp\htdocs\ITSI\vendor\codeigniter4\framework\system\Database\BaseBuilder.php(1649): CodeIgniter\Database\BaseConnection->query('SELECT `TAB_USU...', Array, false)
#4 C:\xampp\htdocs\ITSI\vendor\codeigniter4\framework\system\Model.php(286): CodeIgniter\Database\BaseBuilder->get()
#5 C:\xampp\htdocs\ITSI\vendor\codeigniter4\framework\system\BaseModel.php(679): CodeIgniter\Model->doFindAll(0, 0)
#6 C:\xampp\htdocs\ITSI\app\Controllers\coord\DocumentosServicioComunitarioCoordController.php(494): CodeIgniter\BaseModel->findAll()
#7 C:\xampp\htdocs\ITSI\app\Controllers\coord\DocumentosServicioComunitarioCoordController.php(58): App\Controllers\coord\DocumentosServicioComunitarioCoordController->getEstudiantes()
#8 C:\xampp\htdocs\ITSI\vendor\codeigniter4\framework\system\CodeIgniter.php(933): App\Controllers\coord\DocumentosServicioComunitarioCoordController->index()
#9 C:\xampp\htdocs\ITSI\vendor\codeigniter4\framework\system\CodeIgniter.php(507): CodeIgniter\CodeIgniter->runController(Object(App\Controllers\coord\DocumentosServicioComunitarioCoordController))
#10 C:\xampp\htdocs\ITSI\vendor\codeigniter4\framework\system\CodeIgniter.php(354): CodeIgniter\CodeIgniter->handleRequest(NULL, Object(Config\Cache), false)
#11 C:\xampp\htdocs\ITSI\vendor\codeigniter4\framework\system\Boot.php(334): CodeIgniter\CodeIgniter->run()
#12 C:\xampp\htdocs\ITSI\vendor\codeigniter4\framework\system\Boot.php(67): CodeIgniter\Boot::runCodeIgniter(Object(CodeIgniter\CodeIgniter))
#13 C:\xampp\htdocs\ITSI\public\index.php(59): CodeIgniter\Boot::bootWeb(Object(Config\Paths))
#14 {main}
DEBUG - 2026-04-04 12:53:04 --> Session: Class initialized using 'CodeIgniter\Session\Handlers\FileHandler' driver.
DEBUG - 2026-04-04 12:53:10 --> Session: Class initialized using 'CodeIgniter\Session\Handlers\FileHandler' driver.
DEBUG - 2026-04-04 12:53:12 --> Session: Class initialized using 'CodeIgniter\Session\Handlers\FileHandler' driver.
ERROR - 2026-04-04 12:53:12 --> mysqli_sql_exception: Unknown column 'TAB_ROLES.NOMBRE_ROL' in 'where clause' in C:\xampp\htdocs\ITSI\vendor\codeigniter4\framework\system\Database\MySQLi\Connection.php:327
Stack trace:
#0 C:\xampp\htdocs\ITSI\vendor\codeigniter4\framework\system\Database\MySQLi\Connection.php(327): mysqli->query('SELECT `TAB_USU...', 0)
#1 C:\xampp\htdocs\ITSI\vendor\codeigniter4\framework\system\Database\BaseConnection.php(738): CodeIgniter\Database\MySQLi\Connection->execute('SELECT `TAB_USU...')
#2 C:\xampp\htdocs\ITSI\vendor\codeigniter4\framework\system\Database\BaseConnection.php(652): CodeIgniter\Database\BaseConnection->simpleQuery('SELECT `TAB_USU...')
#3 C:\xampp\htdocs\ITSI\vendor\codeigniter4\framework\system\Database\BaseBuilder.php(1649): CodeIgniter\Database\BaseConnection->query('SELECT `TAB_USU...', Array, false)
#4 C:\xampp\htdocs\ITSI\vendor\codeigniter4\framework\system\Model.php(286): CodeIgniter\Database\BaseBuilder->get()
#5 C:\xampp\htdocs\ITSI\vendor\codeigniter4\framework\system\BaseModel.php(679): CodeIgniter\Model->doFindAll(0, 0)
#6 C:\xampp\htdocs\ITSI\app\Controllers\coord\DocumentosServicioComunitarioCoordController.php(494): CodeIgniter\BaseModel->findAll()
#7 C:\xampp\htdocs\ITSI\app\Controllers\coord\DocumentosServicioComunitarioCoordController.php(58): App\Controllers\coord\DocumentosServicioComunitarioCoordController->getEstudiantes()
#8 C:\xampp\htdocs\ITSI\vendor\codeigniter4\framework\system\CodeIgniter.php(933): App\Controllers\coord\DocumentosServicioComunitarioCoordController->index()
#9 C:\xampp\htdocs\ITSI\vendor\codeigniter4\framework\system\CodeIgniter.php(507): CodeIgniter\CodeIgniter->runController(Object(App\Controllers\coord\DocumentosServicioComunitarioCoordController))
#10 C:\xampp\htdocs\ITSI\vendor\codeigniter4\framework\system\CodeIgniter.php(354): CodeIgniter\CodeIgniter->handleRequest(NULL, Object(Config\Cache), false)
#11 C:\xampp\htdocs\ITSI\vendor\codeigniter4\framework\system\Boot.php(334): CodeIgniter\CodeIgniter->run()
#12 C:\xampp\htdocs\ITSI\vendor\codeigniter4\framework\system\Boot.php(67): CodeIgniter\Boot::runCodeIgniter(Object(CodeIgniter\CodeIgniter))
#13 C:\xampp\htdocs\ITSI\public\index.php(59): CodeIgniter\Boot::bootWeb(Object(Config\Paths))
#14 {main}
DEBUG - 2026-04-04 12:53:13 --> Session: Class initialized using 'CodeIgniter\Session\Handlers\FileHandler' driver.
DEBUG - 2026-04-04 13:03:20 --> Session: Class initialized using 'CodeIgniter\Session\Handlers\FileHandler' driver.
INFO - 2026-04-04 13:03:20 --> Iniciando proceso de cierre de sesión para usuario: ycampues
INFO - 2026-04-04 13:03:20 --> Sesión cerrada exitosamente
DEBUG - 2026-04-04 13:03:20 --> Session: Class initialized using 'CodeIgniter\Session\Handlers\FileHandler' driver.
DEBUG - 2026-04-04 13:05:20 --> Session: Class initialized using 'CodeIgniter\Session\Handlers\FileHandler' driver.
INFO - 2026-04-04 13:05:20 --> Usuario autenticado: 1004191845 con rol: 1 - requiere cambio password: no
DEBUG - 2026-04-04 13:05:21 --> Session: Class initialized using 'CodeIgniter\Session\Handlers\FileHandler' driver.
DEBUG - 2026-04-04 13:05:21 --> Estadísticas mensuales prácticas: [{"mes":"May 2025","preprofesionales":0,"servicioComunitario":0},{"mes":"Jun 2025","preprofesionales":1,"servicioComunitario":0},{"mes":"Jul 2025","preprofesionales":1,"servicioComunitario":0},{"mes":"Ago 2025","preprofesionales":0,"servicioComunitario":1},{"mes":"Sep 2025","preprofesionales":1,"servicioComunitario":0},{"mes":"Oct 2025","preprofesionales":1,"servicioComunitario":0},{"mes":"Nov 2025","preprofesionales":0,"servicioComunitario":1},{"mes":"Dic 2025","preprofesionales":0,"servicioComunitario":0},{"mes":"Ene 2026","preprofesionales":0,"servicioComunitario":0},{"mes":"Feb 2026","preprofesionales":0,"servicioComunitario":0},{"mes":"Mar 2026","preprofesionales":0,"servicioComunitario":0},{"mes":"Abr 2026","preprofesionales":0,"servicioComunitario":0}]
DEBUG - 2026-04-04 13:05:25 --> Session: Class initialized using 'CodeIgniter\Session\Handlers\FileHandler' driver.
ERROR - 2026-04-04 13:05:25 --> mysqli_sql_exception: Unknown column 'TAB_ROLES.NOMBRE_ROL' in 'where clause' in C:\xampp\htdocs\ITSI\vendor\codeigniter4\framework\system\Database\MySQLi\Connection.php:327
Stack trace:
#0 C:\xampp\htdocs\ITSI\vendor\codeigniter4\framework\system\Database\MySQLi\Connection.php(327): mysqli->query('SELECT `TAB_USU...', 0)
#1 C:\xampp\htdocs\ITSI\vendor\codeigniter4\framework\system\Database\BaseConnection.php(738): CodeIgniter\Database\MySQLi\Connection->execute('SELECT `TAB_USU...')
#2 C:\xampp\htdocs\ITSI\vendor\codeigniter4\framework\system\Database\BaseConnection.php(652): CodeIgniter\Database\BaseConnection->simpleQuery('SELECT `TAB_USU...')
#3 C:\xampp\htdocs\ITSI\vendor\codeigniter4\framework\system\Database\BaseBuilder.php(1649): CodeIgniter\Database\BaseConnection->query('SELECT `TAB_USU...', Array, false)
#4 C:\xampp\htdocs\ITSI\vendor\codeigniter4\framework\system\Model.php(286): CodeIgniter\Database\BaseBuilder->get()
#5 C:\xampp\htdocs\ITSI\vendor\codeigniter4\framework\system\BaseModel.php(679): CodeIgniter\Model->doFindAll(0, 0)
#6 C:\xampp\htdocs\ITSI\app\Controllers\coord\DocumentosServicioComunitarioCoordController.php(494): CodeIgniter\BaseModel->findAll()
#7 C:\xampp\htdocs\ITSI\app\Controllers\coord\DocumentosServicioComunitarioCoordController.php(58): App\Controllers\coord\DocumentosServicioComunitarioCoordController->getEstudiantes()
#8 C:\xampp\htdocs\ITSI\vendor\codeigniter4\framework\system\CodeIgniter.php(933): App\Controllers\coord\DocumentosServicioComunitarioCoordController->index()
#9 C:\xampp\htdocs\ITSI\vendor\codeigniter4\framework\system\CodeIgniter.php(507): CodeIgniter\CodeIgniter->runController(Object(App\Controllers\coord\DocumentosServicioComunitarioCoordController))
#10 C:\xampp\htdocs\ITSI\vendor\codeigniter4\framework\system\CodeIgniter.php(354): CodeIgniter\CodeIgniter->handleRequest(NULL, Object(Config\Cache), false)
#11 C:\xampp\htdocs\ITSI\vendor\codeigniter4\framework\system\Boot.php(334): CodeIgniter\CodeIgniter->run()
#12 C:\xampp\htdocs\ITSI\vendor\codeigniter4\framework\system\Boot.php(67): CodeIgniter\Boot::runCodeIgniter(Object(CodeIgniter\CodeIgniter))
#13 C:\xampp\htdocs\ITSI\public\index.php(59): CodeIgniter\Boot::bootWeb(Object(Config\Paths))
#14 {main}
DEBUG - 2026-04-04 13:05:26 --> Session: Class initialized using 'CodeIgniter\Session\Handlers\FileHandler' driver.
DEBUG - 2026-04-04 13:05:31 --> Session: Class initialized using 'CodeIgniter\Session\Handlers\FileHandler' driver.
DEBUG - 2026-04-04 13:05:31 --> Consulta SQL: SELECT *
FROM `TAB_DOCUMENTOS_PRACTICAS_PREPROFESIONALES` `dp`
DEBUG - 2026-04-04 13:05:31 --> Resultados obtenidos: 10
DEBUG - 2026-04-04 13:05:31 --> Tipos de documentos en index: [{"ID_TIPO_DOCUMENTO_PREPROFESIONAL":"1","CODIGO":"PPR-001","NOMBRE":"Oficio de Asignaci\u00f3n de Tutor","DESCRIPCION":"Documento oficial emitido por la coordinaci\u00f3n de la carrera que designa al docente responsable de la tutor\u00eda y seguimiento de las pr\u00e1cticas de servicio comunitario del estudiante.","ORDEN":"1","OBLIGATORIO":"1","ACTIVO":"1","FECHA_CREACION":"2026-03-26 16:26:19","FECHA_ACTUALIZACION":"2026-03-26 16:26:19","REQUERIDO":"1"},{"ID_TIPO_DOCUMENTO_PREPROFESIONAL":"2","CODIGO":"PPR-002","NOMBRE":"Oficio a Entidad Receptora","DESCRIPCION":"Carta formal enviada por el estudiante a la instituci\u00f3n \"Instituto Tecnol\u00f3gico Superior Ibarra\", con el prop\u00f3sito de solicitar la oportunidad de realizar sus pr\u00e1cticas de servicio comunitario.","ORDEN":"2","OBLIGATORIO":"1","ACTIVO":"1","FECHA_CREACION":"2026-03-26 16:26:19","FECHA_ACTUALIZACION":"2026-03-26 16:26:19","REQUERIDO":"1"},{"ID_TIPO_DOCUMENTO_PREPROFESIONAL":"3","CODIGO":"PPR-003","NOMBRE":"Carta de Aceptaci\u00f3n","DESCRIPCION":"Carta oficial de la entidad receptora \"Instituto Tecnol\u00f3gico Superior Ibarra\" que confirma la aceptaci\u00f3n del o los estudiantes para realizar las pr\u00e1cticas de servicio comunitario en sus instalaciones.","ORDEN":"3","OBLIGATORIO":"1","ACTIVO":"1","FECHA_CREACION":"2026-03-26 16:26:19","FECHA_ACTUALIZACION":"2026-03-26 16:26:19","REQUERIDO":"1"},{"ID_TIPO_DOCUMENTO_PREPROFESIONAL":"4","CODIGO":"PPR-004","NOMBRE":"Solicitud Institucional Valorada","DESCRIPCION":"Documento de solicitud formal dirigido al Sr. Rector, Dr. Mario Montenegro, pidiendo la aprobaci\u00f3n institucional para la realizaci\u00f3n de las pr\u00e1cticas de servicio comunitario.","ORDEN":"4","OBLIGATORIO":"1","ACTIVO":"1","FECHA_CREACION":"2026-03-26 16:26:19","FECHA_ACTUALIZACION":"2026-03-26 16:26:19","REQUERIDO":"1"},{"ID_TIPO_DOCUMENTO_PREPROFESIONAL":"5","CODIGO":"PPR-005","NOMBRE":"Certificado de Culminaci\u00f3n de Horas","DESCRIPCION":"Certificado emitido por la entidad receptora \"Instituto Tecnol\u00f3gico Superior Ibarra\" que acredita que el estudiante ha completado las 60 horas requeridas de pr\u00e1cticas de servicio comunitario.","ORDEN":"5","OBLIGATORIO":"1","ACTIVO":"1","FECHA_CREACION":"2026-03-26 16:26:19","FECHA_ACTUALIZACION":"2026-03-26 16:26:19","REQUERIDO":"1"},{"ID_TIPO_DOCUMENTO_PREPROFESIONAL":"6","CODIGO":"PPR-006","NOMBRE":"Hojas de Asistencia","DESCRIPCION":"Registro f\u00edsico de la asistencia del estudiante en la entidad receptora. Incluye las firmas y sellos para validar las horas de trabajo.","ORDEN":"6","OBLIGATORIO":"1","ACTIVO":"1","FECHA_CREACION":"2026-03-26 16:26:19","FECHA_ACTUALIZACION":"2026-03-26 16:26:19","REQUERIDO":"1"},{"ID_TIPO_DOCUMENTO_PREPROFESIONAL":"7","CODIGO":"PPR-007","NOMBRE":"Ficha de Registro de Actividades","DESCRIPCION":"Documento detallado en el que el estudiante registra las actividades espec\u00edficas realizadas durante sus pr\u00e1cticas, incluyendo fechas y descripciones.","ORDEN":"7","OBLIGATORIO":"1","ACTIVO":"1","FECHA_CREACION":"2026-03-26 16:26:19","FECHA_ACTUALIZACION":"2026-03-26 16:26:19","REQUERIDO":"1"},{"ID_TIPO_DOCUMENTO_PREPROFESIONAL":"8","CODIGO":"PPR-008","NOMBRE":"R\u00fabrica de Evaluaci\u00f3n de Entidad","DESCRIPCION":"Formulario de evaluaci\u00f3n del desempe\u00f1o del estudiante, llenado y sellado por la entidad receptora. Valora aspectos como la responsabilidad, la proactividad y la calidad del trabajo.","ORDEN":"8","OBLIGATORIO":"1","ACTIVO":"1","FECHA_CREACION":"2026-03-26 16:26:19","FECHA_ACTUALIZACION":"2026-03-26 16:26:19","REQUERIDO":"1"},{"ID_TIPO_DOCUMENTO_PREPROFESIONAL":"9","CODIGO":"PPR-009","NOMBRE":"Ficha de Control y Seguimiento Docente","DESCRIPCION":"Documento utilizado por el tutor docente para registrar el seguimiento acad\u00e9mico del estudiante durante las pr\u00e1cticas. Incluye visitas o revisiones peri\u00f3dicas.","ORDEN":"9","OBLIGATORIO":"1","ACTIVO":"1","FECHA_CREACION":"2026-03-26 16:26:19","FECHA_ACTUALIZACION":"2026-03-26 16:26:19","REQUERIDO":"1"},{"ID_TIPO_DOCUMENTO_PREPROFESIONAL":"10","CODIGO":"PPR-010","NOMBRE":"R\u00fabrica de Evaluaci\u00f3n Docente","DESCRIPCION":"R\u00fabrica de evaluaci\u00f3n llenada y firmada por el tutor docente. Califica el desempe\u00f1o del estudiante en base a los criterios acad\u00e9micos del programa.","ORDEN":"10","OBLIGATORIO":"1","ACTIVO":"1","FECHA_CREACION":"2026-03-26 16:26:19","FECHA_ACTUALIZACION":"2026-03-26 16:26:19","REQUERIDO":"1"},{"ID_TIPO_DOCUMENTO_PREPROFESIONAL":"11","CODIGO":"PPR-011","NOMBRE":"R\u00fabrica de Evaluaci\u00f3n de Resultados","DESCRIPCION":"Evaluaci\u00f3n final realizada por el Departamento de Vinculaci\u00f3n con la Sociedad, que valora los resultados y el impacto del proyecto de servicio comunitario en su conjunto.","ORDEN":"11","OBLIGATORIO":"1","ACTIVO":"1","FECHA_CREACION":"2026-03-26 16:26:19","FECHA_ACTUALIZACION":"2026-03-26 16:26:19","REQUERIDO":"1"},{"ID_TIPO_DOCUMENTO_PREPROFESIONAL":"12","CODIGO":"PPR-012","NOMBRE":"Evidencia Fotogr\u00e1fica y Digital","DESCRIPCION":"Material de apoyo visual y digital, como fotos, capturas, videos o impresiones, que documenta y comprueba la realizaci\u00f3n de las actividades y trabajos del proyecto.","ORDEN":"12","OBLIGATORIO":"1","ACTIVO":"1","FECHA_CREACION":"2026-03-26 16:26:19","FECHA_ACTUALIZACION":"2026-03-26 16:26:19","REQUERIDO":"1"},{"ID_TIPO_DOCUMENTO_PREPROFESIONAL":"13","CODIGO":"1.13","NOMBRE":"Documento final","DESCRIPCION":"Documento de cierre o carpeta final de pr\u00e1cticas preprofesionales.","ORDEN":"13","OBLIGATORIO":"1","ACTIVO":"1","FECHA_CREACION":"2026-04-04 12:52:52","FECHA_ACTUALIZACION":"2026-04-04 12:52:52","REQUERIDO":"1"}]
DEBUG - 2026-04-04 13:05:31 --> Session: Class initialized using 'CodeIgniter\Session\Handlers\FileHandler' driver.
DEBUG - 2026-04-04 13:05:31 --> Consulta SQL: SELECT *
FROM `TAB_DOCUMENTOS_PRACTICAS_PREPROFESIONALES` `dp`
DEBUG - 2026-04-04 13:05:31 --> Resultados obtenidos: 10
DEBUG - 2026-04-04 13:05:31 --> Documentos obtenidos: [{"ID_DOCUMENTO_PREPROFESIONAL":"18","ID_PRACTICA_PREPROFESIONAL":"4","ID_TIPO_DOCUMENTO":"1","ID_ESTADO_REVISION":"1","NOMBRE_ARCHIVO":"estudiante_3_20260404093413_28cbbf8a.pdf","NOMBRE_ORIGINAL":null,"TIPO_ARCHIVO":"application\/pdf","TAMANO_ARCHIVO":null,"RUTA_ARCHIVO":null,"FECHA_SUBIDA":"2026-04-04 09:34:13","FECHA_REVISION":null,"ID_REVISOR":null,"OBSERVACIONES":"","OBSERVACIONES_REVISOR":null,"VERSION":"1","ACTIVO":"1","FECHA_CREACION":"2026-04-04 09:34:13","FECHA_ACTUALIZACION":"2026-04-04 09:34:13","ID_TIPO_DOCUMENTO_PREPROFESIONAL":"1","TIPO_DOCUMENTO_CODIGO":"PPR-001","TIPO_DOCUMENTO_NOMBRE":"Oficio de Asignaci\u00f3n de Tutor","TIPO_DOCUMENTO_DESCRIPCION":"Documento oficial emitido por la coordinaci\u00f3n de la carrera que designa al docente responsable de la tutor\u00eda y seguimiento de las pr\u00e1cticas de servicio comunitario del estudiante.","TIPO_DOCUMENTO_ORDEN":"1","TIPO_DOCUMENTO_OBLIGATORIO":"1","ESTADO_REVISION":"Pendiente","ID_ESTUDIANTE":"5","ENTIDAD_RECEPTORA":"Banco del Pac\u00edfico","ESTUDIANTE_NOMBRE":"Pedro Aguirre","NOMBRE_ESTUDIANTE":"Pedro","APELLIDO_ESTUDIANTE":"Aguirre","CEDULA_ESTUDIANTE":"0123456789"},{"ID_DOCUMENTO_PREPROFESIONAL":"17","ID_PRACTICA_PREPROFESIONAL":"2","ID_TIPO_DOCUMENTO":"9","ID_ESTADO_REVISION":"4","NOMBRE_ARCHIVO":"ficha_control_seguimiento_002_20250920.pdf","NOMBRE_ORIGINAL":"Ficha Control Seguimiento - Mar\u00eda.pdf","TIPO_ARCHIVO":"application\/pdf","TAMANO_ARCHIVO":"112233","RUTA_ARCHIVO":"\/uploads\/documentos-practicas\/","FECHA_SUBIDA":"2025-09-20 10:15:00","FECHA_REVISION":"2025-09-20 12:45:00","ID_REVISOR":"5","OBSERVACIONES":"Ficha de control y seguimiento docente","OBSERVACIONES_REVISOR":"Faltan las firmas del tutor docente, documento inv\u00e1lido","VERSION":"1","ACTIVO":"1","FECHA_CREACION":"2026-03-26 16:26:20","FECHA_ACTUALIZACION":"2026-03-26 16:26:20","ID_TIPO_DOCUMENTO_PREPROFESIONAL":"9","TIPO_DOCUMENTO_CODIGO":"PPR-009","TIPO_DOCUMENTO_NOMBRE":"Ficha de Control y Seguimiento Docente","TIPO_DOCUMENTO_DESCRIPCION":"Documento utilizado por el tutor docente para registrar el seguimiento acad\u00e9mico del estudiante durante las pr\u00e1cticas. Incluye visitas o revisiones peri\u00f3dicas.","TIPO_DOCUMENTO_ORDEN":"9","TIPO_DOCUMENTO_OBLIGATORIO":"1","ESTADO_REVISION":"Rechazado","ID_ESTUDIANTE":"2","ENTIDAD_RECEPTORA":"Banco del Pac\u00edfico","ESTUDIANTE_NOMBRE":"Mar\u00eda Elena Garc\u00eda Torres","NOMBRE_ESTUDIANTE":"Mar\u00eda Elena","APELLIDO_ESTUDIANTE":"Garc\u00eda Torres","CEDULA_ESTUDIANTE":"1002345678"},{"ID_DOCUMENTO_PREPROFESIONAL":"15","ID_PRACTICA_PREPROFESIONAL":"2","ID_TIPO_DOCUMENTO":"7","ID_ESTADO_REVISION":"5","NOMBRE_ARCHIVO":"ficha_registro_actividades_002_20250915.pdf","NOMBRE_ORIGINAL":"Ficha Registro Actividades - Mar\u00eda.pdf","TIPO_ARCHIVO":"application\/pdf","TAMANO_ARCHIVO":"98765","RUTA_ARCHIVO":"\/uploads\/documentos-practicas\/","FECHA_SUBIDA":"2025-09-15 11:30:00","FECHA_REVISION":"2025-09-15 14:20:00","ID_REVISOR":"5","OBSERVACIONES":"Ficha de registro de actividades","OBSERVACIONES_REVISOR":"Descripci\u00f3n de actividades muy general, especificar m\u00e1s detalles","VERSION":"1","ACTIVO":"1","FECHA_CREACION":"2026-03-26 16:26:20","FECHA_ACTUALIZACION":"2026-03-26 16:26:20","ID_TIPO_DOCUMENTO_PREPROFESIONAL":"7","TIPO_DOCUMENTO_CODIGO":"PPR-007","TIPO_DOCUMENTO_NOMBRE":"Ficha de Registro de Actividades","TIPO_DOCUMENTO_DESCRIPCION":"Documento detallado en el que el estudiante registra las actividades espec\u00edficas realizadas durante sus pr\u00e1cticas, incluyendo fechas y descripciones.","TIPO_DOCUMENTO_ORDEN":"7","TIPO_DOCUMENTO_OBLIGATORIO":"1","ESTADO_REVISION":"Requiere Correcci\u00f3n","ID_ESTUDIANTE":"2","ENTIDAD_RECEPTORA":"Banco del Pac\u00edfico","ESTUDIANTE_NOMBRE":"Mar\u00eda Elena Garc\u00eda Torres","NOMBRE_ESTUDIANTE":"Mar\u00eda Elena","APELLIDO_ESTUDIANTE":"Garc\u00eda Torres","CEDULA_ESTUDIANTE":"1002345678"},{"ID_DOCUMENTO_PREPROFESIONAL":"14","ID_PRACTICA_PREPROFESIONAL":"1","ID_TIPO_DOCUMENTO":"6","ID_ESTADO_REVISION":"5","NOMBRE_ARCHIVO":"hojas_asistencia_001_20250830.pdf","NOMBRE_ORIGINAL":"Hojas de Asistencia - Juan Carlos.pdf","TIPO_ARCHIVO":"application\/pdf","TAMANO_ARCHIVO":"123456","RUTA_ARCHIVO":"\/uploads\/documentos-practicas\/","FECHA_SUBIDA":"2025-08-30 16:15:00","FECHA_REVISION":"2025-08-30 17:45:00","ID_REVISOR":"4","OBSERVACIONES":"Hojas de asistencia completas","OBSERVACIONES_REVISOR":"Faltan firmas en algunas fechas, corregir y volver a subir","VERSION":"1","ACTIVO":"1","FECHA_CREACION":"2026-03-26 16:26:20","FECHA_ACTUALIZACION":"2026-03-26 16:26:20","ID_TIPO_DOCUMENTO_PREPROFESIONAL":"6","TIPO_DOCUMENTO_CODIGO":"PPR-006","TIPO_DOCUMENTO_NOMBRE":"Hojas de Asistencia","TIPO_DOCUMENTO_DESCRIPCION":"Registro f\u00edsico de la asistencia del estudiante en la entidad receptora. Incluye las firmas y sellos para validar las horas de trabajo.","TIPO_DOCUMENTO_ORDEN":"6","TIPO_DOCUMENTO_OBLIGATORIO":"1","ESTADO_REVISION":"Requiere Correcci\u00f3n","ID_ESTUDIANTE":"1","ENTIDAD_RECEPTORA":"Hospital San Vicente de Pa\u00fal","ESTUDIANTE_NOMBRE":"Juan Carlos P\u00e9rez L\u00f3pez","NOMBRE_ESTUDIANTE":"Juan Carlos","APELLIDO_ESTUDIANTE":"P\u00e9rez L\u00f3pez","CEDULA_ESTUDIANTE":"1001234567"},{"ID_DOCUMENTO_PREPROFESIONAL":"16","ID_PRACTICA_PREPROFESIONAL":"1","ID_TIPO_DOCUMENTO":"8","ID_ESTADO_REVISION":"4","NOMBRE_ARCHIVO":"rubrica_evaluacion_entidad_001_20250825.pdf","NOMBRE_ORIGINAL":"R\u00fabrica Evaluaci\u00f3n Entidad - Juan.pdf","TIPO_ARCHIVO":"application\/pdf","TAMANO_ARCHIVO":"87654","RUTA_ARCHIVO":"\/uploads\/documentos-practicas\/","FECHA_SUBIDA":"2025-08-25 15:00:00","FECHA_REVISION":"2025-08-25 16:30:00","ID_REVISOR":"4","OBSERVACIONES":"R\u00fabrica de evaluaci\u00f3n de entidad","OBSERVACIONES_REVISOR":"Documento no tiene sello oficial de la entidad, rechazado","VERSION":"1","ACTIVO":"1","FECHA_CREACION":"2026-03-26 16:26:20","FECHA_ACTUALIZACION":"2026-03-26 16:26:20","ID_TIPO_DOCUMENTO_PREPROFESIONAL":"8","TIPO_DOCUMENTO_CODIGO":"PPR-008","TIPO_DOCUMENTO_NOMBRE":"R\u00fabrica de Evaluaci\u00f3n de Entidad","TIPO_DOCUMENTO_DESCRIPCION":"Formulario de evaluaci\u00f3n del desempe\u00f1o del estudiante, llenado y sellado por la entidad receptora. Valora aspectos como la responsabilidad, la proactividad y la calidad del trabajo.","TIPO_DOCUMENTO_ORDEN":"8","TIPO_DOCUMENTO_OBLIGATORIO":"1","ESTADO_REVISION":"Rechazado","ID_ESTUDIANTE":"1","ENTIDAD_RECEPTORA":"Hospital San Vicente de Pa\u00fal","ESTUDIANTE_NOMBRE":"Juan Carlos P\u00e9rez L\u00f3pez","NOMBRE_ESTUDIANTE":"Juan Carlos","APELLIDO_ESTUDIANTE":"P\u00e9rez L\u00f3pez","CEDULA_ESTUDIANTE":"1001234567"},{"ID_DOCUMENTO_PREPROFESIONAL":"5","ID_PRACTICA_PREPROFESIONAL":"2","ID_TIPO_DOCUMENTO":"2","ID_ESTADO_REVISION":"3","NOMBRE_ARCHIVO":"oficio_entidad_receptora_002_20250702.pdf","NOMBRE_ORIGINAL":"Oficio Entidad Receptora - Banco.pdf","TIPO_ARCHIVO":"application\/pdf","TAMANO_ARCHIVO":"178944","RUTA_ARCHIVO":"\/uploads\/documentos-practicas\/","FECHA_SUBIDA":"2025-07-02 15:45:00","FECHA_REVISION":"2025-07-02 17:20:00","ID_REVISOR":"5","OBSERVACIONES":"Oficio enviado a la entidad receptora","OBSERVACIONES_REVISOR":"Oficio formal y bien estructurado","VERSION":"1","ACTIVO":"1","FECHA_CREACION":"2026-03-26 16:26:20","FECHA_ACTUALIZACION":"2026-03-26 16:26:20","ID_TIPO_DOCUMENTO_PREPROFESIONAL":"2","TIPO_DOCUMENTO_CODIGO":"PPR-002","TIPO_DOCUMENTO_NOMBRE":"Oficio a Entidad Receptora","TIPO_DOCUMENTO_DESCRIPCION":"Carta formal enviada por el estudiante a la instituci\u00f3n \"Instituto Tecnol\u00f3gico Superior Ibarra\", con el prop\u00f3sito de solicitar la oportunidad de realizar sus pr\u00e1cticas de servicio comunitario.","TIPO_DOCUMENTO_ORDEN":"2","TIPO_DOCUMENTO_OBLIGATORIO":"1","ESTADO_REVISION":"Aprobado","ID_ESTUDIANTE":"2","ENTIDAD_RECEPTORA":"Banco del Pac\u00edfico","ESTUDIANTE_NOMBRE":"Mar\u00eda Elena Garc\u00eda Torres","NOMBRE_ESTUDIANTE":"Mar\u00eda Elena","APELLIDO_ESTUDIANTE":"Garc\u00eda Torres","CEDULA_ESTUDIANTE":"1002345678"},{"ID_DOCUMENTO_PREPROFESIONAL":"4","ID_PRACTICA_PREPROFESIONAL":"2","ID_TIPO_DOCUMENTO":"1","ID_ESTADO_REVISION":"3","NOMBRE_ARCHIVO":"oficio_asignacion_tutor_002_20250701.pdf","NOMBRE_ORIGINAL":"Oficio Asignaci\u00f3n Tutor - Mar\u00eda Elena.pdf","TIPO_ARCHIVO":"application\/pdf","TAMANO_ARCHIVO":"234880","RUTA_ARCHIVO":"\/uploads\/documentos-practicas\/","FECHA_SUBIDA":"2025-07-01 11:00:00","FECHA_REVISION":"2025-07-01 13:15:00","ID_REVISOR":"5","OBSERVACIONES":"Documento oficial de asignaci\u00f3n","OBSERVACIONES_REVISOR":"Asignaci\u00f3n correcta del tutor","VERSION":"1","ACTIVO":"1","FECHA_CREACION":"2026-03-26 16:26:20","FECHA_ACTUALIZACION":"2026-03-26 16:26:20","ID_TIPO_DOCUMENTO_PREPROFESIONAL":"1","TIPO_DOCUMENTO_CODIGO":"PPR-001","TIPO_DOCUMENTO_NOMBRE":"Oficio de Asignaci\u00f3n de Tutor","TIPO_DOCUMENTO_DESCRIPCION":"Documento oficial emitido por la coordinaci\u00f3n de la carrera que designa al docente responsable de la tutor\u00eda y seguimiento de las pr\u00e1cticas de servicio comunitario del estudiante.","TIPO_DOCUMENTO_ORDEN":"1","TIPO_DOCUMENTO_OBLIGATORIO":"1","ESTADO_REVISION":"Aprobado","ID_ESTUDIANTE":"2","ENTIDAD_RECEPTORA":"Banco del Pac\u00edfico","ESTUDIANTE_NOMBRE":"Mar\u00eda Elena Garc\u00eda Torres","NOMBRE_ESTUDIANTE":"Mar\u00eda Elena","APELLIDO_ESTUDIANTE":"Garc\u00eda Torres","CEDULA_ESTUDIANTE":"1002345678"},{"ID_DOCUMENTO_PREPROFESIONAL":"3","ID_PRACTICA_PREPROFESIONAL":"1","ID_TIPO_DOCUMENTO":"3","ID_ESTADO_REVISION":"3","NOMBRE_ARCHIVO":"carta_aceptacion_001_20250603.pdf","NOMBRE_ORIGINAL":"Carta Aceptaci\u00f3n - Hospital.pdf","TIPO_ARCHIVO":"application\/pdf","TAMANO_ARCHIVO":"156672","RUTA_ARCHIVO":"\/uploads\/documentos-practicas\/","FECHA_SUBIDA":"2025-06-03 09:15:00","FECHA_REVISION":"2025-06-03 11:20:00","ID_REVISOR":"4","OBSERVACIONES":"Carta de aceptaci\u00f3n de la entidad","OBSERVACIONES_REVISOR":"Carta oficial con sello institucional","VERSION":"1","ACTIVO":"1","FECHA_CREACION":"2026-03-26 16:26:20","FECHA_ACTUALIZACION":"2026-03-26 16:26:20","ID_TIPO_DOCUMENTO_PREPROFESIONAL":"3","TIPO_DOCUMENTO_CODIGO":"PPR-003","TIPO_DOCUMENTO_NOMBRE":"Carta de Aceptaci\u00f3n","TIPO_DOCUMENTO_DESCRIPCION":"Carta oficial de la entidad receptora \"Instituto Tecnol\u00f3gico Superior Ibarra\" que confirma la aceptaci\u00f3n del o los estudiantes para realizar las pr\u00e1cticas de servicio comunitario en sus instalaciones.","TIPO_DOCUMENTO_ORDEN":"3","TIPO_DOCUMENTO_OBLIGATORIO":"1","ESTADO_REVISION":"Aprobado","ID_ESTUDIANTE":"1","ENTIDAD_RECEPTORA":"Hospital San Vicente de Pa\u00fal","ESTUDIANTE_NOMBRE":"Juan Carlos P\u00e9rez L\u00f3pez","NOMBRE_ESTUDIANTE":"Juan Carlos","APELLIDO_ESTUDIANTE":"P\u00e9rez L\u00f3pez","CEDULA_ESTUDIANTE":"1001234567"},{"ID_DOCUMENTO_PREPROFESIONAL":"2","ID_PRACTICA_PREPROFESIONAL":"1","ID_TIPO_DOCUMENTO":"2","ID_ESTADO_REVISION":"3","NOMBRE_ARCHIVO":"oficio_entidad_receptora_001_20250602.pdf","NOMBRE_ORIGINAL":"Oficio Entidad Receptora - Hospital.pdf","TIPO_ARCHIVO":"application\/pdf","TAMANO_ARCHIVO":"189440","RUTA_ARCHIVO":"\/uploads\/documentos-practicas\/","FECHA_SUBIDA":"2025-06-02 14:30:00","FECHA_REVISION":"2025-06-02 16:45:00","ID_REVISOR":"4","OBSERVACIONES":"Oficio enviado a la entidad receptora","OBSERVACIONES_REVISOR":"Oficio bien redactado y formal","VERSION":"1","ACTIVO":"1","FECHA_CREACION":"2026-03-26 16:26:20","FECHA_ACTUALIZACION":"2026-03-26 16:26:20","ID_TIPO_DOCUMENTO_PREPROFESIONAL":"2","TIPO_DOCUMENTO_CODIGO":"PPR-002","TIPO_DOCUMENTO_NOMBRE":"Oficio a Entidad Receptora","TIPO_DOCUMENTO_DESCRIPCION":"Carta formal enviada por el estudiante a la instituci\u00f3n \"Instituto Tecnol\u00f3gico Superior Ibarra\", con el prop\u00f3sito de solicitar la oportunidad de realizar sus pr\u00e1cticas de servicio comunitario.","TIPO_DOCUMENTO_ORDEN":"2","TIPO_DOCUMENTO_OBLIGATORIO":"1","ESTADO_REVISION":"Aprobado","ID_ESTUDIANTE":"1","ENTIDAD_RECEPTORA":"Hospital San Vicente de Pa\u00fal","ESTUDIANTE_NOMBRE":"Juan Carlos P\u00e9rez L\u00f3pez","NOMBRE_ESTUDIANTE":"Juan Carlos","APELLIDO_ESTUDIANTE":"P\u00e9rez L\u00f3pez","CEDULA_ESTUDIANTE":"1001234567"},{"ID_DOCUMENTO_PREPROFESIONAL":"1","ID_PRACTICA_PREPROFESIONAL":"1","ID_TIPO_DOCUMENTO":"1","ID_ESTADO_REVISION":"3","NOMBRE_ARCHIVO":"oficio_asignacion_tutor_001_20250601.pdf","NOMBRE_ORIGINAL":"Oficio Asignaci\u00f3n Tutor - Juan Carlos.pdf","TIPO_ARCHIVO":"application\/pdf","TAMANO_ARCHIVO":"245760","RUTA_ARCHIVO":"\/uploads\/documentos-practicas\/","FECHA_SUBIDA":"2025-06-01 10:00:00","FECHA_REVISION":"2025-06-01 14:30:00","ID_REVISOR":"4","OBSERVACIONES":"Documento oficial de asignaci\u00f3n","OBSERVACIONES_REVISOR":"Documento aprobado correctamente","VERSION":"1","ACTIVO":"1","FECHA_CREACION":"2026-03-26 16:26:20","FECHA_ACTUALIZACION":"2026-03-26 16:26:20","ID_TIPO_DOCUMENTO_PREPROFESIONAL":"1","TIPO_DOCUMENTO_CODIGO":"PPR-001","TIPO_DOCUMENTO_NOMBRE":"Oficio de Asignaci\u00f3n de Tutor","TIPO_DOCUMENTO_DESCRIPCION":"Documento oficial emitido por la coordinaci\u00f3n de la carrera que designa al docente responsable de la tutor\u00eda y seguimiento de las pr\u00e1cticas de servicio comunitario del estudiante.","TIPO_DOCUMENTO_ORDEN":"1","TIPO_DOCUMENTO_OBLIGATORIO":"1","ESTADO_REVISION":"Aprobado","ID_ESTUDIANTE":"1","ENTIDAD_RECEPTORA":"Hospital San Vicente de Pa\u00fal","ESTUDIANTE_NOMBRE":"Juan Carlos P\u00e9rez L\u00f3pez","NOMBRE_ESTUDIANTE":"Juan Carlos","APELLIDO_ESTUDIANTE":"P\u00e9rez L\u00f3pez","CEDULA_ESTUDIANTE":"1001234567"}]
DEBUG - 2026-04-04 13:06:57 --> Session: Class initialized using 'CodeIgniter\Session\Handlers\FileHandler' driver.
ERROR - 2026-04-04 13:06:57 --> mysqli_sql_exception: Unknown column 'TAB_ROLES.NOMBRE_ROL' in 'where clause' in C:\xampp\htdocs\ITSI\vendor\codeigniter4\framework\system\Database\MySQLi\Connection.php:327
Stack trace:
#0 C:\xampp\htdocs\ITSI\vendor\codeigniter4\framework\system\Database\MySQLi\Connection.php(327): mysqli->query('SELECT `TAB_USU...', 0)
#1 C:\xampp\htdocs\ITSI\vendor\codeigniter4\framework\system\Database\BaseConnection.php(738): CodeIgniter\Database\MySQLi\Connection->execute('SELECT `TAB_USU...')
#2 C:\xampp\htdocs\ITSI\vendor\codeigniter4\framework\system\Database\BaseConnection.php(652): CodeIgniter\Database\BaseConnection->simpleQuery('SELECT `TAB_USU...')
#3 C:\xampp\htdocs\ITSI\vendor\codeigniter4\framework\system\Database\BaseBuilder.php(1649): CodeIgniter\Database\BaseConnection->query('SELECT `TAB_USU...', Array, false)
#4 C:\xampp\htdocs\ITSI\vendor\codeigniter4\framework\system\Model.php(286): CodeIgniter\Database\BaseBuilder->get()
#5 C:\xampp\htdocs\ITSI\vendor\codeigniter4\framework\system\BaseModel.php(679): CodeIgniter\Model->doFindAll(0, 0)
#6 C:\xampp\htdocs\ITSI\app\Controllers\coord\DocumentosServicioComunitarioCoordController.php(494): CodeIgniter\BaseModel->findAll()
#7 C:\xampp\htdocs\ITSI\app\Controllers\coord\DocumentosServicioComunitarioCoordController.php(58): App\Controllers\coord\DocumentosServicioComunitarioCoordController->getEstudiantes()
#8 C:\xampp\htdocs\ITSI\vendor\codeigniter4\framework\system\CodeIgniter.php(933): App\Controllers\coord\DocumentosServicioComunitarioCoordController->index()
#9 C:\xampp\htdocs\ITSI\vendor\codeigniter4\framework\system\CodeIgniter.php(507): CodeIgniter\CodeIgniter->runController(Object(App\Controllers\coord\DocumentosServicioComunitarioCoordController))
#10 C:\xampp\htdocs\ITSI\vendor\codeigniter4\framework\system\CodeIgniter.php(354): CodeIgniter\CodeIgniter->handleRequest(NULL, Object(Config\Cache), false)
#11 C:\xampp\htdocs\ITSI\vendor\codeigniter4\framework\system\Boot.php(334): CodeIgniter\CodeIgniter->run()
#12 C:\xampp\htdocs\ITSI\vendor\codeigniter4\framework\system\Boot.php(67): CodeIgniter\Boot::runCodeIgniter(Object(CodeIgniter\CodeIgniter))
#13 C:\xampp\htdocs\ITSI\public\index.php(59): CodeIgniter\Boot::bootWeb(Object(Config\Paths))
#14 {main}
DEBUG - 2026-04-04 13:06:58 --> Session: Class initialized using 'CodeIgniter\Session\Handlers\FileHandler' driver.
DEBUG - 2026-04-04 13:07:01 --> Session: Class initialized using 'CodeIgniter\Session\Handlers\FileHandler' driver.
DEBUG - 2026-04-04 13:07:01 --> Consulta SQL: SELECT *
FROM `TAB_DOCUMENTOS_PRACTICAS_PREPROFESIONALES` `dp`
DEBUG - 2026-04-04 13:07:01 --> Resultados obtenidos: 10
DEBUG - 2026-04-04 13:07:01 --> Tipos de documentos en index: [{"ID_TIPO_DOCUMENTO_PREPROFESIONAL":"1","CODIGO":"PPR-001","NOMBRE":"Oficio de Asignaci\u00f3n de Tutor","DESCRIPCION":"Documento oficial emitido por la coordinaci\u00f3n de la carrera que designa al docente responsable de la tutor\u00eda y seguimiento de las pr\u00e1cticas de servicio comunitario del estudiante.","ORDEN":"1","OBLIGATORIO":"1","ACTIVO":"1","FECHA_CREACION":"2026-03-26 16:26:19","FECHA_ACTUALIZACION":"2026-03-26 16:26:19","REQUERIDO":"1"},{"ID_TIPO_DOCUMENTO_PREPROFESIONAL":"2","CODIGO":"PPR-002","NOMBRE":"Oficio a Entidad Receptora","DESCRIPCION":"Carta formal enviada por el estudiante a la instituci\u00f3n \"Instituto Tecnol\u00f3gico Superior Ibarra\", con el prop\u00f3sito de solicitar la oportunidad de realizar sus pr\u00e1cticas de servicio comunitario.","ORDEN":"2","OBLIGATORIO":"1","ACTIVO":"1","FECHA_CREACION":"2026-03-26 16:26:19","FECHA_ACTUALIZACION":"2026-03-26 16:26:19","REQUERIDO":"1"},{"ID_TIPO_DOCUMENTO_PREPROFESIONAL":"3","CODIGO":"PPR-003","NOMBRE":"Carta de Aceptaci\u00f3n","DESCRIPCION":"Carta oficial de la entidad receptora \"Instituto Tecnol\u00f3gico Superior Ibarra\" que confirma la aceptaci\u00f3n del o los estudiantes para realizar las pr\u00e1cticas de servicio comunitario en sus instalaciones.","ORDEN":"3","OBLIGATORIO":"1","ACTIVO":"1","FECHA_CREACION":"2026-03-26 16:26:19","FECHA_ACTUALIZACION":"2026-03-26 16:26:19","REQUERIDO":"1"},{"ID_TIPO_DOCUMENTO_PREPROFESIONAL":"4","CODIGO":"PPR-004","NOMBRE":"Solicitud Institucional Valorada","DESCRIPCION":"Documento de solicitud formal dirigido al Sr. Rector, Dr. Mario Montenegro, pidiendo la aprobaci\u00f3n institucional para la realizaci\u00f3n de las pr\u00e1cticas de servicio comunitario.","ORDEN":"4","OBLIGATORIO":"1","ACTIVO":"1","FECHA_CREACION":"2026-03-26 16:26:19","FECHA_ACTUALIZACION":"2026-03-26 16:26:19","REQUERIDO":"1"},{"ID_TIPO_DOCUMENTO_PREPROFESIONAL":"5","CODIGO":"PPR-005","NOMBRE":"Certificado de Culminaci\u00f3n de Horas","DESCRIPCION":"Certificado emitido por la entidad receptora \"Instituto Tecnol\u00f3gico Superior Ibarra\" que acredita que el estudiante ha completado las 60 horas requeridas de pr\u00e1cticas de servicio comunitario.","ORDEN":"5","OBLIGATORIO":"1","ACTIVO":"1","FECHA_CREACION":"2026-03-26 16:26:19","FECHA_ACTUALIZACION":"2026-03-26 16:26:19","REQUERIDO":"1"},{"ID_TIPO_DOCUMENTO_PREPROFESIONAL":"6","CODIGO":"PPR-006","NOMBRE":"Hojas de Asistencia","DESCRIPCION":"Registro f\u00edsico de la asistencia del estudiante en la entidad receptora. Incluye las firmas y sellos para validar las horas de trabajo.","ORDEN":"6","OBLIGATORIO":"1","ACTIVO":"1","FECHA_CREACION":"2026-03-26 16:26:19","FECHA_ACTUALIZACION":"2026-03-26 16:26:19","REQUERIDO":"1"},{"ID_TIPO_DOCUMENTO_PREPROFESIONAL":"7","CODIGO":"PPR-007","NOMBRE":"Ficha de Registro de Actividades","DESCRIPCION":"Documento detallado en el que el estudiante registra las actividades espec\u00edficas realizadas durante sus pr\u00e1cticas, incluyendo fechas y descripciones.","ORDEN":"7","OBLIGATORIO":"1","ACTIVO":"1","FECHA_CREACION":"2026-03-26 16:26:19","FECHA_ACTUALIZACION":"2026-03-26 16:26:19","REQUERIDO":"1"},{"ID_TIPO_DOCUMENTO_PREPROFESIONAL":"8","CODIGO":"PPR-008","NOMBRE":"R\u00fabrica de Evaluaci\u00f3n de Entidad","DESCRIPCION":"Formulario de evaluaci\u00f3n del desempe\u00f1o del estudiante, llenado y sellado por la entidad receptora. Valora aspectos como la responsabilidad, la proactividad y la calidad del trabajo.","ORDEN":"8","OBLIGATORIO":"1","ACTIVO":"1","FECHA_CREACION":"2026-03-26 16:26:19","FECHA_ACTUALIZACION":"2026-03-26 16:26:19","REQUERIDO":"1"},{"ID_TIPO_DOCUMENTO_PREPROFESIONAL":"9","CODIGO":"PPR-009","NOMBRE":"Ficha de Control y Seguimiento Docente","DESCRIPCION":"Documento utilizado por el tutor docente para registrar el seguimiento acad\u00e9mico del estudiante durante las pr\u00e1cticas. Incluye visitas o revisiones peri\u00f3dicas.","ORDEN":"9","OBLIGATORIO":"1","ACTIVO":"1","FECHA_CREACION":"2026-03-26 16:26:19","FECHA_ACTUALIZACION":"2026-03-26 16:26:19","REQUERIDO":"1"},{"ID_TIPO_DOCUMENTO_PREPROFESIONAL":"10","CODIGO":"PPR-010","NOMBRE":"R\u00fabrica de Evaluaci\u00f3n Docente","DESCRIPCION":"R\u00fabrica de evaluaci\u00f3n llenada y firmada por el tutor docente. Califica el desempe\u00f1o del estudiante en base a los criterios acad\u00e9micos del programa.","ORDEN":"10","OBLIGATORIO":"1","ACTIVO":"1","FECHA_CREACION":"2026-03-26 16:26:19","FECHA_ACTUALIZACION":"2026-03-26 16:26:19","REQUERIDO":"1"},{"ID_TIPO_DOCUMENTO_PREPROFESIONAL":"11","CODIGO":"PPR-011","NOMBRE":"R\u00fabrica de Evaluaci\u00f3n de Resultados","DESCRIPCION":"Evaluaci\u00f3n final realizada por el Departamento de Vinculaci\u00f3n con la Sociedad, que valora los resultados y el impacto del proyecto de servicio comunitario en su conjunto.","ORDEN":"11","OBLIGATORIO":"1","ACTIVO":"1","FECHA_CREACION":"2026-03-26 16:26:19","FECHA_ACTUALIZACION":"2026-03-26 16:26:19","REQUERIDO":"1"},{"ID_TIPO_DOCUMENTO_PREPROFESIONAL":"12","CODIGO":"PPR-012","NOMBRE":"Evidencia Fotogr\u00e1fica y Digital","DESCRIPCION":"Material de apoyo visual y digital, como fotos, capturas, videos o impresiones, que documenta y comprueba la realizaci\u00f3n de las actividades y trabajos del proyecto.","ORDEN":"12","OBLIGATORIO":"1","ACTIVO":"1","FECHA_CREACION":"2026-03-26 16:26:19","FECHA_ACTUALIZACION":"2026-03-26 16:26:19","REQUERIDO":"1"},{"ID_TIPO_DOCUMENTO_PREPROFESIONAL":"13","CODIGO":"1.13","NOMBRE":"Documento final","DESCRIPCION":"Documento de cierre o carpeta final de pr\u00e1cticas preprofesionales.","ORDEN":"13","OBLIGATORIO":"1","ACTIVO":"1","FECHA_CREACION":"2026-04-04 12:52:52","FECHA_ACTUALIZACION":"2026-04-04 12:52:52","REQUERIDO":"1"}]
DEBUG - 2026-04-04 13:07:02 --> Session: Class initialized using 'CodeIgniter\Session\Handlers\FileHandler' driver.
DEBUG - 2026-04-04 13:07:02 --> Consulta SQL: SELECT *
FROM `TAB_DOCUMENTOS_PRACTICAS_PREPROFESIONALES` `dp`
DEBUG - 2026-04-04 13:07:02 --> Resultados obtenidos: 10
DEBUG - 2026-04-04 13:07:02 --> Documentos obtenidos: [{"ID_DOCUMENTO_PREPROFESIONAL":"18","ID_PRACTICA_PREPROFESIONAL":"4","ID_TIPO_DOCUMENTO":"1","ID_ESTADO_REVISION":"1","NOMBRE_ARCHIVO":"estudiante_3_20260404093413_28cbbf8a.pdf","NOMBRE_ORIGINAL":null,"TIPO_ARCHIVO":"application\/pdf","TAMANO_ARCHIVO":null,"RUTA_ARCHIVO":null,"FECHA_SUBIDA":"2026-04-04 09:34:13","FECHA_REVISION":null,"ID_REVISOR":null,"OBSERVACIONES":"","OBSERVACIONES_REVISOR":null,"VERSION":"1","ACTIVO":"1","FECHA_CREACION":"2026-04-04 09:34:13","FECHA_ACTUALIZACION":"2026-04-04 09:34:13","ID_TIPO_DOCUMENTO_PREPROFESIONAL":"1","TIPO_DOCUMENTO_CODIGO":"PPR-001","TIPO_DOCUMENTO_NOMBRE":"Oficio de Asignaci\u00f3n de Tutor","TIPO_DOCUMENTO_DESCRIPCION":"Documento oficial emitido por la coordinaci\u00f3n de la carrera que designa al docente responsable de la tutor\u00eda y seguimiento de las pr\u00e1cticas de servicio comunitario del estudiante.","TIPO_DOCUMENTO_ORDEN":"1","TIPO_DOCUMENTO_OBLIGATORIO":"1","ESTADO_REVISION":"Pendiente","ID_ESTUDIANTE":"5","ENTIDAD_RECEPTORA":"Banco del Pac\u00edfico","ESTUDIANTE_NOMBRE":"Pedro Aguirre","NOMBRE_ESTUDIANTE":"Pedro","APELLIDO_ESTUDIANTE":"Aguirre","CEDULA_ESTUDIANTE":"0123456789"},{"ID_DOCUMENTO_PREPROFESIONAL":"17","ID_PRACTICA_PREPROFESIONAL":"2","ID_TIPO_DOCUMENTO":"9","ID_ESTADO_REVISION":"4","NOMBRE_ARCHIVO":"ficha_control_seguimiento_002_20250920.pdf","NOMBRE_ORIGINAL":"Ficha Control Seguimiento - Mar\u00eda.pdf","TIPO_ARCHIVO":"application\/pdf","TAMANO_ARCHIVO":"112233","RUTA_ARCHIVO":"\/uploads\/documentos-practicas\/","FECHA_SUBIDA":"2025-09-20 10:15:00","FECHA_REVISION":"2025-09-20 12:45:00","ID_REVISOR":"5","OBSERVACIONES":"Ficha de control y seguimiento docente","OBSERVACIONES_REVISOR":"Faltan las firmas del tutor docente, documento inv\u00e1lido","VERSION":"1","ACTIVO":"1","FECHA_CREACION":"2026-03-26 16:26:20","FECHA_ACTUALIZACION":"2026-03-26 16:26:20","ID_TIPO_DOCUMENTO_PREPROFESIONAL":"9","TIPO_DOCUMENTO_CODIGO":"PPR-009","TIPO_DOCUMENTO_NOMBRE":"Ficha de Control y Seguimiento Docente","TIPO_DOCUMENTO_DESCRIPCION":"Documento utilizado por el tutor docente para registrar el seguimiento acad\u00e9mico del estudiante durante las pr\u00e1cticas. Incluye visitas o revisiones peri\u00f3dicas.","TIPO_DOCUMENTO_ORDEN":"9","TIPO_DOCUMENTO_OBLIGATORIO":"1","ESTADO_REVISION":"Rechazado","ID_ESTUDIANTE":"2","ENTIDAD_RECEPTORA":"Banco del Pac\u00edfico","ESTUDIANTE_NOMBRE":"Mar\u00eda Elena Garc\u00eda Torres","NOMBRE_ESTUDIANTE":"Mar\u00eda Elena","APELLIDO_ESTUDIANTE":"Garc\u00eda Torres","CEDULA_ESTUDIANTE":"1002345678"},{"ID_DOCUMENTO_PREPROFESIONAL":"15","ID_PRACTICA_PREPROFESIONAL":"2","ID_TIPO_DOCUMENTO":"7","ID_ESTADO_REVISION":"5","NOMBRE_ARCHIVO":"ficha_registro_actividades_002_20250915.pdf","NOMBRE_ORIGINAL":"Ficha Registro Actividades - Mar\u00eda.pdf","TIPO_ARCHIVO":"application\/pdf","TAMANO_ARCHIVO":"98765","RUTA_ARCHIVO":"\/uploads\/documentos-practicas\/","FECHA_SUBIDA":"2025-09-15 11:30:00","FECHA_REVISION":"2025-09-15 14:20:00","ID_REVISOR":"5","OBSERVACIONES":"Ficha de registro de actividades","OBSERVACIONES_REVISOR":"Descripci\u00f3n de actividades muy general, especificar m\u00e1s detalles","VERSION":"1","ACTIVO":"1","FECHA_CREACION":"2026-03-26 16:26:20","FECHA_ACTUALIZACION":"2026-03-26 16:26:20","ID_TIPO_DOCUMENTO_PREPROFESIONAL":"7","TIPO_DOCUMENTO_CODIGO":"PPR-007","TIPO_DOCUMENTO_NOMBRE":"Ficha de Registro de Actividades","TIPO_DOCUMENTO_DESCRIPCION":"Documento detallado en el que el estudiante registra las actividades espec\u00edficas realizadas durante sus pr\u00e1cticas, incluyendo fechas y descripciones.","TIPO_DOCUMENTO_ORDEN":"7","TIPO_DOCUMENTO_OBLIGATORIO":"1","ESTADO_REVISION":"Requiere Correcci\u00f3n","ID_ESTUDIANTE":"2","ENTIDAD_RECEPTORA":"Banco del Pac\u00edfico","ESTUDIANTE_NOMBRE":"Mar\u00eda Elena Garc\u00eda Torres","NOMBRE_ESTUDIANTE":"Mar\u00eda Elena","APELLIDO_ESTUDIANTE":"Garc\u00eda Torres","CEDULA_ESTUDIANTE":"1002345678"},{"ID_DOCUMENTO_PREPROFESIONAL":"14","ID_PRACTICA_PREPROFESIONAL":"1","ID_TIPO_DOCUMENTO":"6","ID_ESTADO_REVISION":"5","NOMBRE_ARCHIVO":"hojas_asistencia_001_20250830.pdf","NOMBRE_ORIGINAL":"Hojas de Asistencia - Juan Carlos.pdf","TIPO_ARCHIVO":"application\/pdf","TAMANO_ARCHIVO":"123456","RUTA_ARCHIVO":"\/uploads\/documentos-practicas\/","FECHA_SUBIDA":"2025-08-30 16:15:00","FECHA_REVISION":"2025-08-30 17:45:00","ID_REVISOR":"4","OBSERVACIONES":"Hojas de asistencia completas","OBSERVACIONES_REVISOR":"Faltan firmas en algunas fechas, corregir y volver a subir","VERSION":"1","ACTIVO":"1","FECHA_CREACION":"2026-03-26 16:26:20","FECHA_ACTUALIZACION":"2026-03-26 16:26:20","ID_TIPO_DOCUMENTO_PREPROFESIONAL":"6","TIPO_DOCUMENTO_CODIGO":"PPR-006","TIPO_DOCUMENTO_NOMBRE":"Hojas de Asistencia","TIPO_DOCUMENTO_DESCRIPCION":"Registro f\u00edsico de la asistencia del estudiante en la entidad receptora. Incluye las firmas y sellos para validar las horas de trabajo.","TIPO_DOCUMENTO_ORDEN":"6","TIPO_DOCUMENTO_OBLIGATORIO":"1","ESTADO_REVISION":"Requiere Correcci\u00f3n","ID_ESTUDIANTE":"1","ENTIDAD_RECEPTORA":"Hospital San Vicente de Pa\u00fal","ESTUDIANTE_NOMBRE":"Juan Carlos P\u00e9rez L\u00f3pez","NOMBRE_ESTUDIANTE":"Juan Carlos","APELLIDO_ESTUDIANTE":"P\u00e9rez L\u00f3pez","CEDULA_ESTUDIANTE":"1001234567"},{"ID_DOCUMENTO_PREPROFESIONAL":"16","ID_PRACTICA_PREPROFESIONAL":"1","ID_TIPO_DOCUMENTO":"8","ID_ESTADO_REVISION":"4","NOMBRE_ARCHIVO":"rubrica_evaluacion_entidad_001_20250825.pdf","NOMBRE_ORIGINAL":"R\u00fabrica Evaluaci\u00f3n Entidad - Juan.pdf","TIPO_ARCHIVO":"application\/pdf","TAMANO_ARCHIVO":"87654","RUTA_ARCHIVO":"\/uploads\/documentos-practicas\/","FECHA_SUBIDA":"2025-08-25 15:00:00","FECHA_REVISION":"2025-08-25 16:30:00","ID_REVISOR":"4","OBSERVACIONES":"R\u00fabrica de evaluaci\u00f3n de entidad","OBSERVACIONES_REVISOR":"Documento no tiene sello oficial de la entidad, rechazado","VERSION":"1","ACTIVO":"1","FECHA_CREACION":"2026-03-26 16:26:20","FECHA_ACTUALIZACION":"2026-03-26 16:26:20","ID_TIPO_DOCUMENTO_PREPROFESIONAL":"8","TIPO_DOCUMENTO_CODIGO":"PPR-008","TIPO_DOCUMENTO_NOMBRE":"R\u00fabrica de Evaluaci\u00f3n de Entidad","TIPO_DOCUMENTO_DESCRIPCION":"Formulario de evaluaci\u00f3n del desempe\u00f1o del estudiante, llenado y sellado por la entidad receptora. Valora aspectos como la responsabilidad, la proactividad y la calidad del trabajo.","TIPO_DOCUMENTO_ORDEN":"8","TIPO_DOCUMENTO_OBLIGATORIO":"1","ESTADO_REVISION":"Rechazado","ID_ESTUDIANTE":"1","ENTIDAD_RECEPTORA":"Hospital San Vicente de Pa\u00fal","ESTUDIANTE_NOMBRE":"Juan Carlos P\u00e9rez L\u00f3pez","NOMBRE_ESTUDIANTE":"Juan Carlos","APELLIDO_ESTUDIANTE":"P\u00e9rez L\u00f3pez","CEDULA_ESTUDIANTE":"1001234567"},{"ID_DOCUMENTO_PREPROFESIONAL":"5","ID_PRACTICA_PREPROFESIONAL":"2","ID_TIPO_DOCUMENTO":"2","ID_ESTADO_REVISION":"3","NOMBRE_ARCHIVO":"oficio_entidad_receptora_002_20250702.pdf","NOMBRE_ORIGINAL":"Oficio Entidad Receptora - Banco.pdf","TIPO_ARCHIVO":"application\/pdf","TAMANO_ARCHIVO":"178944","RUTA_ARCHIVO":"\/uploads\/documentos-practicas\/","FECHA_SUBIDA":"2025-07-02 15:45:00","FECHA_REVISION":"2025-07-02 17:20:00","ID_REVISOR":"5","OBSERVACIONES":"Oficio enviado a la entidad receptora","OBSERVACIONES_REVISOR":"Oficio formal y bien estructurado","VERSION":"1","ACTIVO":"1","FECHA_CREACION":"2026-03-26 16:26:20","FECHA_ACTUALIZACION":"2026-03-26 16:26:20","ID_TIPO_DOCUMENTO_PREPROFESIONAL":"2","TIPO_DOCUMENTO_CODIGO":"PPR-002","TIPO_DOCUMENTO_NOMBRE":"Oficio a Entidad Receptora","TIPO_DOCUMENTO_DESCRIPCION":"Carta formal enviada por el estudiante a la instituci\u00f3n \"Instituto Tecnol\u00f3gico Superior Ibarra\", con el prop\u00f3sito de solicitar la oportunidad de realizar sus pr\u00e1cticas de servicio comunitario.","TIPO_DOCUMENTO_ORDEN":"2","TIPO_DOCUMENTO_OBLIGATORIO":"1","ESTADO_REVISION":"Aprobado","ID_ESTUDIANTE":"2","ENTIDAD_RECEPTORA":"Banco del Pac\u00edfico","ESTUDIANTE_NOMBRE":"Mar\u00eda Elena Garc\u00eda Torres","NOMBRE_ESTUDIANTE":"Mar\u00eda Elena","APELLIDO_ESTUDIANTE":"Garc\u00eda Torres","CEDULA_ESTUDIANTE":"1002345678"},{"ID_DOCUMENTO_PREPROFESIONAL":"4","ID_PRACTICA_PREPROFESIONAL":"2","ID_TIPO_DOCUMENTO":"1","ID_ESTADO_REVISION":"3","NOMBRE_ARCHIVO":"oficio_asignacion_tutor_002_20250701.pdf","NOMBRE_ORIGINAL":"Oficio Asignaci\u00f3n Tutor - Mar\u00eda Elena.pdf","TIPO_ARCHIVO":"application\/pdf","TAMANO_ARCHIVO":"234880","RUTA_ARCHIVO":"\/uploads\/documentos-practicas\/","FECHA_SUBIDA":"2025-07-01 11:00:00","FECHA_REVISION":"2025-07-01 13:15:00","ID_REVISOR":"5","OBSERVACIONES":"Documento oficial de asignaci\u00f3n","OBSERVACIONES_REVISOR":"Asignaci\u00f3n correcta del tutor","VERSION":"1","ACTIVO":"1","FECHA_CREACION":"2026-03-26 16:26:20","FECHA_ACTUALIZACION":"2026-03-26 16:26:20","ID_TIPO_DOCUMENTO_PREPROFESIONAL":"1","TIPO_DOCUMENTO_CODIGO":"PPR-001","TIPO_DOCUMENTO_NOMBRE":"Oficio de Asignaci\u00f3n de Tutor","TIPO_DOCUMENTO_DESCRIPCION":"Documento oficial emitido por la coordinaci\u00f3n de la carrera que designa al docente responsable de la tutor\u00eda y seguimiento de las pr\u00e1cticas de servicio comunitario del estudiante.","TIPO_DOCUMENTO_ORDEN":"1","TIPO_DOCUMENTO_OBLIGATORIO":"1","ESTADO_REVISION":"Aprobado","ID_ESTUDIANTE":"2","ENTIDAD_RECEPTORA":"Banco del Pac\u00edfico","ESTUDIANTE_NOMBRE":"Mar\u00eda Elena Garc\u00eda Torres","NOMBRE_ESTUDIANTE":"Mar\u00eda Elena","APELLIDO_ESTUDIANTE":"Garc\u00eda Torres","CEDULA_ESTUDIANTE":"1002345678"},{"ID_DOCUMENTO_PREPROFESIONAL":"3","ID_PRACTICA_PREPROFESIONAL":"1","ID_TIPO_DOCUMENTO":"3","ID_ESTADO_REVISION":"3","NOMBRE_ARCHIVO":"carta_aceptacion_001_20250603.pdf","NOMBRE_ORIGINAL":"Carta Aceptaci\u00f3n - Hospital.pdf","TIPO_ARCHIVO":"application\/pdf","TAMANO_ARCHIVO":"156672","RUTA_ARCHIVO":"\/uploads\/documentos-practicas\/","FECHA_SUBIDA":"2025-06-03 09:15:00","FECHA_REVISION":"2025-06-03 11:20:00","ID_REVISOR":"4","OBSERVACIONES":"Carta de aceptaci\u00f3n de la entidad","OBSERVACIONES_REVISOR":"Carta oficial con sello institucional","VERSION":"1","ACTIVO":"1","FECHA_CREACION":"2026-03-26 16:26:20","FECHA_ACTUALIZACION":"2026-03-26 16:26:20","ID_TIPO_DOCUMENTO_PREPROFESIONAL":"3","TIPO_DOCUMENTO_CODIGO":"PPR-003","TIPO_DOCUMENTO_NOMBRE":"Carta de Aceptaci\u00f3n","TIPO_DOCUMENTO_DESCRIPCION":"Carta oficial de la entidad receptora \"Instituto Tecnol\u00f3gico Superior Ibarra\" que confirma la aceptaci\u00f3n del o los estudiantes para realizar las pr\u00e1cticas de servicio comunitario en sus instalaciones.","TIPO_DOCUMENTO_ORDEN":"3","TIPO_DOCUMENTO_OBLIGATORIO":"1","ESTADO_REVISION":"Aprobado","ID_ESTUDIANTE":"1","ENTIDAD_RECEPTORA":"Hospital San Vicente de Pa\u00fal","ESTUDIANTE_NOMBRE":"Juan Carlos P\u00e9rez L\u00f3pez","NOMBRE_ESTUDIANTE":"Juan Carlos","APELLIDO_ESTUDIANTE":"P\u00e9rez L\u00f3pez","CEDULA_ESTUDIANTE":"1001234567"},{"ID_DOCUMENTO_PREPROFESIONAL":"2","ID_PRACTICA_PREPROFESIONAL":"1","ID_TIPO_DOCUMENTO":"2","ID_ESTADO_REVISION":"3","NOMBRE_ARCHIVO":"oficio_entidad_receptora_001_20250602.pdf","NOMBRE_ORIGINAL":"Oficio Entidad Receptora - Hospital.pdf","TIPO_ARCHIVO":"application\/pdf","TAMANO_ARCHIVO":"189440","RUTA_ARCHIVO":"\/uploads\/documentos-practicas\/","FECHA_SUBIDA":"2025-06-02 14:30:00","FECHA_REVISION":"2025-06-02 16:45:00","ID_REVISOR":"4","OBSERVACIONES":"Oficio enviado a la entidad receptora","OBSERVACIONES_REVISOR":"Oficio bien redactado y formal","VERSION":"1","ACTIVO":"1","FECHA_CREACION":"2026-03-26 16:26:20","FECHA_ACTUALIZACION":"2026-03-26 16:26:20","ID_TIPO_DOCUMENTO_PREPROFESIONAL":"2","TIPO_DOCUMENTO_CODIGO":"PPR-002","TIPO_DOCUMENTO_NOMBRE":"Oficio a Entidad Receptora","TIPO_DOCUMENTO_DESCRIPCION":"Carta formal enviada por el estudiante a la instituci\u00f3n \"Instituto Tecnol\u00f3gico Superior Ibarra\", con el prop\u00f3sito de solicitar la oportunidad de realizar sus pr\u00e1cticas de servicio comunitario.","TIPO_DOCUMENTO_ORDEN":"2","TIPO_DOCUMENTO_OBLIGATORIO":"1","ESTADO_REVISION":"Aprobado","ID_ESTUDIANTE":"1","ENTIDAD_RECEPTORA":"Hospital San Vicente de Pa\u00fal","ESTUDIANTE_NOMBRE":"Juan Carlos P\u00e9rez L\u00f3pez","NOMBRE_ESTUDIANTE":"Juan Carlos","APELLIDO_ESTUDIANTE":"P\u00e9rez L\u00f3pez","CEDULA_ESTUDIANTE":"1001234567"},{"ID_DOCUMENTO_PREPROFESIONAL":"1","ID_PRACTICA_PREPROFESIONAL":"1","ID_TIPO_DOCUMENTO":"1","ID_ESTADO_REVISION":"3","NOMBRE_ARCHIVO":"oficio_asignacion_tutor_001_20250601.pdf","NOMBRE_ORIGINAL":"Oficio Asignaci\u00f3n Tutor - Juan Carlos.pdf","TIPO_ARCHIVO":"application\/pdf","TAMANO_ARCHIVO":"245760","RUTA_ARCHIVO":"\/uploads\/documentos-practicas\/","FECHA_SUBIDA":"2025-06-01 10:00:00","FECHA_REVISION":"2025-06-01 14:30:00","ID_REVISOR":"4","OBSERVACIONES":"Documento oficial de asignaci\u00f3n","OBSERVACIONES_REVISOR":"Documento aprobado correctamente","VERSION":"1","ACTIVO":"1","FECHA_CREACION":"2026-03-26 16:26:20","FECHA_ACTUALIZACION":"2026-03-26 16:26:20","ID_TIPO_DOCUMENTO_PREPROFESIONAL":"1","TIPO_DOCUMENTO_CODIGO":"PPR-001","TIPO_DOCUMENTO_NOMBRE":"Oficio de Asignaci\u00f3n de Tutor","TIPO_DOCUMENTO_DESCRIPCION":"Documento oficial emitido por la coordinaci\u00f3n de la carrera que designa al docente responsable de la tutor\u00eda y seguimiento de las pr\u00e1cticas de servicio comunitario del estudiante.","TIPO_DOCUMENTO_ORDEN":"1","TIPO_DOCUMENTO_OBLIGATORIO":"1","ESTADO_REVISION":"Aprobado","ID_ESTUDIANTE":"1","ENTIDAD_RECEPTORA":"Hospital San Vicente de Pa\u00fal","ESTUDIANTE_NOMBRE":"Juan Carlos P\u00e9rez L\u00f3pez","NOMBRE_ESTUDIANTE":"Juan Carlos","APELLIDO_ESTUDIANTE":"P\u00e9rez L\u00f3pez","CEDULA_ESTUDIANTE":"1001234567"}]
DEBUG - 2026-04-04 13:07:30 --> Session: Class initialized using 'CodeIgniter\Session\Handlers\FileHandler' driver.
DEBUG - 2026-04-04 13:07:30 --> Consulta SQL: SELECT *
FROM `TAB_DOCUMENTOS_PRACTICAS_PREPROFESIONALES` `dp`
DEBUG - 2026-04-04 13:07:30 --> Resultados obtenidos: 10
DEBUG - 2026-04-04 13:07:30 --> Tipos de documentos en index: [{"ID_TIPO_DOCUMENTO_PREPROFESIONAL":"1","CODIGO":"PPR-001","NOMBRE":"Oficio de Asignaci\u00f3n de Tutor","DESCRIPCION":"Documento oficial emitido por la coordinaci\u00f3n de la carrera que designa al docente responsable de la tutor\u00eda y seguimiento de las pr\u00e1cticas de servicio comunitario del estudiante.","ORDEN":"1","OBLIGATORIO":"1","ACTIVO":"1","FECHA_CREACION":"2026-03-26 16:26:19","FECHA_ACTUALIZACION":"2026-03-26 16:26:19","REQUERIDO":"1"},{"ID_TIPO_DOCUMENTO_PREPROFESIONAL":"2","CODIGO":"PPR-002","NOMBRE":"Oficio a Entidad Receptora","DESCRIPCION":"Carta formal enviada por el estudiante a la instituci\u00f3n \"Instituto Tecnol\u00f3gico Superior Ibarra\", con el prop\u00f3sito de solicitar la oportunidad de realizar sus pr\u00e1cticas de servicio comunitario.","ORDEN":"2","OBLIGATORIO":"1","ACTIVO":"1","FECHA_CREACION":"2026-03-26 16:26:19","FECHA_ACTUALIZACION":"2026-03-26 16:26:19","REQUERIDO":"1"},{"ID_TIPO_DOCUMENTO_PREPROFESIONAL":"3","CODIGO":"PPR-003","NOMBRE":"Carta de Aceptaci\u00f3n","DESCRIPCION":"Carta oficial de la entidad receptora \"Instituto Tecnol\u00f3gico Superior Ibarra\" que confirma la aceptaci\u00f3n del o los estudiantes para realizar las pr\u00e1cticas de servicio comunitario en sus instalaciones.","ORDEN":"3","OBLIGATORIO":"1","ACTIVO":"1","FECHA_CREACION":"2026-03-26 16:26:19","FECHA_ACTUALIZACION":"2026-03-26 16:26:19","REQUERIDO":"1"},{"ID_TIPO_DOCUMENTO_PREPROFESIONAL":"4","CODIGO":"PPR-004","NOMBRE":"Solicitud Institucional Valorada","DESCRIPCION":"Documento de solicitud formal dirigido al Sr. Rector, Dr. Mario Montenegro, pidiendo la aprobaci\u00f3n institucional para la realizaci\u00f3n de las pr\u00e1cticas de servicio comunitario.","ORDEN":"4","OBLIGATORIO":"1","ACTIVO":"1","FECHA_CREACION":"2026-03-26 16:26:19","FECHA_ACTUALIZACION":"2026-03-26 16:26:19","REQUERIDO":"1"},{"ID_TIPO_DOCUMENTO_PREPROFESIONAL":"5","CODIGO":"PPR-005","NOMBRE":"Certificado de Culminaci\u00f3n de Horas","DESCRIPCION":"Certificado emitido por la entidad receptora \"Instituto Tecnol\u00f3gico Superior Ibarra\" que acredita que el estudiante ha completado las 60 horas requeridas de pr\u00e1cticas de servicio comunitario.","ORDEN":"5","OBLIGATORIO":"1","ACTIVO":"1","FECHA_CREACION":"2026-03-26 16:26:19","FECHA_ACTUALIZACION":"2026-03-26 16:26:19","REQUERIDO":"1"},{"ID_TIPO_DOCUMENTO_PREPROFESIONAL":"6","CODIGO":"PPR-006","NOMBRE":"Hojas de Asistencia","DESCRIPCION":"Registro f\u00edsico de la asistencia del estudiante en la entidad receptora. Incluye las firmas y sellos para validar las horas de trabajo.","ORDEN":"6","OBLIGATORIO":"1","ACTIVO":"1","FECHA_CREACION":"2026-03-26 16:26:19","FECHA_ACTUALIZACION":"2026-03-26 16:26:19","REQUERIDO":"1"},{"ID_TIPO_DOCUMENTO_PREPROFESIONAL":"7","CODIGO":"PPR-007","NOMBRE":"Ficha de Registro de Actividades","DESCRIPCION":"Documento detallado en el que el estudiante registra las actividades espec\u00edficas realizadas durante sus pr\u00e1cticas, incluyendo fechas y descripciones.","ORDEN":"7","OBLIGATORIO":"1","ACTIVO":"1","FECHA_CREACION":"2026-03-26 16:26:19","FECHA_ACTUALIZACION":"2026-03-26 16:26:19","REQUERIDO":"1"},{"ID_TIPO_DOCUMENTO_PREPROFESIONAL":"8","CODIGO":"PPR-008","NOMBRE":"R\u00fabrica de Evaluaci\u00f3n de Entidad","DESCRIPCION":"Formulario de evaluaci\u00f3n del desempe\u00f1o del estudiante, llenado y sellado por la entidad receptora. Valora aspectos como la responsabilidad, la proactividad y la calidad del trabajo.","ORDEN":"8","OBLIGATORIO":"1","ACTIVO":"1","FECHA_CREACION":"2026-03-26 16:26:19","FECHA_ACTUALIZACION":"2026-03-26 16:26:19","REQUERIDO":"1"},{"ID_TIPO_DOCUMENTO_PREPROFESIONAL":"9","CODIGO":"PPR-009","NOMBRE":"Ficha de Control y Seguimiento Docente","DESCRIPCION":"Documento utilizado por el tutor docente para registrar el seguimiento acad\u00e9mico del estudiante durante las pr\u00e1cticas. Incluye visitas o revisiones peri\u00f3dicas.","ORDEN":"9","OBLIGATORIO":"1","ACTIVO":"1","FECHA_CREACION":"2026-03-26 16:26:19","FECHA_ACTUALIZACION":"2026-03-26 16:26:19","REQUERIDO":"1"},{"ID_TIPO_DOCUMENTO_PREPROFESIONAL":"10","CODIGO":"PPR-010","NOMBRE":"R\u00fabrica de Evaluaci\u00f3n Docente","DESCRIPCION":"R\u00fabrica de evaluaci\u00f3n llenada y firmada por el tutor docente. Califica el desempe\u00f1o del estudiante en base a los criterios acad\u00e9micos del programa.","ORDEN":"10","OBLIGATORIO":"1","ACTIVO":"1","FECHA_CREACION":"2026-03-26 16:26:19","FECHA_ACTUALIZACION":"2026-03-26 16:26:19","REQUERIDO":"1"},{"ID_TIPO_DOCUMENTO_PREPROFESIONAL":"11","CODIGO":"PPR-011","NOMBRE":"R\u00fabrica de Evaluaci\u00f3n de Resultados","DESCRIPCION":"Evaluaci\u00f3n final realizada por el Departamento de Vinculaci\u00f3n con la Sociedad, que valora los resultados y el impacto del proyecto de servicio comunitario en su conjunto.","ORDEN":"11","OBLIGATORIO":"1","ACTIVO":"1","FECHA_CREACION":"2026-03-26 16:26:19","FECHA_ACTUALIZACION":"2026-03-26 16:26:19","REQUERIDO":"1"},{"ID_TIPO_DOCUMENTO_PREPROFESIONAL":"12","CODIGO":"PPR-012","NOMBRE":"Evidencia Fotogr\u00e1fica y Digital","DESCRIPCION":"Material de apoyo visual y digital, como fotos, capturas, videos o impresiones, que documenta y comprueba la realizaci\u00f3n de las actividades y trabajos del proyecto.","ORDEN":"12","OBLIGATORIO":"1","ACTIVO":"1","FECHA_CREACION":"2026-03-26 16:26:19","FECHA_ACTUALIZACION":"2026-03-26 16:26:19","REQUERIDO":"1"},{"ID_TIPO_DOCUMENTO_PREPROFESIONAL":"13","CODIGO":"PPR-013","NOMBRE":"Documento final","DESCRIPCION":"Documento de cierre o carpeta final de pr\u00e1cticas preprofesionales.","ORDEN":"13","OBLIGATORIO":"1","ACTIVO":"1","FECHA_CREACION":"2026-04-04 12:52:52","FECHA_ACTUALIZACION":"2026-04-04 13:07:29","REQUERIDO":"1"}]
DEBUG - 2026-04-04 13:07:31 --> Session: Class initialized using 'CodeIgniter\Session\Handlers\FileHandler' driver.
DEBUG - 2026-04-04 13:07:31 --> Consulta SQL: SELECT *
FROM `TAB_DOCUMENTOS_PRACTICAS_PREPROFESIONALES` `dp`
DEBUG - 2026-04-04 13:07:31 --> Resultados obtenidos: 10
DEBUG - 2026-04-04 13:07:31 --> Documentos obtenidos: [{"ID_DOCUMENTO_PREPROFESIONAL":"18","ID_PRACTICA_PREPROFESIONAL":"4","ID_TIPO_DOCUMENTO":"1","ID_ESTADO_REVISION":"1","NOMBRE_ARCHIVO":"estudiante_3_20260404093413_28cbbf8a.pdf","NOMBRE_ORIGINAL":null,"TIPO_ARCHIVO":"application\/pdf","TAMANO_ARCHIVO":null,"RUTA_ARCHIVO":null,"FECHA_SUBIDA":"2026-04-04 09:34:13","FECHA_REVISION":null,"ID_REVISOR":null,"OBSERVACIONES":"","OBSERVACIONES_REVISOR":null,"VERSION":"1","ACTIVO":"1","FECHA_CREACION":"2026-04-04 09:34:13","FECHA_ACTUALIZACION":"2026-04-04 09:34:13","ID_TIPO_DOCUMENTO_PREPROFESIONAL":"1","TIPO_DOCUMENTO_CODIGO":"PPR-001","TIPO_DOCUMENTO_NOMBRE":"Oficio de Asignaci\u00f3n de Tutor","TIPO_DOCUMENTO_DESCRIPCION":"Documento oficial emitido por la coordinaci\u00f3n de la carrera que designa al docente responsable de la tutor\u00eda y seguimiento de las pr\u00e1cticas de servicio comunitario del estudiante.","TIPO_DOCUMENTO_ORDEN":"1","TIPO_DOCUMENTO_OBLIGATORIO":"1","ESTADO_REVISION":"Pendiente","ID_ESTUDIANTE":"5","ENTIDAD_RECEPTORA":"Banco del Pac\u00edfico","ESTUDIANTE_NOMBRE":"Pedro Aguirre","NOMBRE_ESTUDIANTE":"Pedro","APELLIDO_ESTUDIANTE":"Aguirre","CEDULA_ESTUDIANTE":"0123456789"},{"ID_DOCUMENTO_PREPROFESIONAL":"17","ID_PRACTICA_PREPROFESIONAL":"2","ID_TIPO_DOCUMENTO":"9","ID_ESTADO_REVISION":"4","NOMBRE_ARCHIVO":"ficha_control_seguimiento_002_20250920.pdf","NOMBRE_ORIGINAL":"Ficha Control Seguimiento - Mar\u00eda.pdf","TIPO_ARCHIVO":"application\/pdf","TAMANO_ARCHIVO":"112233","RUTA_ARCHIVO":"\/uploads\/documentos-practicas\/","FECHA_SUBIDA":"2025-09-20 10:15:00","FECHA_REVISION":"2025-09-20 12:45:00","ID_REVISOR":"5","OBSERVACIONES":"Ficha de control y seguimiento docente","OBSERVACIONES_REVISOR":"Faltan las firmas del tutor docente, documento inv\u00e1lido","VERSION":"1","ACTIVO":"1","FECHA_CREACION":"2026-03-26 16:26:20","FECHA_ACTUALIZACION":"2026-03-26 16:26:20","ID_TIPO_DOCUMENTO_PREPROFESIONAL":"9","TIPO_DOCUMENTO_CODIGO":"PPR-009","TIPO_DOCUMENTO_NOMBRE":"Ficha de Control y Seguimiento Docente","TIPO_DOCUMENTO_DESCRIPCION":"Documento utilizado por el tutor docente para registrar el seguimiento acad\u00e9mico del estudiante durante las pr\u00e1cticas. Incluye visitas o revisiones peri\u00f3dicas.","TIPO_DOCUMENTO_ORDEN":"9","TIPO_DOCUMENTO_OBLIGATORIO":"1","ESTADO_REVISION":"Rechazado","ID_ESTUDIANTE":"2","ENTIDAD_RECEPTORA":"Banco del Pac\u00edfico","ESTUDIANTE_NOMBRE":"Mar\u00eda Elena Garc\u00eda Torres","NOMBRE_ESTUDIANTE":"Mar\u00eda Elena","APELLIDO_ESTUDIANTE":"Garc\u00eda Torres","CEDULA_ESTUDIANTE":"1002345678"},{"ID_DOCUMENTO_PREPROFESIONAL":"15","ID_PRACTICA_PREPROFESIONAL":"2","ID_TIPO_DOCUMENTO":"7","ID_ESTADO_REVISION":"5","NOMBRE_ARCHIVO":"ficha_registro_actividades_002_20250915.pdf","NOMBRE_ORIGINAL":"Ficha Registro Actividades - Mar\u00eda.pdf","TIPO_ARCHIVO":"application\/pdf","TAMANO_ARCHIVO":"98765","RUTA_ARCHIVO":"\/uploads\/documentos-practicas\/","FECHA_SUBIDA":"2025-09-15 11:30:00","FECHA_REVISION":"2025-09-15 14:20:00","ID_REVISOR":"5","OBSERVACIONES":"Ficha de registro de actividades","OBSERVACIONES_REVISOR":"Descripci\u00f3n de actividades muy general, especificar m\u00e1s detalles","VERSION":"1","ACTIVO":"1","FECHA_CREACION":"2026-03-26 16:26:20","FECHA_ACTUALIZACION":"2026-03-26 16:26:20","ID_TIPO_DOCUMENTO_PREPROFESIONAL":"7","TIPO_DOCUMENTO_CODIGO":"PPR-007","TIPO_DOCUMENTO_NOMBRE":"Ficha de Registro de Actividades","TIPO_DOCUMENTO_DESCRIPCION":"Documento detallado en el que el estudiante registra las actividades espec\u00edficas realizadas durante sus pr\u00e1cticas, incluyendo fechas y descripciones.","TIPO_DOCUMENTO_ORDEN":"7","TIPO_DOCUMENTO_OBLIGATORIO":"1","ESTADO_REVISION":"Requiere Correcci\u00f3n","ID_ESTUDIANTE":"2","ENTIDAD_RECEPTORA":"Banco del Pac\u00edfico","ESTUDIANTE_NOMBRE":"Mar\u00eda Elena Garc\u00eda Torres","NOMBRE_ESTUDIANTE":"Mar\u00eda Elena","APELLIDO_ESTUDIANTE":"Garc\u00eda Torres","CEDULA_ESTUDIANTE":"1002345678"},{"ID_DOCUMENTO_PREPROFESIONAL":"14","ID_PRACTICA_PREPROFESIONAL":"1","ID_TIPO_DOCUMENTO":"6","ID_ESTADO_REVISION":"5","NOMBRE_ARCHIVO":"hojas_asistencia_001_20250830.pdf","NOMBRE_ORIGINAL":"Hojas de Asistencia - Juan Carlos.pdf","TIPO_ARCHIVO":"application\/pdf","TAMANO_ARCHIVO":"123456","RUTA_ARCHIVO":"\/uploads\/documentos-practicas\/","FECHA_SUBIDA":"2025-08-30 16:15:00","FECHA_REVISION":"2025-08-30 17:45:00","ID_REVISOR":"4","OBSERVACIONES":"Hojas de asistencia completas","OBSERVACIONES_REVISOR":"Faltan firmas en algunas fechas, corregir y volver a subir","VERSION":"1","ACTIVO":"1","FECHA_CREACION":"2026-03-26 16:26:20","FECHA_ACTUALIZACION":"2026-03-26 16:26:20","ID_TIPO_DOCUMENTO_PREPROFESIONAL":"6","TIPO_DOCUMENTO_CODIGO":"PPR-006","TIPO_DOCUMENTO_NOMBRE":"Hojas de Asistencia","TIPO_DOCUMENTO_DESCRIPCION":"Registro f\u00edsico de la asistencia del estudiante en la entidad receptora. Incluye las firmas y sellos para validar las horas de trabajo.","TIPO_DOCUMENTO_ORDEN":"6","TIPO_DOCUMENTO_OBLIGATORIO":"1","ESTADO_REVISION":"Requiere Correcci\u00f3n","ID_ESTUDIANTE":"1","ENTIDAD_RECEPTORA":"Hospital San Vicente de Pa\u00fal","ESTUDIANTE_NOMBRE":"Juan Carlos P\u00e9rez L\u00f3pez","NOMBRE_ESTUDIANTE":"Juan Carlos","APELLIDO_ESTUDIANTE":"P\u00e9rez L\u00f3pez","CEDULA_ESTUDIANTE":"1001234567"},{"ID_DOCUMENTO_PREPROFESIONAL":"16","ID_PRACTICA_PREPROFESIONAL":"1","ID_TIPO_DOCUMENTO":"8","ID_ESTADO_REVISION":"4","NOMBRE_ARCHIVO":"rubrica_evaluacion_entidad_001_20250825.pdf","NOMBRE_ORIGINAL":"R\u00fabrica Evaluaci\u00f3n Entidad - Juan.pdf","TIPO_ARCHIVO":"application\/pdf","TAMANO_ARCHIVO":"87654","RUTA_ARCHIVO":"\/uploads\/documentos-practicas\/","FECHA_SUBIDA":"2025-08-25 15:00:00","FECHA_REVISION":"2025-08-25 16:30:00","ID_REVISOR":"4","OBSERVACIONES":"R\u00fabrica de evaluaci\u00f3n de entidad","OBSERVACIONES_REVISOR":"Documento no tiene sello oficial de la entidad, rechazado","VERSION":"1","ACTIVO":"1","FECHA_CREACION":"2026-03-26 16:26:20","FECHA_ACTUALIZACION":"2026-03-26 16:26:20","ID_TIPO_DOCUMENTO_PREPROFESIONAL":"8","TIPO_DOCUMENTO_CODIGO":"PPR-008","TIPO_DOCUMENTO_NOMBRE":"R\u00fabrica de Evaluaci\u00f3n de Entidad","TIPO_DOCUMENTO_DESCRIPCION":"Formulario de evaluaci\u00f3n del desempe\u00f1o del estudiante, llenado y sellado por la entidad receptora. Valora aspectos como la responsabilidad, la proactividad y la calidad del trabajo.","TIPO_DOCUMENTO_ORDEN":"8","TIPO_DOCUMENTO_OBLIGATORIO":"1","ESTADO_REVISION":"Rechazado","ID_ESTUDIANTE":"1","ENTIDAD_RECEPTORA":"Hospital San Vicente de Pa\u00fal","ESTUDIANTE_NOMBRE":"Juan Carlos P\u00e9rez L\u00f3pez","NOMBRE_ESTUDIANTE":"Juan Carlos","APELLIDO_ESTUDIANTE":"P\u00e9rez L\u00f3pez","CEDULA_ESTUDIANTE":"1001234567"},{"ID_DOCUMENTO_PREPROFESIONAL":"5","ID_PRACTICA_PREPROFESIONAL":"2","ID_TIPO_DOCUMENTO":"2","ID_ESTADO_REVISION":"3","NOMBRE_ARCHIVO":"oficio_entidad_receptora_002_20250702.pdf","NOMBRE_ORIGINAL":"Oficio Entidad Receptora - Banco.pdf","TIPO_ARCHIVO":"application\/pdf","TAMANO_ARCHIVO":"178944","RUTA_ARCHIVO":"\/uploads\/documentos-practicas\/","FECHA_SUBIDA":"2025-07-02 15:45:00","FECHA_REVISION":"2025-07-02 17:20:00","ID_REVISOR":"5","OBSERVACIONES":"Oficio enviado a la entidad receptora","OBSERVACIONES_REVISOR":"Oficio formal y bien estructurado","VERSION":"1","ACTIVO":"1","FECHA_CREACION":"2026-03-26 16:26:20","FECHA_ACTUALIZACION":"2026-03-26 16:26:20","ID_TIPO_DOCUMENTO_PREPROFESIONAL":"2","TIPO_DOCUMENTO_CODIGO":"PPR-002","TIPO_DOCUMENTO_NOMBRE":"Oficio a Entidad Receptora","TIPO_DOCUMENTO_DESCRIPCION":"Carta formal enviada por el estudiante a la instituci\u00f3n \"Instituto Tecnol\u00f3gico Superior Ibarra\", con el prop\u00f3sito de solicitar la oportunidad de realizar sus pr\u00e1cticas de servicio comunitario.","TIPO_DOCUMENTO_ORDEN":"2","TIPO_DOCUMENTO_OBLIGATORIO":"1","ESTADO_REVISION":"Aprobado","ID_ESTUDIANTE":"2","ENTIDAD_RECEPTORA":"Banco del Pac\u00edfico","ESTUDIANTE_NOMBRE":"Mar\u00eda Elena Garc\u00eda Torres","NOMBRE_ESTUDIANTE":"Mar\u00eda Elena","APELLIDO_ESTUDIANTE":"Garc\u00eda Torres","CEDULA_ESTUDIANTE":"1002345678"},{"ID_DOCUMENTO_PREPROFESIONAL":"4","ID_PRACTICA_PREPROFESIONAL":"2","ID_TIPO_DOCUMENTO":"1","ID_ESTADO_REVISION":"3","NOMBRE_ARCHIVO":"oficio_asignacion_tutor_002_20250701.pdf","NOMBRE_ORIGINAL":"Oficio Asignaci\u00f3n Tutor - Mar\u00eda Elena.pdf","TIPO_ARCHIVO":"application\/pdf","TAMANO_ARCHIVO":"234880","RUTA_ARCHIVO":"\/uploads\/documentos-practicas\/","FECHA_SUBIDA":"2025-07-01 11:00:00","FECHA_REVISION":"2025-07-01 13:15:00","ID_REVISOR":"5","OBSERVACIONES":"Documento oficial de asignaci\u00f3n","OBSERVACIONES_REVISOR":"Asignaci\u00f3n correcta del tutor","VERSION":"1","ACTIVO":"1","FECHA_CREACION":"2026-03-26 16:26:20","FECHA_ACTUALIZACION":"2026-03-26 16:26:20","ID_TIPO_DOCUMENTO_PREPROFESIONAL":"1","TIPO_DOCUMENTO_CODIGO":"PPR-001","TIPO_DOCUMENTO_NOMBRE":"Oficio de Asignaci\u00f3n de Tutor","TIPO_DOCUMENTO_DESCRIPCION":"Documento oficial emitido por la coordinaci\u00f3n de la carrera que designa al docente responsable de la tutor\u00eda y seguimiento de las pr\u00e1cticas de servicio comunitario del estudiante.","TIPO_DOCUMENTO_ORDEN":"1","TIPO_DOCUMENTO_OBLIGATORIO":"1","ESTADO_REVISION":"Aprobado","ID_ESTUDIANTE":"2","ENTIDAD_RECEPTORA":"Banco del Pac\u00edfico","ESTUDIANTE_NOMBRE":"Mar\u00eda Elena Garc\u00eda Torres","NOMBRE_ESTUDIANTE":"Mar\u00eda Elena","APELLIDO_ESTUDIANTE":"Garc\u00eda Torres","CEDULA_ESTUDIANTE":"1002345678"},{"ID_DOCUMENTO_PREPROFESIONAL":"3","ID_PRACTICA_PREPROFESIONAL":"1","ID_TIPO_DOCUMENTO":"3","ID_ESTADO_REVISION":"3","NOMBRE_ARCHIVO":"carta_aceptacion_001_20250603.pdf","NOMBRE_ORIGINAL":"Carta Aceptaci\u00f3n - Hospital.pdf","TIPO_ARCHIVO":"application\/pdf","TAMANO_ARCHIVO":"156672","RUTA_ARCHIVO":"\/uploads\/documentos-practicas\/","FECHA_SUBIDA":"2025-06-03 09:15:00","FECHA_REVISION":"2025-06-03 11:20:00","ID_REVISOR":"4","OBSERVACIONES":"Carta de aceptaci\u00f3n de la entidad","OBSERVACIONES_REVISOR":"Carta oficial con sello institucional","VERSION":"1","ACTIVO":"1","FECHA_CREACION":"2026-03-26 16:26:20","FECHA_ACTUALIZACION":"2026-03-26 16:26:20","ID_TIPO_DOCUMENTO_PREPROFESIONAL":"3","TIPO_DOCUMENTO_CODIGO":"PPR-003","TIPO_DOCUMENTO_NOMBRE":"Carta de Aceptaci\u00f3n","TIPO_DOCUMENTO_DESCRIPCION":"Carta oficial de la entidad receptora \"Instituto Tecnol\u00f3gico Superior Ibarra\" que confirma la aceptaci\u00f3n del o los estudiantes para realizar las pr\u00e1cticas de servicio comunitario en sus instalaciones.","TIPO_DOCUMENTO_ORDEN":"3","TIPO_DOCUMENTO_OBLIGATORIO":"1","ESTADO_REVISION":"Aprobado","ID_ESTUDIANTE":"1","ENTIDAD_RECEPTORA":"Hospital San Vicente de Pa\u00fal","ESTUDIANTE_NOMBRE":"Juan Carlos P\u00e9rez L\u00f3pez","NOMBRE_ESTUDIANTE":"Juan Carlos","APELLIDO_ESTUDIANTE":"P\u00e9rez L\u00f3pez","CEDULA_ESTUDIANTE":"1001234567"},{"ID_DOCUMENTO_PREPROFESIONAL":"2","ID_PRACTICA_PREPROFESIONAL":"1","ID_TIPO_DOCUMENTO":"2","ID_ESTADO_REVISION":"3","NOMBRE_ARCHIVO":"oficio_entidad_receptora_001_20250602.pdf","NOMBRE_ORIGINAL":"Oficio Entidad Receptora - Hospital.pdf","TIPO_ARCHIVO":"application\/pdf","TAMANO_ARCHIVO":"189440","RUTA_ARCHIVO":"\/uploads\/documentos-practicas\/","FECHA_SUBIDA":"2025-06-02 14:30:00","FECHA_REVISION":"2025-06-02 16:45:00","ID_REVISOR":"4","OBSERVACIONES":"Oficio enviado a la entidad receptora","OBSERVACIONES_REVISOR":"Oficio bien redactado y formal","VERSION":"1","ACTIVO":"1","FECHA_CREACION":"2026-03-26 16:26:20","FECHA_ACTUALIZACION":"2026-03-26 16:26:20","ID_TIPO_DOCUMENTO_PREPROFESIONAL":"2","TIPO_DOCUMENTO_CODIGO":"PPR-002","TIPO_DOCUMENTO_NOMBRE":"Oficio a Entidad Receptora","TIPO_DOCUMENTO_DESCRIPCION":"Carta formal enviada por el estudiante a la instituci\u00f3n \"Instituto Tecnol\u00f3gico Superior Ibarra\", con el prop\u00f3sito de solicitar la oportunidad de realizar sus pr\u00e1cticas de servicio comunitario.","TIPO_DOCUMENTO_ORDEN":"2","TIPO_DOCUMENTO_OBLIGATORIO":"1","ESTADO_REVISION":"Aprobado","ID_ESTUDIANTE":"1","ENTIDAD_RECEPTORA":"Hospital San Vicente de Pa\u00fal","ESTUDIANTE_NOMBRE":"Juan Carlos P\u00e9rez L\u00f3pez","NOMBRE_ESTUDIANTE":"Juan Carlos","APELLIDO_ESTUDIANTE":"P\u00e9rez L\u00f3pez","CEDULA_ESTUDIANTE":"1001234567"},{"ID_DOCUMENTO_PREPROFESIONAL":"1","ID_PRACTICA_PREPROFESIONAL":"1","ID_TIPO_DOCUMENTO":"1","ID_ESTADO_REVISION":"3","NOMBRE_ARCHIVO":"oficio_asignacion_tutor_001_20250601.pdf","NOMBRE_ORIGINAL":"Oficio Asignaci\u00f3n Tutor - Juan Carlos.pdf","TIPO_ARCHIVO":"application\/pdf","TAMANO_ARCHIVO":"245760","RUTA_ARCHIVO":"\/uploads\/documentos-practicas\/","FECHA_SUBIDA":"2025-06-01 10:00:00","FECHA_REVISION":"2025-06-01 14:30:00","ID_REVISOR":"4","OBSERVACIONES":"Documento oficial de asignaci\u00f3n","OBSERVACIONES_REVISOR":"Documento aprobado correctamente","VERSION":"1","ACTIVO":"1","FECHA_CREACION":"2026-03-26 16:26:20","FECHA_ACTUALIZACION":"2026-03-26 16:26:20","ID_TIPO_DOCUMENTO_PREPROFESIONAL":"1","TIPO_DOCUMENTO_CODIGO":"PPR-001","TIPO_DOCUMENTO_NOMBRE":"Oficio de Asignaci\u00f3n de Tutor","TIPO_DOCUMENTO_DESCRIPCION":"Documento oficial emitido por la coordinaci\u00f3n de la carrera que designa al docente responsable de la tutor\u00eda y seguimiento de las pr\u00e1cticas de servicio comunitario del estudiante.","TIPO_DOCUMENTO_ORDEN":"1","TIPO_DOCUMENTO_OBLIGATORIO":"1","ESTADO_REVISION":"Aprobado","ID_ESTUDIANTE":"1","ENTIDAD_RECEPTORA":"Hospital San Vicente de Pa\u00fal","ESTUDIANTE_NOMBRE":"Juan Carlos P\u00e9rez L\u00f3pez","NOMBRE_ESTUDIANTE":"Juan Carlos","APELLIDO_ESTUDIANTE":"P\u00e9rez L\u00f3pez","CEDULA_ESTUDIANTE":"1001234567"}]
DEBUG - 2026-04-04 13:17:33 --> Session: Class initialized using 'CodeIgniter\Session\Handlers\FileHandler' driver.
INFO - 2026-04-04 13:17:33 --> Iniciando proceso de cierre de sesión para usuario: ycampues
INFO - 2026-04-04 13:17:33 --> Sesión cerrada exitosamente
DEBUG - 2026-04-04 13:17:33 --> Session: Class initialized using 'CodeIgniter\Session\Handlers\FileHandler' driver.
DEBUG - 2026-04-04 20:23:38 --> Session: Class initialized using 'CodeIgniter\Session\Handlers\FileHandler' driver.
INFO - 2026-04-04 20:23:38 --> Usuario autenticado: 1004191845 con rol: 1 - requiere cambio password: no
DEBUG - 2026-04-04 20:23:38 --> Session: Class initialized using 'CodeIgniter\Session\Handlers\FileHandler' driver.
DEBUG - 2026-04-04 20:23:39 --> Estadísticas mensuales prácticas: [{"mes":"May 2025","preprofesionales":0,"servicioComunitario":0},{"mes":"Jun 2025","preprofesionales":1,"servicioComunitario":0},{"mes":"Jul 2025","preprofesionales":1,"servicioComunitario":0},{"mes":"Ago 2025","preprofesionales":0,"servicioComunitario":1},{"mes":"Sep 2025","preprofesionales":1,"servicioComunitario":0},{"mes":"Oct 2025","preprofesionales":1,"servicioComunitario":0},{"mes":"Nov 2025","preprofesionales":0,"servicioComunitario":1},{"mes":"Dic 2025","preprofesionales":0,"servicioComunitario":0},{"mes":"Ene 2026","preprofesionales":0,"servicioComunitario":0},{"mes":"Feb 2026","preprofesionales":0,"servicioComunitario":0},{"mes":"Mar 2026","preprofesionales":0,"servicioComunitario":0},{"mes":"Abr 2026","preprofesionales":0,"servicioComunitario":0}]
DEBUG - 2026-04-04 20:23:43 --> Session: Class initialized using 'CodeIgniter\Session\Handlers\FileHandler' driver.
DEBUG - 2026-04-04 20:23:44 --> Session: Class initialized using 'CodeIgniter\Session\Handlers\FileHandler' driver.
DEBUG - 2026-04-04 20:44:18 --> Session: Class initialized using 'CodeIgniter\Session\Handlers\FileHandler' driver.
INFO - 2026-04-04 20:44:18 --> Iniciando proceso de cierre de sesión para usuario: ycampues
INFO - 2026-04-04 20:44:18 --> Sesión cerrada exitosamente
DEBUG - 2026-04-04 20:44:19 --> Session: Class initialized using 'CodeIgniter\Session\Handlers\FileHandler' driver.
DEBUG - 2026-04-04 20:45:08 --> Session: Class initialized using 'CodeIgniter\Session\Handlers\FileHandler' driver.
DEBUG - 2026-04-04 20:45:15 --> Session: Class initialized using 'CodeIgniter\Session\Handlers\FileHandler' driver.
INFO - 2026-04-04 20:45:15 --> Usuario autenticado: 1004191845 con rol: 1 - requiere cambio password: no
DEBUG - 2026-04-04 20:45:15 --> Session: Class initialized using 'CodeIgniter\Session\Handlers\FileHandler' driver.
DEBUG - 2026-04-04 20:45:15 --> Estadísticas mensuales prácticas: [{"mes":"May 2025","preprofesionales":0,"servicioComunitario":0},{"mes":"Jun 2025","preprofesionales":1,"servicioComunitario":0},{"mes":"Jul 2025","preprofesionales":1,"servicioComunitario":0},{"mes":"Ago 2025","preprofesionales":0,"servicioComunitario":1},{"mes":"Sep 2025","preprofesionales":1,"servicioComunitario":0},{"mes":"Oct 2025","preprofesionales":1,"servicioComunitario":0},{"mes":"Nov 2025","preprofesionales":0,"servicioComunitario":1},{"mes":"Dic 2025","preprofesionales":0,"servicioComunitario":0},{"mes":"Ene 2026","preprofesionales":0,"servicioComunitario":0},{"mes":"Feb 2026","preprofesionales":0,"servicioComunitario":0},{"mes":"Mar 2026","preprofesionales":0,"servicioComunitario":0},{"mes":"Abr 2026","preprofesionales":0,"servicioComunitario":0}]
DEBUG - 2026-04-04 20:45:17 --> Session: Class initialized using 'CodeIgniter\Session\Handlers\FileHandler' driver.
DEBUG - 2026-04-04 20:45:18 --> Session: Class initialized using 'CodeIgniter\Session\Handlers\FileHandler' driver.
DEBUG - 2026-04-04 20:45:19 --> Session: Class initialized using 'CodeIgniter\Session\Handlers\FileHandler' driver.
DEBUG - 2026-04-04 20:45:20 --> Session: Class initialized using 'CodeIgniter\Session\Handlers\FileHandler' driver.
DEBUG - 2026-04-04 20:45:20 --> Session: Class initialized using 'CodeIgniter\Session\Handlers\FileHandler' driver.
DEBUG - 2026-04-04 20:45:20 --> Session: Class initialized using 'CodeIgniter\Session\Handlers\FileHandler' driver.
DEBUG - 2026-04-04 20:45:20 --> Session: Class initialized using 'CodeIgniter\Session\Handlers\FileHandler' driver.
DEBUG - 2026-04-04 20:45:22 --> Session: Class initialized using 'CodeIgniter\Session\Handlers\FileHandler' driver.
DEBUG - 2026-04-04 20:45:23 --> Session: Class initialized using 'CodeIgniter\Session\Handlers\FileHandler' driver.
DEBUG - 2026-04-04 20:47:18 --> Session: Class initialized using 'CodeIgniter\Session\Handlers\FileHandler' driver.
ERROR - 2026-04-04 20:47:18 --> mysqli_sql_exception: Unknown column 'ae.ENLACE' in 'field list' in C:\xampp\htdocs\ITSI\vendor\codeigniter4\framework\system\Database\MySQLi\Connection.php:327
Stack trace:
#0 C:\xampp\htdocs\ITSI\vendor\codeigniter4\framework\system\Database\MySQLi\Connection.php(327): mysqli->query('SELECT `ae`.`ID...', 0)
#1 C:\xampp\htdocs\ITSI\vendor\codeigniter4\framework\system\Database\BaseConnection.php(738): CodeIgniter\Database\MySQLi\Connection->execute('SELECT `ae`.`ID...')
#2 C:\xampp\htdocs\ITSI\vendor\codeigniter4\framework\system\Database\BaseConnection.php(652): CodeIgniter\Database\BaseConnection->simpleQuery('SELECT `ae`.`ID...')
#3 C:\xampp\htdocs\ITSI\vendor\codeigniter4\framework\system\Database\BaseBuilder.php(1649): CodeIgniter\Database\BaseConnection->query('SELECT `ae`.`ID...', Array, false)
#4 C:\xampp\htdocs\ITSI\vendor\codeigniter4\framework\system\Model.php(286): CodeIgniter\Database\BaseBuilder->get()
#5 C:\xampp\htdocs\ITSI\vendor\codeigniter4\framework\system\BaseModel.php(679): CodeIgniter\Model->doFindAll(0, 0)
#6 C:\xampp\htdocs\ITSI\app\Controllers\coord\ActividadesEducacionCoordController.php(344): CodeIgniter\BaseModel->findAll()
#7 C:\xampp\htdocs\ITSI\vendor\codeigniter4\framework\system\CodeIgniter.php(933): App\Controllers\coord\ActividadesEducacionCoordController->calendario()
#8 C:\xampp\htdocs\ITSI\vendor\codeigniter4\framework\system\CodeIgniter.php(507): CodeIgniter\CodeIgniter->runController(Object(App\Controllers\coord\ActividadesEducacionCoordController))
#9 C:\xampp\htdocs\ITSI\vendor\codeigniter4\framework\system\CodeIgniter.php(354): CodeIgniter\CodeIgniter->handleRequest(NULL, Object(Config\Cache), false)
#10 C:\xampp\htdocs\ITSI\vendor\codeigniter4\framework\system\Boot.php(334): CodeIgniter\CodeIgniter->run()
#11 C:\xampp\htdocs\ITSI\vendor\codeigniter4\framework\system\Boot.php(67): CodeIgniter\Boot::runCodeIgniter(Object(CodeIgniter\CodeIgniter))
#12 C:\xampp\htdocs\ITSI\public\index.php(59): CodeIgniter\Boot::bootWeb(Object(Config\Paths))
#13 {main}
CRITICAL - 2026-04-04 20:47:18 --> CodeIgniter\Database\Exceptions\DatabaseException: Unknown column 'ae.ENLACE' in 'field list'
[Method: GET, Route: coord/actividades-educacion/calendario]
in SYSTEMPATH\Database\BaseConnection.php on line 692.
 1 SYSTEMPATH\Database\BaseBuilder.php(1649): CodeIgniter\Database\BaseConnection->query('SELECT `ae`.`ID_ACTIVIDAD_EDUCACION`, `ae`.`NOMBRE_ACTIVIDAD`, `ae`.`FECHA_INICIO`, `ae`.`FECHA_FIN`, `ae`.`LUGAR`, `ae`.`ENLACE`, `ae`.`HORARIO`, `ae`.`DURACION_HORAS`, `ae`.`DESCRIPCION`, `ta`.`ACTIVIDAD` as `TIPO_ACTIVIDAD`, `tm`.`MODALIDAD`, `dp`.`NOMBRE`, `dp`.`APELLIDO`
FROM (`TAB_ACTIVIDADES_EDUCACION`, `TAB_ACTIVIDADES_EDUCACION` `ae`)
JOIN `TAB_TIPOS_ACTIVIDADES` `ta` ON `ta`.`ID_TIPO_ACTIVIDAD` = `ae`.`ID_TIPO_ACTIVIDAD`
JOIN `TAB_TIPOS_MODALIDADES` `tm` ON `tm`.`ID_TIPO_MODALIDAD` = `ae`.`ID_TIPO_MODALIDAD`
JOIN `TAB_INSTRUCTORES` `i` ON `i`.`ID_INSTRUCTOR` = `ae`.`ID_INSTRUCTOR`
JOIN `TAB_DATOS_PERSONAS` `dp` ON `dp`.`ID_DATO_PERSONA` = `i`.`ID_DATO_PERSONA`
WHERE `ae`.`FECHA_FIN` >= :ae.FECHA_FIN:
ORDER BY `ae`.`FECHA_INICIO` ASC', [...], false)
 2 SYSTEMPATH\Model.php(286): CodeIgniter\Database\BaseBuilder->get()
 3 SYSTEMPATH\BaseModel.php(679): CodeIgniter\Model->doFindAll(0, 0)
 4 APPPATH\Controllers\coord\ActividadesEducacionCoordController.php(344): CodeIgniter\BaseModel->findAll()
 5 SYSTEMPATH\CodeIgniter.php(933): App\Controllers\coord\ActividadesEducacionCoordController->calendario()
 6 SYSTEMPATH\CodeIgniter.php(507): CodeIgniter\CodeIgniter->runController(Object(App\Controllers\coord\ActividadesEducacionCoordController))
 7 SYSTEMPATH\CodeIgniter.php(354): CodeIgniter\CodeIgniter->handleRequest(null, Object(Config\Cache), false)
 8 SYSTEMPATH\Boot.php(334): CodeIgniter\CodeIgniter->run()
 9 SYSTEMPATH\Boot.php(67): CodeIgniter\Boot::runCodeIgniter(Object(CodeIgniter\CodeIgniter))
10 FCPATH\index.php(59): CodeIgniter\Boot::bootWeb(Object(Config\Paths))
CRITICAL - 2026-04-04 20:47:18 --> [Caused by] CodeIgniter\Database\Exceptions\DatabaseException: Unknown column 'ae.ENLACE' in 'field list'
in SYSTEMPATH\Database\MySQLi\Connection.php on line 332.
 1 SYSTEMPATH\Database\BaseConnection.php(738): CodeIgniter\Database\MySQLi\Connection->execute('SELECT `ae`.`ID_ACTIVIDAD_EDUCACION`, `ae`.`NOMBRE_ACTIVIDAD`, `ae`.`FECHA_INICIO`, `ae`.`FECHA_FIN`, `ae`.`LUGAR`, `ae`.`ENLACE`, `ae`.`HORARIO`, `ae`.`DURACION_HORAS`, `ae`.`DESCRIPCION`, `ta`.`ACTIVIDAD` as `TIPO_ACTIVIDAD`, `tm`.`MODALIDAD`, `dp`.`NOMBRE`, `dp`.`APELLIDO`
FROM (`TAB_ACTIVIDADES_EDUCACION`, `TAB_ACTIVIDADES_EDUCACION` `ae`)
JOIN `TAB_TIPOS_ACTIVIDADES` `ta` ON `ta`.`ID_TIPO_ACTIVIDAD` = `ae`.`ID_TIPO_ACTIVIDAD`
JOIN `TAB_TIPOS_MODALIDADES` `tm` ON `tm`.`ID_TIPO_MODALIDAD` = `ae`.`ID_TIPO_MODALIDAD`
JOIN `TAB_INSTRUCTORES` `i` ON `i`.`ID_INSTRUCTOR` = `ae`.`ID_INSTRUCTOR`
JOIN `TAB_DATOS_PERSONAS` `dp` ON `dp`.`ID_DATO_PERSONA` = `i`.`ID_DATO_PERSONA`
WHERE `ae`.`FECHA_FIN` >= \'2026-04-04\'
ORDER BY `ae`.`FECHA_INICIO` ASC')
 2 SYSTEMPATH\Database\BaseConnection.php(652): CodeIgniter\Database\BaseConnection->simpleQuery('SELECT `ae`.`ID_ACTIVIDAD_EDUCACION`, `ae`.`NOMBRE_ACTIVIDAD`, `ae`.`FECHA_INICIO`, `ae`.`FECHA_FIN`, `ae`.`LUGAR`, `ae`.`ENLACE`, `ae`.`HORARIO`, `ae`.`DURACION_HORAS`, `ae`.`DESCRIPCION`, `ta`.`ACTIVIDAD` as `TIPO_ACTIVIDAD`, `tm`.`MODALIDAD`, `dp`.`NOMBRE`, `dp`.`APELLIDO`
FROM (`TAB_ACTIVIDADES_EDUCACION`, `TAB_ACTIVIDADES_EDUCACION` `ae`)
JOIN `TAB_TIPOS_ACTIVIDADES` `ta` ON `ta`.`ID_TIPO_ACTIVIDAD` = `ae`.`ID_TIPO_ACTIVIDAD`
JOIN `TAB_TIPOS_MODALIDADES` `tm` ON `tm`.`ID_TIPO_MODALIDAD` = `ae`.`ID_TIPO_MODALIDAD`
JOIN `TAB_INSTRUCTORES` `i` ON `i`.`ID_INSTRUCTOR` = `ae`.`ID_INSTRUCTOR`
JOIN `TAB_DATOS_PERSONAS` `dp` ON `dp`.`ID_DATO_PERSONA` = `i`.`ID_DATO_PERSONA`
WHERE `ae`.`FECHA_FIN` >= \'2026-04-04\'
ORDER BY `ae`.`FECHA_INICIO` ASC')
 3 SYSTEMPATH\Database\BaseBuilder.php(1649): CodeIgniter\Database\BaseConnection->query('SELECT `ae`.`ID_ACTIVIDAD_EDUCACION`, `ae`.`NOMBRE_ACTIVIDAD`, `ae`.`FECHA_INICIO`, `ae`.`FECHA_FIN`, `ae`.`LUGAR`, `ae`.`ENLACE`, `ae`.`HORARIO`, `ae`.`DURACION_HORAS`, `ae`.`DESCRIPCION`, `ta`.`ACTIVIDAD` as `TIPO_ACTIVIDAD`, `tm`.`MODALIDAD`, `dp`.`NOMBRE`, `dp`.`APELLIDO`
FROM (`TAB_ACTIVIDADES_EDUCACION`, `TAB_ACTIVIDADES_EDUCACION` `ae`)
JOIN `TAB_TIPOS_ACTIVIDADES` `ta` ON `ta`.`ID_TIPO_ACTIVIDAD` = `ae`.`ID_TIPO_ACTIVIDAD`
JOIN `TAB_TIPOS_MODALIDADES` `tm` ON `tm`.`ID_TIPO_MODALIDAD` = `ae`.`ID_TIPO_MODALIDAD`
JOIN `TAB_INSTRUCTORES` `i` ON `i`.`ID_INSTRUCTOR` = `ae`.`ID_INSTRUCTOR`
JOIN `TAB_DATOS_PERSONAS` `dp` ON `dp`.`ID_DATO_PERSONA` = `i`.`ID_DATO_PERSONA`
WHERE `ae`.`FECHA_FIN` >= :ae.FECHA_FIN:
ORDER BY `ae`.`FECHA_INICIO` ASC', [...], false)
 4 SYSTEMPATH\Model.php(286): CodeIgniter\Database\BaseBuilder->get()
 5 SYSTEMPATH\BaseModel.php(679): CodeIgniter\Model->doFindAll(0, 0)
 6 APPPATH\Controllers\coord\ActividadesEducacionCoordController.php(344): CodeIgniter\BaseModel->findAll()
 7 SYSTEMPATH\CodeIgniter.php(933): App\Controllers\coord\ActividadesEducacionCoordController->calendario()
 8 SYSTEMPATH\CodeIgniter.php(507): CodeIgniter\CodeIgniter->runController(Object(App\Controllers\coord\ActividadesEducacionCoordController))
 9 SYSTEMPATH\CodeIgniter.php(354): CodeIgniter\CodeIgniter->handleRequest(null, Object(Config\Cache), false)
10 SYSTEMPATH\Boot.php(334): CodeIgniter\CodeIgniter->run()
11 SYSTEMPATH\Boot.php(67): CodeIgniter\Boot::runCodeIgniter(Object(CodeIgniter\CodeIgniter))
12 FCPATH\index.php(59): CodeIgniter\Boot::bootWeb(Object(Config\Paths))
CRITICAL - 2026-04-04 20:47:18 --> [Caused by] mysqli_sql_exception: Unknown column 'ae.ENLACE' in 'field list'
in SYSTEMPATH\Database\MySQLi\Connection.php on line 327.
 1 SYSTEMPATH\Database\MySQLi\Connection.php(327): mysqli->query('SELECT `ae`.`ID_ACTIVIDAD_EDUCACION`, `ae`.`NOMBRE_ACTIVIDAD`, `ae`.`FECHA_INICIO`, `ae`.`FECHA_FIN`, `ae`.`LUGAR`, `ae`.`ENLACE`, `ae`.`HORARIO`, `ae`.`DURACION_HORAS`, `ae`.`DESCRIPCION`, `ta`.`ACTIVIDAD` as `TIPO_ACTIVIDAD`, `tm`.`MODALIDAD`, `dp`.`NOMBRE`, `dp`.`APELLIDO`
FROM (`TAB_ACTIVIDADES_EDUCACION`, `TAB_ACTIVIDADES_EDUCACION` `ae`)
JOIN `TAB_TIPOS_ACTIVIDADES` `ta` ON `ta`.`ID_TIPO_ACTIVIDAD` = `ae`.`ID_TIPO_ACTIVIDAD`
JOIN `TAB_TIPOS_MODALIDADES` `tm` ON `tm`.`ID_TIPO_MODALIDAD` = `ae`.`ID_TIPO_MODALIDAD`
JOIN `TAB_INSTRUCTORES` `i` ON `i`.`ID_INSTRUCTOR` = `ae`.`ID_INSTRUCTOR`
JOIN `TAB_DATOS_PERSONAS` `dp` ON `dp`.`ID_DATO_PERSONA` = `i`.`ID_DATO_PERSONA`
WHERE `ae`.`FECHA_FIN` >= \'2026-04-04\'
ORDER BY `ae`.`FECHA_INICIO` ASC', 0)
 2 SYSTEMPATH\Database\BaseConnection.php(738): CodeIgniter\Database\MySQLi\Connection->execute('SELECT `ae`.`ID_ACTIVIDAD_EDUCACION`, `ae`.`NOMBRE_ACTIVIDAD`, `ae`.`FECHA_INICIO`, `ae`.`FECHA_FIN`, `ae`.`LUGAR`, `ae`.`ENLACE`, `ae`.`HORARIO`, `ae`.`DURACION_HORAS`, `ae`.`DESCRIPCION`, `ta`.`ACTIVIDAD` as `TIPO_ACTIVIDAD`, `tm`.`MODALIDAD`, `dp`.`NOMBRE`, `dp`.`APELLIDO`
FROM (`TAB_ACTIVIDADES_EDUCACION`, `TAB_ACTIVIDADES_EDUCACION` `ae`)
JOIN `TAB_TIPOS_ACTIVIDADES` `ta` ON `ta`.`ID_TIPO_ACTIVIDAD` = `ae`.`ID_TIPO_ACTIVIDAD`
JOIN `TAB_TIPOS_MODALIDADES` `tm` ON `tm`.`ID_TIPO_MODALIDAD` = `ae`.`ID_TIPO_MODALIDAD`
JOIN `TAB_INSTRUCTORES` `i` ON `i`.`ID_INSTRUCTOR` = `ae`.`ID_INSTRUCTOR`
JOIN `TAB_DATOS_PERSONAS` `dp` ON `dp`.`ID_DATO_PERSONA` = `i`.`ID_DATO_PERSONA`
WHERE `ae`.`FECHA_FIN` >= \'2026-04-04\'
ORDER BY `ae`.`FECHA_INICIO` ASC')
 3 SYSTEMPATH\Database\BaseConnection.php(652): CodeIgniter\Database\BaseConnection->simpleQuery('SELECT `ae`.`ID_ACTIVIDAD_EDUCACION`, `ae`.`NOMBRE_ACTIVIDAD`, `ae`.`FECHA_INICIO`, `ae`.`FECHA_FIN`, `ae`.`LUGAR`, `ae`.`ENLACE`, `ae`.`HORARIO`, `ae`.`DURACION_HORAS`, `ae`.`DESCRIPCION`, `ta`.`ACTIVIDAD` as `TIPO_ACTIVIDAD`, `tm`.`MODALIDAD`, `dp`.`NOMBRE`, `dp`.`APELLIDO`
FROM (`TAB_ACTIVIDADES_EDUCACION`, `TAB_ACTIVIDADES_EDUCACION` `ae`)
JOIN `TAB_TIPOS_ACTIVIDADES` `ta` ON `ta`.`ID_TIPO_ACTIVIDAD` = `ae`.`ID_TIPO_ACTIVIDAD`
JOIN `TAB_TIPOS_MODALIDADES` `tm` ON `tm`.`ID_TIPO_MODALIDAD` = `ae`.`ID_TIPO_MODALIDAD`
JOIN `TAB_INSTRUCTORES` `i` ON `i`.`ID_INSTRUCTOR` = `ae`.`ID_INSTRUCTOR`
JOIN `TAB_DATOS_PERSONAS` `dp` ON `dp`.`ID_DATO_PERSONA` = `i`.`ID_DATO_PERSONA`
WHERE `ae`.`FECHA_FIN` >= \'2026-04-04\'
ORDER BY `ae`.`FECHA_INICIO` ASC')
 4 SYSTEMPATH\Database\BaseBuilder.php(1649): CodeIgniter\Database\BaseConnection->query('SELECT `ae`.`ID_ACTIVIDAD_EDUCACION`, `ae`.`NOMBRE_ACTIVIDAD`, `ae`.`FECHA_INICIO`, `ae`.`FECHA_FIN`, `ae`.`LUGAR`, `ae`.`ENLACE`, `ae`.`HORARIO`, `ae`.`DURACION_HORAS`, `ae`.`DESCRIPCION`, `ta`.`ACTIVIDAD` as `TIPO_ACTIVIDAD`, `tm`.`MODALIDAD`, `dp`.`NOMBRE`, `dp`.`APELLIDO`
FROM (`TAB_ACTIVIDADES_EDUCACION`, `TAB_ACTIVIDADES_EDUCACION` `ae`)
JOIN `TAB_TIPOS_ACTIVIDADES` `ta` ON `ta`.`ID_TIPO_ACTIVIDAD` = `ae`.`ID_TIPO_ACTIVIDAD`
JOIN `TAB_TIPOS_MODALIDADES` `tm` ON `tm`.`ID_TIPO_MODALIDAD` = `ae`.`ID_TIPO_MODALIDAD`
JOIN `TAB_INSTRUCTORES` `i` ON `i`.`ID_INSTRUCTOR` = `ae`.`ID_INSTRUCTOR`
JOIN `TAB_DATOS_PERSONAS` `dp` ON `dp`.`ID_DATO_PERSONA` = `i`.`ID_DATO_PERSONA`
WHERE `ae`.`FECHA_FIN` >= :ae.FECHA_FIN:
ORDER BY `ae`.`FECHA_INICIO` ASC', [...], false)
 5 SYSTEMPATH\Model.php(286): CodeIgniter\Database\BaseBuilder->get()
 6 SYSTEMPATH\BaseModel.php(679): CodeIgniter\Model->doFindAll(0, 0)
 7 APPPATH\Controllers\coord\ActividadesEducacionCoordController.php(344): CodeIgniter\BaseModel->findAll()
 8 SYSTEMPATH\CodeIgniter.php(933): App\Controllers\coord\ActividadesEducacionCoordController->calendario()
 9 SYSTEMPATH\CodeIgniter.php(507): CodeIgniter\CodeIgniter->runController(Object(App\Controllers\coord\ActividadesEducacionCoordController))
10 SYSTEMPATH\CodeIgniter.php(354): CodeIgniter\CodeIgniter->handleRequest(null, Object(Config\Cache), false)
11 SYSTEMPATH\Boot.php(334): CodeIgniter\CodeIgniter->run()
12 SYSTEMPATH\Boot.php(67): CodeIgniter\Boot::runCodeIgniter(Object(CodeIgniter\CodeIgniter))
13 FCPATH\index.php(59): CodeIgniter\Boot::bootWeb(Object(Config\Paths))
DEBUG - 2026-04-04 20:52:38 --> Session: Class initialized using 'CodeIgniter\Session\Handlers\FileHandler' driver.
DEBUG - 2026-04-04 20:52:39 --> Session: Class initialized using 'CodeIgniter\Session\Handlers\FileHandler' driver.
DEBUG - 2026-04-04 20:52:41 --> Session: Class initialized using 'CodeIgniter\Session\Handlers\FileHandler' driver.
DEBUG - 2026-04-04 20:52:48 --> Session: Class initialized using 'CodeIgniter\Session\Handlers\FileHandler' driver.
DEBUG - 2026-04-04 20:52:50 --> Session: Class initialized using 'CodeIgniter\Session\Handlers\FileHandler' driver.
DEBUG - 2026-04-04 20:52:51 --> Session: Class initialized using 'CodeIgniter\Session\Handlers\FileHandler' driver.
DEBUG - 2026-04-04 20:52:56 --> Session: Class initialized using 'CodeIgniter\Session\Handlers\FileHandler' driver.
DEBUG - 2026-04-04 20:52:56 --> Session: Class initialized using 'CodeIgniter\Session\Handlers\FileHandler' driver.
DEBUG - 2026-04-04 20:52:56 --> Session: Class initialized using 'CodeIgniter\Session\Handlers\FileHandler' driver.
DEBUG - 2026-04-04 20:52:56 --> Session: Class initialized using 'CodeIgniter\Session\Handlers\FileHandler' driver.
DEBUG - 2026-04-04 20:52:56 --> Session: Class initialized using 'CodeIgniter\Session\Handlers\FileHandler' driver.
DEBUG - 2026-04-04 20:53:18 --> Session: Class initialized using 'CodeIgniter\Session\Handlers\FileHandler' driver.
DEBUG - 2026-04-04 21:00:48 --> Session: Class initialized using 'CodeIgniter\Session\Handlers\FileHandler' driver.
DEBUG - 2026-04-04 21:01:04 --> Session: Class initialized using 'CodeIgniter\Session\Handlers\FileHandler' driver.
DEBUG - 2026-04-04 21:01:05 --> Session: Class initialized using 'CodeIgniter\Session\Handlers\FileHandler' driver.
DEBUG - 2026-04-04 21:02:01 --> Session: Class initialized using 'CodeIgniter\Session\Handlers\FileHandler' driver.
DEBUG - 2026-04-04 21:02:01 --> Consulta SQL: SELECT *
FROM `TAB_DOCUMENTOS_PRACTICAS_PREPROFESIONALES` `dp`
DEBUG - 2026-04-04 21:02:01 --> Resultados obtenidos: 10
DEBUG - 2026-04-04 21:02:01 --> Tipos de documentos en index: [{"ID_TIPO_DOCUMENTO_PREPROFESIONAL":"1","CODIGO":"PPR-001","NOMBRE":"Oficio de Asignaci\u00f3n de Tutor","DESCRIPCION":"Documento oficial emitido por la coordinaci\u00f3n de la carrera que designa al docente responsable de la tutor\u00eda y seguimiento de las pr\u00e1cticas de servicio comunitario del estudiante.","ORDEN":"1","OBLIGATORIO":"1","ACTIVO":"1","FECHA_CREACION":"2026-03-26 16:26:19","FECHA_ACTUALIZACION":"2026-03-26 16:26:19","REQUERIDO":"1"},{"ID_TIPO_DOCUMENTO_PREPROFESIONAL":"2","CODIGO":"PPR-002","NOMBRE":"Oficio a Entidad Receptora","DESCRIPCION":"Carta formal enviada por el estudiante a la instituci\u00f3n \"Instituto Tecnol\u00f3gico Superior Ibarra\", con el prop\u00f3sito de solicitar la oportunidad de realizar sus pr\u00e1cticas de servicio comunitario.","ORDEN":"2","OBLIGATORIO":"1","ACTIVO":"1","FECHA_CREACION":"2026-03-26 16:26:19","FECHA_ACTUALIZACION":"2026-03-26 16:26:19","REQUERIDO":"1"},{"ID_TIPO_DOCUMENTO_PREPROFESIONAL":"3","CODIGO":"PPR-003","NOMBRE":"Carta de Aceptaci\u00f3n","DESCRIPCION":"Carta oficial de la entidad receptora \"Instituto Tecnol\u00f3gico Superior Ibarra\" que confirma la aceptaci\u00f3n del o los estudiantes para realizar las pr\u00e1cticas de servicio comunitario en sus instalaciones.","ORDEN":"3","OBLIGATORIO":"1","ACTIVO":"1","FECHA_CREACION":"2026-03-26 16:26:19","FECHA_ACTUALIZACION":"2026-03-26 16:26:19","REQUERIDO":"1"},{"ID_TIPO_DOCUMENTO_PREPROFESIONAL":"4","CODIGO":"PPR-004","NOMBRE":"Solicitud Institucional Valorada","DESCRIPCION":"Documento de solicitud formal dirigido al Sr. Rector, Dr. Mario Montenegro, pidiendo la aprobaci\u00f3n institucional para la realizaci\u00f3n de las pr\u00e1cticas de servicio comunitario.","ORDEN":"4","OBLIGATORIO":"1","ACTIVO":"1","FECHA_CREACION":"2026-03-26 16:26:19","FECHA_ACTUALIZACION":"2026-03-26 16:26:19","REQUERIDO":"1"},{"ID_TIPO_DOCUMENTO_PREPROFESIONAL":"5","CODIGO":"PPR-005","NOMBRE":"Certificado de Culminaci\u00f3n de Horas","DESCRIPCION":"Certificado emitido por la entidad receptora \"Instituto Tecnol\u00f3gico Superior Ibarra\" que acredita que el estudiante ha completado las 60 horas requeridas de pr\u00e1cticas de servicio comunitario.","ORDEN":"5","OBLIGATORIO":"1","ACTIVO":"1","FECHA_CREACION":"2026-03-26 16:26:19","FECHA_ACTUALIZACION":"2026-03-26 16:26:19","REQUERIDO":"1"},{"ID_TIPO_DOCUMENTO_PREPROFESIONAL":"6","CODIGO":"PPR-006","NOMBRE":"Hojas de Asistencia","DESCRIPCION":"Registro f\u00edsico de la asistencia del estudiante en la entidad receptora. Incluye las firmas y sellos para validar las horas de trabajo.","ORDEN":"6","OBLIGATORIO":"1","ACTIVO":"1","FECHA_CREACION":"2026-03-26 16:26:19","FECHA_ACTUALIZACION":"2026-03-26 16:26:19","REQUERIDO":"1"},{"ID_TIPO_DOCUMENTO_PREPROFESIONAL":"7","CODIGO":"PPR-007","NOMBRE":"Ficha de Registro de Actividades","DESCRIPCION":"Documento detallado en el que el estudiante registra las actividades espec\u00edficas realizadas durante sus pr\u00e1cticas, incluyendo fechas y descripciones.","ORDEN":"7","OBLIGATORIO":"1","ACTIVO":"1","FECHA_CREACION":"2026-03-26 16:26:19","FECHA_ACTUALIZACION":"2026-03-26 16:26:19","REQUERIDO":"1"},{"ID_TIPO_DOCUMENTO_PREPROFESIONAL":"8","CODIGO":"PPR-008","NOMBRE":"R\u00fabrica de Evaluaci\u00f3n de Entidad","DESCRIPCION":"Formulario de evaluaci\u00f3n del desempe\u00f1o del estudiante, llenado y sellado por la entidad receptora. Valora aspectos como la responsabilidad, la proactividad y la calidad del trabajo.","ORDEN":"8","OBLIGATORIO":"1","ACTIVO":"1","FECHA_CREACION":"2026-03-26 16:26:19","FECHA_ACTUALIZACION":"2026-03-26 16:26:19","REQUERIDO":"1"},{"ID_TIPO_DOCUMENTO_PREPROFESIONAL":"9","CODIGO":"PPR-009","NOMBRE":"Ficha de Control y Seguimiento Docente","DESCRIPCION":"Documento utilizado por el tutor docente para registrar el seguimiento acad\u00e9mico del estudiante durante las pr\u00e1cticas. Incluye visitas o revisiones peri\u00f3dicas.","ORDEN":"9","OBLIGATORIO":"1","ACTIVO":"1","FECHA_CREACION":"2026-03-26 16:26:19","FECHA_ACTUALIZACION":"2026-03-26 16:26:19","REQUERIDO":"1"},{"ID_TIPO_DOCUMENTO_PREPROFESIONAL":"10","CODIGO":"PPR-010","NOMBRE":"R\u00fabrica de Evaluaci\u00f3n Docente","DESCRIPCION":"R\u00fabrica de evaluaci\u00f3n llenada y firmada por el tutor docente. Califica el desempe\u00f1o del estudiante en base a los criterios acad\u00e9micos del programa.","ORDEN":"10","OBLIGATORIO":"1","ACTIVO":"1","FECHA_CREACION":"2026-03-26 16:26:19","FECHA_ACTUALIZACION":"2026-03-26 16:26:19","REQUERIDO":"1"},{"ID_TIPO_DOCUMENTO_PREPROFESIONAL":"11","CODIGO":"PPR-011","NOMBRE":"R\u00fabrica de Evaluaci\u00f3n de Resultados","DESCRIPCION":"Evaluaci\u00f3n final realizada por el Departamento de Vinculaci\u00f3n con la Sociedad, que valora los resultados y el impacto del proyecto de servicio comunitario en su conjunto.","ORDEN":"11","OBLIGATORIO":"1","ACTIVO":"1","FECHA_CREACION":"2026-03-26 16:26:19","FECHA_ACTUALIZACION":"2026-03-26 16:26:19","REQUERIDO":"1"},{"ID_TIPO_DOCUMENTO_PREPROFESIONAL":"12","CODIGO":"PPR-012","NOMBRE":"Evidencia Fotogr\u00e1fica y Digital","DESCRIPCION":"Material de apoyo visual y digital, como fotos, capturas, videos o impresiones, que documenta y comprueba la realizaci\u00f3n de las actividades y trabajos del proyecto.","ORDEN":"12","OBLIGATORIO":"1","ACTIVO":"1","FECHA_CREACION":"2026-03-26 16:26:19","FECHA_ACTUALIZACION":"2026-03-26 16:26:19","REQUERIDO":"1"},{"ID_TIPO_DOCUMENTO_PREPROFESIONAL":"13","CODIGO":"PPR-013","NOMBRE":"Documento final","DESCRIPCION":"Documento de cierre o carpeta final de pr\u00e1cticas preprofesionales.","ORDEN":"13","OBLIGATORIO":"1","ACTIVO":"1","FECHA_CREACION":"2026-04-04 12:52:52","FECHA_ACTUALIZACION":"2026-04-04 13:07:29","REQUERIDO":"1"}]
DEBUG - 2026-04-04 21:02:02 --> Session: Class initialized using 'CodeIgniter\Session\Handlers\FileHandler' driver.
DEBUG - 2026-04-04 21:02:02 --> Consulta SQL: SELECT *
FROM `TAB_DOCUMENTOS_PRACTICAS_PREPROFESIONALES` `dp`
DEBUG - 2026-04-04 21:02:02 --> Resultados obtenidos: 10
DEBUG - 2026-04-04 21:02:02 --> Documentos obtenidos: [{"ID_DOCUMENTO_PREPROFESIONAL":"18","ID_PRACTICA_PREPROFESIONAL":"4","ID_TIPO_DOCUMENTO":"1","ID_ESTADO_REVISION":"1","NOMBRE_ARCHIVO":"estudiante_3_20260404093413_28cbbf8a.pdf","NOMBRE_ORIGINAL":null,"TIPO_ARCHIVO":"application\/pdf","TAMANO_ARCHIVO":null,"RUTA_ARCHIVO":null,"FECHA_SUBIDA":"2026-04-04 09:34:13","FECHA_REVISION":null,"ID_REVISOR":null,"OBSERVACIONES":"","OBSERVACIONES_REVISOR":null,"VERSION":"1","ACTIVO":"1","FECHA_CREACION":"2026-04-04 09:34:13","FECHA_ACTUALIZACION":"2026-04-04 09:34:13","ID_TIPO_DOCUMENTO_PREPROFESIONAL":"1","TIPO_DOCUMENTO_CODIGO":"PPR-001","TIPO_DOCUMENTO_NOMBRE":"Oficio de Asignaci\u00f3n de Tutor","TIPO_DOCUMENTO_DESCRIPCION":"Documento oficial emitido por la coordinaci\u00f3n de la carrera que designa al docente responsable de la tutor\u00eda y seguimiento de las pr\u00e1cticas de servicio comunitario del estudiante.","TIPO_DOCUMENTO_ORDEN":"1","TIPO_DOCUMENTO_OBLIGATORIO":"1","ESTADO_REVISION":"Pendiente","ID_ESTUDIANTE":"5","ENTIDAD_RECEPTORA":"Banco del Pac\u00edfico","ESTUDIANTE_NOMBRE":"Pedro Aguirre","NOMBRE_ESTUDIANTE":"Pedro","APELLIDO_ESTUDIANTE":"Aguirre","CEDULA_ESTUDIANTE":"0123456789"},{"ID_DOCUMENTO_PREPROFESIONAL":"17","ID_PRACTICA_PREPROFESIONAL":"2","ID_TIPO_DOCUMENTO":"9","ID_ESTADO_REVISION":"4","NOMBRE_ARCHIVO":"ficha_control_seguimiento_002_20250920.pdf","NOMBRE_ORIGINAL":"Ficha Control Seguimiento - Mar\u00eda.pdf","TIPO_ARCHIVO":"application\/pdf","TAMANO_ARCHIVO":"112233","RUTA_ARCHIVO":"\/uploads\/documentos-practicas\/","FECHA_SUBIDA":"2025-09-20 10:15:00","FECHA_REVISION":"2025-09-20 12:45:00","ID_REVISOR":"5","OBSERVACIONES":"Ficha de control y seguimiento docente","OBSERVACIONES_REVISOR":"Faltan las firmas del tutor docente, documento inv\u00e1lido","VERSION":"1","ACTIVO":"1","FECHA_CREACION":"2026-03-26 16:26:20","FECHA_ACTUALIZACION":"2026-03-26 16:26:20","ID_TIPO_DOCUMENTO_PREPROFESIONAL":"9","TIPO_DOCUMENTO_CODIGO":"PPR-009","TIPO_DOCUMENTO_NOMBRE":"Ficha de Control y Seguimiento Docente","TIPO_DOCUMENTO_DESCRIPCION":"Documento utilizado por el tutor docente para registrar el seguimiento acad\u00e9mico del estudiante durante las pr\u00e1cticas. Incluye visitas o revisiones peri\u00f3dicas.","TIPO_DOCUMENTO_ORDEN":"9","TIPO_DOCUMENTO_OBLIGATORIO":"1","ESTADO_REVISION":"Rechazado","ID_ESTUDIANTE":"2","ENTIDAD_RECEPTORA":"Banco del Pac\u00edfico","ESTUDIANTE_NOMBRE":"Mar\u00eda Elena Garc\u00eda Torres","NOMBRE_ESTUDIANTE":"Mar\u00eda Elena","APELLIDO_ESTUDIANTE":"Garc\u00eda Torres","CEDULA_ESTUDIANTE":"1002345678"},{"ID_DOCUMENTO_PREPROFESIONAL":"15","ID_PRACTICA_PREPROFESIONAL":"2","ID_TIPO_DOCUMENTO":"7","ID_ESTADO_REVISION":"5","NOMBRE_ARCHIVO":"ficha_registro_actividades_002_20250915.pdf","NOMBRE_ORIGINAL":"Ficha Registro Actividades - Mar\u00eda.pdf","TIPO_ARCHIVO":"application\/pdf","TAMANO_ARCHIVO":"98765","RUTA_ARCHIVO":"\/uploads\/documentos-practicas\/","FECHA_SUBIDA":"2025-09-15 11:30:00","FECHA_REVISION":"2025-09-15 14:20:00","ID_REVISOR":"5","OBSERVACIONES":"Ficha de registro de actividades","OBSERVACIONES_REVISOR":"Descripci\u00f3n de actividades muy general, especificar m\u00e1s detalles","VERSION":"1","ACTIVO":"1","FECHA_CREACION":"2026-03-26 16:26:20","FECHA_ACTUALIZACION":"2026-03-26 16:26:20","ID_TIPO_DOCUMENTO_PREPROFESIONAL":"7","TIPO_DOCUMENTO_CODIGO":"PPR-007","TIPO_DOCUMENTO_NOMBRE":"Ficha de Registro de Actividades","TIPO_DOCUMENTO_DESCRIPCION":"Documento detallado en el que el estudiante registra las actividades espec\u00edficas realizadas durante sus pr\u00e1cticas, incluyendo fechas y descripciones.","TIPO_DOCUMENTO_ORDEN":"7","TIPO_DOCUMENTO_OBLIGATORIO":"1","ESTADO_REVISION":"Requiere Correcci\u00f3n","ID_ESTUDIANTE":"2","ENTIDAD_RECEPTORA":"Banco del Pac\u00edfico","ESTUDIANTE_NOMBRE":"Mar\u00eda Elena Garc\u00eda Torres","NOMBRE_ESTUDIANTE":"Mar\u00eda Elena","APELLIDO_ESTUDIANTE":"Garc\u00eda Torres","CEDULA_ESTUDIANTE":"1002345678"},{"ID_DOCUMENTO_PREPROFESIONAL":"14","ID_PRACTICA_PREPROFESIONAL":"1","ID_TIPO_DOCUMENTO":"6","ID_ESTADO_REVISION":"5","NOMBRE_ARCHIVO":"hojas_asistencia_001_20250830.pdf","NOMBRE_ORIGINAL":"Hojas de Asistencia - Juan Carlos.pdf","TIPO_ARCHIVO":"application\/pdf","TAMANO_ARCHIVO":"123456","RUTA_ARCHIVO":"\/uploads\/documentos-practicas\/","FECHA_SUBIDA":"2025-08-30 16:15:00","FECHA_REVISION":"2025-08-30 17:45:00","ID_REVISOR":"4","OBSERVACIONES":"Hojas de asistencia completas","OBSERVACIONES_REVISOR":"Faltan firmas en algunas fechas, corregir y volver a subir","VERSION":"1","ACTIVO":"1","FECHA_CREACION":"2026-03-26 16:26:20","FECHA_ACTUALIZACION":"2026-03-26 16:26:20","ID_TIPO_DOCUMENTO_PREPROFESIONAL":"6","TIPO_DOCUMENTO_CODIGO":"PPR-006","TIPO_DOCUMENTO_NOMBRE":"Hojas de Asistencia","TIPO_DOCUMENTO_DESCRIPCION":"Registro f\u00edsico de la asistencia del estudiante en la entidad receptora. Incluye las firmas y sellos para validar las horas de trabajo.","TIPO_DOCUMENTO_ORDEN":"6","TIPO_DOCUMENTO_OBLIGATORIO":"1","ESTADO_REVISION":"Requiere Correcci\u00f3n","ID_ESTUDIANTE":"1","ENTIDAD_RECEPTORA":"Hospital San Vicente de Pa\u00fal","ESTUDIANTE_NOMBRE":"Juan Carlos P\u00e9rez L\u00f3pez","NOMBRE_ESTUDIANTE":"Juan Carlos","APELLIDO_ESTUDIANTE":"P\u00e9rez L\u00f3pez","CEDULA_ESTUDIANTE":"1001234567"},{"ID_DOCUMENTO_PREPROFESIONAL":"16","ID_PRACTICA_PREPROFESIONAL":"1","ID_TIPO_DOCUMENTO":"8","ID_ESTADO_REVISION":"4","NOMBRE_ARCHIVO":"rubrica_evaluacion_entidad_001_20250825.pdf","NOMBRE_ORIGINAL":"R\u00fabrica Evaluaci\u00f3n Entidad - Juan.pdf","TIPO_ARCHIVO":"application\/pdf","TAMANO_ARCHIVO":"87654","RUTA_ARCHIVO":"\/uploads\/documentos-practicas\/","FECHA_SUBIDA":"2025-08-25 15:00:00","FECHA_REVISION":"2025-08-25 16:30:00","ID_REVISOR":"4","OBSERVACIONES":"R\u00fabrica de evaluaci\u00f3n de entidad","OBSERVACIONES_REVISOR":"Documento no tiene sello oficial de la entidad, rechazado","VERSION":"1","ACTIVO":"1","FECHA_CREACION":"2026-03-26 16:26:20","FECHA_ACTUALIZACION":"2026-03-26 16:26:20","ID_TIPO_DOCUMENTO_PREPROFESIONAL":"8","TIPO_DOCUMENTO_CODIGO":"PPR-008","TIPO_DOCUMENTO_NOMBRE":"R\u00fabrica de Evaluaci\u00f3n de Entidad","TIPO_DOCUMENTO_DESCRIPCION":"Formulario de evaluaci\u00f3n del desempe\u00f1o del estudiante, llenado y sellado por la entidad receptora. Valora aspectos como la responsabilidad, la proactividad y la calidad del trabajo.","TIPO_DOCUMENTO_ORDEN":"8","TIPO_DOCUMENTO_OBLIGATORIO":"1","ESTADO_REVISION":"Rechazado","ID_ESTUDIANTE":"1","ENTIDAD_RECEPTORA":"Hospital San Vicente de Pa\u00fal","ESTUDIANTE_NOMBRE":"Juan Carlos P\u00e9rez L\u00f3pez","NOMBRE_ESTUDIANTE":"Juan Carlos","APELLIDO_ESTUDIANTE":"P\u00e9rez L\u00f3pez","CEDULA_ESTUDIANTE":"1001234567"},{"ID_DOCUMENTO_PREPROFESIONAL":"5","ID_PRACTICA_PREPROFESIONAL":"2","ID_TIPO_DOCUMENTO":"2","ID_ESTADO_REVISION":"3","NOMBRE_ARCHIVO":"oficio_entidad_receptora_002_20250702.pdf","NOMBRE_ORIGINAL":"Oficio Entidad Receptora - Banco.pdf","TIPO_ARCHIVO":"application\/pdf","TAMANO_ARCHIVO":"178944","RUTA_ARCHIVO":"\/uploads\/documentos-practicas\/","FECHA_SUBIDA":"2025-07-02 15:45:00","FECHA_REVISION":"2025-07-02 17:20:00","ID_REVISOR":"5","OBSERVACIONES":"Oficio enviado a la entidad receptora","OBSERVACIONES_REVISOR":"Oficio formal y bien estructurado","VERSION":"1","ACTIVO":"1","FECHA_CREACION":"2026-03-26 16:26:20","FECHA_ACTUALIZACION":"2026-03-26 16:26:20","ID_TIPO_DOCUMENTO_PREPROFESIONAL":"2","TIPO_DOCUMENTO_CODIGO":"PPR-002","TIPO_DOCUMENTO_NOMBRE":"Oficio a Entidad Receptora","TIPO_DOCUMENTO_DESCRIPCION":"Carta formal enviada por el estudiante a la instituci\u00f3n \"Instituto Tecnol\u00f3gico Superior Ibarra\", con el prop\u00f3sito de solicitar la oportunidad de realizar sus pr\u00e1cticas de servicio comunitario.","TIPO_DOCUMENTO_ORDEN":"2","TIPO_DOCUMENTO_OBLIGATORIO":"1","ESTADO_REVISION":"Aprobado","ID_ESTUDIANTE":"2","ENTIDAD_RECEPTORA":"Banco del Pac\u00edfico","ESTUDIANTE_NOMBRE":"Mar\u00eda Elena Garc\u00eda Torres","NOMBRE_ESTUDIANTE":"Mar\u00eda Elena","APELLIDO_ESTUDIANTE":"Garc\u00eda Torres","CEDULA_ESTUDIANTE":"1002345678"},{"ID_DOCUMENTO_PREPROFESIONAL":"4","ID_PRACTICA_PREPROFESIONAL":"2","ID_TIPO_DOCUMENTO":"1","ID_ESTADO_REVISION":"3","NOMBRE_ARCHIVO":"oficio_asignacion_tutor_002_20250701.pdf","NOMBRE_ORIGINAL":"Oficio Asignaci\u00f3n Tutor - Mar\u00eda Elena.pdf","TIPO_ARCHIVO":"application\/pdf","TAMANO_ARCHIVO":"234880","RUTA_ARCHIVO":"\/uploads\/documentos-practicas\/","FECHA_SUBIDA":"2025-07-01 11:00:00","FECHA_REVISION":"2025-07-01 13:15:00","ID_REVISOR":"5","OBSERVACIONES":"Documento oficial de asignaci\u00f3n","OBSERVACIONES_REVISOR":"Asignaci\u00f3n correcta del tutor","VERSION":"1","ACTIVO":"1","FECHA_CREACION":"2026-03-26 16:26:20","FECHA_ACTUALIZACION":"2026-03-26 16:26:20","ID_TIPO_DOCUMENTO_PREPROFESIONAL":"1","TIPO_DOCUMENTO_CODIGO":"PPR-001","TIPO_DOCUMENTO_NOMBRE":"Oficio de Asignaci\u00f3n de Tutor","TIPO_DOCUMENTO_DESCRIPCION":"Documento oficial emitido por la coordinaci\u00f3n de la carrera que designa al docente responsable de la tutor\u00eda y seguimiento de las pr\u00e1cticas de servicio comunitario del estudiante.","TIPO_DOCUMENTO_ORDEN":"1","TIPO_DOCUMENTO_OBLIGATORIO":"1","ESTADO_REVISION":"Aprobado","ID_ESTUDIANTE":"2","ENTIDAD_RECEPTORA":"Banco del Pac\u00edfico","ESTUDIANTE_NOMBRE":"Mar\u00eda Elena Garc\u00eda Torres","NOMBRE_ESTUDIANTE":"Mar\u00eda Elena","APELLIDO_ESTUDIANTE":"Garc\u00eda Torres","CEDULA_ESTUDIANTE":"1002345678"},{"ID_DOCUMENTO_PREPROFESIONAL":"3","ID_PRACTICA_PREPROFESIONAL":"1","ID_TIPO_DOCUMENTO":"3","ID_ESTADO_REVISION":"3","NOMBRE_ARCHIVO":"carta_aceptacion_001_20250603.pdf","NOMBRE_ORIGINAL":"Carta Aceptaci\u00f3n - Hospital.pdf","TIPO_ARCHIVO":"application\/pdf","TAMANO_ARCHIVO":"156672","RUTA_ARCHIVO":"\/uploads\/documentos-practicas\/","FECHA_SUBIDA":"2025-06-03 09:15:00","FECHA_REVISION":"2025-06-03 11:20:00","ID_REVISOR":"4","OBSERVACIONES":"Carta de aceptaci\u00f3n de la entidad","OBSERVACIONES_REVISOR":"Carta oficial con sello institucional","VERSION":"1","ACTIVO":"1","FECHA_CREACION":"2026-03-26 16:26:20","FECHA_ACTUALIZACION":"2026-03-26 16:26:20","ID_TIPO_DOCUMENTO_PREPROFESIONAL":"3","TIPO_DOCUMENTO_CODIGO":"PPR-003","TIPO_DOCUMENTO_NOMBRE":"Carta de Aceptaci\u00f3n","TIPO_DOCUMENTO_DESCRIPCION":"Carta oficial de la entidad receptora \"Instituto Tecnol\u00f3gico Superior Ibarra\" que confirma la aceptaci\u00f3n del o los estudiantes para realizar las pr\u00e1cticas de servicio comunitario en sus instalaciones.","TIPO_DOCUMENTO_ORDEN":"3","TIPO_DOCUMENTO_OBLIGATORIO":"1","ESTADO_REVISION":"Aprobado","ID_ESTUDIANTE":"1","ENTIDAD_RECEPTORA":"Hospital San Vicente de Pa\u00fal","ESTUDIANTE_NOMBRE":"Juan Carlos P\u00e9rez L\u00f3pez","NOMBRE_ESTUDIANTE":"Juan Carlos","APELLIDO_ESTUDIANTE":"P\u00e9rez L\u00f3pez","CEDULA_ESTUDIANTE":"1001234567"},{"ID_DOCUMENTO_PREPROFESIONAL":"2","ID_PRACTICA_PREPROFESIONAL":"1","ID_TIPO_DOCUMENTO":"2","ID_ESTADO_REVISION":"3","NOMBRE_ARCHIVO":"oficio_entidad_receptora_001_20250602.pdf","NOMBRE_ORIGINAL":"Oficio Entidad Receptora - Hospital.pdf","TIPO_ARCHIVO":"application\/pdf","TAMANO_ARCHIVO":"189440","RUTA_ARCHIVO":"\/uploads\/documentos-practicas\/","FECHA_SUBIDA":"2025-06-02 14:30:00","FECHA_REVISION":"2025-06-02 16:45:00","ID_REVISOR":"4","OBSERVACIONES":"Oficio enviado a la entidad receptora","OBSERVACIONES_REVISOR":"Oficio bien redactado y formal","VERSION":"1","ACTIVO":"1","FECHA_CREACION":"2026-03-26 16:26:20","FECHA_ACTUALIZACION":"2026-03-26 16:26:20","ID_TIPO_DOCUMENTO_PREPROFESIONAL":"2","TIPO_DOCUMENTO_CODIGO":"PPR-002","TIPO_DOCUMENTO_NOMBRE":"Oficio a Entidad Receptora","TIPO_DOCUMENTO_DESCRIPCION":"Carta formal enviada por el estudiante a la instituci\u00f3n \"Instituto Tecnol\u00f3gico Superior Ibarra\", con el prop\u00f3sito de solicitar la oportunidad de realizar sus pr\u00e1cticas de servicio comunitario.","TIPO_DOCUMENTO_ORDEN":"2","TIPO_DOCUMENTO_OBLIGATORIO":"1","ESTADO_REVISION":"Aprobado","ID_ESTUDIANTE":"1","ENTIDAD_RECEPTORA":"Hospital San Vicente de Pa\u00fal","ESTUDIANTE_NOMBRE":"Juan Carlos P\u00e9rez L\u00f3pez","NOMBRE_ESTUDIANTE":"Juan Carlos","APELLIDO_ESTUDIANTE":"P\u00e9rez L\u00f3pez","CEDULA_ESTUDIANTE":"1001234567"},{"ID_DOCUMENTO_PREPROFESIONAL":"1","ID_PRACTICA_PREPROFESIONAL":"1","ID_TIPO_DOCUMENTO":"1","ID_ESTADO_REVISION":"3","NOMBRE_ARCHIVO":"oficio_asignacion_tutor_001_20250601.pdf","NOMBRE_ORIGINAL":"Oficio Asignaci\u00f3n Tutor - Juan Carlos.pdf","TIPO_ARCHIVO":"application\/pdf","TAMANO_ARCHIVO":"245760","RUTA_ARCHIVO":"\/uploads\/documentos-practicas\/","FECHA_SUBIDA":"2025-06-01 10:00:00","FECHA_REVISION":"2025-06-01 14:30:00","ID_REVISOR":"4","OBSERVACIONES":"Documento oficial de asignaci\u00f3n","OBSERVACIONES_REVISOR":"Documento aprobado correctamente","VERSION":"1","ACTIVO":"1","FECHA_CREACION":"2026-03-26 16:26:20","FECHA_ACTUALIZACION":"2026-03-26 16:26:20","ID_TIPO_DOCUMENTO_PREPROFESIONAL":"1","TIPO_DOCUMENTO_CODIGO":"PPR-001","TIPO_DOCUMENTO_NOMBRE":"Oficio de Asignaci\u00f3n de Tutor","TIPO_DOCUMENTO_DESCRIPCION":"Documento oficial emitido por la coordinaci\u00f3n de la carrera que designa al docente responsable de la tutor\u00eda y seguimiento de las pr\u00e1cticas de servicio comunitario del estudiante.","TIPO_DOCUMENTO_ORDEN":"1","TIPO_DOCUMENTO_OBLIGATORIO":"1","ESTADO_REVISION":"Aprobado","ID_ESTUDIANTE":"1","ENTIDAD_RECEPTORA":"Hospital San Vicente de Pa\u00fal","ESTUDIANTE_NOMBRE":"Juan Carlos P\u00e9rez L\u00f3pez","NOMBRE_ESTUDIANTE":"Juan Carlos","APELLIDO_ESTUDIANTE":"P\u00e9rez L\u00f3pez","CEDULA_ESTUDIANTE":"1001234567"}]
DEBUG - 2026-04-04 21:02:22 --> Session: Class initialized using 'CodeIgniter\Session\Handlers\FileHandler' driver.
DEBUG - 2026-04-04 21:47:06 --> Session: Class initialized using 'CodeIgniter\Session\Handlers\FileHandler' driver.
INFO - 2026-04-04 21:47:06 --> Iniciando proceso de cierre de sesión para usuario: ycampues
INFO - 2026-04-04 21:47:06 --> Sesión cerrada exitosamente
DEBUG - 2026-04-04 21:47:07 --> Session: Class initialized using 'CodeIgniter\Session\Handlers\FileHandler' driver.
