DEBUG - 2026-03-02 08:16:27 --> Session: Class initialized using 'CodeIgniter\Session\Handlers\FileHandler' driver.
DEBUG - 2026-03-02 08:16:28 --> Estadísticas mensuales: [{"mes":"Abr 2025","actividades":0,"practicas":0},{"mes":"May 2025","actividades":0,"practicas":0},{"mes":"Jun 2025","actividades":0,"practicas":1},{"mes":"Jul 2025","actividades":0,"practicas":1},{"mes":"Ago 2025","actividades":2,"practicas":1},{"mes":"Sep 2025","actividades":0,"practicas":1},{"mes":"Oct 2025","actividades":1,"practicas":1},{"mes":"Nov 2025","actividades":1,"practicas":1},{"mes":"Dic 2025","actividades":1,"practicas":1},{"mes":"Ene 2026","actividades":0,"practicas":1},{"mes":"Feb 2026","actividades":0,"practicas":1},{"mes":"Mar 2026","actividades":0,"practicas":1}]
DEBUG - 2026-03-02 08:16:28 --> Distribución carreras: [{"CARRERA":"Desarrollo de Software","TOTAL":"5"},{"CARRERA":"Dise\u00f1o Gr\u00e1fico","TOTAL":"4"},{"CARRERA":"Redes y Telecomunicaciones","TOTAL":"3"},{"CARRERA":"Administraci\u00f3n","TOTAL":"2"},{"CARRERA":"Marketing Digital y Comercio Electronico","TOTAL":"1"},{"CARRERA":"Atenci\u00f3n Integral a Adultos Mayores","TOTAL":"1"}]
DEBUG - 2026-03-02 08:33:29 --> Session: Class initialized using 'CodeIgniter\Session\Handlers\FileHandler' driver.
DEBUG - 2026-03-02 08:33:29 --> Estadísticas mensuales: [{"mes":"Abr 2025","actividades":0,"practicas":0},{"mes":"May 2025","actividades":0,"practicas":0},{"mes":"Jun 2025","actividades":0,"practicas":1},{"mes":"Jul 2025","actividades":0,"practicas":1},{"mes":"Ago 2025","actividades":2,"practicas":1},{"mes":"Sep 2025","actividades":0,"practicas":1},{"mes":"Oct 2025","actividades":1,"practicas":1},{"mes":"Nov 2025","actividades":1,"practicas":1},{"mes":"Dic 2025","actividades":1,"practicas":1},{"mes":"Ene 2026","actividades":0,"practicas":1},{"mes":"Feb 2026","actividades":0,"practicas":1},{"mes":"Mar 2026","actividades":0,"practicas":1}]
DEBUG - 2026-03-02 08:33:29 --> Distribución carreras: [{"CARRERA":"Desarrollo de Software","TOTAL":"5"},{"CARRERA":"Dise\u00f1o Gr\u00e1fico","TOTAL":"4"},{"CARRERA":"Redes y Telecomunicaciones","TOTAL":"3"},{"CARRERA":"Administraci\u00f3n","TOTAL":"2"},{"CARRERA":"Marketing Digital y Comercio Electronico","TOTAL":"1"},{"CARRERA":"Atenci\u00f3n Integral a Adultos Mayores","TOTAL":"1"}]
DEBUG - 2026-03-02 08:33:33 --> Session: Class initialized using 'CodeIgniter\Session\Handlers\FileHandler' driver.
INFO - 2026-03-02 08:33:33 --> Iniciando proceso de cierre de sesión para usuario: desconocido
INFO - 2026-03-02 08:33:33 --> Sesión cerrada exitosamente
DEBUG - 2026-03-02 08:33:33 --> Session: Class initialized using 'CodeIgniter\Session\Handlers\FileHandler' driver.
DEBUG - 2026-03-02 08:33:40 --> Session: Class initialized using 'CodeIgniter\Session\Handlers\FileHandler' driver.
ERROR - 2026-03-02 08:33:40 --> mysqli_sql_exception: Table 'itsi.v_periodo_academico_actual' doesn't exist in C:\xampp\htdocs\ITSI\vendor\codeigniter4\framework\system\Database\MySQLi\Connection.php:327
Stack trace:
#0 C:\xampp\htdocs\ITSI\vendor\codeigniter4\framework\system\Database\MySQLi\Connection.php(327): mysqli->query('SELECT *\nFROM `...', 0)
#1 C:\xampp\htdocs\ITSI\vendor\codeigniter4\framework\system\Database\BaseConnection.php(738): CodeIgniter\Database\MySQLi\Connection->execute('SELECT *\nFROM `...')
#2 C:\xampp\htdocs\ITSI\vendor\codeigniter4\framework\system\Database\BaseConnection.php(652): CodeIgniter\Database\BaseConnection->simpleQuery('SELECT *\nFROM `...')
#3 C:\xampp\htdocs\ITSI\vendor\codeigniter4\framework\system\Database\BaseBuilder.php(1649): CodeIgniter\Database\BaseConnection->query('SELECT *\nFROM `...', Array, false)
#4 C:\xampp\htdocs\ITSI\app\Controllers\AuthController.php(74): CodeIgniter\Database\BaseBuilder->get(1)
#5 C:\xampp\htdocs\ITSI\vendor\codeigniter4\framework\system\CodeIgniter.php(933): App\Controllers\AuthController->autenticar()
#6 C:\xampp\htdocs\ITSI\vendor\codeigniter4\framework\system\CodeIgniter.php(507): CodeIgniter\CodeIgniter->runController(Object(App\Controllers\AuthController))
#7 C:\xampp\htdocs\ITSI\vendor\codeigniter4\framework\system\CodeIgniter.php(354): CodeIgniter\CodeIgniter->handleRequest(NULL, Object(Config\Cache), false)
#8 C:\xampp\htdocs\ITSI\vendor\codeigniter4\framework\system\Boot.php(334): CodeIgniter\CodeIgniter->run()
#9 C:\xampp\htdocs\ITSI\vendor\codeigniter4\framework\system\Boot.php(67): CodeIgniter\Boot::runCodeIgniter(Object(CodeIgniter\CodeIgniter))
#10 C:\xampp\htdocs\ITSI\public\index.php(59): CodeIgniter\Boot::bootWeb(Object(Config\Paths))
#11 {main}
ERROR - 2026-03-02 08:33:40 --> Error al obtener período académico actual: Table 'itsi.v_periodo_academico_actual' doesn't exist
INFO - 2026-03-02 08:33:40 --> Usuario autenticado: 1004191845 con rol: 1
DEBUG - 2026-03-02 08:33:40 --> Session: Class initialized using 'CodeIgniter\Session\Handlers\FileHandler' driver.
DEBUG - 2026-03-02 08:33:40 --> Estadísticas mensuales: [{"mes":"Abr 2025","actividades":0,"practicas":0},{"mes":"May 2025","actividades":0,"practicas":0},{"mes":"Jun 2025","actividades":0,"practicas":1},{"mes":"Jul 2025","actividades":0,"practicas":1},{"mes":"Ago 2025","actividades":2,"practicas":1},{"mes":"Sep 2025","actividades":0,"practicas":1},{"mes":"Oct 2025","actividades":1,"practicas":1},{"mes":"Nov 2025","actividades":1,"practicas":1},{"mes":"Dic 2025","actividades":1,"practicas":1},{"mes":"Ene 2026","actividades":0,"practicas":1},{"mes":"Feb 2026","actividades":0,"practicas":1},{"mes":"Mar 2026","actividades":0,"practicas":1}]
DEBUG - 2026-03-02 08:33:40 --> Distribución carreras: [{"CARRERA":"Desarrollo de Software","TOTAL":"5"},{"CARRERA":"Dise\u00f1o Gr\u00e1fico","TOTAL":"4"},{"CARRERA":"Redes y Telecomunicaciones","TOTAL":"3"},{"CARRERA":"Administraci\u00f3n","TOTAL":"2"},{"CARRERA":"Marketing Digital y Comercio Electronico","TOTAL":"1"},{"CARRERA":"Atenci\u00f3n Integral a Adultos Mayores","TOTAL":"1"}]
DEBUG - 2026-03-02 08:33:49 --> Session: Class initialized using 'CodeIgniter\Session\Handlers\FileHandler' driver.
INFO - 2026-03-02 08:33:49 --> Iniciando proceso de cierre de sesión para usuario: ycampues
INFO - 2026-03-02 08:33:49 --> Sesión cerrada exitosamente
DEBUG - 2026-03-02 08:33:49 --> Session: Class initialized using 'CodeIgniter\Session\Handlers\FileHandler' driver.
DEBUG - 2026-03-02 08:33:50 --> Session: Class initialized using 'CodeIgniter\Session\Handlers\FileHandler' driver.
DEBUG - 2026-03-02 08:34:00 --> Session: Class initialized using 'CodeIgniter\Session\Handlers\FileHandler' driver.
ERROR - 2026-03-02 08:34:00 --> mysqli_sql_exception: Table 'itsi.v_periodo_academico_actual' doesn't exist in C:\xampp\htdocs\ITSI\vendor\codeigniter4\framework\system\Database\MySQLi\Connection.php:327
Stack trace:
#0 C:\xampp\htdocs\ITSI\vendor\codeigniter4\framework\system\Database\MySQLi\Connection.php(327): mysqli->query('SELECT *\nFROM `...', 0)
#1 C:\xampp\htdocs\ITSI\vendor\codeigniter4\framework\system\Database\BaseConnection.php(738): CodeIgniter\Database\MySQLi\Connection->execute('SELECT *\nFROM `...')
#2 C:\xampp\htdocs\ITSI\vendor\codeigniter4\framework\system\Database\BaseConnection.php(652): CodeIgniter\Database\BaseConnection->simpleQuery('SELECT *\nFROM `...')
#3 C:\xampp\htdocs\ITSI\vendor\codeigniter4\framework\system\Database\BaseBuilder.php(1649): CodeIgniter\Database\BaseConnection->query('SELECT *\nFROM `...', Array, false)
#4 C:\xampp\htdocs\ITSI\app\Controllers\AuthController.php(74): CodeIgniter\Database\BaseBuilder->get(1)
#5 C:\xampp\htdocs\ITSI\vendor\codeigniter4\framework\system\CodeIgniter.php(933): App\Controllers\AuthController->autenticar()
#6 C:\xampp\htdocs\ITSI\vendor\codeigniter4\framework\system\CodeIgniter.php(507): CodeIgniter\CodeIgniter->runController(Object(App\Controllers\AuthController))
#7 C:\xampp\htdocs\ITSI\vendor\codeigniter4\framework\system\CodeIgniter.php(354): CodeIgniter\CodeIgniter->handleRequest(NULL, Object(Config\Cache), false)
#8 C:\xampp\htdocs\ITSI\vendor\codeigniter4\framework\system\Boot.php(334): CodeIgniter\CodeIgniter->run()
#9 C:\xampp\htdocs\ITSI\vendor\codeigniter4\framework\system\Boot.php(67): CodeIgniter\Boot::runCodeIgniter(Object(CodeIgniter\CodeIgniter))
#10 C:\xampp\htdocs\ITSI\public\index.php(59): CodeIgniter\Boot::bootWeb(Object(Config\Paths))
#11 {main}
ERROR - 2026-03-02 08:34:00 --> Error al obtener período académico actual: Table 'itsi.v_periodo_academico_actual' doesn't exist
INFO - 2026-03-02 08:34:00 --> Usuario autenticado: 1004191845 con rol: 1
DEBUG - 2026-03-02 08:34:00 --> Session: Class initialized using 'CodeIgniter\Session\Handlers\FileHandler' driver.
DEBUG - 2026-03-02 08:34:00 --> Estadísticas mensuales: [{"mes":"Abr 2025","actividades":0,"practicas":0},{"mes":"May 2025","actividades":0,"practicas":0},{"mes":"Jun 2025","actividades":0,"practicas":1},{"mes":"Jul 2025","actividades":0,"practicas":1},{"mes":"Ago 2025","actividades":2,"practicas":1},{"mes":"Sep 2025","actividades":0,"practicas":1},{"mes":"Oct 2025","actividades":1,"practicas":1},{"mes":"Nov 2025","actividades":1,"practicas":1},{"mes":"Dic 2025","actividades":1,"practicas":1},{"mes":"Ene 2026","actividades":0,"practicas":1},{"mes":"Feb 2026","actividades":0,"practicas":1},{"mes":"Mar 2026","actividades":0,"practicas":1}]
DEBUG - 2026-03-02 08:34:00 --> Distribución carreras: [{"CARRERA":"Desarrollo de Software","TOTAL":"5"},{"CARRERA":"Dise\u00f1o Gr\u00e1fico","TOTAL":"4"},{"CARRERA":"Redes y Telecomunicaciones","TOTAL":"3"},{"CARRERA":"Administraci\u00f3n","TOTAL":"2"},{"CARRERA":"Marketing Digital y Comercio Electronico","TOTAL":"1"},{"CARRERA":"Atenci\u00f3n Integral a Adultos Mayores","TOTAL":"1"}]
DEBUG - 2026-03-02 08:34:03 --> Session: Class initialized using 'CodeIgniter\Session\Handlers\FileHandler' driver.
INFO - 2026-03-02 08:34:03 --> Iniciando proceso de cierre de sesión para usuario: ycampues
INFO - 2026-03-02 08:34:03 --> Sesión cerrada exitosamente
DEBUG - 2026-03-02 08:34:31 --> Session: Class initialized using 'CodeIgniter\Session\Handlers\FileHandler' driver.
DEBUG - 2026-03-02 08:34:31 --> Estadísticas mensuales: [{"mes":"Abr 2025","actividades":0,"practicas":0},{"mes":"May 2025","actividades":0,"practicas":0},{"mes":"Jun 2025","actividades":0,"practicas":1},{"mes":"Jul 2025","actividades":0,"practicas":1},{"mes":"Ago 2025","actividades":2,"practicas":1},{"mes":"Sep 2025","actividades":0,"practicas":1},{"mes":"Oct 2025","actividades":1,"practicas":1},{"mes":"Nov 2025","actividades":1,"practicas":1},{"mes":"Dic 2025","actividades":1,"practicas":1},{"mes":"Ene 2026","actividades":0,"practicas":1},{"mes":"Feb 2026","actividades":0,"practicas":1},{"mes":"Mar 2026","actividades":0,"practicas":1}]
DEBUG - 2026-03-02 08:34:31 --> Distribución carreras: [{"CARRERA":"Desarrollo de Software","TOTAL":"5"},{"CARRERA":"Dise\u00f1o Gr\u00e1fico","TOTAL":"4"},{"CARRERA":"Redes y Telecomunicaciones","TOTAL":"3"},{"CARRERA":"Administraci\u00f3n","TOTAL":"2"},{"CARRERA":"Marketing Digital y Comercio Electronico","TOTAL":"1"},{"CARRERA":"Atenci\u00f3n Integral a Adultos Mayores","TOTAL":"1"}]
DEBUG - 2026-03-02 08:41:10 --> Session: Class initialized using 'CodeIgniter\Session\Handlers\FileHandler' driver.
INFO - 2026-03-02 08:41:10 --> Iniciando proceso de cierre de sesión para usuario: desconocido
INFO - 2026-03-02 08:41:10 --> Sesión cerrada exitosamente
DEBUG - 2026-03-02 08:41:14 --> Session: Class initialized using 'CodeIgniter\Session\Handlers\FileHandler' driver.
DEBUG - 2026-03-02 08:41:14 --> Estadísticas mensuales: [{"mes":"Abr 2025","actividades":0,"practicas":0},{"mes":"May 2025","actividades":0,"practicas":0},{"mes":"Jun 2025","actividades":0,"practicas":1},{"mes":"Jul 2025","actividades":0,"practicas":1},{"mes":"Ago 2025","actividades":2,"practicas":1},{"mes":"Sep 2025","actividades":0,"practicas":1},{"mes":"Oct 2025","actividades":1,"practicas":1},{"mes":"Nov 2025","actividades":1,"practicas":1},{"mes":"Dic 2025","actividades":1,"practicas":1},{"mes":"Ene 2026","actividades":0,"practicas":1},{"mes":"Feb 2026","actividades":0,"practicas":1},{"mes":"Mar 2026","actividades":0,"practicas":1}]
DEBUG - 2026-03-02 08:41:14 --> Distribución carreras: [{"CARRERA":"Desarrollo de Software","TOTAL":"5"},{"CARRERA":"Dise\u00f1o Gr\u00e1fico","TOTAL":"4"},{"CARRERA":"Redes y Telecomunicaciones","TOTAL":"3"},{"CARRERA":"Administraci\u00f3n","TOTAL":"2"},{"CARRERA":"Marketing Digital y Comercio Electronico","TOTAL":"1"},{"CARRERA":"Atenci\u00f3n Integral a Adultos Mayores","TOTAL":"1"}]
DEBUG - 2026-03-02 08:41:18 --> Session: Class initialized using 'CodeIgniter\Session\Handlers\FileHandler' driver.
INFO - 2026-03-02 08:41:18 --> Iniciando proceso de cierre de sesión para usuario: desconocido
INFO - 2026-03-02 08:41:18 --> Sesión cerrada exitosamente
DEBUG - 2026-03-02 08:41:18 --> Session: Class initialized using 'CodeIgniter\Session\Handlers\FileHandler' driver.
DEBUG - 2026-03-02 08:41:23 --> Session: Class initialized using 'CodeIgniter\Session\Handlers\FileHandler' driver.
ERROR - 2026-03-02 08:41:23 --> mysqli_sql_exception: Table 'itsi.v_periodo_academico_actual' doesn't exist in C:\xampp\htdocs\ITSI\vendor\codeigniter4\framework\system\Database\MySQLi\Connection.php:327
Stack trace:
#0 C:\xampp\htdocs\ITSI\vendor\codeigniter4\framework\system\Database\MySQLi\Connection.php(327): mysqli->query('SELECT *\nFROM `...', 0)
#1 C:\xampp\htdocs\ITSI\vendor\codeigniter4\framework\system\Database\BaseConnection.php(738): CodeIgniter\Database\MySQLi\Connection->execute('SELECT *\nFROM `...')
#2 C:\xampp\htdocs\ITSI\vendor\codeigniter4\framework\system\Database\BaseConnection.php(652): CodeIgniter\Database\BaseConnection->simpleQuery('SELECT *\nFROM `...')
#3 C:\xampp\htdocs\ITSI\vendor\codeigniter4\framework\system\Database\BaseBuilder.php(1649): CodeIgniter\Database\BaseConnection->query('SELECT *\nFROM `...', Array, false)
#4 C:\xampp\htdocs\ITSI\app\Controllers\AuthController.php(74): CodeIgniter\Database\BaseBuilder->get(1)
#5 C:\xampp\htdocs\ITSI\vendor\codeigniter4\framework\system\CodeIgniter.php(933): App\Controllers\AuthController->autenticar()
#6 C:\xampp\htdocs\ITSI\vendor\codeigniter4\framework\system\CodeIgniter.php(507): CodeIgniter\CodeIgniter->runController(Object(App\Controllers\AuthController))
#7 C:\xampp\htdocs\ITSI\vendor\codeigniter4\framework\system\CodeIgniter.php(354): CodeIgniter\CodeIgniter->handleRequest(NULL, Object(Config\Cache), false)
#8 C:\xampp\htdocs\ITSI\vendor\codeigniter4\framework\system\Boot.php(334): CodeIgniter\CodeIgniter->run()
#9 C:\xampp\htdocs\ITSI\vendor\codeigniter4\framework\system\Boot.php(67): CodeIgniter\Boot::runCodeIgniter(Object(CodeIgniter\CodeIgniter))
#10 C:\xampp\htdocs\ITSI\public\index.php(59): CodeIgniter\Boot::bootWeb(Object(Config\Paths))
#11 {main}
ERROR - 2026-03-02 08:41:23 --> Error al obtener período académico actual: Table 'itsi.v_periodo_academico_actual' doesn't exist
INFO - 2026-03-02 08:41:23 --> Usuario autenticado: 1004191845 con rol: 1
DEBUG - 2026-03-02 08:41:23 --> Session: Class initialized using 'CodeIgniter\Session\Handlers\FileHandler' driver.
DEBUG - 2026-03-02 08:41:23 --> Estadísticas mensuales: [{"mes":"Abr 2025","actividades":0,"practicas":0},{"mes":"May 2025","actividades":0,"practicas":0},{"mes":"Jun 2025","actividades":0,"practicas":1},{"mes":"Jul 2025","actividades":0,"practicas":1},{"mes":"Ago 2025","actividades":2,"practicas":1},{"mes":"Sep 2025","actividades":0,"practicas":1},{"mes":"Oct 2025","actividades":1,"practicas":1},{"mes":"Nov 2025","actividades":1,"practicas":1},{"mes":"Dic 2025","actividades":1,"practicas":1},{"mes":"Ene 2026","actividades":0,"practicas":1},{"mes":"Feb 2026","actividades":0,"practicas":1},{"mes":"Mar 2026","actividades":0,"practicas":1}]
DEBUG - 2026-03-02 08:41:23 --> Distribución carreras: [{"CARRERA":"Desarrollo de Software","TOTAL":"5"},{"CARRERA":"Dise\u00f1o Gr\u00e1fico","TOTAL":"4"},{"CARRERA":"Redes y Telecomunicaciones","TOTAL":"3"},{"CARRERA":"Administraci\u00f3n","TOTAL":"2"},{"CARRERA":"Marketing Digital y Comercio Electronico","TOTAL":"1"},{"CARRERA":"Atenci\u00f3n Integral a Adultos Mayores","TOTAL":"1"}]
DEBUG - 2026-03-02 08:42:53 --> Session: Class initialized using 'CodeIgniter\Session\Handlers\FileHandler' driver.
INFO - 2026-03-02 08:42:53 --> Iniciando proceso de cierre de sesión para usuario: ycampues
INFO - 2026-03-02 08:42:53 --> Sesión cerrada exitosamente
DEBUG - 2026-03-02 08:42:54 --> Session: Class initialized using 'CodeIgniter\Session\Handlers\FileHandler' driver.
DEBUG - 2026-03-02 08:43:03 --> Session: Class initialized using 'CodeIgniter\Session\Handlers\FileHandler' driver.
ERROR - 2026-03-02 08:43:03 --> mysqli_sql_exception: Table 'itsi.v_periodo_academico_actual' doesn't exist in C:\xampp\htdocs\ITSI\vendor\codeigniter4\framework\system\Database\MySQLi\Connection.php:327
Stack trace:
#0 C:\xampp\htdocs\ITSI\vendor\codeigniter4\framework\system\Database\MySQLi\Connection.php(327): mysqli->query('SELECT *\nFROM `...', 0)
#1 C:\xampp\htdocs\ITSI\vendor\codeigniter4\framework\system\Database\BaseConnection.php(738): CodeIgniter\Database\MySQLi\Connection->execute('SELECT *\nFROM `...')
#2 C:\xampp\htdocs\ITSI\vendor\codeigniter4\framework\system\Database\BaseConnection.php(652): CodeIgniter\Database\BaseConnection->simpleQuery('SELECT *\nFROM `...')
#3 C:\xampp\htdocs\ITSI\vendor\codeigniter4\framework\system\Database\BaseBuilder.php(1649): CodeIgniter\Database\BaseConnection->query('SELECT *\nFROM `...', Array, false)
#4 C:\xampp\htdocs\ITSI\app\Controllers\AuthController.php(74): CodeIgniter\Database\BaseBuilder->get(1)
#5 C:\xampp\htdocs\ITSI\vendor\codeigniter4\framework\system\CodeIgniter.php(933): App\Controllers\AuthController->autenticar()
#6 C:\xampp\htdocs\ITSI\vendor\codeigniter4\framework\system\CodeIgniter.php(507): CodeIgniter\CodeIgniter->runController(Object(App\Controllers\AuthController))
#7 C:\xampp\htdocs\ITSI\vendor\codeigniter4\framework\system\CodeIgniter.php(354): CodeIgniter\CodeIgniter->handleRequest(NULL, Object(Config\Cache), false)
#8 C:\xampp\htdocs\ITSI\vendor\codeigniter4\framework\system\Boot.php(334): CodeIgniter\CodeIgniter->run()
#9 C:\xampp\htdocs\ITSI\vendor\codeigniter4\framework\system\Boot.php(67): CodeIgniter\Boot::runCodeIgniter(Object(CodeIgniter\CodeIgniter))
#10 C:\xampp\htdocs\ITSI\public\index.php(59): CodeIgniter\Boot::bootWeb(Object(Config\Paths))
#11 {main}
ERROR - 2026-03-02 08:43:03 --> Error al obtener período académico actual: Table 'itsi.v_periodo_academico_actual' doesn't exist
INFO - 2026-03-02 08:43:03 --> Usuario autenticado: 1004191845 con rol: 1
DEBUG - 2026-03-02 08:43:03 --> Session: Class initialized using 'CodeIgniter\Session\Handlers\FileHandler' driver.
DEBUG - 2026-03-02 08:43:03 --> Estadísticas mensuales: [{"mes":"Abr 2025","actividades":0,"practicas":0},{"mes":"May 2025","actividades":0,"practicas":0},{"mes":"Jun 2025","actividades":0,"practicas":1},{"mes":"Jul 2025","actividades":0,"practicas":1},{"mes":"Ago 2025","actividades":2,"practicas":1},{"mes":"Sep 2025","actividades":0,"practicas":1},{"mes":"Oct 2025","actividades":1,"practicas":1},{"mes":"Nov 2025","actividades":1,"practicas":1},{"mes":"Dic 2025","actividades":1,"practicas":1},{"mes":"Ene 2026","actividades":0,"practicas":1},{"mes":"Feb 2026","actividades":0,"practicas":1},{"mes":"Mar 2026","actividades":0,"practicas":1}]
DEBUG - 2026-03-02 08:43:03 --> Distribución carreras: [{"CARRERA":"Desarrollo de Software","TOTAL":"5"},{"CARRERA":"Dise\u00f1o Gr\u00e1fico","TOTAL":"4"},{"CARRERA":"Redes y Telecomunicaciones","TOTAL":"3"},{"CARRERA":"Administraci\u00f3n","TOTAL":"2"},{"CARRERA":"Marketing Digital y Comercio Electronico","TOTAL":"1"},{"CARRERA":"Atenci\u00f3n Integral a Adultos Mayores","TOTAL":"1"}]
DEBUG - 2026-03-02 08:43:09 --> Session: Class initialized using 'CodeIgniter\Session\Handlers\FileHandler' driver.
INFO - 2026-03-02 08:43:09 --> Iniciando proceso de cierre de sesión para usuario: ycampues
INFO - 2026-03-02 08:43:09 --> Sesión cerrada exitosamente
DEBUG - 2026-03-02 08:43:09 --> Session: Class initialized using 'CodeIgniter\Session\Handlers\FileHandler' driver.
INFO - 2026-03-02 08:43:09 --> Iniciando proceso de cierre de sesión para usuario: desconocido
INFO - 2026-03-02 08:43:09 --> Sesión cerrada exitosamente
DEBUG - 2026-03-02 08:43:09 --> Session: Class initialized using 'CodeIgniter\Session\Handlers\FileHandler' driver.
DEBUG - 2026-03-02 08:43:09 --> Session: Class initialized using 'CodeIgniter\Session\Handlers\FileHandler' driver.
DEBUG - 2026-03-02 08:43:10 --> Session: Class initialized using 'CodeIgniter\Session\Handlers\FileHandler' driver.
DEBUG - 2026-03-02 08:43:24 --> Session: Class initialized using 'CodeIgniter\Session\Handlers\FileHandler' driver.
DEBUG - 2026-03-02 08:43:24 --> Estadísticas mensuales: [{"mes":"Abr 2025","actividades":0,"practicas":0},{"mes":"May 2025","actividades":0,"practicas":0},{"mes":"Jun 2025","actividades":0,"practicas":1},{"mes":"Jul 2025","actividades":0,"practicas":1},{"mes":"Ago 2025","actividades":2,"practicas":1},{"mes":"Sep 2025","actividades":0,"practicas":1},{"mes":"Oct 2025","actividades":1,"practicas":1},{"mes":"Nov 2025","actividades":1,"practicas":1},{"mes":"Dic 2025","actividades":1,"practicas":1},{"mes":"Ene 2026","actividades":0,"practicas":1},{"mes":"Feb 2026","actividades":0,"practicas":1},{"mes":"Mar 2026","actividades":0,"practicas":1}]
DEBUG - 2026-03-02 08:43:24 --> Distribución carreras: [{"CARRERA":"Desarrollo de Software","TOTAL":"5"},{"CARRERA":"Dise\u00f1o Gr\u00e1fico","TOTAL":"4"},{"CARRERA":"Redes y Telecomunicaciones","TOTAL":"3"},{"CARRERA":"Administraci\u00f3n","TOTAL":"2"},{"CARRERA":"Marketing Digital y Comercio Electronico","TOTAL":"1"},{"CARRERA":"Atenci\u00f3n Integral a Adultos Mayores","TOTAL":"1"}]
DEBUG - 2026-03-02 08:43:24 --> Session: Class initialized using 'CodeIgniter\Session\Handlers\FileHandler' driver.
INFO - 2026-03-02 08:43:24 --> Iniciando proceso de cierre de sesión para usuario: desconocido
DEBUG - 2026-03-02 08:43:24 --> Session: Class initialized using 'CodeIgniter\Session\Handlers\FileHandler' driver.
INFO - 2026-03-02 08:43:24 --> Iniciando proceso de cierre de sesión para usuario: desconocido
INFO - 2026-03-02 08:43:25 --> Sesión cerrada exitosamente
INFO - 2026-03-02 08:43:25 --> Sesión cerrada exitosamente
DEBUG - 2026-03-02 08:43:25 --> Session: Class initialized using 'CodeIgniter\Session\Handlers\FileHandler' driver.
DEBUG - 2026-03-02 08:43:25 --> Session: Class initialized using 'CodeIgniter\Session\Handlers\FileHandler' driver.
DEBUG - 2026-03-02 08:44:49 --> Session: Class initialized using 'CodeIgniter\Session\Handlers\FileHandler' driver.
INFO - 2026-03-02 08:44:49 --> Iniciando proceso de cierre de sesión para usuario: desconocido
INFO - 2026-03-02 08:44:49 --> Sesión cerrada exitosamente
DEBUG - 2026-03-02 08:44:49 --> Session: Class initialized using 'CodeIgniter\Session\Handlers\FileHandler' driver.
INFO - 2026-03-02 08:44:49 --> Iniciando proceso de cierre de sesión para usuario: desconocido
INFO - 2026-03-02 08:44:49 --> Sesión cerrada exitosamente
DEBUG - 2026-03-02 08:44:49 --> Actividades cargadas: [{"ID_ACTIVIDAD_EDUCACION":"3","ID_INSTRUCTOR":"3","ID_TIPO_MODALIDAD":"1","ID_TIPO_ACTIVIDAD":"3","ID_USUARIO":"1","NOMBRE_ACTIVIDAD":"Inteligencia Artificial y Machine Learning","DESCRIPCION":"Seminario sobre tendencias actuales en IA y aplicaciones pr\u00e1cticas.","OBJETIVOS":"Actualizar conocimientos en inteligencia artificial y sus aplicaciones","DURACION_HORAS":"16","FECHA_INICIO":"2025-12-15","FECHA_FIN":"2025-12-16","LUGAR":"Auditorio Principal","HORARIO":"8:00-17:00","INCLUYE_CERTIFICADO":"1","PROGRAMA_DETALLADO":"Introducci\u00f3n a la IA\nMachine Learning b\u00e1sico\nDeep Learning\nAplicaciones pr\u00e1cticas\nCasos de estudio","ACTIVIDAD":"Seminario","MODALIDAD":"Presencial","ESPECIALIDAD":"Inteligencia Artificial","NOMBRE":"Mar\u00eda","APELLIDO":"Gonz\u00e1lez"},{"ID_ACTIVIDAD_EDUCACION":"5","ID_INSTRUCTOR":"2","ID_TIPO_MODALIDAD":"2","ID_TIPO_ACTIVIDAD":"2","ID_USUARIO":"1","NOMBRE_ACTIVIDAD":"Configuraci\u00f3n de Redes","DESCRIPCION":"Taller de configuraci\u00f3n y administraci\u00f3n de redes de computadoras.","OBJETIVOS":"Capacitar en configuraci\u00f3n y administraci\u00f3n de redes","DURACION_HORAS":"32","FECHA_INICIO":"2025-11-01","FECHA_FIN":"2025-11-30","LUGAR":"Laboratorio de Redes","HORARIO":"S\u00e1bados 8:00-12:00","INCLUYE_CERTIFICADO":"1","PROGRAMA_DETALLADO":"Protocolos de red\nConfiguraci\u00f3n de routers\nSwitches y VLANs\nSeguridad en redes","ACTIVIDAD":"Taller","MODALIDAD":"Virtual","ESPECIALIDAD":"Hardware y Redes","NOMBRE":"Ana","APELLIDO":"Ruiz"},{"ID_ACTIVIDAD_EDUCACION":"2","ID_INSTRUCTOR":"2","ID_TIPO_MODALIDAD":"2","ID_TIPO_ACTIVIDAD":"2","ID_USUARIO":"1","NOMBRE_ACTIVIDAD":"Reparaci\u00f3n de Equipos de C\u00f3mputo","DESCRIPCION":"Taller pr\u00e1ctico de mantenimiento y reparaci\u00f3n de hardware de computadoras.","OBJETIVOS":"Capacitar en t\u00e9cnicas de diagn\u00f3stico y reparaci\u00f3n de equipos","DURACION_HORAS":"40","FECHA_INICIO":"2025-10-01","FECHA_FIN":"2025-10-31","LUGAR":"Plataforma Virtual","HORARIO":"S\u00e1bados 9:00-13:00","INCLUYE_CERTIFICADO":"1","PROGRAMA_DETALLADO":"Diagn\u00f3stico de problemas\nReparaci\u00f3n de hardware\nMantenimiento preventivo\nInstalaci\u00f3n de software","ACTIVIDAD":"Taller","MODALIDAD":"Virtual","ESPECIALIDAD":"Hardware y Redes","NOMBRE":"Ana","APELLIDO":"Ruiz"},{"ID_ACTIVIDAD_EDUCACION":"1","ID_INSTRUCTOR":"1","ID_TIPO_MODALIDAD":"1","ID_TIPO_ACTIVIDAD":"1","ID_USUARIO":"1","NOMBRE_ACTIVIDAD":"Desarrollo Web Full Stack","DESCRIPCION":"Curso completo de desarrollo web con tecnolog\u00edas modernas como React, Node.js, MongoDB y m\u00e1s.","OBJETIVOS":"Formar desarrolladores full stack competentes en tecnolog\u00edas web modernas","DURACION_HORAS":"4","FECHA_INICIO":"2025-08-18","FECHA_FIN":"2025-08-19","LUGAR":"Laboratorio de Programaci\u00f3n","HORARIO":"Lunes a Martess 16:00-18:00","INCLUYE_CERTIFICADO":"1","PROGRAMA_DETALLADO":"M\u00f3dulo 1: HTML\/CSS\/JavaScript\r\nM\u00f3dulo 2: React.js\r\nM\u00f3dulo 3: Node.js\r\nM\u00f3dulo 4: Base de datos\r\nM\u00f3dulo 5: Proyecto final","ACTIVIDAD":"Curso","MODALIDAD":"Presencial","ESPECIALIDAD":"Desarrollo de Software","NOMBRE":"Carlos","APELLIDO":"Mendoza"},{"ID_ACTIVIDAD_EDUCACION":"4","ID_INSTRUCTOR":"1","ID_TIPO_MODALIDAD":"1","ID_TIPO_ACTIVIDAD":"1","ID_USUARIO":"1","NOMBRE_ACTIVIDAD":"Programaci\u00f3n en Python","DESCRIPCION":"Curso introductorio de programaci\u00f3n usando Python como lenguaje principal.","OBJETIVOS":"Ense\u00f1ar los fundamentos de programaci\u00f3n usando Python","DURACION_HORAS":"80","FECHA_INICIO":"2025-08-01","FECHA_FIN":"2025-09-30","LUGAR":"Laboratorio de Programaci\u00f3n","HORARIO":"Martes y Jueves 18:00-20:00","INCLUYE_CERTIFICADO":"1","PROGRAMA_DETALLADO":"Variables y tipos de datos\nEstructuras de control\nFunciones\nPOO\nLibrer\u00edas b\u00e1sicas","ACTIVIDAD":"Curso","MODALIDAD":"Presencial","ESPECIALIDAD":"Desarrollo de Software","NOMBRE":"Carlos","APELLIDO":"Mendoza"}]
DEBUG - 2026-03-02 08:44:49 --> Session: Class initialized using 'CodeIgniter\Session\Handlers\FileHandler' driver.
DEBUG - 2026-03-02 08:44:49 --> Session: Class initialized using 'CodeIgniter\Session\Handlers\FileHandler' driver.
DEBUG - 2026-03-02 08:44:49 --> Session: Class initialized using 'CodeIgniter\Session\Handlers\FileHandler' driver.
DEBUG - 2026-03-02 08:45:00 --> Session: Class initialized using 'CodeIgniter\Session\Handlers\FileHandler' driver.
INFO - 2026-03-02 08:45:00 --> Iniciando proceso de cierre de sesión para usuario: desconocido
INFO - 2026-03-02 08:45:00 --> Sesión cerrada exitosamente
DEBUG - 2026-03-02 08:45:00 --> Session: Class initialized using 'CodeIgniter\Session\Handlers\FileHandler' driver.
CRITICAL - 2026-03-02 08:45:00 --> ErrorException: fopen(C:\xampp\htdocs\ITSI\writable\session/ci_session4319cbbb08a6a035c520d46417f5deb8): Failed to open stream: Permission denied
[Method: GET, Route: auth/cerrar-sesion]
in SYSTEMPATH\Session\Handlers\FileHandler.php on line 130.
 1 [internal function]: CodeIgniter\Debug\Exceptions->errorHandler(2, 'fopen(C:\\xampp\\htdocs\\ITSI\\writable\\session/ci_session4319cbbb08a6a035c520d46417f5deb8): Failed to open stream: Permission denied', 'C:\\xampp\\htdocs\\ITSI\\vendor\\codeigniter4\\framework\\system\\Session\\Handlers\\FileHandler.php', 130)
 2 SYSTEMPATH\Session\Handlers\FileHandler.php(130): fopen('C:\\xampp\\htdocs\\ITSI\\writable\\session/ci_session4319cbbb08a6a035c520d46417f5deb8', 'c+b')
 3 [internal function]: CodeIgniter\Session\Handlers\FileHandler->read('4319cbbb08a6a035c520d46417f5deb8')
 4 SYSTEMPATH\Session\Session.php(912): session_start()
 5 SYSTEMPATH\Session\Session.php(243): CodeIgniter\Session\Session->startSession()
 6 SYSTEMPATH\Config\Services.php(710): CodeIgniter\Session\Session->start()
 7 SYSTEMPATH\Config\BaseService.php(312): CodeIgniter\Config\Services::session(Object(Config\Session), false)
 8 SYSTEMPATH\Config\BaseService.php(251): CodeIgniter\Config\BaseService::__callStatic('session', [...])
 9 SYSTEMPATH\Config\Services.php(668): CodeIgniter\Config\BaseService::getSharedInstance('session', null)
10 SYSTEMPATH\Config\BaseService.php(321): CodeIgniter\Config\Services::session()
11 SYSTEMPATH\Config\BaseService.php(202): CodeIgniter\Config\BaseService::__callStatic('session', [])
12 SYSTEMPATH\Common.php(1000): CodeIgniter\Config\BaseService::get('session')
13 SYSTEMPATH\Common.php(973): service('session')
14 APPPATH\Controllers\AuthController.php(153): session()
15 SYSTEMPATH\CodeIgniter.php(933): App\Controllers\AuthController->cerrarSesion()
16 SYSTEMPATH\CodeIgniter.php(507): CodeIgniter\CodeIgniter->runController(Object(App\Controllers\AuthController))
17 SYSTEMPATH\CodeIgniter.php(354): CodeIgniter\CodeIgniter->handleRequest(null, Object(Config\Cache), false)
18 SYSTEMPATH\Boot.php(334): CodeIgniter\CodeIgniter->run()
19 SYSTEMPATH\Boot.php(67): CodeIgniter\Boot::runCodeIgniter(Object(CodeIgniter\CodeIgniter))
20 FCPATH\index.php(59): CodeIgniter\Boot::bootWeb(Object(Config\Paths))
DEBUG - 2026-03-02 08:45:00 --> Session: Class initialized using 'CodeIgniter\Session\Handlers\FileHandler' driver.
DEBUG - 2026-03-02 08:45:01 --> Session: Class initialized using 'CodeIgniter\Session\Handlers\FileHandler' driver.
CRITICAL - 2026-03-02 08:45:01 --> Error: Call to a member function findAll() on null
[Method: GET, Route: admin/evaluaciones/obtener]
in APPPATH\Controllers\admin\EvaluacionesAdminController.php on line 80.
 1 SYSTEMPATH\CodeIgniter.php(933): App\Controllers\admin\EvaluacionesAdminController->obtenerEvaluaciones()
 2 SYSTEMPATH\CodeIgniter.php(507): CodeIgniter\CodeIgniter->runController(Object(App\Controllers\admin\EvaluacionesAdminController))
 3 SYSTEMPATH\CodeIgniter.php(354): CodeIgniter\CodeIgniter->handleRequest(null, Object(Config\Cache), false)
 4 SYSTEMPATH\Boot.php(334): CodeIgniter\CodeIgniter->run()
 5 SYSTEMPATH\Boot.php(67): CodeIgniter\Boot::runCodeIgniter(Object(CodeIgniter\CodeIgniter))
 6 FCPATH\index.php(59): CodeIgniter\Boot::bootWeb(Object(Config\Paths))
DEBUG - 2026-03-02 08:45:01 --> Session: Class initialized using 'CodeIgniter\Session\Handlers\FileHandler' driver.
CRITICAL - 2026-03-02 08:45:01 --> Error: Call to a member function obtenerEstadisticas() on null
[Method: GET, Route: admin/evaluaciones/estadisticas]
in APPPATH\Controllers\admin\EvaluacionesAdminController.php on line 267.
 1 SYSTEMPATH\CodeIgniter.php(933): App\Controllers\admin\EvaluacionesAdminController->obtenerEstadisticas()
 2 SYSTEMPATH\CodeIgniter.php(507): CodeIgniter\CodeIgniter->runController(Object(App\Controllers\admin\EvaluacionesAdminController))
 3 SYSTEMPATH\CodeIgniter.php(354): CodeIgniter\CodeIgniter->handleRequest(null, Object(Config\Cache), false)
 4 SYSTEMPATH\Boot.php(334): CodeIgniter\CodeIgniter->run()
 5 SYSTEMPATH\Boot.php(67): CodeIgniter\Boot::runCodeIgniter(Object(CodeIgniter\CodeIgniter))
 6 FCPATH\index.php(59): CodeIgniter\Boot::bootWeb(Object(Config\Paths))
DEBUG - 2026-03-02 08:47:49 --> Session: Class initialized using 'CodeIgniter\Session\Handlers\FileHandler' driver.
DEBUG - 2026-03-02 08:47:49 --> Estadísticas mensuales: [{"mes":"Abr 2025","actividades":0,"practicas":0},{"mes":"May 2025","actividades":0,"practicas":0},{"mes":"Jun 2025","actividades":0,"practicas":1},{"mes":"Jul 2025","actividades":0,"practicas":1},{"mes":"Ago 2025","actividades":2,"practicas":1},{"mes":"Sep 2025","actividades":0,"practicas":1},{"mes":"Oct 2025","actividades":1,"practicas":1},{"mes":"Nov 2025","actividades":1,"practicas":1},{"mes":"Dic 2025","actividades":1,"practicas":1},{"mes":"Ene 2026","actividades":0,"practicas":1},{"mes":"Feb 2026","actividades":0,"practicas":1},{"mes":"Mar 2026","actividades":0,"practicas":1}]
DEBUG - 2026-03-02 08:47:50 --> Distribución carreras: [{"CARRERA":"Desarrollo de Software","TOTAL":"5"},{"CARRERA":"Dise\u00f1o Gr\u00e1fico","TOTAL":"4"},{"CARRERA":"Redes y Telecomunicaciones","TOTAL":"3"},{"CARRERA":"Administraci\u00f3n","TOTAL":"2"},{"CARRERA":"Marketing Digital y Comercio Electronico","TOTAL":"1"},{"CARRERA":"Atenci\u00f3n Integral a Adultos Mayores","TOTAL":"1"}]
ERROR - 2026-03-02 08:47:50 --> mysqli_sql_exception: Table 'itsi.v_periodo_academico_actual' doesn't exist in C:\xampp\htdocs\ITSI\vendor\codeigniter4\framework\system\Database\MySQLi\Connection.php:327
Stack trace:
#0 C:\xampp\htdocs\ITSI\vendor\codeigniter4\framework\system\Database\MySQLi\Connection.php(327): mysqli->query('SELECT * FROM V...', 0)
#1 C:\xampp\htdocs\ITSI\vendor\codeigniter4\framework\system\Database\BaseConnection.php(738): CodeIgniter\Database\MySQLi\Connection->execute('SELECT * FROM V...')
#2 C:\xampp\htdocs\ITSI\vendor\codeigniter4\framework\system\Database\BaseConnection.php(652): CodeIgniter\Database\BaseConnection->simpleQuery('SELECT * FROM V...')
#3 C:\xampp\htdocs\ITSI\app\Views\admin\partials\navbarAdmin.php(10): CodeIgniter\Database\BaseConnection->query('SELECT * FROM V...')
#4 C:\xampp\htdocs\ITSI\vendor\codeigniter4\framework\system\View\View.php(224): include('C:\\xampp\\htdocs...')
#5 C:\xampp\htdocs\ITSI\vendor\codeigniter4\framework\system\View\View.php(227): CodeIgniter\View\View->CodeIgniter\View\{closure}()
#6 C:\xampp\htdocs\ITSI\vendor\codeigniter4\framework\system\View\View.php(475): CodeIgniter\View\View->render('admin/partials/...', NULL, true)
#7 C:\xampp\htdocs\ITSI\app\Views\admin\layouts\mainAdmin.php(22): CodeIgniter\View\View->include('admin/partials/...')
#8 C:\xampp\htdocs\ITSI\vendor\codeigniter4\framework\system\View\View.php(224): include('C:\\xampp\\htdocs...')
#9 C:\xampp\htdocs\ITSI\vendor\codeigniter4\framework\system\View\View.php(227): CodeIgniter\View\View->CodeIgniter\View\{closure}()
#10 C:\xampp\htdocs\ITSI\vendor\codeigniter4\framework\system\View\View.php(240): CodeIgniter\View\View->render('admin/layouts/m...', Array, true)
#11 C:\xampp\htdocs\ITSI\vendor\codeigniter4\framework\system\Common.php(1173): CodeIgniter\View\View->render('admin/dashboard...', Array, true)
#12 C:\xampp\htdocs\ITSI\app\Controllers\admin\DashboardAdminController.php(67): view('admin/dashboard...', Array)
#13 C:\xampp\htdocs\ITSI\vendor\codeigniter4\framework\system\CodeIgniter.php(933): App\Controllers\admin\DashboardAdminController->index()
#14 C:\xampp\htdocs\ITSI\vendor\codeigniter4\framework\system\CodeIgniter.php(507): CodeIgniter\CodeIgniter->runController(Object(App\Controllers\admin\DashboardAdminController))
#15 C:\xampp\htdocs\ITSI\vendor\codeigniter4\framework\system\CodeIgniter.php(354): CodeIgniter\CodeIgniter->handleRequest(NULL, Object(Config\Cache), false)
#16 C:\xampp\htdocs\ITSI\vendor\codeigniter4\framework\system\Boot.php(334): CodeIgniter\CodeIgniter->run()
#17 C:\xampp\htdocs\ITSI\vendor\codeigniter4\framework\system\Boot.php(67): CodeIgniter\Boot::runCodeIgniter(Object(CodeIgniter\CodeIgniter))
#18 C:\xampp\htdocs\ITSI\public\index.php(59): CodeIgniter\Boot::bootWeb(Object(Config\Paths))
#19 {main}
ERROR - 2026-03-02 08:47:50 --> Navbar admin - error obteniendo período académico actual: Table 'itsi.v_periodo_academico_actual' doesn't exist
DEBUG - 2026-03-02 08:47:50 --> Session: Class initialized using 'CodeIgniter\Session\Handlers\FileHandler' driver.
INFO - 2026-03-02 08:47:50 --> Iniciando proceso de cierre de sesión para usuario: desconocido
DEBUG - 2026-03-02 08:47:50 --> Session: Class initialized using 'CodeIgniter\Session\Handlers\FileHandler' driver.
INFO - 2026-03-02 08:47:50 --> Iniciando proceso de cierre de sesión para usuario: desconocido
INFO - 2026-03-02 08:47:50 --> Sesión cerrada exitosamente
INFO - 2026-03-02 08:47:50 --> Sesión cerrada exitosamente
DEBUG - 2026-03-02 08:47:50 --> Session: Class initialized using 'CodeIgniter\Session\Handlers\FileHandler' driver.
DEBUG - 2026-03-02 08:47:50 --> Session: Class initialized using 'CodeIgniter\Session\Handlers\FileHandler' driver.
DEBUG - 2026-03-02 08:47:51 --> Session: Class initialized using 'CodeIgniter\Session\Handlers\FileHandler' driver.
INFO - 2026-03-02 08:47:51 --> Iniciando proceso de cierre de sesión para usuario: desconocido
INFO - 2026-03-02 08:47:51 --> Sesión cerrada exitosamente
DEBUG - 2026-03-02 08:47:51 --> Session: Class initialized using 'CodeIgniter\Session\Handlers\FileHandler' driver.
DEBUG - 2026-03-02 08:47:55 --> Session: Class initialized using 'CodeIgniter\Session\Handlers\FileHandler' driver.
ERROR - 2026-03-02 08:47:55 --> mysqli_sql_exception: Table 'itsi.v_periodo_academico_actual' doesn't exist in C:\xampp\htdocs\ITSI\vendor\codeigniter4\framework\system\Database\MySQLi\Connection.php:327
Stack trace:
#0 C:\xampp\htdocs\ITSI\vendor\codeigniter4\framework\system\Database\MySQLi\Connection.php(327): mysqli->query('SELECT *\nFROM `...', 0)
#1 C:\xampp\htdocs\ITSI\vendor\codeigniter4\framework\system\Database\BaseConnection.php(738): CodeIgniter\Database\MySQLi\Connection->execute('SELECT *\nFROM `...')
#2 C:\xampp\htdocs\ITSI\vendor\codeigniter4\framework\system\Database\BaseConnection.php(652): CodeIgniter\Database\BaseConnection->simpleQuery('SELECT *\nFROM `...')
#3 C:\xampp\htdocs\ITSI\vendor\codeigniter4\framework\system\Database\BaseBuilder.php(1649): CodeIgniter\Database\BaseConnection->query('SELECT *\nFROM `...', Array, false)
#4 C:\xampp\htdocs\ITSI\app\Controllers\AuthController.php(74): CodeIgniter\Database\BaseBuilder->get(1)
#5 C:\xampp\htdocs\ITSI\vendor\codeigniter4\framework\system\CodeIgniter.php(933): App\Controllers\AuthController->autenticar()
#6 C:\xampp\htdocs\ITSI\vendor\codeigniter4\framework\system\CodeIgniter.php(507): CodeIgniter\CodeIgniter->runController(Object(App\Controllers\AuthController))
#7 C:\xampp\htdocs\ITSI\vendor\codeigniter4\framework\system\CodeIgniter.php(354): CodeIgniter\CodeIgniter->handleRequest(NULL, Object(Config\Cache), false)
#8 C:\xampp\htdocs\ITSI\vendor\codeigniter4\framework\system\Boot.php(334): CodeIgniter\CodeIgniter->run()
#9 C:\xampp\htdocs\ITSI\vendor\codeigniter4\framework\system\Boot.php(67): CodeIgniter\Boot::runCodeIgniter(Object(CodeIgniter\CodeIgniter))
#10 C:\xampp\htdocs\ITSI\public\index.php(59): CodeIgniter\Boot::bootWeb(Object(Config\Paths))
#11 {main}
ERROR - 2026-03-02 08:47:55 --> Error al obtener período académico actual: Table 'itsi.v_periodo_academico_actual' doesn't exist
INFO - 2026-03-02 08:47:55 --> Usuario autenticado: 1009012345 con rol: 3
DEBUG - 2026-03-02 08:47:55 --> Session: Class initialized using 'CodeIgniter\Session\Handlers\FileHandler' driver.
ERROR - 2026-03-02 08:47:55 --> mysqli_sql_exception: Table 'itsi.v_periodo_academico_actual' doesn't exist in C:\xampp\htdocs\ITSI\vendor\codeigniter4\framework\system\Database\MySQLi\Connection.php:327
Stack trace:
#0 C:\xampp\htdocs\ITSI\vendor\codeigniter4\framework\system\Database\MySQLi\Connection.php(327): mysqli->query('SELECT * FROM V...', 0)
#1 C:\xampp\htdocs\ITSI\vendor\codeigniter4\framework\system\Database\BaseConnection.php(738): CodeIgniter\Database\MySQLi\Connection->execute('SELECT * FROM V...')
#2 C:\xampp\htdocs\ITSI\vendor\codeigniter4\framework\system\Database\BaseConnection.php(652): CodeIgniter\Database\BaseConnection->simpleQuery('SELECT * FROM V...')
#3 C:\xampp\htdocs\ITSI\app\Views\estudiante\partials\navbarEstudiante.php(10): CodeIgniter\Database\BaseConnection->query('SELECT * FROM V...')
#4 C:\xampp\htdocs\ITSI\vendor\codeigniter4\framework\system\View\View.php(224): include('C:\\xampp\\htdocs...')
#5 C:\xampp\htdocs\ITSI\vendor\codeigniter4\framework\system\View\View.php(227): CodeIgniter\View\View->CodeIgniter\View\{closure}()
#6 C:\xampp\htdocs\ITSI\vendor\codeigniter4\framework\system\View\View.php(475): CodeIgniter\View\View->render('estudiante/part...', NULL, true)
#7 C:\xampp\htdocs\ITSI\app\Views\estudiante\layouts\mainEstudiante.php(21): CodeIgniter\View\View->include('estudiante/part...')
#8 C:\xampp\htdocs\ITSI\vendor\codeigniter4\framework\system\View\View.php(224): include('C:\\xampp\\htdocs...')
#9 C:\xampp\htdocs\ITSI\vendor\codeigniter4\framework\system\View\View.php(227): CodeIgniter\View\View->CodeIgniter\View\{closure}()
#10 C:\xampp\htdocs\ITSI\vendor\codeigniter4\framework\system\View\View.php(240): CodeIgniter\View\View->render('estudiante/layo...', Array, true)
#11 C:\xampp\htdocs\ITSI\vendor\codeigniter4\framework\system\Common.php(1173): CodeIgniter\View\View->render('estudiante/dash...', Array, true)
#12 C:\xampp\htdocs\ITSI\app\Controllers\estudiante\DashboardEstudianteController.php(55): view('estudiante/dash...', Array)
#13 C:\xampp\htdocs\ITSI\vendor\codeigniter4\framework\system\CodeIgniter.php(933): App\Controllers\estudiante\DashboardEstudianteController->index()
#14 C:\xampp\htdocs\ITSI\vendor\codeigniter4\framework\system\CodeIgniter.php(507): CodeIgniter\CodeIgniter->runController(Object(App\Controllers\estudiante\DashboardEstudianteController))
#15 C:\xampp\htdocs\ITSI\vendor\codeigniter4\framework\system\CodeIgniter.php(354): CodeIgniter\CodeIgniter->handleRequest(NULL, Object(Config\Cache), false)
#16 C:\xampp\htdocs\ITSI\vendor\codeigniter4\framework\system\Boot.php(334): CodeIgniter\CodeIgniter->run()
#17 C:\xampp\htdocs\ITSI\vendor\codeigniter4\framework\system\Boot.php(67): CodeIgniter\Boot::runCodeIgniter(Object(CodeIgniter\CodeIgniter))
#18 C:\xampp\htdocs\ITSI\public\index.php(59): CodeIgniter\Boot::bootWeb(Object(Config\Paths))
#19 {main}
ERROR - 2026-03-02 08:47:55 --> Navbar estudiante - error obteniendo período académico actual: Table 'itsi.v_periodo_academico_actual' doesn't exist
DEBUG - 2026-03-02 08:48:00 --> Session: Class initialized using 'CodeIgniter\Session\Handlers\FileHandler' driver.
INFO - 2026-03-02 08:48:00 --> Iniciando proceso de cierre de sesión para usuario: alopez
INFO - 2026-03-02 08:48:00 --> Sesión cerrada exitosamente
DEBUG - 2026-03-02 08:48:00 --> Session: Class initialized using 'CodeIgniter\Session\Handlers\FileHandler' driver.
INFO - 2026-03-02 08:48:00 --> Iniciando proceso de cierre de sesión para usuario: alopez
INFO - 2026-03-02 08:48:00 --> Sesión cerrada exitosamente
DEBUG - 2026-03-02 08:48:00 --> Session: Class initialized using 'CodeIgniter\Session\Handlers\FileHandler' driver.
INFO - 2026-03-02 08:48:00 --> Iniciando proceso de cierre de sesión para usuario: desconocido
INFO - 2026-03-02 08:48:00 --> Sesión cerrada exitosamente
DEBUG - 2026-03-02 08:48:01 --> Session: Class initialized using 'CodeIgniter\Session\Handlers\FileHandler' driver.
DEBUG - 2026-03-02 08:48:01 --> Session: Class initialized using 'CodeIgniter\Session\Handlers\FileHandler' driver.
DEBUG - 2026-03-02 08:48:01 --> Session: Class initialized using 'CodeIgniter\Session\Handlers\FileHandler' driver.
DEBUG - 2026-03-02 08:48:08 --> Session: Class initialized using 'CodeIgniter\Session\Handlers\FileHandler' driver.
ERROR - 2026-03-02 08:48:08 --> mysqli_sql_exception: Table 'itsi.v_periodo_academico_actual' doesn't exist in C:\xampp\htdocs\ITSI\vendor\codeigniter4\framework\system\Database\MySQLi\Connection.php:327
Stack trace:
#0 C:\xampp\htdocs\ITSI\vendor\codeigniter4\framework\system\Database\MySQLi\Connection.php(327): mysqli->query('SELECT *\nFROM `...', 0)
#1 C:\xampp\htdocs\ITSI\vendor\codeigniter4\framework\system\Database\BaseConnection.php(738): CodeIgniter\Database\MySQLi\Connection->execute('SELECT *\nFROM `...')
#2 C:\xampp\htdocs\ITSI\vendor\codeigniter4\framework\system\Database\BaseConnection.php(652): CodeIgniter\Database\BaseConnection->simpleQuery('SELECT *\nFROM `...')
#3 C:\xampp\htdocs\ITSI\vendor\codeigniter4\framework\system\Database\BaseBuilder.php(1649): CodeIgniter\Database\BaseConnection->query('SELECT *\nFROM `...', Array, false)
#4 C:\xampp\htdocs\ITSI\app\Controllers\AuthController.php(74): CodeIgniter\Database\BaseBuilder->get(1)
#5 C:\xampp\htdocs\ITSI\vendor\codeigniter4\framework\system\CodeIgniter.php(933): App\Controllers\AuthController->autenticar()
#6 C:\xampp\htdocs\ITSI\vendor\codeigniter4\framework\system\CodeIgniter.php(507): CodeIgniter\CodeIgniter->runController(Object(App\Controllers\AuthController))
#7 C:\xampp\htdocs\ITSI\vendor\codeigniter4\framework\system\CodeIgniter.php(354): CodeIgniter\CodeIgniter->handleRequest(NULL, Object(Config\Cache), false)
#8 C:\xampp\htdocs\ITSI\vendor\codeigniter4\framework\system\Boot.php(334): CodeIgniter\CodeIgniter->run()
#9 C:\xampp\htdocs\ITSI\vendor\codeigniter4\framework\system\Boot.php(67): CodeIgniter\Boot::runCodeIgniter(Object(CodeIgniter\CodeIgniter))
#10 C:\xampp\htdocs\ITSI\public\index.php(59): CodeIgniter\Boot::bootWeb(Object(Config\Paths))
#11 {main}
ERROR - 2026-03-02 08:48:08 --> Error al obtener período académico actual: Table 'itsi.v_periodo_academico_actual' doesn't exist
INFO - 2026-03-02 08:48:08 --> Token de recordarme creado para usuario: 1004191845
INFO - 2026-03-02 08:48:08 --> Usuario autenticado: 1004191845 con rol: 1
DEBUG - 2026-03-02 08:48:09 --> Session: Class initialized using 'CodeIgniter\Session\Handlers\FileHandler' driver.
DEBUG - 2026-03-02 08:48:09 --> Estadísticas mensuales: [{"mes":"Abr 2025","actividades":0,"practicas":0},{"mes":"May 2025","actividades":0,"practicas":0},{"mes":"Jun 2025","actividades":0,"practicas":1},{"mes":"Jul 2025","actividades":0,"practicas":1},{"mes":"Ago 2025","actividades":2,"practicas":1},{"mes":"Sep 2025","actividades":0,"practicas":1},{"mes":"Oct 2025","actividades":1,"practicas":1},{"mes":"Nov 2025","actividades":1,"practicas":1},{"mes":"Dic 2025","actividades":1,"practicas":1},{"mes":"Ene 2026","actividades":0,"practicas":1},{"mes":"Feb 2026","actividades":0,"practicas":1},{"mes":"Mar 2026","actividades":0,"practicas":1}]
DEBUG - 2026-03-02 08:48:09 --> Distribución carreras: [{"CARRERA":"Desarrollo de Software","TOTAL":"5"},{"CARRERA":"Dise\u00f1o Gr\u00e1fico","TOTAL":"4"},{"CARRERA":"Redes y Telecomunicaciones","TOTAL":"3"},{"CARRERA":"Administraci\u00f3n","TOTAL":"2"},{"CARRERA":"Marketing Digital y Comercio Electronico","TOTAL":"1"},{"CARRERA":"Atenci\u00f3n Integral a Adultos Mayores","TOTAL":"1"}]
ERROR - 2026-03-02 08:48:09 --> mysqli_sql_exception: Table 'itsi.v_periodo_academico_actual' doesn't exist in C:\xampp\htdocs\ITSI\vendor\codeigniter4\framework\system\Database\MySQLi\Connection.php:327
Stack trace:
#0 C:\xampp\htdocs\ITSI\vendor\codeigniter4\framework\system\Database\MySQLi\Connection.php(327): mysqli->query('SELECT * FROM V...', 0)
#1 C:\xampp\htdocs\ITSI\vendor\codeigniter4\framework\system\Database\BaseConnection.php(738): CodeIgniter\Database\MySQLi\Connection->execute('SELECT * FROM V...')
#2 C:\xampp\htdocs\ITSI\vendor\codeigniter4\framework\system\Database\BaseConnection.php(652): CodeIgniter\Database\BaseConnection->simpleQuery('SELECT * FROM V...')
#3 C:\xampp\htdocs\ITSI\app\Views\admin\partials\navbarAdmin.php(10): CodeIgniter\Database\BaseConnection->query('SELECT * FROM V...')
#4 C:\xampp\htdocs\ITSI\vendor\codeigniter4\framework\system\View\View.php(224): include('C:\\xampp\\htdocs...')
#5 C:\xampp\htdocs\ITSI\vendor\codeigniter4\framework\system\View\View.php(227): CodeIgniter\View\View->CodeIgniter\View\{closure}()
#6 C:\xampp\htdocs\ITSI\vendor\codeigniter4\framework\system\View\View.php(475): CodeIgniter\View\View->render('admin/partials/...', NULL, true)
#7 C:\xampp\htdocs\ITSI\app\Views\admin\layouts\mainAdmin.php(22): CodeIgniter\View\View->include('admin/partials/...')
#8 C:\xampp\htdocs\ITSI\vendor\codeigniter4\framework\system\View\View.php(224): include('C:\\xampp\\htdocs...')
#9 C:\xampp\htdocs\ITSI\vendor\codeigniter4\framework\system\View\View.php(227): CodeIgniter\View\View->CodeIgniter\View\{closure}()
#10 C:\xampp\htdocs\ITSI\vendor\codeigniter4\framework\system\View\View.php(240): CodeIgniter\View\View->render('admin/layouts/m...', Array, true)
#11 C:\xampp\htdocs\ITSI\vendor\codeigniter4\framework\system\Common.php(1173): CodeIgniter\View\View->render('admin/dashboard...', Array, true)
#12 C:\xampp\htdocs\ITSI\app\Controllers\admin\DashboardAdminController.php(67): view('admin/dashboard...', Array)
#13 C:\xampp\htdocs\ITSI\vendor\codeigniter4\framework\system\CodeIgniter.php(933): App\Controllers\admin\DashboardAdminController->index()
#14 C:\xampp\htdocs\ITSI\vendor\codeigniter4\framework\system\CodeIgniter.php(507): CodeIgniter\CodeIgniter->runController(Object(App\Controllers\admin\DashboardAdminController))
#15 C:\xampp\htdocs\ITSI\vendor\codeigniter4\framework\system\CodeIgniter.php(354): CodeIgniter\CodeIgniter->handleRequest(NULL, Object(Config\Cache), false)
#16 C:\xampp\htdocs\ITSI\vendor\codeigniter4\framework\system\Boot.php(334): CodeIgniter\CodeIgniter->run()
#17 C:\xampp\htdocs\ITSI\vendor\codeigniter4\framework\system\Boot.php(67): CodeIgniter\Boot::runCodeIgniter(Object(CodeIgniter\CodeIgniter))
#18 C:\xampp\htdocs\ITSI\public\index.php(59): CodeIgniter\Boot::bootWeb(Object(Config\Paths))
#19 {main}
ERROR - 2026-03-02 08:48:09 --> Navbar admin - error obteniendo período académico actual: Table 'itsi.v_periodo_academico_actual' doesn't exist
DEBUG - 2026-03-02 09:02:41 --> Session: Class initialized using 'CodeIgniter\Session\Handlers\FileHandler' driver.
DEBUG - 2026-03-02 09:02:41 --> Session: Class initialized using 'CodeIgniter\Session\Handlers\FileHandler' driver.
INFO - 2026-03-02 09:02:41 --> Iniciando proceso de cierre de sesión para usuario: ycampues
INFO - 2026-03-02 09:02:41 --> Iniciando proceso de cierre de sesión para usuario: ycampues
INFO - 2026-03-02 09:02:41 --> Sesión cerrada exitosamente
INFO - 2026-03-02 09:02:41 --> Sesión cerrada exitosamente
CRITICAL - 2026-03-02 09:02:41 --> ErrorException: filesize(): stat failed for C:\xampp\htdocs\ITSI\writable\session/ci_session99102b13470c9c42f3387534703f11f8
[Method: GET, Route: admin/dashboard]
in SYSTEMPATH\Session\Handlers\FileHandler.php on line 162.
 1 [internal function]: CodeIgniter\Debug\Exceptions->errorHandler(2, 'filesize(): stat failed for C:\\xampp\\htdocs\\ITSI\\writable\\session/ci_session99102b13470c9c42f3387534703f11f8', 'C:\\xampp\\htdocs\\ITSI\\vendor\\codeigniter4\\framework\\system\\Session\\Handlers\\FileHandler.php', 162)
 2 SYSTEMPATH\Session\Handlers\FileHandler.php(162): filesize('C:\\xampp\\htdocs\\ITSI\\writable\\session/ci_session99102b13470c9c42f3387534703f11f8')
 3 [internal function]: CodeIgniter\Session\Handlers\FileHandler->read('99102b13470c9c42f3387534703f11f8')
 4 SYSTEMPATH\Session\Session.php(912): session_start()
 5 SYSTEMPATH\Session\Session.php(243): CodeIgniter\Session\Session->startSession()
 6 SYSTEMPATH\Config\Services.php(710): CodeIgniter\Session\Session->start()
 7 SYSTEMPATH\Config\BaseService.php(312): CodeIgniter\Config\Services::session(Object(Config\Session), false)
 8 SYSTEMPATH\Config\BaseService.php(251): CodeIgniter\Config\BaseService::__callStatic('session', [...])
 9 SYSTEMPATH\Config\Services.php(668): CodeIgniter\Config\BaseService::getSharedInstance('session', null)
10 SYSTEMPATH\Config\BaseService.php(321): CodeIgniter\Config\Services::session()
11 SYSTEMPATH\Config\BaseService.php(202): CodeIgniter\Config\BaseService::__callStatic('session', [])
12 SYSTEMPATH\Common.php(1000): CodeIgniter\Config\BaseService::get('session')
13 SYSTEMPATH\Common.php(973): service('session')
14 APPPATH\Controllers\admin\DashboardAdminController.php(25): session()
15 SYSTEMPATH\CodeIgniter.php(903): App\Controllers\admin\DashboardAdminController->__construct()
16 SYSTEMPATH\CodeIgniter.php(498): CodeIgniter\CodeIgniter->createController()
17 SYSTEMPATH\CodeIgniter.php(354): CodeIgniter\CodeIgniter->handleRequest(null, Object(Config\Cache), false)
18 SYSTEMPATH\Boot.php(334): CodeIgniter\CodeIgniter->run()
19 SYSTEMPATH\Boot.php(67): CodeIgniter\Boot::runCodeIgniter(Object(CodeIgniter\CodeIgniter))
20 FCPATH\index.php(59): CodeIgniter\Boot::bootWeb(Object(Config\Paths))
DEBUG - 2026-03-02 09:02:42 --> Session: Class initialized using 'CodeIgniter\Session\Handlers\FileHandler' driver.
DEBUG - 2026-03-02 09:02:42 --> Session: Class initialized using 'CodeIgniter\Session\Handlers\FileHandler' driver.
DEBUG - 2026-03-02 09:16:52 --> Session: Class initialized using 'CodeIgniter\Session\Handlers\FileHandler' driver.
DEBUG - 2026-03-02 09:16:52 --> Estadísticas mensuales: [{"mes":"Abr 2025","actividades":0,"practicas":0},{"mes":"May 2025","actividades":0,"practicas":0},{"mes":"Jun 2025","actividades":0,"practicas":1},{"mes":"Jul 2025","actividades":0,"practicas":1},{"mes":"Ago 2025","actividades":2,"practicas":1},{"mes":"Sep 2025","actividades":0,"practicas":1},{"mes":"Oct 2025","actividades":1,"practicas":1},{"mes":"Nov 2025","actividades":1,"practicas":1},{"mes":"Dic 2025","actividades":1,"practicas":1},{"mes":"Ene 2026","actividades":0,"practicas":1},{"mes":"Feb 2026","actividades":0,"practicas":1},{"mes":"Mar 2026","actividades":0,"practicas":1}]
DEBUG - 2026-03-02 09:16:52 --> Distribución carreras: [{"CARRERA":"Desarrollo de Software","TOTAL":"5"},{"CARRERA":"Dise\u00f1o Gr\u00e1fico","TOTAL":"4"},{"CARRERA":"Redes y Telecomunicaciones","TOTAL":"3"},{"CARRERA":"Administraci\u00f3n","TOTAL":"2"},{"CARRERA":"Marketing Digital y Comercio Electronico","TOTAL":"1"},{"CARRERA":"Atenci\u00f3n Integral a Adultos Mayores","TOTAL":"1"}]
ERROR - 2026-03-02 09:16:52 --> mysqli_sql_exception: Table 'itsi.v_periodo_academico_actual' doesn't exist in C:\xampp\htdocs\ITSI\vendor\codeigniter4\framework\system\Database\MySQLi\Connection.php:327
Stack trace:
#0 C:\xampp\htdocs\ITSI\vendor\codeigniter4\framework\system\Database\MySQLi\Connection.php(327): mysqli->query('SELECT * FROM V...', 0)
#1 C:\xampp\htdocs\ITSI\vendor\codeigniter4\framework\system\Database\BaseConnection.php(738): CodeIgniter\Database\MySQLi\Connection->execute('SELECT * FROM V...')
#2 C:\xampp\htdocs\ITSI\vendor\codeigniter4\framework\system\Database\BaseConnection.php(652): CodeIgniter\Database\BaseConnection->simpleQuery('SELECT * FROM V...')
#3 C:\xampp\htdocs\ITSI\app\Views\admin\partials\navbarAdmin.php(10): CodeIgniter\Database\BaseConnection->query('SELECT * FROM V...')
#4 C:\xampp\htdocs\ITSI\vendor\codeigniter4\framework\system\View\View.php(224): include('C:\\xampp\\htdocs...')
#5 C:\xampp\htdocs\ITSI\vendor\codeigniter4\framework\system\View\View.php(227): CodeIgniter\View\View->CodeIgniter\View\{closure}()
#6 C:\xampp\htdocs\ITSI\vendor\codeigniter4\framework\system\View\View.php(475): CodeIgniter\View\View->render('admin/partials/...', NULL, true)
#7 C:\xampp\htdocs\ITSI\app\Views\admin\layouts\mainAdmin.php(22): CodeIgniter\View\View->include('admin/partials/...')
#8 C:\xampp\htdocs\ITSI\vendor\codeigniter4\framework\system\View\View.php(224): include('C:\\xampp\\htdocs...')
#9 C:\xampp\htdocs\ITSI\vendor\codeigniter4\framework\system\View\View.php(227): CodeIgniter\View\View->CodeIgniter\View\{closure}()
#10 C:\xampp\htdocs\ITSI\vendor\codeigniter4\framework\system\View\View.php(240): CodeIgniter\View\View->render('admin/layouts/m...', Array, true)
#11 C:\xampp\htdocs\ITSI\vendor\codeigniter4\framework\system\Common.php(1173): CodeIgniter\View\View->render('admin/dashboard...', Array, true)
#12 C:\xampp\htdocs\ITSI\app\Controllers\admin\DashboardAdminController.php(67): view('admin/dashboard...', Array)
#13 C:\xampp\htdocs\ITSI\vendor\codeigniter4\framework\system\CodeIgniter.php(933): App\Controllers\admin\DashboardAdminController->index()
#14 C:\xampp\htdocs\ITSI\vendor\codeigniter4\framework\system\CodeIgniter.php(507): CodeIgniter\CodeIgniter->runController(Object(App\Controllers\admin\DashboardAdminController))
#15 C:\xampp\htdocs\ITSI\vendor\codeigniter4\framework\system\CodeIgniter.php(354): CodeIgniter\CodeIgniter->handleRequest(NULL, Object(Config\Cache), false)
#16 C:\xampp\htdocs\ITSI\vendor\codeigniter4\framework\system\Boot.php(334): CodeIgniter\CodeIgniter->run()
#17 C:\xampp\htdocs\ITSI\vendor\codeigniter4\framework\system\Boot.php(67): CodeIgniter\Boot::runCodeIgniter(Object(CodeIgniter\CodeIgniter))
#18 C:\xampp\htdocs\ITSI\public\index.php(59): CodeIgniter\Boot::bootWeb(Object(Config\Paths))
#19 {main}
ERROR - 2026-03-02 09:16:52 --> Navbar admin - error obteniendo período académico actual: Table 'itsi.v_periodo_academico_actual' doesn't exist
DEBUG - 2026-03-02 09:16:56 --> Session: Class initialized using 'CodeIgniter\Session\Handlers\FileHandler' driver.
INFO - 2026-03-02 09:16:56 --> Iniciando proceso de cierre de sesión para usuario: desconocido
INFO - 2026-03-02 09:16:56 --> Sesión cerrada exitosamente
DEBUG - 2026-03-02 09:16:56 --> Session: Class initialized using 'CodeIgniter\Session\Handlers\FileHandler' driver.
DEBUG - 2026-03-02 09:17:00 --> Session: Class initialized using 'CodeIgniter\Session\Handlers\FileHandler' driver.
ERROR - 2026-03-02 09:17:00 --> mysqli_sql_exception: Table 'itsi.v_periodo_academico_actual' doesn't exist in C:\xampp\htdocs\ITSI\vendor\codeigniter4\framework\system\Database\MySQLi\Connection.php:327
Stack trace:
#0 C:\xampp\htdocs\ITSI\vendor\codeigniter4\framework\system\Database\MySQLi\Connection.php(327): mysqli->query('SELECT *\nFROM `...', 0)
#1 C:\xampp\htdocs\ITSI\vendor\codeigniter4\framework\system\Database\BaseConnection.php(738): CodeIgniter\Database\MySQLi\Connection->execute('SELECT *\nFROM `...')
#2 C:\xampp\htdocs\ITSI\vendor\codeigniter4\framework\system\Database\BaseConnection.php(652): CodeIgniter\Database\BaseConnection->simpleQuery('SELECT *\nFROM `...')
#3 C:\xampp\htdocs\ITSI\vendor\codeigniter4\framework\system\Database\BaseBuilder.php(1649): CodeIgniter\Database\BaseConnection->query('SELECT *\nFROM `...', Array, false)
#4 C:\xampp\htdocs\ITSI\app\Controllers\AuthController.php(74): CodeIgniter\Database\BaseBuilder->get(1)
#5 C:\xampp\htdocs\ITSI\vendor\codeigniter4\framework\system\CodeIgniter.php(933): App\Controllers\AuthController->autenticar()
#6 C:\xampp\htdocs\ITSI\vendor\codeigniter4\framework\system\CodeIgniter.php(507): CodeIgniter\CodeIgniter->runController(Object(App\Controllers\AuthController))
#7 C:\xampp\htdocs\ITSI\vendor\codeigniter4\framework\system\CodeIgniter.php(354): CodeIgniter\CodeIgniter->handleRequest(NULL, Object(Config\Cache), false)
#8 C:\xampp\htdocs\ITSI\vendor\codeigniter4\framework\system\Boot.php(334): CodeIgniter\CodeIgniter->run()
#9 C:\xampp\htdocs\ITSI\vendor\codeigniter4\framework\system\Boot.php(67): CodeIgniter\Boot::runCodeIgniter(Object(CodeIgniter\CodeIgniter))
#10 C:\xampp\htdocs\ITSI\public\index.php(59): CodeIgniter\Boot::bootWeb(Object(Config\Paths))
#11 {main}
ERROR - 2026-03-02 09:17:00 --> Error al obtener período académico actual: Table 'itsi.v_periodo_academico_actual' doesn't exist
INFO - 2026-03-02 09:17:00 --> Token de recordarme creado para usuario: 1004191845
INFO - 2026-03-02 09:17:00 --> Usuario autenticado: 1004191845 con rol: 1
DEBUG - 2026-03-02 09:17:00 --> Session: Class initialized using 'CodeIgniter\Session\Handlers\FileHandler' driver.
DEBUG - 2026-03-02 09:17:01 --> Estadísticas mensuales: [{"mes":"Abr 2025","actividades":0,"practicas":0},{"mes":"May 2025","actividades":0,"practicas":0},{"mes":"Jun 2025","actividades":0,"practicas":1},{"mes":"Jul 2025","actividades":0,"practicas":1},{"mes":"Ago 2025","actividades":2,"practicas":1},{"mes":"Sep 2025","actividades":0,"practicas":1},{"mes":"Oct 2025","actividades":1,"practicas":1},{"mes":"Nov 2025","actividades":1,"practicas":1},{"mes":"Dic 2025","actividades":1,"practicas":1},{"mes":"Ene 2026","actividades":0,"practicas":1},{"mes":"Feb 2026","actividades":0,"practicas":1},{"mes":"Mar 2026","actividades":0,"practicas":1}]
DEBUG - 2026-03-02 09:17:01 --> Distribución carreras: [{"CARRERA":"Desarrollo de Software","TOTAL":"5"},{"CARRERA":"Dise\u00f1o Gr\u00e1fico","TOTAL":"4"},{"CARRERA":"Redes y Telecomunicaciones","TOTAL":"3"},{"CARRERA":"Administraci\u00f3n","TOTAL":"2"},{"CARRERA":"Marketing Digital y Comercio Electronico","TOTAL":"1"},{"CARRERA":"Atenci\u00f3n Integral a Adultos Mayores","TOTAL":"1"}]
ERROR - 2026-03-02 09:17:01 --> mysqli_sql_exception: Table 'itsi.v_periodo_academico_actual' doesn't exist in C:\xampp\htdocs\ITSI\vendor\codeigniter4\framework\system\Database\MySQLi\Connection.php:327
Stack trace:
#0 C:\xampp\htdocs\ITSI\vendor\codeigniter4\framework\system\Database\MySQLi\Connection.php(327): mysqli->query('SELECT * FROM V...', 0)
#1 C:\xampp\htdocs\ITSI\vendor\codeigniter4\framework\system\Database\BaseConnection.php(738): CodeIgniter\Database\MySQLi\Connection->execute('SELECT * FROM V...')
#2 C:\xampp\htdocs\ITSI\vendor\codeigniter4\framework\system\Database\BaseConnection.php(652): CodeIgniter\Database\BaseConnection->simpleQuery('SELECT * FROM V...')
#3 C:\xampp\htdocs\ITSI\app\Views\admin\partials\navbarAdmin.php(10): CodeIgniter\Database\BaseConnection->query('SELECT * FROM V...')
#4 C:\xampp\htdocs\ITSI\vendor\codeigniter4\framework\system\View\View.php(224): include('C:\\xampp\\htdocs...')
#5 C:\xampp\htdocs\ITSI\vendor\codeigniter4\framework\system\View\View.php(227): CodeIgniter\View\View->CodeIgniter\View\{closure}()
#6 C:\xampp\htdocs\ITSI\vendor\codeigniter4\framework\system\View\View.php(475): CodeIgniter\View\View->render('admin/partials/...', NULL, true)
#7 C:\xampp\htdocs\ITSI\app\Views\admin\layouts\mainAdmin.php(22): CodeIgniter\View\View->include('admin/partials/...')
#8 C:\xampp\htdocs\ITSI\vendor\codeigniter4\framework\system\View\View.php(224): include('C:\\xampp\\htdocs...')
#9 C:\xampp\htdocs\ITSI\vendor\codeigniter4\framework\system\View\View.php(227): CodeIgniter\View\View->CodeIgniter\View\{closure}()
#10 C:\xampp\htdocs\ITSI\vendor\codeigniter4\framework\system\View\View.php(240): CodeIgniter\View\View->render('admin/layouts/m...', Array, true)
#11 C:\xampp\htdocs\ITSI\vendor\codeigniter4\framework\system\Common.php(1173): CodeIgniter\View\View->render('admin/dashboard...', Array, true)
#12 C:\xampp\htdocs\ITSI\app\Controllers\admin\DashboardAdminController.php(67): view('admin/dashboard...', Array)
#13 C:\xampp\htdocs\ITSI\vendor\codeigniter4\framework\system\CodeIgniter.php(933): App\Controllers\admin\DashboardAdminController->index()
#14 C:\xampp\htdocs\ITSI\vendor\codeigniter4\framework\system\CodeIgniter.php(507): CodeIgniter\CodeIgniter->runController(Object(App\Controllers\admin\DashboardAdminController))
#15 C:\xampp\htdocs\ITSI\vendor\codeigniter4\framework\system\CodeIgniter.php(354): CodeIgniter\CodeIgniter->handleRequest(NULL, Object(Config\Cache), false)
#16 C:\xampp\htdocs\ITSI\vendor\codeigniter4\framework\system\Boot.php(334): CodeIgniter\CodeIgniter->run()
#17 C:\xampp\htdocs\ITSI\vendor\codeigniter4\framework\system\Boot.php(67): CodeIgniter\Boot::runCodeIgniter(Object(CodeIgniter\CodeIgniter))
#18 C:\xampp\htdocs\ITSI\public\index.php(59): CodeIgniter\Boot::bootWeb(Object(Config\Paths))
#19 {main}
ERROR - 2026-03-02 09:17:01 --> Navbar admin - error obteniendo período académico actual: Table 'itsi.v_periodo_academico_actual' doesn't exist
DEBUG - 2026-03-02 09:26:16 --> Session: Class initialized using 'CodeIgniter\Session\Handlers\FileHandler' driver.
DEBUG - 2026-03-02 09:26:16 --> Estadísticas mensuales: [{"mes":"Abr 2025","actividades":0,"practicas":0},{"mes":"May 2025","actividades":0,"practicas":0},{"mes":"Jun 2025","actividades":0,"practicas":1},{"mes":"Jul 2025","actividades":0,"practicas":1},{"mes":"Ago 2025","actividades":2,"practicas":1},{"mes":"Sep 2025","actividades":0,"practicas":1},{"mes":"Oct 2025","actividades":1,"practicas":1},{"mes":"Nov 2025","actividades":1,"practicas":1},{"mes":"Dic 2025","actividades":1,"practicas":1},{"mes":"Ene 2026","actividades":0,"practicas":1},{"mes":"Feb 2026","actividades":0,"practicas":1},{"mes":"Mar 2026","actividades":0,"practicas":1}]
DEBUG - 2026-03-02 09:26:16 --> Distribución carreras: [{"CARRERA":"Desarrollo de Software","TOTAL":"5"},{"CARRERA":"Dise\u00f1o Gr\u00e1fico","TOTAL":"4"},{"CARRERA":"Redes y Telecomunicaciones","TOTAL":"3"},{"CARRERA":"Administraci\u00f3n","TOTAL":"2"},{"CARRERA":"Marketing Digital y Comercio Electronico","TOTAL":"1"},{"CARRERA":"Atenci\u00f3n Integral a Adultos Mayores","TOTAL":"1"}]
ERROR - 2026-03-02 09:26:16 --> mysqli_sql_exception: Table 'itsi.v_periodo_academico_actual' doesn't exist in C:\xampp\htdocs\ITSI\vendor\codeigniter4\framework\system\Database\MySQLi\Connection.php:327
Stack trace:
#0 C:\xampp\htdocs\ITSI\vendor\codeigniter4\framework\system\Database\MySQLi\Connection.php(327): mysqli->query('SELECT * FROM V...', 0)
#1 C:\xampp\htdocs\ITSI\vendor\codeigniter4\framework\system\Database\BaseConnection.php(738): CodeIgniter\Database\MySQLi\Connection->execute('SELECT * FROM V...')
#2 C:\xampp\htdocs\ITSI\vendor\codeigniter4\framework\system\Database\BaseConnection.php(652): CodeIgniter\Database\BaseConnection->simpleQuery('SELECT * FROM V...')
#3 C:\xampp\htdocs\ITSI\app\Views\admin\partials\navbarAdmin.php(10): CodeIgniter\Database\BaseConnection->query('SELECT * FROM V...')
#4 C:\xampp\htdocs\ITSI\vendor\codeigniter4\framework\system\View\View.php(224): include('C:\\xampp\\htdocs...')
#5 C:\xampp\htdocs\ITSI\vendor\codeigniter4\framework\system\View\View.php(227): CodeIgniter\View\View->CodeIgniter\View\{closure}()
#6 C:\xampp\htdocs\ITSI\vendor\codeigniter4\framework\system\View\View.php(475): CodeIgniter\View\View->render('admin/partials/...', NULL, true)
#7 C:\xampp\htdocs\ITSI\app\Views\admin\layouts\mainAdmin.php(22): CodeIgniter\View\View->include('admin/partials/...')
#8 C:\xampp\htdocs\ITSI\vendor\codeigniter4\framework\system\View\View.php(224): include('C:\\xampp\\htdocs...')
#9 C:\xampp\htdocs\ITSI\vendor\codeigniter4\framework\system\View\View.php(227): CodeIgniter\View\View->CodeIgniter\View\{closure}()
#10 C:\xampp\htdocs\ITSI\vendor\codeigniter4\framework\system\View\View.php(240): CodeIgniter\View\View->render('admin/layouts/m...', Array, true)
#11 C:\xampp\htdocs\ITSI\vendor\codeigniter4\framework\system\Common.php(1173): CodeIgniter\View\View->render('admin/dashboard...', Array, true)
#12 C:\xampp\htdocs\ITSI\app\Controllers\admin\DashboardAdminController.php(67): view('admin/dashboard...', Array)
#13 C:\xampp\htdocs\ITSI\vendor\codeigniter4\framework\system\CodeIgniter.php(933): App\Controllers\admin\DashboardAdminController->index()
#14 C:\xampp\htdocs\ITSI\vendor\codeigniter4\framework\system\CodeIgniter.php(507): CodeIgniter\CodeIgniter->runController(Object(App\Controllers\admin\DashboardAdminController))
#15 C:\xampp\htdocs\ITSI\vendor\codeigniter4\framework\system\CodeIgniter.php(354): CodeIgniter\CodeIgniter->handleRequest(NULL, Object(Config\Cache), false)
#16 C:\xampp\htdocs\ITSI\vendor\codeigniter4\framework\system\Boot.php(334): CodeIgniter\CodeIgniter->run()
#17 C:\xampp\htdocs\ITSI\vendor\codeigniter4\framework\system\Boot.php(67): CodeIgniter\Boot::runCodeIgniter(Object(CodeIgniter\CodeIgniter))
#18 C:\xampp\htdocs\ITSI\public\index.php(59): CodeIgniter\Boot::bootWeb(Object(Config\Paths))
#19 {main}
ERROR - 2026-03-02 09:26:16 --> Navbar admin - error obteniendo período académico actual: Table 'itsi.v_periodo_academico_actual' doesn't exist
DEBUG - 2026-03-02 09:31:29 --> Session: Class initialized using 'CodeIgniter\Session\Handlers\FileHandler' driver.
DEBUG - 2026-03-02 09:31:29 --> Estadísticas mensuales: [{"mes":"Abr 2025","actividades":0,"practicas":0},{"mes":"May 2025","actividades":0,"practicas":0},{"mes":"Jun 2025","actividades":0,"practicas":1},{"mes":"Jul 2025","actividades":0,"practicas":1},{"mes":"Ago 2025","actividades":2,"practicas":1},{"mes":"Sep 2025","actividades":0,"practicas":1},{"mes":"Oct 2025","actividades":1,"practicas":1},{"mes":"Nov 2025","actividades":1,"practicas":1},{"mes":"Dic 2025","actividades":1,"practicas":1},{"mes":"Ene 2026","actividades":0,"practicas":1},{"mes":"Feb 2026","actividades":0,"practicas":1},{"mes":"Mar 2026","actividades":0,"practicas":1}]
DEBUG - 2026-03-02 09:31:29 --> Distribución carreras: [{"CARRERA":"Desarrollo de Software","TOTAL":"5"},{"CARRERA":"Dise\u00f1o Gr\u00e1fico","TOTAL":"4"},{"CARRERA":"Redes y Telecomunicaciones","TOTAL":"3"},{"CARRERA":"Administraci\u00f3n","TOTAL":"2"},{"CARRERA":"Marketing Digital y Comercio Electronico","TOTAL":"1"},{"CARRERA":"Atenci\u00f3n Integral a Adultos Mayores","TOTAL":"1"}]
ERROR - 2026-03-02 09:31:29 --> mysqli_sql_exception: Table 'itsi.v_periodo_academico_actual' doesn't exist in C:\xampp\htdocs\ITSI\vendor\codeigniter4\framework\system\Database\MySQLi\Connection.php:327
Stack trace:
#0 C:\xampp\htdocs\ITSI\vendor\codeigniter4\framework\system\Database\MySQLi\Connection.php(327): mysqli->query('SELECT * FROM V...', 0)
#1 C:\xampp\htdocs\ITSI\vendor\codeigniter4\framework\system\Database\BaseConnection.php(738): CodeIgniter\Database\MySQLi\Connection->execute('SELECT * FROM V...')
#2 C:\xampp\htdocs\ITSI\vendor\codeigniter4\framework\system\Database\BaseConnection.php(652): CodeIgniter\Database\BaseConnection->simpleQuery('SELECT * FROM V...')
#3 C:\xampp\htdocs\ITSI\app\Views\admin\partials\navbarAdmin.php(10): CodeIgniter\Database\BaseConnection->query('SELECT * FROM V...')
#4 C:\xampp\htdocs\ITSI\vendor\codeigniter4\framework\system\View\View.php(224): include('C:\\xampp\\htdocs...')
#5 C:\xampp\htdocs\ITSI\vendor\codeigniter4\framework\system\View\View.php(227): CodeIgniter\View\View->CodeIgniter\View\{closure}()
#6 C:\xampp\htdocs\ITSI\vendor\codeigniter4\framework\system\View\View.php(475): CodeIgniter\View\View->render('admin/partials/...', NULL, true)
#7 C:\xampp\htdocs\ITSI\app\Views\admin\layouts\mainAdmin.php(22): CodeIgniter\View\View->include('admin/partials/...')
#8 C:\xampp\htdocs\ITSI\vendor\codeigniter4\framework\system\View\View.php(224): include('C:\\xampp\\htdocs...')
#9 C:\xampp\htdocs\ITSI\vendor\codeigniter4\framework\system\View\View.php(227): CodeIgniter\View\View->CodeIgniter\View\{closure}()
#10 C:\xampp\htdocs\ITSI\vendor\codeigniter4\framework\system\View\View.php(240): CodeIgniter\View\View->render('admin/layouts/m...', Array, true)
#11 C:\xampp\htdocs\ITSI\vendor\codeigniter4\framework\system\Common.php(1173): CodeIgniter\View\View->render('admin/dashboard...', Array, true)
#12 C:\xampp\htdocs\ITSI\app\Controllers\admin\DashboardAdminController.php(67): view('admin/dashboard...', Array)
#13 C:\xampp\htdocs\ITSI\vendor\codeigniter4\framework\system\CodeIgniter.php(933): App\Controllers\admin\DashboardAdminController->index()
#14 C:\xampp\htdocs\ITSI\vendor\codeigniter4\framework\system\CodeIgniter.php(507): CodeIgniter\CodeIgniter->runController(Object(App\Controllers\admin\DashboardAdminController))
#15 C:\xampp\htdocs\ITSI\vendor\codeigniter4\framework\system\CodeIgniter.php(354): CodeIgniter\CodeIgniter->handleRequest(NULL, Object(Config\Cache), false)
#16 C:\xampp\htdocs\ITSI\vendor\codeigniter4\framework\system\Boot.php(334): CodeIgniter\CodeIgniter->run()
#17 C:\xampp\htdocs\ITSI\vendor\codeigniter4\framework\system\Boot.php(67): CodeIgniter\Boot::runCodeIgniter(Object(CodeIgniter\CodeIgniter))
#18 C:\xampp\htdocs\ITSI\public\index.php(59): CodeIgniter\Boot::bootWeb(Object(Config\Paths))
#19 {main}
ERROR - 2026-03-02 09:31:29 --> Navbar admin - error obteniendo período académico actual: Table 'itsi.v_periodo_academico_actual' doesn't exist
DEBUG - 2026-03-02 09:31:54 --> Session: Class initialized using 'CodeIgniter\Session\Handlers\FileHandler' driver.
ERROR - 2026-03-02 09:31:54 --> mysqli_sql_exception: Table 'itsi.v_periodo_academico_actual' doesn't exist in C:\xampp\htdocs\ITSI\vendor\codeigniter4\framework\system\Database\MySQLi\Connection.php:327
Stack trace:
#0 C:\xampp\htdocs\ITSI\vendor\codeigniter4\framework\system\Database\MySQLi\Connection.php(327): mysqli->query('SELECT * FROM V...', 0)
#1 C:\xampp\htdocs\ITSI\vendor\codeigniter4\framework\system\Database\BaseConnection.php(738): CodeIgniter\Database\MySQLi\Connection->execute('SELECT * FROM V...')
#2 C:\xampp\htdocs\ITSI\vendor\codeigniter4\framework\system\Database\BaseConnection.php(652): CodeIgniter\Database\BaseConnection->simpleQuery('SELECT * FROM V...')
#3 C:\xampp\htdocs\ITSI\app\Views\admin\partials\navbarAdmin.php(10): CodeIgniter\Database\BaseConnection->query('SELECT * FROM V...')
#4 C:\xampp\htdocs\ITSI\vendor\codeigniter4\framework\system\View\View.php(224): include('C:\\xampp\\htdocs...')
#5 C:\xampp\htdocs\ITSI\vendor\codeigniter4\framework\system\View\View.php(227): CodeIgniter\View\View->CodeIgniter\View\{closure}()
#6 C:\xampp\htdocs\ITSI\vendor\codeigniter4\framework\system\View\View.php(475): CodeIgniter\View\View->render('admin/partials/...', NULL, true)
#7 C:\xampp\htdocs\ITSI\app\Views\admin\layouts\mainAdmin.php(22): CodeIgniter\View\View->include('admin/partials/...')
#8 C:\xampp\htdocs\ITSI\vendor\codeigniter4\framework\system\View\View.php(224): include('C:\\xampp\\htdocs...')
#9 C:\xampp\htdocs\ITSI\vendor\codeigniter4\framework\system\View\View.php(227): CodeIgniter\View\View->CodeIgniter\View\{closure}()
#10 C:\xampp\htdocs\ITSI\vendor\codeigniter4\framework\system\View\View.php(240): CodeIgniter\View\View->render('admin/layouts/m...', Array, true)
#11 C:\xampp\htdocs\ITSI\vendor\codeigniter4\framework\system\Common.php(1173): CodeIgniter\View\View->render('admin/perfil/pe...', Array, true)
#12 C:\xampp\htdocs\ITSI\app\Controllers\admin\PerfilAdminController.php(42): view('admin/perfil/pe...', Array)
#13 C:\xampp\htdocs\ITSI\vendor\codeigniter4\framework\system\CodeIgniter.php(933): App\Controllers\admin\PerfilAdminController->index()
#14 C:\xampp\htdocs\ITSI\vendor\codeigniter4\framework\system\CodeIgniter.php(507): CodeIgniter\CodeIgniter->runController(Object(App\Controllers\admin\PerfilAdminController))
#15 C:\xampp\htdocs\ITSI\vendor\codeigniter4\framework\system\CodeIgniter.php(354): CodeIgniter\CodeIgniter->handleRequest(NULL, Object(Config\Cache), false)
#16 C:\xampp\htdocs\ITSI\vendor\codeigniter4\framework\system\Boot.php(334): CodeIgniter\CodeIgniter->run()
#17 C:\xampp\htdocs\ITSI\vendor\codeigniter4\framework\system\Boot.php(67): CodeIgniter\Boot::runCodeIgniter(Object(CodeIgniter\CodeIgniter))
#18 C:\xampp\htdocs\ITSI\public\index.php(59): CodeIgniter\Boot::bootWeb(Object(Config\Paths))
#19 {main}
ERROR - 2026-03-02 09:31:54 --> Navbar admin - error obteniendo período académico actual: Table 'itsi.v_periodo_academico_actual' doesn't exist
DEBUG - 2026-03-02 09:31:59 --> Session: Class initialized using 'CodeIgniter\Session\Handlers\FileHandler' driver.
ERROR - 2026-03-02 09:31:59 --> mysqli_sql_exception: Table 'itsi.v_periodo_academico_actual' doesn't exist in C:\xampp\htdocs\ITSI\vendor\codeigniter4\framework\system\Database\MySQLi\Connection.php:327
Stack trace:
#0 C:\xampp\htdocs\ITSI\vendor\codeigniter4\framework\system\Database\MySQLi\Connection.php(327): mysqli->query('SELECT * FROM V...', 0)
#1 C:\xampp\htdocs\ITSI\vendor\codeigniter4\framework\system\Database\BaseConnection.php(738): CodeIgniter\Database\MySQLi\Connection->execute('SELECT * FROM V...')
#2 C:\xampp\htdocs\ITSI\vendor\codeigniter4\framework\system\Database\BaseConnection.php(652): CodeIgniter\Database\BaseConnection->simpleQuery('SELECT * FROM V...')
#3 C:\xampp\htdocs\ITSI\app\Views\admin\partials\navbarAdmin.php(10): CodeIgniter\Database\BaseConnection->query('SELECT * FROM V...')
#4 C:\xampp\htdocs\ITSI\vendor\codeigniter4\framework\system\View\View.php(224): include('C:\\xampp\\htdocs...')
#5 C:\xampp\htdocs\ITSI\vendor\codeigniter4\framework\system\View\View.php(227): CodeIgniter\View\View->CodeIgniter\View\{closure}()
#6 C:\xampp\htdocs\ITSI\vendor\codeigniter4\framework\system\View\View.php(475): CodeIgniter\View\View->render('admin/partials/...', NULL, true)
#7 C:\xampp\htdocs\ITSI\app\Views\admin\layouts\mainAdmin.php(22): CodeIgniter\View\View->include('admin/partials/...')
#8 C:\xampp\htdocs\ITSI\vendor\codeigniter4\framework\system\View\View.php(224): include('C:\\xampp\\htdocs...')
#9 C:\xampp\htdocs\ITSI\vendor\codeigniter4\framework\system\View\View.php(227): CodeIgniter\View\View->CodeIgniter\View\{closure}()
#10 C:\xampp\htdocs\ITSI\vendor\codeigniter4\framework\system\View\View.php(240): CodeIgniter\View\View->render('admin/layouts/m...', Array, true)
#11 C:\xampp\htdocs\ITSI\vendor\codeigniter4\framework\system\Common.php(1173): CodeIgniter\View\View->render('admin/cuenta/cu...', Array, true)
#12 C:\xampp\htdocs\ITSI\app\Controllers\admin\CuentaAdminController.php(35): view('admin/cuenta/cu...', Array)
#13 C:\xampp\htdocs\ITSI\vendor\codeigniter4\framework\system\CodeIgniter.php(933): App\Controllers\admin\CuentaAdminController->index()
#14 C:\xampp\htdocs\ITSI\vendor\codeigniter4\framework\system\CodeIgniter.php(507): CodeIgniter\CodeIgniter->runController(Object(App\Controllers\admin\CuentaAdminController))
#15 C:\xampp\htdocs\ITSI\vendor\codeigniter4\framework\system\CodeIgniter.php(354): CodeIgniter\CodeIgniter->handleRequest(NULL, Object(Config\Cache), false)
#16 C:\xampp\htdocs\ITSI\vendor\codeigniter4\framework\system\Boot.php(334): CodeIgniter\CodeIgniter->run()
#17 C:\xampp\htdocs\ITSI\vendor\codeigniter4\framework\system\Boot.php(67): CodeIgniter\Boot::runCodeIgniter(Object(CodeIgniter\CodeIgniter))
#18 C:\xampp\htdocs\ITSI\public\index.php(59): CodeIgniter\Boot::bootWeb(Object(Config\Paths))
#19 {main}
ERROR - 2026-03-02 09:31:59 --> Navbar admin - error obteniendo período académico actual: Table 'itsi.v_periodo_academico_actual' doesn't exist
DEBUG - 2026-03-02 09:32:04 --> Session: Class initialized using 'CodeIgniter\Session\Handlers\FileHandler' driver.
DEBUG - 2026-03-02 09:32:04 --> Estadísticas mensuales: [{"mes":"Abr 2025","actividades":0,"practicas":0},{"mes":"May 2025","actividades":0,"practicas":0},{"mes":"Jun 2025","actividades":0,"practicas":1},{"mes":"Jul 2025","actividades":0,"practicas":1},{"mes":"Ago 2025","actividades":2,"practicas":1},{"mes":"Sep 2025","actividades":0,"practicas":1},{"mes":"Oct 2025","actividades":1,"practicas":1},{"mes":"Nov 2025","actividades":1,"practicas":1},{"mes":"Dic 2025","actividades":1,"practicas":1},{"mes":"Ene 2026","actividades":0,"practicas":1},{"mes":"Feb 2026","actividades":0,"practicas":1},{"mes":"Mar 2026","actividades":0,"practicas":1}]
DEBUG - 2026-03-02 09:32:04 --> Distribución carreras: [{"CARRERA":"Desarrollo de Software","TOTAL":"5"},{"CARRERA":"Dise\u00f1o Gr\u00e1fico","TOTAL":"4"},{"CARRERA":"Redes y Telecomunicaciones","TOTAL":"3"},{"CARRERA":"Administraci\u00f3n","TOTAL":"2"},{"CARRERA":"Marketing Digital y Comercio Electronico","TOTAL":"1"},{"CARRERA":"Atenci\u00f3n Integral a Adultos Mayores","TOTAL":"1"}]
ERROR - 2026-03-02 09:32:04 --> mysqli_sql_exception: Table 'itsi.v_periodo_academico_actual' doesn't exist in C:\xampp\htdocs\ITSI\vendor\codeigniter4\framework\system\Database\MySQLi\Connection.php:327
Stack trace:
#0 C:\xampp\htdocs\ITSI\vendor\codeigniter4\framework\system\Database\MySQLi\Connection.php(327): mysqli->query('SELECT * FROM V...', 0)
#1 C:\xampp\htdocs\ITSI\vendor\codeigniter4\framework\system\Database\BaseConnection.php(738): CodeIgniter\Database\MySQLi\Connection->execute('SELECT * FROM V...')
#2 C:\xampp\htdocs\ITSI\vendor\codeigniter4\framework\system\Database\BaseConnection.php(652): CodeIgniter\Database\BaseConnection->simpleQuery('SELECT * FROM V...')
#3 C:\xampp\htdocs\ITSI\app\Views\admin\partials\navbarAdmin.php(10): CodeIgniter\Database\BaseConnection->query('SELECT * FROM V...')
#4 C:\xampp\htdocs\ITSI\vendor\codeigniter4\framework\system\View\View.php(224): include('C:\\xampp\\htdocs...')
#5 C:\xampp\htdocs\ITSI\vendor\codeigniter4\framework\system\View\View.php(227): CodeIgniter\View\View->CodeIgniter\View\{closure}()
#6 C:\xampp\htdocs\ITSI\vendor\codeigniter4\framework\system\View\View.php(475): CodeIgniter\View\View->render('admin/partials/...', NULL, true)
#7 C:\xampp\htdocs\ITSI\app\Views\admin\layouts\mainAdmin.php(22): CodeIgniter\View\View->include('admin/partials/...')
#8 C:\xampp\htdocs\ITSI\vendor\codeigniter4\framework\system\View\View.php(224): include('C:\\xampp\\htdocs...')
#9 C:\xampp\htdocs\ITSI\vendor\codeigniter4\framework\system\View\View.php(227): CodeIgniter\View\View->CodeIgniter\View\{closure}()
#10 C:\xampp\htdocs\ITSI\vendor\codeigniter4\framework\system\View\View.php(240): CodeIgniter\View\View->render('admin/layouts/m...', Array, true)
#11 C:\xampp\htdocs\ITSI\vendor\codeigniter4\framework\system\Common.php(1173): CodeIgniter\View\View->render('admin/dashboard...', Array, true)
#12 C:\xampp\htdocs\ITSI\app\Controllers\admin\DashboardAdminController.php(67): view('admin/dashboard...', Array)
#13 C:\xampp\htdocs\ITSI\vendor\codeigniter4\framework\system\CodeIgniter.php(933): App\Controllers\admin\DashboardAdminController->index()
#14 C:\xampp\htdocs\ITSI\vendor\codeigniter4\framework\system\CodeIgniter.php(507): CodeIgniter\CodeIgniter->runController(Object(App\Controllers\admin\DashboardAdminController))
#15 C:\xampp\htdocs\ITSI\vendor\codeigniter4\framework\system\CodeIgniter.php(354): CodeIgniter\CodeIgniter->handleRequest(NULL, Object(Config\Cache), false)
#16 C:\xampp\htdocs\ITSI\vendor\codeigniter4\framework\system\Boot.php(334): CodeIgniter\CodeIgniter->run()
#17 C:\xampp\htdocs\ITSI\vendor\codeigniter4\framework\system\Boot.php(67): CodeIgniter\Boot::runCodeIgniter(Object(CodeIgniter\CodeIgniter))
#18 C:\xampp\htdocs\ITSI\public\index.php(59): CodeIgniter\Boot::bootWeb(Object(Config\Paths))
#19 {main}
ERROR - 2026-03-02 09:32:04 --> Navbar admin - error obteniendo período académico actual: Table 'itsi.v_periodo_academico_actual' doesn't exist
DEBUG - 2026-03-02 10:23:26 --> Session: Class initialized using 'CodeIgniter\Session\Handlers\FileHandler' driver.
DEBUG - 2026-03-02 10:23:26 --> Estadísticas mensuales: [{"mes":"Abr 2025","actividades":0,"practicas":0},{"mes":"May 2025","actividades":0,"practicas":0},{"mes":"Jun 2025","actividades":0,"practicas":1},{"mes":"Jul 2025","actividades":0,"practicas":1},{"mes":"Ago 2025","actividades":2,"practicas":1},{"mes":"Sep 2025","actividades":0,"practicas":1},{"mes":"Oct 2025","actividades":1,"practicas":1},{"mes":"Nov 2025","actividades":1,"practicas":1},{"mes":"Dic 2025","actividades":1,"practicas":1},{"mes":"Ene 2026","actividades":0,"practicas":1},{"mes":"Feb 2026","actividades":0,"practicas":1},{"mes":"Mar 2026","actividades":0,"practicas":1}]
DEBUG - 2026-03-02 10:23:26 --> Distribución carreras: [{"CARRERA":"Desarrollo de Software","TOTAL":"5"},{"CARRERA":"Dise\u00f1o Gr\u00e1fico","TOTAL":"4"},{"CARRERA":"Redes y Telecomunicaciones","TOTAL":"3"},{"CARRERA":"Administraci\u00f3n","TOTAL":"2"},{"CARRERA":"Marketing Digital y Comercio Electronico","TOTAL":"1"},{"CARRERA":"Atenci\u00f3n Integral a Adultos Mayores","TOTAL":"1"}]
DEBUG - 2026-03-02 11:16:35 --> Session: Class initialized using 'CodeIgniter\Session\Handlers\FileHandler' driver.
INFO - 2026-03-02 11:16:35 --> Iniciando proceso de cierre de sesión para usuario: ycampues
INFO - 2026-03-02 11:16:35 --> Sesión cerrada exitosamente
DEBUG - 2026-03-02 11:16:36 --> Session: Class initialized using 'CodeIgniter\Session\Handlers\FileHandler' driver.
DEBUG - 2026-03-02 11:20:30 --> Session: Class initialized using 'CodeIgniter\Session\Handlers\FileHandler' driver.
INFO - 2026-03-02 11:20:31 --> Token de recordarme creado para usuario: ayandun
INFO - 2026-03-02 11:20:31 --> Usuario autenticado: ayandun con rol: 2
DEBUG - 2026-03-02 11:20:32 --> Session: Class initialized using 'CodeIgniter\Session\Handlers\FileHandler' driver.
DEBUG - 2026-03-02 11:20:43 --> Session: Class initialized using 'CodeIgniter\Session\Handlers\FileHandler' driver.
INFO - 2026-03-02 11:20:43 --> Iniciando proceso de cierre de sesión para usuario: ayandun
INFO - 2026-03-02 11:20:43 --> Sesión cerrada exitosamente
DEBUG - 2026-03-02 11:20:43 --> Session: Class initialized using 'CodeIgniter\Session\Handlers\FileHandler' driver.
DEBUG - 2026-03-02 11:21:06 --> Session: Class initialized using 'CodeIgniter\Session\Handlers\FileHandler' driver.
INFO - 2026-03-02 11:21:06 --> Token de recordarme creado para usuario: paguirre
INFO - 2026-03-02 11:21:06 --> Usuario autenticado: paguirre con rol: 3
DEBUG - 2026-03-02 11:21:06 --> Session: Class initialized using 'CodeIgniter\Session\Handlers\FileHandler' driver.
DEBUG - 2026-03-02 11:21:32 --> Session: Class initialized using 'CodeIgniter\Session\Handlers\FileHandler' driver.
ERROR - 2026-03-02 11:21:32 --> mysqli_sql_exception: Table 'itsi.practicas_preprofesionales' doesn't exist in C:\xampp\htdocs\ITSI\vendor\codeigniter4\framework\system\Database\MySQLi\Connection.php:327
Stack trace:
#0 C:\xampp\htdocs\ITSI\vendor\codeigniter4\framework\system\Database\MySQLi\Connection.php(327): mysqli->query('SELECT COUNT(*)...', 0)
#1 C:\xampp\htdocs\ITSI\vendor\codeigniter4\framework\system\Database\BaseConnection.php(738): CodeIgniter\Database\MySQLi\Connection->execute('SELECT COUNT(*)...')
#2 C:\xampp\htdocs\ITSI\vendor\codeigniter4\framework\system\Database\BaseConnection.php(652): CodeIgniter\Database\BaseConnection->simpleQuery('SELECT COUNT(*)...')
#3 C:\xampp\htdocs\ITSI\vendor\codeigniter4\framework\system\Database\BaseBuilder.php(1733): CodeIgniter\Database\BaseConnection->query('SELECT COUNT(*)...', Array, false)
#4 C:\xampp\htdocs\ITSI\app\Controllers\estudiante\PracticasEstudianteController.php(239): CodeIgniter\Database\BaseBuilder->countAllResults()
#5 C:\xampp\htdocs\ITSI\app\Controllers\estudiante\PracticasEstudianteController.php(41): App\Controllers\estudiante\PracticasEstudianteController->obtenerEstadisticasEstudiante('3')
#6 C:\xampp\htdocs\ITSI\vendor\codeigniter4\framework\system\CodeIgniter.php(933): App\Controllers\estudiante\PracticasEstudianteController->index()
#7 C:\xampp\htdocs\ITSI\vendor\codeigniter4\framework\system\CodeIgniter.php(507): CodeIgniter\CodeIgniter->runController(Object(App\Controllers\estudiante\PracticasEstudianteController))
#8 C:\xampp\htdocs\ITSI\vendor\codeigniter4\framework\system\CodeIgniter.php(354): CodeIgniter\CodeIgniter->handleRequest(NULL, Object(Config\Cache), false)
#9 C:\xampp\htdocs\ITSI\vendor\codeigniter4\framework\system\Boot.php(334): CodeIgniter\CodeIgniter->run()
#10 C:\xampp\htdocs\ITSI\vendor\codeigniter4\framework\system\Boot.php(67): CodeIgniter\Boot::runCodeIgniter(Object(CodeIgniter\CodeIgniter))
#11 C:\xampp\htdocs\ITSI\public\index.php(59): CodeIgniter\Boot::bootWeb(Object(Config\Paths))
#12 {main}
ERROR - 2026-03-02 11:21:32 --> Error al obtener estadísticas: Table 'itsi.practicas_preprofesionales' doesn't exist
ERROR - 2026-03-02 11:21:32 --> mysqli_sql_exception: Table 'itsi.practicas_preprofesionales' doesn't exist in C:\xampp\htdocs\ITSI\vendor\codeigniter4\framework\system\Database\MySQLi\Connection.php:327
Stack trace:
#0 C:\xampp\htdocs\ITSI\vendor\codeigniter4\framework\system\Database\MySQLi\Connection.php(327): mysqli->query('SELECT `pp`.*, ...', 0)
#1 C:\xampp\htdocs\ITSI\vendor\codeigniter4\framework\system\Database\BaseConnection.php(738): CodeIgniter\Database\MySQLi\Connection->execute('SELECT `pp`.*, ...')
#2 C:\xampp\htdocs\ITSI\vendor\codeigniter4\framework\system\Database\BaseConnection.php(652): CodeIgniter\Database\BaseConnection->simpleQuery('SELECT `pp`.*, ...')
#3 C:\xampp\htdocs\ITSI\vendor\codeigniter4\framework\system\Database\BaseBuilder.php(1649): CodeIgniter\Database\BaseConnection->query('SELECT `pp`.*, ...', Array, false)
#4 C:\xampp\htdocs\ITSI\app\Controllers\estudiante\PracticasEstudianteController.php(296): CodeIgniter\Database\BaseBuilder->get()
#5 C:\xampp\htdocs\ITSI\app\Controllers\estudiante\PracticasEstudianteController.php(44): App\Controllers\estudiante\PracticasEstudianteController->obtenerPracticasPreprofesionales('3')
#6 C:\xampp\htdocs\ITSI\vendor\codeigniter4\framework\system\CodeIgniter.php(933): App\Controllers\estudiante\PracticasEstudianteController->index()
#7 C:\xampp\htdocs\ITSI\vendor\codeigniter4\framework\system\CodeIgniter.php(507): CodeIgniter\CodeIgniter->runController(Object(App\Controllers\estudiante\PracticasEstudianteController))
#8 C:\xampp\htdocs\ITSI\vendor\codeigniter4\framework\system\CodeIgniter.php(354): CodeIgniter\CodeIgniter->handleRequest(NULL, Object(Config\Cache), false)
#9 C:\xampp\htdocs\ITSI\vendor\codeigniter4\framework\system\Boot.php(334): CodeIgniter\CodeIgniter->run()
#10 C:\xampp\htdocs\ITSI\vendor\codeigniter4\framework\system\Boot.php(67): CodeIgniter\Boot::runCodeIgniter(Object(CodeIgniter\CodeIgniter))
#11 C:\xampp\htdocs\ITSI\public\index.php(59): CodeIgniter\Boot::bootWeb(Object(Config\Paths))
#12 {main}
ERROR - 2026-03-02 11:21:32 --> Error al obtener prácticas preprofesionales: Table 'itsi.practicas_preprofesionales' doesn't exist
ERROR - 2026-03-02 11:21:32 --> mysqli_sql_exception: Table 'itsi.servicios_comunitarios' doesn't exist in C:\xampp\htdocs\ITSI\vendor\codeigniter4\framework\system\Database\MySQLi\Connection.php:327
Stack trace:
#0 C:\xampp\htdocs\ITSI\vendor\codeigniter4\framework\system\Database\MySQLi\Connection.php(327): mysqli->query('SELECT `sc`.*, ...', 0)
#1 C:\xampp\htdocs\ITSI\vendor\codeigniter4\framework\system\Database\BaseConnection.php(738): CodeIgniter\Database\MySQLi\Connection->execute('SELECT `sc`.*, ...')
#2 C:\xampp\htdocs\ITSI\vendor\codeigniter4\framework\system\Database\BaseConnection.php(652): CodeIgniter\Database\BaseConnection->simpleQuery('SELECT `sc`.*, ...')
#3 C:\xampp\htdocs\ITSI\vendor\codeigniter4\framework\system\Database\BaseBuilder.php(1649): CodeIgniter\Database\BaseConnection->query('SELECT `sc`.*, ...', Array, false)
#4 C:\xampp\htdocs\ITSI\app\Controllers\estudiante\PracticasEstudianteController.php(315): CodeIgniter\Database\BaseBuilder->get()
#5 C:\xampp\htdocs\ITSI\app\Controllers\estudiante\PracticasEstudianteController.php(47): App\Controllers\estudiante\PracticasEstudianteController->obtenerServiciosComunitarios('3')
#6 C:\xampp\htdocs\ITSI\vendor\codeigniter4\framework\system\CodeIgniter.php(933): App\Controllers\estudiante\PracticasEstudianteController->index()
#7 C:\xampp\htdocs\ITSI\vendor\codeigniter4\framework\system\CodeIgniter.php(507): CodeIgniter\CodeIgniter->runController(Object(App\Controllers\estudiante\PracticasEstudianteController))
#8 C:\xampp\htdocs\ITSI\vendor\codeigniter4\framework\system\CodeIgniter.php(354): CodeIgniter\CodeIgniter->handleRequest(NULL, Object(Config\Cache), false)
#9 C:\xampp\htdocs\ITSI\vendor\codeigniter4\framework\system\Boot.php(334): CodeIgniter\CodeIgniter->run()
#10 C:\xampp\htdocs\ITSI\vendor\codeigniter4\framework\system\Boot.php(67): CodeIgniter\Boot::runCodeIgniter(Object(CodeIgniter\CodeIgniter))
#11 C:\xampp\htdocs\ITSI\public\index.php(59): CodeIgniter\Boot::bootWeb(Object(Config\Paths))
#12 {main}
ERROR - 2026-03-02 11:21:32 --> Error al obtener servicios comunitarios: Table 'itsi.servicios_comunitarios' doesn't exist
DEBUG - 2026-03-02 11:22:06 --> Session: Class initialized using 'CodeIgniter\Session\Handlers\FileHandler' driver.
INFO - 2026-03-02 11:22:06 --> Iniciando proceso de cierre de sesión para usuario: paguirre
INFO - 2026-03-02 11:22:06 --> Sesión cerrada exitosamente
DEBUG - 2026-03-02 11:22:06 --> Session: Class initialized using 'CodeIgniter\Session\Handlers\FileHandler' driver.
DEBUG - 2026-03-02 11:22:13 --> Session: Class initialized using 'CodeIgniter\Session\Handlers\FileHandler' driver.
INFO - 2026-03-02 11:22:13 --> Token de recordarme creado para usuario: ayandun
INFO - 2026-03-02 11:22:13 --> Usuario autenticado: ayandun con rol: 2
DEBUG - 2026-03-02 11:22:13 --> Session: Class initialized using 'CodeIgniter\Session\Handlers\FileHandler' driver.
DEBUG - 2026-03-02 11:22:14 --> Session: Class initialized using 'CodeIgniter\Session\Handlers\FileHandler' driver.
ERROR - 2026-03-02 11:22:14 --> mysqli_sql_exception: Table 'itsi.estudiantes' doesn't exist in C:\xampp\htdocs\ITSI\vendor\codeigniter4\framework\system\Database\MySQLi\Connection.php:327
Stack trace:
#0 C:\xampp\htdocs\ITSI\vendor\codeigniter4\framework\system\Database\MySQLi\Connection.php(327): mysqli->query('SELECT COUNT(*)...', 0)
#1 C:\xampp\htdocs\ITSI\vendor\codeigniter4\framework\system\Database\BaseConnection.php(738): CodeIgniter\Database\MySQLi\Connection->execute('SELECT COUNT(*)...')
#2 C:\xampp\htdocs\ITSI\vendor\codeigniter4\framework\system\Database\BaseConnection.php(652): CodeIgniter\Database\BaseConnection->simpleQuery('SELECT COUNT(*)...')
#3 C:\xampp\htdocs\ITSI\vendor\codeigniter4\framework\system\Database\BaseBuilder.php(1733): CodeIgniter\Database\BaseConnection->query('SELECT COUNT(*)...', Array, false)
#4 C:\xampp\htdocs\ITSI\app\Controllers\docente\PracticasDocenteController.php(229): CodeIgniter\Database\BaseBuilder->countAllResults()
#5 C:\xampp\htdocs\ITSI\app\Controllers\docente\PracticasDocenteController.php(44): App\Controllers\docente\PracticasDocenteController->obtenerEstadisticasDocente('2')
#6 C:\xampp\htdocs\ITSI\vendor\codeigniter4\framework\system\CodeIgniter.php(933): App\Controllers\docente\PracticasDocenteController->index()
#7 C:\xampp\htdocs\ITSI\vendor\codeigniter4\framework\system\CodeIgniter.php(507): CodeIgniter\CodeIgniter->runController(Object(App\Controllers\docente\PracticasDocenteController))
#8 C:\xampp\htdocs\ITSI\vendor\codeigniter4\framework\system\CodeIgniter.php(354): CodeIgniter\CodeIgniter->handleRequest(NULL, Object(Config\Cache), false)
#9 C:\xampp\htdocs\ITSI\vendor\codeigniter4\framework\system\Boot.php(334): CodeIgniter\CodeIgniter->run()
#10 C:\xampp\htdocs\ITSI\vendor\codeigniter4\framework\system\Boot.php(67): CodeIgniter\Boot::runCodeIgniter(Object(CodeIgniter\CodeIgniter))
#11 C:\xampp\htdocs\ITSI\public\index.php(59): CodeIgniter\Boot::bootWeb(Object(Config\Paths))
#12 {main}
ERROR - 2026-03-02 11:22:14 --> Error al obtener estadísticas del docente: Table 'itsi.estudiantes' doesn't exist
ERROR - 2026-03-02 11:22:14 --> mysqli_sql_exception: Table 'itsi.practicas_preprofesionales' doesn't exist in C:\xampp\htdocs\ITSI\vendor\codeigniter4\framework\system\Database\MySQLi\Connection.php:327
Stack trace:
#0 C:\xampp\htdocs\ITSI\vendor\codeigniter4\framework\system\Database\MySQLi\Connection.php(327): mysqli->query('SELECT `pp`.*, ...', 0)
#1 C:\xampp\htdocs\ITSI\vendor\codeigniter4\framework\system\Database\BaseConnection.php(738): CodeIgniter\Database\MySQLi\Connection->execute('SELECT `pp`.*, ...')
#2 C:\xampp\htdocs\ITSI\vendor\codeigniter4\framework\system\Database\BaseConnection.php(652): CodeIgniter\Database\BaseConnection->simpleQuery('SELECT `pp`.*, ...')
#3 C:\xampp\htdocs\ITSI\vendor\codeigniter4\framework\system\Database\BaseBuilder.php(1649): CodeIgniter\Database\BaseConnection->query('SELECT `pp`.*, ...', Array, false)
#4 C:\xampp\htdocs\ITSI\app\Controllers\docente\PracticasDocenteController.php(289): CodeIgniter\Database\BaseBuilder->get()
#5 C:\xampp\htdocs\ITSI\app\Controllers\docente\PracticasDocenteController.php(47): App\Controllers\docente\PracticasDocenteController->obtenerEstudiantesAsignados('2')
#6 C:\xampp\htdocs\ITSI\vendor\codeigniter4\framework\system\CodeIgniter.php(933): App\Controllers\docente\PracticasDocenteController->index()
#7 C:\xampp\htdocs\ITSI\vendor\codeigniter4\framework\system\CodeIgniter.php(507): CodeIgniter\CodeIgniter->runController(Object(App\Controllers\docente\PracticasDocenteController))
#8 C:\xampp\htdocs\ITSI\vendor\codeigniter4\framework\system\CodeIgniter.php(354): CodeIgniter\CodeIgniter->handleRequest(NULL, Object(Config\Cache), false)
#9 C:\xampp\htdocs\ITSI\vendor\codeigniter4\framework\system\Boot.php(334): CodeIgniter\CodeIgniter->run()
#10 C:\xampp\htdocs\ITSI\vendor\codeigniter4\framework\system\Boot.php(67): CodeIgniter\Boot::runCodeIgniter(Object(CodeIgniter\CodeIgniter))
#11 C:\xampp\htdocs\ITSI\public\index.php(59): CodeIgniter\Boot::bootWeb(Object(Config\Paths))
#12 {main}
ERROR - 2026-03-02 11:22:14 --> Error al obtener estudiantes asignados: Table 'itsi.practicas_preprofesionales' doesn't exist
ERROR - 2026-03-02 11:22:14 --> mysqli_sql_exception: Table 'itsi.evaluaciones_practicas' doesn't exist in C:\xampp\htdocs\ITSI\vendor\codeigniter4\framework\system\Database\MySQLi\Connection.php:327
Stack trace:
#0 C:\xampp\htdocs\ITSI\vendor\codeigniter4\framework\system\Database\MySQLi\Connection.php(327): mysqli->query('SELECT `ep`.*, ...', 0)
#1 C:\xampp\htdocs\ITSI\vendor\codeigniter4\framework\system\Database\BaseConnection.php(738): CodeIgniter\Database\MySQLi\Connection->execute('SELECT `ep`.*, ...')
#2 C:\xampp\htdocs\ITSI\vendor\codeigniter4\framework\system\Database\BaseConnection.php(652): CodeIgniter\Database\BaseConnection->simpleQuery('SELECT `ep`.*, ...')
#3 C:\xampp\htdocs\ITSI\vendor\codeigniter4\framework\system\Database\BaseBuilder.php(1649): CodeIgniter\Database\BaseConnection->query('SELECT `ep`.*, ...', Array, false)
#4 C:\xampp\htdocs\ITSI\app\Controllers\docente\PracticasDocenteController.php(361): CodeIgniter\Database\BaseBuilder->get()
#5 C:\xampp\htdocs\ITSI\app\Controllers\docente\PracticasDocenteController.php(50): App\Controllers\docente\PracticasDocenteController->obtenerEvaluacionesPendientes('2')
#6 C:\xampp\htdocs\ITSI\vendor\codeigniter4\framework\system\CodeIgniter.php(933): App\Controllers\docente\PracticasDocenteController->index()
#7 C:\xampp\htdocs\ITSI\vendor\codeigniter4\framework\system\CodeIgniter.php(507): CodeIgniter\CodeIgniter->runController(Object(App\Controllers\docente\PracticasDocenteController))
#8 C:\xampp\htdocs\ITSI\vendor\codeigniter4\framework\system\CodeIgniter.php(354): CodeIgniter\CodeIgniter->handleRequest(NULL, Object(Config\Cache), false)
#9 C:\xampp\htdocs\ITSI\vendor\codeigniter4\framework\system\Boot.php(334): CodeIgniter\CodeIgniter->run()
#10 C:\xampp\htdocs\ITSI\vendor\codeigniter4\framework\system\Boot.php(67): CodeIgniter\Boot::runCodeIgniter(Object(CodeIgniter\CodeIgniter))
#11 C:\xampp\htdocs\ITSI\public\index.php(59): CodeIgniter\Boot::bootWeb(Object(Config\Paths))
#12 {main}
ERROR - 2026-03-02 11:22:14 --> Error al obtener evaluaciones pendientes: Table 'itsi.evaluaciones_practicas' doesn't exist
DEBUG - 2026-03-02 11:23:06 --> Session: Class initialized using 'CodeIgniter\Session\Handlers\FileHandler' driver.
INFO - 2026-03-02 11:23:06 --> Iniciando proceso de cierre de sesión para usuario: ayandun
INFO - 2026-03-02 11:23:06 --> Sesión cerrada exitosamente
DEBUG - 2026-03-02 11:23:06 --> Session: Class initialized using 'CodeIgniter\Session\Handlers\FileHandler' driver.
DEBUG - 2026-03-02 11:23:15 --> Session: Class initialized using 'CodeIgniter\Session\Handlers\FileHandler' driver.
INFO - 2026-03-02 11:23:15 --> Token de recordarme creado para usuario: 1004191845
INFO - 2026-03-02 11:23:15 --> Usuario autenticado: 1004191845 con rol: 1
DEBUG - 2026-03-02 11:23:15 --> Session: Class initialized using 'CodeIgniter\Session\Handlers\FileHandler' driver.
DEBUG - 2026-03-02 11:23:15 --> Estadísticas mensuales: [{"mes":"Abr 2025","actividades":0,"practicas":0},{"mes":"May 2025","actividades":0,"practicas":0},{"mes":"Jun 2025","actividades":0,"practicas":1},{"mes":"Jul 2025","actividades":0,"practicas":1},{"mes":"Ago 2025","actividades":2,"practicas":1},{"mes":"Sep 2025","actividades":0,"practicas":1},{"mes":"Oct 2025","actividades":1,"practicas":1},{"mes":"Nov 2025","actividades":1,"practicas":1},{"mes":"Dic 2025","actividades":1,"practicas":1},{"mes":"Ene 2026","actividades":0,"practicas":1},{"mes":"Feb 2026","actividades":0,"practicas":1},{"mes":"Mar 2026","actividades":0,"practicas":1}]
DEBUG - 2026-03-02 11:23:15 --> Distribución carreras: [{"CARRERA":"Desarrollo de Software","TOTAL":"5"},{"CARRERA":"Dise\u00f1o Gr\u00e1fico","TOTAL":"4"},{"CARRERA":"Redes y Telecomunicaciones","TOTAL":"3"},{"CARRERA":"Administraci\u00f3n","TOTAL":"2"},{"CARRERA":"Marketing Digital y Comercio Electronico","TOTAL":"1"},{"CARRERA":"Atenci\u00f3n Integral a Adultos Mayores","TOTAL":"1"}]
DEBUG - 2026-03-02 11:23:32 --> Consulta SQL: SELECT *
FROM `TAB_DOCUMENTOS_PRACTICAS_PREPROFESIONALES` `dp`
DEBUG - 2026-03-02 11:23:32 --> Resultados obtenidos: 9
DEBUG - 2026-03-02 11:23:32 --> Tipos de documentos en index: [{"ID_TIPO_DOCUMENTO_PREPROFESIONAL":"1","CODIGO":"PPR-001","NOMBRE":"Oficio de Asignaci\u00f3n de Tutor","DESCRIPCION":"Documento oficial emitido por la coordinaci\u00f3n de la carrera que designa al docente responsable de la tutor\u00eda y seguimiento de las pr\u00e1cticas de servicio comunitario del estudiante.","ORDEN":"1","OBLIGATORIO":"1","ACTIVO":"1","FECHA_CREACION":"2025-09-04 06:59:17","FECHA_ACTUALIZACION":"2025-09-04 06:59:17"},{"ID_TIPO_DOCUMENTO_PREPROFESIONAL":"2","CODIGO":"PPR-002","NOMBRE":"Oficio a Entidad Receptora","DESCRIPCION":"Carta formal enviada por el estudiante a la instituci\u00f3n \"Instituto Tecnol\u00f3gico Superior Ibarra\", con el prop\u00f3sito de solicitar la oportunidad de realizar sus pr\u00e1cticas de servicio comunitario.","ORDEN":"2","OBLIGATORIO":"1","ACTIVO":"1","FECHA_CREACION":"2025-09-04 06:59:17","FECHA_ACTUALIZACION":"2025-09-04 06:59:17"},{"ID_TIPO_DOCUMENTO_PREPROFESIONAL":"3","CODIGO":"PPR-003","NOMBRE":"Carta de Aceptaci\u00f3n","DESCRIPCION":"Carta oficial de la entidad receptora \"Instituto Tecnol\u00f3gico Superior Ibarra\" que confirma la aceptaci\u00f3n del o los estudiantes para realizar las pr\u00e1cticas de servicio comunitario en sus instalaciones.","ORDEN":"3","OBLIGATORIO":"1","ACTIVO":"1","FECHA_CREACION":"2025-09-04 06:59:17","FECHA_ACTUALIZACION":"2025-09-04 06:59:17"},{"ID_TIPO_DOCUMENTO_PREPROFESIONAL":"4","CODIGO":"PPR-004","NOMBRE":"Solicitud Institucional Valorada","DESCRIPCION":"Documento de solicitud formal dirigido al Sr. Rector, Dr. Mario Montenegro, pidiendo la aprobaci\u00f3n institucional para la realizaci\u00f3n de las pr\u00e1cticas de servicio comunitario.","ORDEN":"4","OBLIGATORIO":"1","ACTIVO":"1","FECHA_CREACION":"2025-09-04 06:59:17","FECHA_ACTUALIZACION":"2025-09-04 06:59:17"},{"ID_TIPO_DOCUMENTO_PREPROFESIONAL":"5","CODIGO":"PPR-005","NOMBRE":"Certificado de Culminaci\u00f3n de Horas","DESCRIPCION":"Certificado emitido por la entidad receptora \"Instituto Tecnol\u00f3gico Superior Ibarra\" que acredita que el estudiante ha completado las 60 horas requeridas de pr\u00e1cticas de servicio comunitario.","ORDEN":"5","OBLIGATORIO":"1","ACTIVO":"1","FECHA_CREACION":"2025-09-04 06:59:17","FECHA_ACTUALIZACION":"2025-09-04 06:59:17"},{"ID_TIPO_DOCUMENTO_PREPROFESIONAL":"6","CODIGO":"PPR-006","NOMBRE":"Hojas de Asistencia","DESCRIPCION":"Registro f\u00edsico de la asistencia del estudiante en la entidad receptora. Incluye las firmas y sellos para validar las horas de trabajo.","ORDEN":"6","OBLIGATORIO":"1","ACTIVO":"1","FECHA_CREACION":"2025-09-04 06:59:17","FECHA_ACTUALIZACION":"2025-09-04 06:59:17"},{"ID_TIPO_DOCUMENTO_PREPROFESIONAL":"7","CODIGO":"PPR-007","NOMBRE":"Ficha de Registro de Actividades","DESCRIPCION":"Documento detallado en el que el estudiante registra las actividades espec\u00edficas realizadas durante sus pr\u00e1cticas, incluyendo fechas y descripciones.","ORDEN":"7","OBLIGATORIO":"1","ACTIVO":"1","FECHA_CREACION":"2025-09-04 06:59:17","FECHA_ACTUALIZACION":"2025-09-04 06:59:17"},{"ID_TIPO_DOCUMENTO_PREPROFESIONAL":"8","CODIGO":"PPR-008","NOMBRE":"R\u00fabrica de Evaluaci\u00f3n de Entidad","DESCRIPCION":"Formulario de evaluaci\u00f3n del desempe\u00f1o del estudiante, llenado y sellado por la entidad receptora. Valora aspectos como la responsabilidad, la proactividad y la calidad del trabajo.","ORDEN":"8","OBLIGATORIO":"1","ACTIVO":"1","FECHA_CREACION":"2025-09-04 06:59:17","FECHA_ACTUALIZACION":"2025-09-04 06:59:17"},{"ID_TIPO_DOCUMENTO_PREPROFESIONAL":"9","CODIGO":"PPR-009","NOMBRE":"Ficha de Control y Seguimiento Docente","DESCRIPCION":"Documento utilizado por el tutor docente para registrar el seguimiento acad\u00e9mico del estudiante durante las pr\u00e1cticas. Incluye visitas o revisiones peri\u00f3dicas.","ORDEN":"9","OBLIGATORIO":"1","ACTIVO":"1","FECHA_CREACION":"2025-09-04 06:59:17","FECHA_ACTUALIZACION":"2025-09-04 06:59:17"},{"ID_TIPO_DOCUMENTO_PREPROFESIONAL":"10","CODIGO":"PPR-010","NOMBRE":"R\u00fabrica de Evaluaci\u00f3n Docente","DESCRIPCION":"R\u00fabrica de evaluaci\u00f3n llenada y firmada por el tutor docente. Califica el desempe\u00f1o del estudiante en base a los criterios acad\u00e9micos del programa.","ORDEN":"10","OBLIGATORIO":"1","ACTIVO":"1","FECHA_CREACION":"2025-09-04 06:59:17","FECHA_ACTUALIZACION":"2025-09-04 06:59:17"},{"ID_TIPO_DOCUMENTO_PREPROFESIONAL":"11","CODIGO":"PPR-011","NOMBRE":"R\u00fabrica de Evaluaci\u00f3n de Resultados","DESCRIPCION":"Evaluaci\u00f3n final realizada por el Departamento de Vinculaci\u00f3n con la Sociedad, que valora los resultados y el impacto del proyecto de servicio comunitario en su conjunto.","ORDEN":"11","OBLIGATORIO":"1","ACTIVO":"1","FECHA_CREACION":"2025-09-04 06:59:17","FECHA_ACTUALIZACION":"2025-09-04 06:59:17"},{"ID_TIPO_DOCUMENTO_PREPROFESIONAL":"12","CODIGO":"PPR-012","NOMBRE":"Evidencia Fotogr\u00e1fica y Digital","DESCRIPCION":"Material de apoyo visual y digital, como fotos, capturas, videos o impresiones, que documenta y comprueba la realizaci\u00f3n de las actividades y trabajos del proyecto.","ORDEN":"12","OBLIGATORIO":"1","ACTIVO":"1","FECHA_CREACION":"2025-09-04 06:59:17","FECHA_ACTUALIZACION":"2025-09-04 06:59:17"}]
DEBUG - 2026-03-02 11:23:32 --> Session: Class initialized using 'CodeIgniter\Session\Handlers\FileHandler' driver.
DEBUG - 2026-03-02 11:23:33 --> Consulta SQL: SELECT *
FROM `TAB_DOCUMENTOS_PRACTICAS_PREPROFESIONALES` `dp`
DEBUG - 2026-03-02 11:23:33 --> Resultados obtenidos: 9
DEBUG - 2026-03-02 11:23:33 --> Documentos obtenidos: [{"ID_DOCUMENTO_PREPROFESIONAL":"17","ID_PRACTICA_PREPROFESIONAL":"2","ID_TIPO_DOCUMENTO":"9","ID_ESTADO_REVISION":"4","NOMBRE_ARCHIVO":"ficha_control_seguimiento_002_20250920.pdf","NOMBRE_ORIGINAL":"Ficha Control Seguimiento - Mar\u00eda.pdf","TIPO_ARCHIVO":"application\/pdf","TAMANO_ARCHIVO":"112233","RUTA_ARCHIVO":"\/uploads\/documentos-practicas\/","FECHA_SUBIDA":"2025-09-20 10:15:00","FECHA_REVISION":"2025-09-20 12:45:00","ID_REVISOR":"18","OBSERVACIONES":"Ficha de control y seguimiento docente","OBSERVACIONES_REVISOR":"Faltan las firmas del tutor docente, documento inv\u00e1lido","VERSION":"1","ACTIVO":"1","FECHA_CREACION":"2025-09-04 06:59:17","FECHA_ACTUALIZACION":"2025-09-04 06:59:17","ID_TIPO_DOCUMENTO_PREPROFESIONAL":"9","TIPO_DOCUMENTO_CODIGO":"PPR-009","TIPO_DOCUMENTO_NOMBRE":"Ficha de Control y Seguimiento Docente","TIPO_DOCUMENTO_DESCRIPCION":"Documento utilizado por el tutor docente para registrar el seguimiento acad\u00e9mico del estudiante durante las pr\u00e1cticas. Incluye visitas o revisiones peri\u00f3dicas.","TIPO_DOCUMENTO_ORDEN":"9","TIPO_DOCUMENTO_OBLIGATORIO":"1","ESTADO_REVISION":"Rechazado","ID_ESTUDIANTE":"2","ENTIDAD_RECEPTORA":"Banco del Pac\u00edfico","ESTUDIANTE_NOMBRE":"Mar\u00eda Elena Garc\u00eda Torres","NOMBRE_ESTUDIANTE":"Mar\u00eda Elena","APELLIDO_ESTUDIANTE":"Garc\u00eda Torres","CEDULA_ESTUDIANTE":"1002345678"},{"ID_DOCUMENTO_PREPROFESIONAL":"15","ID_PRACTICA_PREPROFESIONAL":"2","ID_TIPO_DOCUMENTO":"7","ID_ESTADO_REVISION":"5","NOMBRE_ARCHIVO":"ficha_registro_actividades_002_20250915.pdf","NOMBRE_ORIGINAL":"Ficha Registro Actividades - Mar\u00eda.pdf","TIPO_ARCHIVO":"application\/pdf","TAMANO_ARCHIVO":"98765","RUTA_ARCHIVO":"\/uploads\/documentos-practicas\/","FECHA_SUBIDA":"2025-09-15 11:30:00","FECHA_REVISION":"2025-09-15 14:20:00","ID_REVISOR":"18","OBSERVACIONES":"Ficha de registro de actividades","OBSERVACIONES_REVISOR":"Descripci\u00f3n de actividades muy general, especificar m\u00e1s detalles","VERSION":"1","ACTIVO":"1","FECHA_CREACION":"2025-09-04 06:59:17","FECHA_ACTUALIZACION":"2025-09-04 06:59:17","ID_TIPO_DOCUMENTO_PREPROFESIONAL":"7","TIPO_DOCUMENTO_CODIGO":"PPR-007","TIPO_DOCUMENTO_NOMBRE":"Ficha de Registro de Actividades","TIPO_DOCUMENTO_DESCRIPCION":"Documento detallado en el que el estudiante registra las actividades espec\u00edficas realizadas durante sus pr\u00e1cticas, incluyendo fechas y descripciones.","TIPO_DOCUMENTO_ORDEN":"7","TIPO_DOCUMENTO_OBLIGATORIO":"1","ESTADO_REVISION":"Requiere Correcci\u00f3n","ID_ESTUDIANTE":"2","ENTIDAD_RECEPTORA":"Banco del Pac\u00edfico","ESTUDIANTE_NOMBRE":"Mar\u00eda Elena Garc\u00eda Torres","NOMBRE_ESTUDIANTE":"Mar\u00eda Elena","APELLIDO_ESTUDIANTE":"Garc\u00eda Torres","CEDULA_ESTUDIANTE":"1002345678"},{"ID_DOCUMENTO_PREPROFESIONAL":"14","ID_PRACTICA_PREPROFESIONAL":"1","ID_TIPO_DOCUMENTO":"6","ID_ESTADO_REVISION":"5","NOMBRE_ARCHIVO":"hojas_asistencia_001_20250830.pdf","NOMBRE_ORIGINAL":"Hojas de Asistencia - Juan Carlos.pdf","TIPO_ARCHIVO":"application\/pdf","TAMANO_ARCHIVO":"123456","RUTA_ARCHIVO":"\/uploads\/documentos-practicas\/","FECHA_SUBIDA":"2025-08-30 16:15:00","FECHA_REVISION":"2025-08-30 17:45:00","ID_REVISOR":"17","OBSERVACIONES":"Hojas de asistencia completas","OBSERVACIONES_REVISOR":"Faltan firmas en algunas fechas, corregir y volver a subir","VERSION":"1","ACTIVO":"1","FECHA_CREACION":"2025-09-04 06:59:17","FECHA_ACTUALIZACION":"2025-09-04 06:59:17","ID_TIPO_DOCUMENTO_PREPROFESIONAL":"6","TIPO_DOCUMENTO_CODIGO":"PPR-006","TIPO_DOCUMENTO_NOMBRE":"Hojas de Asistencia","TIPO_DOCUMENTO_DESCRIPCION":"Registro f\u00edsico de la asistencia del estudiante en la entidad receptora. Incluye las firmas y sellos para validar las horas de trabajo.","TIPO_DOCUMENTO_ORDEN":"6","TIPO_DOCUMENTO_OBLIGATORIO":"1","ESTADO_REVISION":"Requiere Correcci\u00f3n","ID_ESTUDIANTE":"1","ENTIDAD_RECEPTORA":"Hospital San Vicente de Pa\u00fal","ESTUDIANTE_NOMBRE":"Juan Carlos P\u00e9rez L\u00f3pez","NOMBRE_ESTUDIANTE":"Juan Carlos","APELLIDO_ESTUDIANTE":"P\u00e9rez L\u00f3pez","CEDULA_ESTUDIANTE":"1001234567"},{"ID_DOCUMENTO_PREPROFESIONAL":"16","ID_PRACTICA_PREPROFESIONAL":"1","ID_TIPO_DOCUMENTO":"8","ID_ESTADO_REVISION":"4","NOMBRE_ARCHIVO":"rubrica_evaluacion_entidad_001_20250825.pdf","NOMBRE_ORIGINAL":"R\u00fabrica Evaluaci\u00f3n Entidad - Juan.pdf","TIPO_ARCHIVO":"application\/pdf","TAMANO_ARCHIVO":"87654","RUTA_ARCHIVO":"\/uploads\/documentos-practicas\/","FECHA_SUBIDA":"2025-08-25 15:00:00","FECHA_REVISION":"2025-08-25 16:30:00","ID_REVISOR":"17","OBSERVACIONES":"R\u00fabrica de evaluaci\u00f3n de entidad","OBSERVACIONES_REVISOR":"Documento no tiene sello oficial de la entidad, rechazado","VERSION":"1","ACTIVO":"1","FECHA_CREACION":"2025-09-04 06:59:17","FECHA_ACTUALIZACION":"2025-09-04 06:59:17","ID_TIPO_DOCUMENTO_PREPROFESIONAL":"8","TIPO_DOCUMENTO_CODIGO":"PPR-008","TIPO_DOCUMENTO_NOMBRE":"R\u00fabrica de Evaluaci\u00f3n de Entidad","TIPO_DOCUMENTO_DESCRIPCION":"Formulario de evaluaci\u00f3n del desempe\u00f1o del estudiante, llenado y sellado por la entidad receptora. Valora aspectos como la responsabilidad, la proactividad y la calidad del trabajo.","TIPO_DOCUMENTO_ORDEN":"8","TIPO_DOCUMENTO_OBLIGATORIO":"1","ESTADO_REVISION":"Rechazado","ID_ESTUDIANTE":"1","ENTIDAD_RECEPTORA":"Hospital San Vicente de Pa\u00fal","ESTUDIANTE_NOMBRE":"Juan Carlos P\u00e9rez L\u00f3pez","NOMBRE_ESTUDIANTE":"Juan Carlos","APELLIDO_ESTUDIANTE":"P\u00e9rez L\u00f3pez","CEDULA_ESTUDIANTE":"1001234567"},{"ID_DOCUMENTO_PREPROFESIONAL":"5","ID_PRACTICA_PREPROFESIONAL":"2","ID_TIPO_DOCUMENTO":"2","ID_ESTADO_REVISION":"3","NOMBRE_ARCHIVO":"oficio_entidad_receptora_002_20250702.pdf","NOMBRE_ORIGINAL":"Oficio Entidad Receptora - Banco.pdf","TIPO_ARCHIVO":"application\/pdf","TAMANO_ARCHIVO":"178944","RUTA_ARCHIVO":"\/uploads\/documentos-practicas\/","FECHA_SUBIDA":"2025-07-02 15:45:00","FECHA_REVISION":"2025-07-02 17:20:00","ID_REVISOR":"18","OBSERVACIONES":"Oficio enviado a la entidad receptora","OBSERVACIONES_REVISOR":"Oficio formal y bien estructurado","VERSION":"1","ACTIVO":"1","FECHA_CREACION":"2025-09-04 06:59:17","FECHA_ACTUALIZACION":"2025-09-04 06:59:17","ID_TIPO_DOCUMENTO_PREPROFESIONAL":"2","TIPO_DOCUMENTO_CODIGO":"PPR-002","TIPO_DOCUMENTO_NOMBRE":"Oficio a Entidad Receptora","TIPO_DOCUMENTO_DESCRIPCION":"Carta formal enviada por el estudiante a la instituci\u00f3n \"Instituto Tecnol\u00f3gico Superior Ibarra\", con el prop\u00f3sito de solicitar la oportunidad de realizar sus pr\u00e1cticas de servicio comunitario.","TIPO_DOCUMENTO_ORDEN":"2","TIPO_DOCUMENTO_OBLIGATORIO":"1","ESTADO_REVISION":"Aprobado","ID_ESTUDIANTE":"2","ENTIDAD_RECEPTORA":"Banco del Pac\u00edfico","ESTUDIANTE_NOMBRE":"Mar\u00eda Elena Garc\u00eda Torres","NOMBRE_ESTUDIANTE":"Mar\u00eda Elena","APELLIDO_ESTUDIANTE":"Garc\u00eda Torres","CEDULA_ESTUDIANTE":"1002345678"},{"ID_DOCUMENTO_PREPROFESIONAL":"4","ID_PRACTICA_PREPROFESIONAL":"2","ID_TIPO_DOCUMENTO":"1","ID_ESTADO_REVISION":"3","NOMBRE_ARCHIVO":"oficio_asignacion_tutor_002_20250701.pdf","NOMBRE_ORIGINAL":"Oficio Asignaci\u00f3n Tutor - Mar\u00eda Elena.pdf","TIPO_ARCHIVO":"application\/pdf","TAMANO_ARCHIVO":"234880","RUTA_ARCHIVO":"\/uploads\/documentos-practicas\/","FECHA_SUBIDA":"2025-07-01 11:00:00","FECHA_REVISION":"2025-07-01 13:15:00","ID_REVISOR":"18","OBSERVACIONES":"Documento oficial de asignaci\u00f3n","OBSERVACIONES_REVISOR":"Asignaci\u00f3n correcta del tutor","VERSION":"1","ACTIVO":"1","FECHA_CREACION":"2025-09-04 06:59:17","FECHA_ACTUALIZACION":"2025-09-04 06:59:17","ID_TIPO_DOCUMENTO_PREPROFESIONAL":"1","TIPO_DOCUMENTO_CODIGO":"PPR-001","TIPO_DOCUMENTO_NOMBRE":"Oficio de Asignaci\u00f3n de Tutor","TIPO_DOCUMENTO_DESCRIPCION":"Documento oficial emitido por la coordinaci\u00f3n de la carrera que designa al docente responsable de la tutor\u00eda y seguimiento de las pr\u00e1cticas de servicio comunitario del estudiante.","TIPO_DOCUMENTO_ORDEN":"1","TIPO_DOCUMENTO_OBLIGATORIO":"1","ESTADO_REVISION":"Aprobado","ID_ESTUDIANTE":"2","ENTIDAD_RECEPTORA":"Banco del Pac\u00edfico","ESTUDIANTE_NOMBRE":"Mar\u00eda Elena Garc\u00eda Torres","NOMBRE_ESTUDIANTE":"Mar\u00eda Elena","APELLIDO_ESTUDIANTE":"Garc\u00eda Torres","CEDULA_ESTUDIANTE":"1002345678"},{"ID_DOCUMENTO_PREPROFESIONAL":"3","ID_PRACTICA_PREPROFESIONAL":"1","ID_TIPO_DOCUMENTO":"3","ID_ESTADO_REVISION":"3","NOMBRE_ARCHIVO":"carta_aceptacion_001_20250603.pdf","NOMBRE_ORIGINAL":"Carta Aceptaci\u00f3n - Hospital.pdf","TIPO_ARCHIVO":"application\/pdf","TAMANO_ARCHIVO":"156672","RUTA_ARCHIVO":"\/uploads\/documentos-practicas\/","FECHA_SUBIDA":"2025-06-03 09:15:00","FECHA_REVISION":"2025-06-03 11:20:00","ID_REVISOR":"17","OBSERVACIONES":"Carta de aceptaci\u00f3n de la entidad","OBSERVACIONES_REVISOR":"Carta oficial con sello institucional","VERSION":"1","ACTIVO":"1","FECHA_CREACION":"2025-09-04 06:59:17","FECHA_ACTUALIZACION":"2025-09-04 06:59:17","ID_TIPO_DOCUMENTO_PREPROFESIONAL":"3","TIPO_DOCUMENTO_CODIGO":"PPR-003","TIPO_DOCUMENTO_NOMBRE":"Carta de Aceptaci\u00f3n","TIPO_DOCUMENTO_DESCRIPCION":"Carta oficial de la entidad receptora \"Instituto Tecnol\u00f3gico Superior Ibarra\" que confirma la aceptaci\u00f3n del o los estudiantes para realizar las pr\u00e1cticas de servicio comunitario en sus instalaciones.","TIPO_DOCUMENTO_ORDEN":"3","TIPO_DOCUMENTO_OBLIGATORIO":"1","ESTADO_REVISION":"Aprobado","ID_ESTUDIANTE":"1","ENTIDAD_RECEPTORA":"Hospital San Vicente de Pa\u00fal","ESTUDIANTE_NOMBRE":"Juan Carlos P\u00e9rez L\u00f3pez","NOMBRE_ESTUDIANTE":"Juan Carlos","APELLIDO_ESTUDIANTE":"P\u00e9rez L\u00f3pez","CEDULA_ESTUDIANTE":"1001234567"},{"ID_DOCUMENTO_PREPROFESIONAL":"2","ID_PRACTICA_PREPROFESIONAL":"1","ID_TIPO_DOCUMENTO":"2","ID_ESTADO_REVISION":"3","NOMBRE_ARCHIVO":"oficio_entidad_receptora_001_20250602.pdf","NOMBRE_ORIGINAL":"Oficio Entidad Receptora - Hospital.pdf","TIPO_ARCHIVO":"application\/pdf","TAMANO_ARCHIVO":"189440","RUTA_ARCHIVO":"\/uploads\/documentos-practicas\/","FECHA_SUBIDA":"2025-06-02 14:30:00","FECHA_REVISION":"2025-06-02 16:45:00","ID_REVISOR":"17","OBSERVACIONES":"Oficio enviado a la entidad receptora","OBSERVACIONES_REVISOR":"Oficio bien redactado y formal","VERSION":"1","ACTIVO":"1","FECHA_CREACION":"2025-09-04 06:59:17","FECHA_ACTUALIZACION":"2025-09-04 06:59:17","ID_TIPO_DOCUMENTO_PREPROFESIONAL":"2","TIPO_DOCUMENTO_CODIGO":"PPR-002","TIPO_DOCUMENTO_NOMBRE":"Oficio a Entidad Receptora","TIPO_DOCUMENTO_DESCRIPCION":"Carta formal enviada por el estudiante a la instituci\u00f3n \"Instituto Tecnol\u00f3gico Superior Ibarra\", con el prop\u00f3sito de solicitar la oportunidad de realizar sus pr\u00e1cticas de servicio comunitario.","TIPO_DOCUMENTO_ORDEN":"2","TIPO_DOCUMENTO_OBLIGATORIO":"1","ESTADO_REVISION":"Aprobado","ID_ESTUDIANTE":"1","ENTIDAD_RECEPTORA":"Hospital San Vicente de Pa\u00fal","ESTUDIANTE_NOMBRE":"Juan Carlos P\u00e9rez L\u00f3pez","NOMBRE_ESTUDIANTE":"Juan Carlos","APELLIDO_ESTUDIANTE":"P\u00e9rez L\u00f3pez","CEDULA_ESTUDIANTE":"1001234567"},{"ID_DOCUMENTO_PREPROFESIONAL":"1","ID_PRACTICA_PREPROFESIONAL":"1","ID_TIPO_DOCUMENTO":"1","ID_ESTADO_REVISION":"3","NOMBRE_ARCHIVO":"oficio_asignacion_tutor_001_20250601.pdf","NOMBRE_ORIGINAL":"Oficio Asignaci\u00f3n Tutor - Juan Carlos.pdf","TIPO_ARCHIVO":"application\/pdf","TAMANO_ARCHIVO":"245760","RUTA_ARCHIVO":"\/uploads\/documentos-practicas\/","FECHA_SUBIDA":"2025-06-01 10:00:00","FECHA_REVISION":"2025-06-01 14:30:00","ID_REVISOR":"17","OBSERVACIONES":"Documento oficial de asignaci\u00f3n","OBSERVACIONES_REVISOR":"Documento aprobado correctamente","VERSION":"1","ACTIVO":"1","FECHA_CREACION":"2025-09-04 06:59:17","FECHA_ACTUALIZACION":"2025-09-04 06:59:17","ID_TIPO_DOCUMENTO_PREPROFESIONAL":"1","TIPO_DOCUMENTO_CODIGO":"PPR-001","TIPO_DOCUMENTO_NOMBRE":"Oficio de Asignaci\u00f3n de Tutor","TIPO_DOCUMENTO_DESCRIPCION":"Documento oficial emitido por la coordinaci\u00f3n de la carrera que designa al docente responsable de la tutor\u00eda y seguimiento de las pr\u00e1cticas de servicio comunitario del estudiante.","TIPO_DOCUMENTO_ORDEN":"1","TIPO_DOCUMENTO_OBLIGATORIO":"1","ESTADO_REVISION":"Aprobado","ID_ESTUDIANTE":"1","ENTIDAD_RECEPTORA":"Hospital San Vicente de Pa\u00fal","ESTUDIANTE_NOMBRE":"Juan Carlos P\u00e9rez L\u00f3pez","NOMBRE_ESTUDIANTE":"Juan Carlos","APELLIDO_ESTUDIANTE":"P\u00e9rez L\u00f3pez","CEDULA_ESTUDIANTE":"1001234567"}]
DEBUG - 2026-03-02 11:23:43 --> Consulta SQL: SELECT *
FROM `TAB_DOCUMENTOS_PRACTICAS_PREPROFESIONALES` `dp`
DEBUG - 2026-03-02 11:23:43 --> Resultados obtenidos: 9
DEBUG - 2026-03-02 11:23:43 --> Tipos de documentos en index: [{"ID_TIPO_DOCUMENTO_PREPROFESIONAL":"1","CODIGO":"PPR-001","NOMBRE":"Oficio de Asignaci\u00f3n de Tutor","DESCRIPCION":"Documento oficial emitido por la coordinaci\u00f3n de la carrera que designa al docente responsable de la tutor\u00eda y seguimiento de las pr\u00e1cticas de servicio comunitario del estudiante.","ORDEN":"1","OBLIGATORIO":"1","ACTIVO":"1","FECHA_CREACION":"2025-09-04 06:59:17","FECHA_ACTUALIZACION":"2025-09-04 06:59:17"},{"ID_TIPO_DOCUMENTO_PREPROFESIONAL":"2","CODIGO":"PPR-002","NOMBRE":"Oficio a Entidad Receptora","DESCRIPCION":"Carta formal enviada por el estudiante a la instituci\u00f3n \"Instituto Tecnol\u00f3gico Superior Ibarra\", con el prop\u00f3sito de solicitar la oportunidad de realizar sus pr\u00e1cticas de servicio comunitario.","ORDEN":"2","OBLIGATORIO":"1","ACTIVO":"1","FECHA_CREACION":"2025-09-04 06:59:17","FECHA_ACTUALIZACION":"2025-09-04 06:59:17"},{"ID_TIPO_DOCUMENTO_PREPROFESIONAL":"3","CODIGO":"PPR-003","NOMBRE":"Carta de Aceptaci\u00f3n","DESCRIPCION":"Carta oficial de la entidad receptora \"Instituto Tecnol\u00f3gico Superior Ibarra\" que confirma la aceptaci\u00f3n del o los estudiantes para realizar las pr\u00e1cticas de servicio comunitario en sus instalaciones.","ORDEN":"3","OBLIGATORIO":"1","ACTIVO":"1","FECHA_CREACION":"2025-09-04 06:59:17","FECHA_ACTUALIZACION":"2025-09-04 06:59:17"},{"ID_TIPO_DOCUMENTO_PREPROFESIONAL":"4","CODIGO":"PPR-004","NOMBRE":"Solicitud Institucional Valorada","DESCRIPCION":"Documento de solicitud formal dirigido al Sr. Rector, Dr. Mario Montenegro, pidiendo la aprobaci\u00f3n institucional para la realizaci\u00f3n de las pr\u00e1cticas de servicio comunitario.","ORDEN":"4","OBLIGATORIO":"1","ACTIVO":"1","FECHA_CREACION":"2025-09-04 06:59:17","FECHA_ACTUALIZACION":"2025-09-04 06:59:17"},{"ID_TIPO_DOCUMENTO_PREPROFESIONAL":"5","CODIGO":"PPR-005","NOMBRE":"Certificado de Culminaci\u00f3n de Horas","DESCRIPCION":"Certificado emitido por la entidad receptora \"Instituto Tecnol\u00f3gico Superior Ibarra\" que acredita que el estudiante ha completado las 60 horas requeridas de pr\u00e1cticas de servicio comunitario.","ORDEN":"5","OBLIGATORIO":"1","ACTIVO":"1","FECHA_CREACION":"2025-09-04 06:59:17","FECHA_ACTUALIZACION":"2025-09-04 06:59:17"},{"ID_TIPO_DOCUMENTO_PREPROFESIONAL":"6","CODIGO":"PPR-006","NOMBRE":"Hojas de Asistencia","DESCRIPCION":"Registro f\u00edsico de la asistencia del estudiante en la entidad receptora. Incluye las firmas y sellos para validar las horas de trabajo.","ORDEN":"6","OBLIGATORIO":"1","ACTIVO":"1","FECHA_CREACION":"2025-09-04 06:59:17","FECHA_ACTUALIZACION":"2025-09-04 06:59:17"},{"ID_TIPO_DOCUMENTO_PREPROFESIONAL":"7","CODIGO":"PPR-007","NOMBRE":"Ficha de Registro de Actividades","DESCRIPCION":"Documento detallado en el que el estudiante registra las actividades espec\u00edficas realizadas durante sus pr\u00e1cticas, incluyendo fechas y descripciones.","ORDEN":"7","OBLIGATORIO":"1","ACTIVO":"1","FECHA_CREACION":"2025-09-04 06:59:17","FECHA_ACTUALIZACION":"2025-09-04 06:59:17"},{"ID_TIPO_DOCUMENTO_PREPROFESIONAL":"8","CODIGO":"PPR-008","NOMBRE":"R\u00fabrica de Evaluaci\u00f3n de Entidad","DESCRIPCION":"Formulario de evaluaci\u00f3n del desempe\u00f1o del estudiante, llenado y sellado por la entidad receptora. Valora aspectos como la responsabilidad, la proactividad y la calidad del trabajo.","ORDEN":"8","OBLIGATORIO":"1","ACTIVO":"1","FECHA_CREACION":"2025-09-04 06:59:17","FECHA_ACTUALIZACION":"2025-09-04 06:59:17"},{"ID_TIPO_DOCUMENTO_PREPROFESIONAL":"9","CODIGO":"PPR-009","NOMBRE":"Ficha de Control y Seguimiento Docente","DESCRIPCION":"Documento utilizado por el tutor docente para registrar el seguimiento acad\u00e9mico del estudiante durante las pr\u00e1cticas. Incluye visitas o revisiones peri\u00f3dicas.","ORDEN":"9","OBLIGATORIO":"1","ACTIVO":"1","FECHA_CREACION":"2025-09-04 06:59:17","FECHA_ACTUALIZACION":"2025-09-04 06:59:17"},{"ID_TIPO_DOCUMENTO_PREPROFESIONAL":"10","CODIGO":"PPR-010","NOMBRE":"R\u00fabrica de Evaluaci\u00f3n Docente","DESCRIPCION":"R\u00fabrica de evaluaci\u00f3n llenada y firmada por el tutor docente. Califica el desempe\u00f1o del estudiante en base a los criterios acad\u00e9micos del programa.","ORDEN":"10","OBLIGATORIO":"1","ACTIVO":"1","FECHA_CREACION":"2025-09-04 06:59:17","FECHA_ACTUALIZACION":"2025-09-04 06:59:17"},{"ID_TIPO_DOCUMENTO_PREPROFESIONAL":"11","CODIGO":"PPR-011","NOMBRE":"R\u00fabrica de Evaluaci\u00f3n de Resultados","DESCRIPCION":"Evaluaci\u00f3n final realizada por el Departamento de Vinculaci\u00f3n con la Sociedad, que valora los resultados y el impacto del proyecto de servicio comunitario en su conjunto.","ORDEN":"11","OBLIGATORIO":"1","ACTIVO":"1","FECHA_CREACION":"2025-09-04 06:59:17","FECHA_ACTUALIZACION":"2025-09-04 06:59:17"},{"ID_TIPO_DOCUMENTO_PREPROFESIONAL":"12","CODIGO":"PPR-012","NOMBRE":"Evidencia Fotogr\u00e1fica y Digital","DESCRIPCION":"Material de apoyo visual y digital, como fotos, capturas, videos o impresiones, que documenta y comprueba la realizaci\u00f3n de las actividades y trabajos del proyecto.","ORDEN":"12","OBLIGATORIO":"1","ACTIVO":"1","FECHA_CREACION":"2025-09-04 06:59:17","FECHA_ACTUALIZACION":"2025-09-04 06:59:17"}]
DEBUG - 2026-03-02 11:23:43 --> Session: Class initialized using 'CodeIgniter\Session\Handlers\FileHandler' driver.
DEBUG - 2026-03-02 11:23:43 --> Consulta SQL: SELECT *
FROM `TAB_DOCUMENTOS_PRACTICAS_PREPROFESIONALES` `dp`
DEBUG - 2026-03-02 11:23:43 --> Resultados obtenidos: 9
DEBUG - 2026-03-02 11:23:43 --> Documentos obtenidos: [{"ID_DOCUMENTO_PREPROFESIONAL":"17","ID_PRACTICA_PREPROFESIONAL":"2","ID_TIPO_DOCUMENTO":"9","ID_ESTADO_REVISION":"4","NOMBRE_ARCHIVO":"ficha_control_seguimiento_002_20250920.pdf","NOMBRE_ORIGINAL":"Ficha Control Seguimiento - Mar\u00eda.pdf","TIPO_ARCHIVO":"application\/pdf","TAMANO_ARCHIVO":"112233","RUTA_ARCHIVO":"\/uploads\/documentos-practicas\/","FECHA_SUBIDA":"2025-09-20 10:15:00","FECHA_REVISION":"2025-09-20 12:45:00","ID_REVISOR":"18","OBSERVACIONES":"Ficha de control y seguimiento docente","OBSERVACIONES_REVISOR":"Faltan las firmas del tutor docente, documento inv\u00e1lido","VERSION":"1","ACTIVO":"1","FECHA_CREACION":"2025-09-04 06:59:17","FECHA_ACTUALIZACION":"2025-09-04 06:59:17","ID_TIPO_DOCUMENTO_PREPROFESIONAL":"9","TIPO_DOCUMENTO_CODIGO":"PPR-009","TIPO_DOCUMENTO_NOMBRE":"Ficha de Control y Seguimiento Docente","TIPO_DOCUMENTO_DESCRIPCION":"Documento utilizado por el tutor docente para registrar el seguimiento acad\u00e9mico del estudiante durante las pr\u00e1cticas. Incluye visitas o revisiones peri\u00f3dicas.","TIPO_DOCUMENTO_ORDEN":"9","TIPO_DOCUMENTO_OBLIGATORIO":"1","ESTADO_REVISION":"Rechazado","ID_ESTUDIANTE":"2","ENTIDAD_RECEPTORA":"Banco del Pac\u00edfico","ESTUDIANTE_NOMBRE":"Mar\u00eda Elena Garc\u00eda Torres","NOMBRE_ESTUDIANTE":"Mar\u00eda Elena","APELLIDO_ESTUDIANTE":"Garc\u00eda Torres","CEDULA_ESTUDIANTE":"1002345678"},{"ID_DOCUMENTO_PREPROFESIONAL":"15","ID_PRACTICA_PREPROFESIONAL":"2","ID_TIPO_DOCUMENTO":"7","ID_ESTADO_REVISION":"5","NOMBRE_ARCHIVO":"ficha_registro_actividades_002_20250915.pdf","NOMBRE_ORIGINAL":"Ficha Registro Actividades - Mar\u00eda.pdf","TIPO_ARCHIVO":"application\/pdf","TAMANO_ARCHIVO":"98765","RUTA_ARCHIVO":"\/uploads\/documentos-practicas\/","FECHA_SUBIDA":"2025-09-15 11:30:00","FECHA_REVISION":"2025-09-15 14:20:00","ID_REVISOR":"18","OBSERVACIONES":"Ficha de registro de actividades","OBSERVACIONES_REVISOR":"Descripci\u00f3n de actividades muy general, especificar m\u00e1s detalles","VERSION":"1","ACTIVO":"1","FECHA_CREACION":"2025-09-04 06:59:17","FECHA_ACTUALIZACION":"2025-09-04 06:59:17","ID_TIPO_DOCUMENTO_PREPROFESIONAL":"7","TIPO_DOCUMENTO_CODIGO":"PPR-007","TIPO_DOCUMENTO_NOMBRE":"Ficha de Registro de Actividades","TIPO_DOCUMENTO_DESCRIPCION":"Documento detallado en el que el estudiante registra las actividades espec\u00edficas realizadas durante sus pr\u00e1cticas, incluyendo fechas y descripciones.","TIPO_DOCUMENTO_ORDEN":"7","TIPO_DOCUMENTO_OBLIGATORIO":"1","ESTADO_REVISION":"Requiere Correcci\u00f3n","ID_ESTUDIANTE":"2","ENTIDAD_RECEPTORA":"Banco del Pac\u00edfico","ESTUDIANTE_NOMBRE":"Mar\u00eda Elena Garc\u00eda Torres","NOMBRE_ESTUDIANTE":"Mar\u00eda Elena","APELLIDO_ESTUDIANTE":"Garc\u00eda Torres","CEDULA_ESTUDIANTE":"1002345678"},{"ID_DOCUMENTO_PREPROFESIONAL":"14","ID_PRACTICA_PREPROFESIONAL":"1","ID_TIPO_DOCUMENTO":"6","ID_ESTADO_REVISION":"5","NOMBRE_ARCHIVO":"hojas_asistencia_001_20250830.pdf","NOMBRE_ORIGINAL":"Hojas de Asistencia - Juan Carlos.pdf","TIPO_ARCHIVO":"application\/pdf","TAMANO_ARCHIVO":"123456","RUTA_ARCHIVO":"\/uploads\/documentos-practicas\/","FECHA_SUBIDA":"2025-08-30 16:15:00","FECHA_REVISION":"2025-08-30 17:45:00","ID_REVISOR":"17","OBSERVACIONES":"Hojas de asistencia completas","OBSERVACIONES_REVISOR":"Faltan firmas en algunas fechas, corregir y volver a subir","VERSION":"1","ACTIVO":"1","FECHA_CREACION":"2025-09-04 06:59:17","FECHA_ACTUALIZACION":"2025-09-04 06:59:17","ID_TIPO_DOCUMENTO_PREPROFESIONAL":"6","TIPO_DOCUMENTO_CODIGO":"PPR-006","TIPO_DOCUMENTO_NOMBRE":"Hojas de Asistencia","TIPO_DOCUMENTO_DESCRIPCION":"Registro f\u00edsico de la asistencia del estudiante en la entidad receptora. Incluye las firmas y sellos para validar las horas de trabajo.","TIPO_DOCUMENTO_ORDEN":"6","TIPO_DOCUMENTO_OBLIGATORIO":"1","ESTADO_REVISION":"Requiere Correcci\u00f3n","ID_ESTUDIANTE":"1","ENTIDAD_RECEPTORA":"Hospital San Vicente de Pa\u00fal","ESTUDIANTE_NOMBRE":"Juan Carlos P\u00e9rez L\u00f3pez","NOMBRE_ESTUDIANTE":"Juan Carlos","APELLIDO_ESTUDIANTE":"P\u00e9rez L\u00f3pez","CEDULA_ESTUDIANTE":"1001234567"},{"ID_DOCUMENTO_PREPROFESIONAL":"16","ID_PRACTICA_PREPROFESIONAL":"1","ID_TIPO_DOCUMENTO":"8","ID_ESTADO_REVISION":"4","NOMBRE_ARCHIVO":"rubrica_evaluacion_entidad_001_20250825.pdf","NOMBRE_ORIGINAL":"R\u00fabrica Evaluaci\u00f3n Entidad - Juan.pdf","TIPO_ARCHIVO":"application\/pdf","TAMANO_ARCHIVO":"87654","RUTA_ARCHIVO":"\/uploads\/documentos-practicas\/","FECHA_SUBIDA":"2025-08-25 15:00:00","FECHA_REVISION":"2025-08-25 16:30:00","ID_REVISOR":"17","OBSERVACIONES":"R\u00fabrica de evaluaci\u00f3n de entidad","OBSERVACIONES_REVISOR":"Documento no tiene sello oficial de la entidad, rechazado","VERSION":"1","ACTIVO":"1","FECHA_CREACION":"2025-09-04 06:59:17","FECHA_ACTUALIZACION":"2025-09-04 06:59:17","ID_TIPO_DOCUMENTO_PREPROFESIONAL":"8","TIPO_DOCUMENTO_CODIGO":"PPR-008","TIPO_DOCUMENTO_NOMBRE":"R\u00fabrica de Evaluaci\u00f3n de Entidad","TIPO_DOCUMENTO_DESCRIPCION":"Formulario de evaluaci\u00f3n del desempe\u00f1o del estudiante, llenado y sellado por la entidad receptora. Valora aspectos como la responsabilidad, la proactividad y la calidad del trabajo.","TIPO_DOCUMENTO_ORDEN":"8","TIPO_DOCUMENTO_OBLIGATORIO":"1","ESTADO_REVISION":"Rechazado","ID_ESTUDIANTE":"1","ENTIDAD_RECEPTORA":"Hospital San Vicente de Pa\u00fal","ESTUDIANTE_NOMBRE":"Juan Carlos P\u00e9rez L\u00f3pez","NOMBRE_ESTUDIANTE":"Juan Carlos","APELLIDO_ESTUDIANTE":"P\u00e9rez L\u00f3pez","CEDULA_ESTUDIANTE":"1001234567"},{"ID_DOCUMENTO_PREPROFESIONAL":"5","ID_PRACTICA_PREPROFESIONAL":"2","ID_TIPO_DOCUMENTO":"2","ID_ESTADO_REVISION":"3","NOMBRE_ARCHIVO":"oficio_entidad_receptora_002_20250702.pdf","NOMBRE_ORIGINAL":"Oficio Entidad Receptora - Banco.pdf","TIPO_ARCHIVO":"application\/pdf","TAMANO_ARCHIVO":"178944","RUTA_ARCHIVO":"\/uploads\/documentos-practicas\/","FECHA_SUBIDA":"2025-07-02 15:45:00","FECHA_REVISION":"2025-07-02 17:20:00","ID_REVISOR":"18","OBSERVACIONES":"Oficio enviado a la entidad receptora","OBSERVACIONES_REVISOR":"Oficio formal y bien estructurado","VERSION":"1","ACTIVO":"1","FECHA_CREACION":"2025-09-04 06:59:17","FECHA_ACTUALIZACION":"2025-09-04 06:59:17","ID_TIPO_DOCUMENTO_PREPROFESIONAL":"2","TIPO_DOCUMENTO_CODIGO":"PPR-002","TIPO_DOCUMENTO_NOMBRE":"Oficio a Entidad Receptora","TIPO_DOCUMENTO_DESCRIPCION":"Carta formal enviada por el estudiante a la instituci\u00f3n \"Instituto Tecnol\u00f3gico Superior Ibarra\", con el prop\u00f3sito de solicitar la oportunidad de realizar sus pr\u00e1cticas de servicio comunitario.","TIPO_DOCUMENTO_ORDEN":"2","TIPO_DOCUMENTO_OBLIGATORIO":"1","ESTADO_REVISION":"Aprobado","ID_ESTUDIANTE":"2","ENTIDAD_RECEPTORA":"Banco del Pac\u00edfico","ESTUDIANTE_NOMBRE":"Mar\u00eda Elena Garc\u00eda Torres","NOMBRE_ESTUDIANTE":"Mar\u00eda Elena","APELLIDO_ESTUDIANTE":"Garc\u00eda Torres","CEDULA_ESTUDIANTE":"1002345678"},{"ID_DOCUMENTO_PREPROFESIONAL":"4","ID_PRACTICA_PREPROFESIONAL":"2","ID_TIPO_DOCUMENTO":"1","ID_ESTADO_REVISION":"3","NOMBRE_ARCHIVO":"oficio_asignacion_tutor_002_20250701.pdf","NOMBRE_ORIGINAL":"Oficio Asignaci\u00f3n Tutor - Mar\u00eda Elena.pdf","TIPO_ARCHIVO":"application\/pdf","TAMANO_ARCHIVO":"234880","RUTA_ARCHIVO":"\/uploads\/documentos-practicas\/","FECHA_SUBIDA":"2025-07-01 11:00:00","FECHA_REVISION":"2025-07-01 13:15:00","ID_REVISOR":"18","OBSERVACIONES":"Documento oficial de asignaci\u00f3n","OBSERVACIONES_REVISOR":"Asignaci\u00f3n correcta del tutor","VERSION":"1","ACTIVO":"1","FECHA_CREACION":"2025-09-04 06:59:17","FECHA_ACTUALIZACION":"2025-09-04 06:59:17","ID_TIPO_DOCUMENTO_PREPROFESIONAL":"1","TIPO_DOCUMENTO_CODIGO":"PPR-001","TIPO_DOCUMENTO_NOMBRE":"Oficio de Asignaci\u00f3n de Tutor","TIPO_DOCUMENTO_DESCRIPCION":"Documento oficial emitido por la coordinaci\u00f3n de la carrera que designa al docente responsable de la tutor\u00eda y seguimiento de las pr\u00e1cticas de servicio comunitario del estudiante.","TIPO_DOCUMENTO_ORDEN":"1","TIPO_DOCUMENTO_OBLIGATORIO":"1","ESTADO_REVISION":"Aprobado","ID_ESTUDIANTE":"2","ENTIDAD_RECEPTORA":"Banco del Pac\u00edfico","ESTUDIANTE_NOMBRE":"Mar\u00eda Elena Garc\u00eda Torres","NOMBRE_ESTUDIANTE":"Mar\u00eda Elena","APELLIDO_ESTUDIANTE":"Garc\u00eda Torres","CEDULA_ESTUDIANTE":"1002345678"},{"ID_DOCUMENTO_PREPROFESIONAL":"3","ID_PRACTICA_PREPROFESIONAL":"1","ID_TIPO_DOCUMENTO":"3","ID_ESTADO_REVISION":"3","NOMBRE_ARCHIVO":"carta_aceptacion_001_20250603.pdf","NOMBRE_ORIGINAL":"Carta Aceptaci\u00f3n - Hospital.pdf","TIPO_ARCHIVO":"application\/pdf","TAMANO_ARCHIVO":"156672","RUTA_ARCHIVO":"\/uploads\/documentos-practicas\/","FECHA_SUBIDA":"2025-06-03 09:15:00","FECHA_REVISION":"2025-06-03 11:20:00","ID_REVISOR":"17","OBSERVACIONES":"Carta de aceptaci\u00f3n de la entidad","OBSERVACIONES_REVISOR":"Carta oficial con sello institucional","VERSION":"1","ACTIVO":"1","FECHA_CREACION":"2025-09-04 06:59:17","FECHA_ACTUALIZACION":"2025-09-04 06:59:17","ID_TIPO_DOCUMENTO_PREPROFESIONAL":"3","TIPO_DOCUMENTO_CODIGO":"PPR-003","TIPO_DOCUMENTO_NOMBRE":"Carta de Aceptaci\u00f3n","TIPO_DOCUMENTO_DESCRIPCION":"Carta oficial de la entidad receptora \"Instituto Tecnol\u00f3gico Superior Ibarra\" que confirma la aceptaci\u00f3n del o los estudiantes para realizar las pr\u00e1cticas de servicio comunitario en sus instalaciones.","TIPO_DOCUMENTO_ORDEN":"3","TIPO_DOCUMENTO_OBLIGATORIO":"1","ESTADO_REVISION":"Aprobado","ID_ESTUDIANTE":"1","ENTIDAD_RECEPTORA":"Hospital San Vicente de Pa\u00fal","ESTUDIANTE_NOMBRE":"Juan Carlos P\u00e9rez L\u00f3pez","NOMBRE_ESTUDIANTE":"Juan Carlos","APELLIDO_ESTUDIANTE":"P\u00e9rez L\u00f3pez","CEDULA_ESTUDIANTE":"1001234567"},{"ID_DOCUMENTO_PREPROFESIONAL":"2","ID_PRACTICA_PREPROFESIONAL":"1","ID_TIPO_DOCUMENTO":"2","ID_ESTADO_REVISION":"3","NOMBRE_ARCHIVO":"oficio_entidad_receptora_001_20250602.pdf","NOMBRE_ORIGINAL":"Oficio Entidad Receptora - Hospital.pdf","TIPO_ARCHIVO":"application\/pdf","TAMANO_ARCHIVO":"189440","RUTA_ARCHIVO":"\/uploads\/documentos-practicas\/","FECHA_SUBIDA":"2025-06-02 14:30:00","FECHA_REVISION":"2025-06-02 16:45:00","ID_REVISOR":"17","OBSERVACIONES":"Oficio enviado a la entidad receptora","OBSERVACIONES_REVISOR":"Oficio bien redactado y formal","VERSION":"1","ACTIVO":"1","FECHA_CREACION":"2025-09-04 06:59:17","FECHA_ACTUALIZACION":"2025-09-04 06:59:17","ID_TIPO_DOCUMENTO_PREPROFESIONAL":"2","TIPO_DOCUMENTO_CODIGO":"PPR-002","TIPO_DOCUMENTO_NOMBRE":"Oficio a Entidad Receptora","TIPO_DOCUMENTO_DESCRIPCION":"Carta formal enviada por el estudiante a la instituci\u00f3n \"Instituto Tecnol\u00f3gico Superior Ibarra\", con el prop\u00f3sito de solicitar la oportunidad de realizar sus pr\u00e1cticas de servicio comunitario.","TIPO_DOCUMENTO_ORDEN":"2","TIPO_DOCUMENTO_OBLIGATORIO":"1","ESTADO_REVISION":"Aprobado","ID_ESTUDIANTE":"1","ENTIDAD_RECEPTORA":"Hospital San Vicente de Pa\u00fal","ESTUDIANTE_NOMBRE":"Juan Carlos P\u00e9rez L\u00f3pez","NOMBRE_ESTUDIANTE":"Juan Carlos","APELLIDO_ESTUDIANTE":"P\u00e9rez L\u00f3pez","CEDULA_ESTUDIANTE":"1001234567"},{"ID_DOCUMENTO_PREPROFESIONAL":"1","ID_PRACTICA_PREPROFESIONAL":"1","ID_TIPO_DOCUMENTO":"1","ID_ESTADO_REVISION":"3","NOMBRE_ARCHIVO":"oficio_asignacion_tutor_001_20250601.pdf","NOMBRE_ORIGINAL":"Oficio Asignaci\u00f3n Tutor - Juan Carlos.pdf","TIPO_ARCHIVO":"application\/pdf","TAMANO_ARCHIVO":"245760","RUTA_ARCHIVO":"\/uploads\/documentos-practicas\/","FECHA_SUBIDA":"2025-06-01 10:00:00","FECHA_REVISION":"2025-06-01 14:30:00","ID_REVISOR":"17","OBSERVACIONES":"Documento oficial de asignaci\u00f3n","OBSERVACIONES_REVISOR":"Documento aprobado correctamente","VERSION":"1","ACTIVO":"1","FECHA_CREACION":"2025-09-04 06:59:17","FECHA_ACTUALIZACION":"2025-09-04 06:59:17","ID_TIPO_DOCUMENTO_PREPROFESIONAL":"1","TIPO_DOCUMENTO_CODIGO":"PPR-001","TIPO_DOCUMENTO_NOMBRE":"Oficio de Asignaci\u00f3n de Tutor","TIPO_DOCUMENTO_DESCRIPCION":"Documento oficial emitido por la coordinaci\u00f3n de la carrera que designa al docente responsable de la tutor\u00eda y seguimiento de las pr\u00e1cticas de servicio comunitario del estudiante.","TIPO_DOCUMENTO_ORDEN":"1","TIPO_DOCUMENTO_OBLIGATORIO":"1","ESTADO_REVISION":"Aprobado","ID_ESTUDIANTE":"1","ENTIDAD_RECEPTORA":"Hospital San Vicente de Pa\u00fal","ESTUDIANTE_NOMBRE":"Juan Carlos P\u00e9rez L\u00f3pez","NOMBRE_ESTUDIANTE":"Juan Carlos","APELLIDO_ESTUDIANTE":"P\u00e9rez L\u00f3pez","CEDULA_ESTUDIANTE":"1001234567"}]
DEBUG - 2026-03-02 11:23:44 --> Session: Class initialized using 'CodeIgniter\Session\Handlers\FileHandler' driver.
DEBUG - 2026-03-02 11:23:45 --> Actividades cargadas: [{"ID_ACTIVIDAD_EDUCACION":"3","ID_PERIODO_ACADEMICO":null,"ID_INSTRUCTOR":"3","ID_TIPO_MODALIDAD":"1","ID_TIPO_ACTIVIDAD":"3","ID_USUARIO":"1","NOMBRE_ACTIVIDAD":"Inteligencia Artificial y Machine Learning","DESCRIPCION":"Seminario sobre tendencias actuales en IA y aplicaciones pr\u00e1cticas.","OBJETIVOS":"Actualizar conocimientos en inteligencia artificial y sus aplicaciones","DURACION_HORAS":"16","FECHA_INICIO":"2025-12-15","FECHA_FIN":"2025-12-16","LUGAR":"Auditorio Principal","HORARIO":"8:00-17:00","INCLUYE_CERTIFICADO":"1","PROGRAMA_DETALLADO":"Introducci\u00f3n a la IA\nMachine Learning b\u00e1sico\nDeep Learning\nAplicaciones pr\u00e1cticas\nCasos de estudio","ACTIVIDAD":"Seminario","MODALIDAD":"Presencial","ESPECIALIDAD":"Inteligencia Artificial","NOMBRE":"Mar\u00eda","APELLIDO":"Gonz\u00e1lez"},{"ID_ACTIVIDAD_EDUCACION":"5","ID_PERIODO_ACADEMICO":null,"ID_INSTRUCTOR":"2","ID_TIPO_MODALIDAD":"2","ID_TIPO_ACTIVIDAD":"2","ID_USUARIO":"1","NOMBRE_ACTIVIDAD":"Configuraci\u00f3n de Redes","DESCRIPCION":"Taller de configuraci\u00f3n y administraci\u00f3n de redes de computadoras.","OBJETIVOS":"Capacitar en configuraci\u00f3n y administraci\u00f3n de redes","DURACION_HORAS":"32","FECHA_INICIO":"2025-11-01","FECHA_FIN":"2025-11-30","LUGAR":"Laboratorio de Redes","HORARIO":"S\u00e1bados 8:00-12:00","INCLUYE_CERTIFICADO":"1","PROGRAMA_DETALLADO":"Protocolos de red\nConfiguraci\u00f3n de routers\nSwitches y VLANs\nSeguridad en redes","ACTIVIDAD":"Taller","MODALIDAD":"Virtual","ESPECIALIDAD":"Hardware y Redes","NOMBRE":"Ana","APELLIDO":"Ruiz"},{"ID_ACTIVIDAD_EDUCACION":"2","ID_PERIODO_ACADEMICO":null,"ID_INSTRUCTOR":"2","ID_TIPO_MODALIDAD":"2","ID_TIPO_ACTIVIDAD":"2","ID_USUARIO":"1","NOMBRE_ACTIVIDAD":"Reparaci\u00f3n de Equipos de C\u00f3mputo","DESCRIPCION":"Taller pr\u00e1ctico de mantenimiento y reparaci\u00f3n de hardware de computadoras.","OBJETIVOS":"Capacitar en t\u00e9cnicas de diagn\u00f3stico y reparaci\u00f3n de equipos","DURACION_HORAS":"40","FECHA_INICIO":"2025-10-01","FECHA_FIN":"2025-10-31","LUGAR":"Plataforma Virtual","HORARIO":"S\u00e1bados 9:00-13:00","INCLUYE_CERTIFICADO":"1","PROGRAMA_DETALLADO":"Diagn\u00f3stico de problemas\nReparaci\u00f3n de hardware\nMantenimiento preventivo\nInstalaci\u00f3n de software","ACTIVIDAD":"Taller","MODALIDAD":"Virtual","ESPECIALIDAD":"Hardware y Redes","NOMBRE":"Ana","APELLIDO":"Ruiz"},{"ID_ACTIVIDAD_EDUCACION":"1","ID_PERIODO_ACADEMICO":null,"ID_INSTRUCTOR":"1","ID_TIPO_MODALIDAD":"1","ID_TIPO_ACTIVIDAD":"1","ID_USUARIO":"1","NOMBRE_ACTIVIDAD":"Desarrollo Web Full Stack","DESCRIPCION":"Curso completo de desarrollo web con tecnolog\u00edas modernas como React, Node.js, MongoDB y m\u00e1s.","OBJETIVOS":"Formar desarrolladores full stack competentes en tecnolog\u00edas web modernas","DURACION_HORAS":"4","FECHA_INICIO":"2025-08-18","FECHA_FIN":"2025-08-19","LUGAR":"Laboratorio de Programaci\u00f3n","HORARIO":"Lunes a Martess 16:00-18:00","INCLUYE_CERTIFICADO":"1","PROGRAMA_DETALLADO":"M\u00f3dulo 1: HTML\/CSS\/JavaScript\r\nM\u00f3dulo 2: React.js\r\nM\u00f3dulo 3: Node.js\r\nM\u00f3dulo 4: Base de datos\r\nM\u00f3dulo 5: Proyecto final","ACTIVIDAD":"Curso","MODALIDAD":"Presencial","ESPECIALIDAD":"Desarrollo de Software","NOMBRE":"Carlos","APELLIDO":"Mendoza"},{"ID_ACTIVIDAD_EDUCACION":"4","ID_PERIODO_ACADEMICO":null,"ID_INSTRUCTOR":"1","ID_TIPO_MODALIDAD":"1","ID_TIPO_ACTIVIDAD":"1","ID_USUARIO":"1","NOMBRE_ACTIVIDAD":"Programaci\u00f3n en Python","DESCRIPCION":"Curso introductorio de programaci\u00f3n usando Python como lenguaje principal.","OBJETIVOS":"Ense\u00f1ar los fundamentos de programaci\u00f3n usando Python","DURACION_HORAS":"80","FECHA_INICIO":"2025-08-01","FECHA_FIN":"2025-09-30","LUGAR":"Laboratorio de Programaci\u00f3n","HORARIO":"Martes y Jueves 18:00-20:00","INCLUYE_CERTIFICADO":"1","PROGRAMA_DETALLADO":"Variables y tipos de datos\nEstructuras de control\nFunciones\nPOO\nLibrer\u00edas b\u00e1sicas","ACTIVIDAD":"Curso","MODALIDAD":"Presencial","ESPECIALIDAD":"Desarrollo de Software","NOMBRE":"Carlos","APELLIDO":"Mendoza"}]
DEBUG - 2026-03-02 11:23:45 --> Session: Class initialized using 'CodeIgniter\Session\Handlers\FileHandler' driver.
DEBUG - 2026-03-02 15:26:10 --> Actividades cargadas: [{"ID_ACTIVIDAD_EDUCACION":"3","ID_PERIODO_ACADEMICO":null,"ID_INSTRUCTOR":"3","ID_TIPO_MODALIDAD":"1","ID_TIPO_ACTIVIDAD":"3","ID_USUARIO":"1","NOMBRE_ACTIVIDAD":"Inteligencia Artificial y Machine Learning","DESCRIPCION":"Seminario sobre tendencias actuales en IA y aplicaciones pr\u00e1cticas.","OBJETIVOS":"Actualizar conocimientos en inteligencia artificial y sus aplicaciones","DURACION_HORAS":"16","FECHA_INICIO":"2025-12-15","FECHA_FIN":"2025-12-16","LUGAR":"Auditorio Principal","HORARIO":"8:00-17:00","INCLUYE_CERTIFICADO":"1","PROGRAMA_DETALLADO":"Introducci\u00f3n a la IA\nMachine Learning b\u00e1sico\nDeep Learning\nAplicaciones pr\u00e1cticas\nCasos de estudio","ACTIVIDAD":"Seminario","MODALIDAD":"Presencial","ESPECIALIDAD":"Inteligencia Artificial","NOMBRE":"Mar\u00eda","APELLIDO":"Gonz\u00e1lez"},{"ID_ACTIVIDAD_EDUCACION":"5","ID_PERIODO_ACADEMICO":null,"ID_INSTRUCTOR":"2","ID_TIPO_MODALIDAD":"2","ID_TIPO_ACTIVIDAD":"2","ID_USUARIO":"1","NOMBRE_ACTIVIDAD":"Configuraci\u00f3n de Redes","DESCRIPCION":"Taller de configuraci\u00f3n y administraci\u00f3n de redes de computadoras.","OBJETIVOS":"Capacitar en configuraci\u00f3n y administraci\u00f3n de redes","DURACION_HORAS":"32","FECHA_INICIO":"2025-11-01","FECHA_FIN":"2025-11-30","LUGAR":"Laboratorio de Redes","HORARIO":"S\u00e1bados 8:00-12:00","INCLUYE_CERTIFICADO":"1","PROGRAMA_DETALLADO":"Protocolos de red\nConfiguraci\u00f3n de routers\nSwitches y VLANs\nSeguridad en redes","ACTIVIDAD":"Taller","MODALIDAD":"Virtual","ESPECIALIDAD":"Hardware y Redes","NOMBRE":"Ana","APELLIDO":"Ruiz"},{"ID_ACTIVIDAD_EDUCACION":"2","ID_PERIODO_ACADEMICO":null,"ID_INSTRUCTOR":"2","ID_TIPO_MODALIDAD":"2","ID_TIPO_ACTIVIDAD":"2","ID_USUARIO":"1","NOMBRE_ACTIVIDAD":"Reparaci\u00f3n de Equipos de C\u00f3mputo","DESCRIPCION":"Taller pr\u00e1ctico de mantenimiento y reparaci\u00f3n de hardware de computadoras.","OBJETIVOS":"Capacitar en t\u00e9cnicas de diagn\u00f3stico y reparaci\u00f3n de equipos","DURACION_HORAS":"40","FECHA_INICIO":"2025-10-01","FECHA_FIN":"2025-10-31","LUGAR":"Plataforma Virtual","HORARIO":"S\u00e1bados 9:00-13:00","INCLUYE_CERTIFICADO":"1","PROGRAMA_DETALLADO":"Diagn\u00f3stico de problemas\nReparaci\u00f3n de hardware\nMantenimiento preventivo\nInstalaci\u00f3n de software","ACTIVIDAD":"Taller","MODALIDAD":"Virtual","ESPECIALIDAD":"Hardware y Redes","NOMBRE":"Ana","APELLIDO":"Ruiz"},{"ID_ACTIVIDAD_EDUCACION":"1","ID_PERIODO_ACADEMICO":null,"ID_INSTRUCTOR":"1","ID_TIPO_MODALIDAD":"1","ID_TIPO_ACTIVIDAD":"1","ID_USUARIO":"1","NOMBRE_ACTIVIDAD":"Desarrollo Web Full Stack","DESCRIPCION":"Curso completo de desarrollo web con tecnolog\u00edas modernas como React, Node.js, MongoDB y m\u00e1s.","OBJETIVOS":"Formar desarrolladores full stack competentes en tecnolog\u00edas web modernas","DURACION_HORAS":"4","FECHA_INICIO":"2025-08-18","FECHA_FIN":"2025-08-19","LUGAR":"Laboratorio de Programaci\u00f3n","HORARIO":"Lunes a Martess 16:00-18:00","INCLUYE_CERTIFICADO":"1","PROGRAMA_DETALLADO":"M\u00f3dulo 1: HTML\/CSS\/JavaScript\r\nM\u00f3dulo 2: React.js\r\nM\u00f3dulo 3: Node.js\r\nM\u00f3dulo 4: Base de datos\r\nM\u00f3dulo 5: Proyecto final","ACTIVIDAD":"Curso","MODALIDAD":"Presencial","ESPECIALIDAD":"Desarrollo de Software","NOMBRE":"Carlos","APELLIDO":"Mendoza"},{"ID_ACTIVIDAD_EDUCACION":"4","ID_PERIODO_ACADEMICO":null,"ID_INSTRUCTOR":"1","ID_TIPO_MODALIDAD":"1","ID_TIPO_ACTIVIDAD":"1","ID_USUARIO":"1","NOMBRE_ACTIVIDAD":"Programaci\u00f3n en Python","DESCRIPCION":"Curso introductorio de programaci\u00f3n usando Python como lenguaje principal.","OBJETIVOS":"Ense\u00f1ar los fundamentos de programaci\u00f3n usando Python","DURACION_HORAS":"80","FECHA_INICIO":"2025-08-01","FECHA_FIN":"2025-09-30","LUGAR":"Laboratorio de Programaci\u00f3n","HORARIO":"Martes y Jueves 18:00-20:00","INCLUYE_CERTIFICADO":"1","PROGRAMA_DETALLADO":"Variables y tipos de datos\nEstructuras de control\nFunciones\nPOO\nLibrer\u00edas b\u00e1sicas","ACTIVIDAD":"Curso","MODALIDAD":"Presencial","ESPECIALIDAD":"Desarrollo de Software","NOMBRE":"Carlos","APELLIDO":"Mendoza"}]
DEBUG - 2026-03-02 15:26:10 --> Session: Class initialized using 'CodeIgniter\Session\Handlers\FileHandler' driver.
DEBUG - 2026-03-02 15:26:17 --> Session: Class initialized using 'CodeIgniter\Session\Handlers\FileHandler' driver.
INFO - 2026-03-02 15:26:17 --> Iniciando proceso de cierre de sesión para usuario: desconocido
INFO - 2026-03-02 15:26:17 --> Sesión cerrada exitosamente
DEBUG - 2026-03-02 15:26:17 --> Session: Class initialized using 'CodeIgniter\Session\Handlers\FileHandler' driver.
DEBUG - 2026-03-02 15:56:04 --> Session: Class initialized using 'CodeIgniter\Session\Handlers\FileHandler' driver.
INFO - 2026-03-02 15:56:04 --> Usuario autenticado: 1004191845 con rol: 1
DEBUG - 2026-03-02 15:56:04 --> Session: Class initialized using 'CodeIgniter\Session\Handlers\FileHandler' driver.
DEBUG - 2026-03-02 15:56:04 --> Estadísticas mensuales: [{"mes":"Abr 2025","actividades":0,"practicas":0},{"mes":"May 2025","actividades":0,"practicas":0},{"mes":"Jun 2025","actividades":0,"practicas":1},{"mes":"Jul 2025","actividades":0,"practicas":1},{"mes":"Ago 2025","actividades":2,"practicas":1},{"mes":"Sep 2025","actividades":0,"practicas":1},{"mes":"Oct 2025","actividades":1,"practicas":1},{"mes":"Nov 2025","actividades":1,"practicas":1},{"mes":"Dic 2025","actividades":1,"practicas":1},{"mes":"Ene 2026","actividades":0,"practicas":1},{"mes":"Feb 2026","actividades":0,"practicas":1},{"mes":"Mar 2026","actividades":0,"practicas":1}]
DEBUG - 2026-03-02 15:56:04 --> Distribución carreras: [{"CARRERA":"Desarrollo de Software","TOTAL":"5"},{"CARRERA":"Dise\u00f1o Gr\u00e1fico","TOTAL":"4"},{"CARRERA":"Redes y Telecomunicaciones","TOTAL":"3"},{"CARRERA":"Administraci\u00f3n","TOTAL":"2"},{"CARRERA":"Marketing Digital y Comercio Electronico","TOTAL":"1"},{"CARRERA":"Atenci\u00f3n Integral a Adultos Mayores","TOTAL":"1"}]
DEBUG - 2026-03-02 16:54:45 --> Session: Class initialized using 'CodeIgniter\Session\Handlers\FileHandler' driver.
DEBUG - 2026-03-02 16:54:48 --> Session: Class initialized using 'CodeIgniter\Session\Handlers\FileHandler' driver.
DEBUG - 2026-03-02 16:54:48 --> Session: Class initialized using 'CodeIgniter\Session\Handlers\FileHandler' driver.
DEBUG - 2026-03-02 16:54:48 --> Total evaluaciones en BD: 3
DEBUG - 2026-03-02 16:54:48 --> Evaluaciones activas encontradas: 3
DEBUG - 2026-03-02 16:54:48 --> Session: Class initialized using 'CodeIgniter\Session\Handlers\FileHandler' driver.
DEBUG - 2026-03-02 17:04:31 --> Session: Class initialized using 'CodeIgniter\Session\Handlers\FileHandler' driver.
DEBUG - 2026-03-02 17:04:31 --> Session: Class initialized using 'CodeIgniter\Session\Handlers\FileHandler' driver.
DEBUG - 2026-03-02 17:04:31 --> Total evaluaciones en BD: 3
DEBUG - 2026-03-02 17:04:31 --> Evaluaciones activas encontradas: 3
DEBUG - 2026-03-02 17:04:31 --> Session: Class initialized using 'CodeIgniter\Session\Handlers\FileHandler' driver.
DEBUG - 2026-03-02 17:04:34 --> Session: Class initialized using 'CodeIgniter\Session\Handlers\FileHandler' driver.
DEBUG - 2026-03-02 17:04:36 --> Session: Class initialized using 'CodeIgniter\Session\Handlers\FileHandler' driver.
DEBUG - 2026-03-02 17:06:06 --> Session: Class initialized using 'CodeIgniter\Session\Handlers\FileHandler' driver.
DEBUG - 2026-03-02 17:06:40 --> Consulta SQL: SELECT *
FROM `TAB_DOCUMENTOS_PRACTICAS_PREPROFESIONALES` `dp`
DEBUG - 2026-03-02 17:06:40 --> Resultados obtenidos: 9
DEBUG - 2026-03-02 17:06:40 --> Tipos de documentos en index: [{"ID_TIPO_DOCUMENTO_PREPROFESIONAL":"1","CODIGO":"PPR-001","NOMBRE":"Oficio de Asignaci\u00f3n de Tutor","DESCRIPCION":"Documento oficial emitido por la coordinaci\u00f3n de la carrera que designa al docente responsable de la tutor\u00eda y seguimiento de las pr\u00e1cticas de servicio comunitario del estudiante.","ORDEN":"1","OBLIGATORIO":"1","ACTIVO":"1","FECHA_CREACION":"2025-09-04 06:59:17","FECHA_ACTUALIZACION":"2025-09-04 06:59:17"},{"ID_TIPO_DOCUMENTO_PREPROFESIONAL":"2","CODIGO":"PPR-002","NOMBRE":"Oficio a Entidad Receptora","DESCRIPCION":"Carta formal enviada por el estudiante a la instituci\u00f3n \"Instituto Tecnol\u00f3gico Superior Ibarra\", con el prop\u00f3sito de solicitar la oportunidad de realizar sus pr\u00e1cticas de servicio comunitario.","ORDEN":"2","OBLIGATORIO":"1","ACTIVO":"1","FECHA_CREACION":"2025-09-04 06:59:17","FECHA_ACTUALIZACION":"2025-09-04 06:59:17"},{"ID_TIPO_DOCUMENTO_PREPROFESIONAL":"3","CODIGO":"PPR-003","NOMBRE":"Carta de Aceptaci\u00f3n","DESCRIPCION":"Carta oficial de la entidad receptora \"Instituto Tecnol\u00f3gico Superior Ibarra\" que confirma la aceptaci\u00f3n del o los estudiantes para realizar las pr\u00e1cticas de servicio comunitario en sus instalaciones.","ORDEN":"3","OBLIGATORIO":"1","ACTIVO":"1","FECHA_CREACION":"2025-09-04 06:59:17","FECHA_ACTUALIZACION":"2025-09-04 06:59:17"},{"ID_TIPO_DOCUMENTO_PREPROFESIONAL":"4","CODIGO":"PPR-004","NOMBRE":"Solicitud Institucional Valorada","DESCRIPCION":"Documento de solicitud formal dirigido al Sr. Rector, Dr. Mario Montenegro, pidiendo la aprobaci\u00f3n institucional para la realizaci\u00f3n de las pr\u00e1cticas de servicio comunitario.","ORDEN":"4","OBLIGATORIO":"1","ACTIVO":"1","FECHA_CREACION":"2025-09-04 06:59:17","FECHA_ACTUALIZACION":"2025-09-04 06:59:17"},{"ID_TIPO_DOCUMENTO_PREPROFESIONAL":"5","CODIGO":"PPR-005","NOMBRE":"Certificado de Culminaci\u00f3n de Horas","DESCRIPCION":"Certificado emitido por la entidad receptora \"Instituto Tecnol\u00f3gico Superior Ibarra\" que acredita que el estudiante ha completado las 60 horas requeridas de pr\u00e1cticas de servicio comunitario.","ORDEN":"5","OBLIGATORIO":"1","ACTIVO":"1","FECHA_CREACION":"2025-09-04 06:59:17","FECHA_ACTUALIZACION":"2025-09-04 06:59:17"},{"ID_TIPO_DOCUMENTO_PREPROFESIONAL":"6","CODIGO":"PPR-006","NOMBRE":"Hojas de Asistencia","DESCRIPCION":"Registro f\u00edsico de la asistencia del estudiante en la entidad receptora. Incluye las firmas y sellos para validar las horas de trabajo.","ORDEN":"6","OBLIGATORIO":"1","ACTIVO":"1","FECHA_CREACION":"2025-09-04 06:59:17","FECHA_ACTUALIZACION":"2025-09-04 06:59:17"},{"ID_TIPO_DOCUMENTO_PREPROFESIONAL":"7","CODIGO":"PPR-007","NOMBRE":"Ficha de Registro de Actividades","DESCRIPCION":"Documento detallado en el que el estudiante registra las actividades espec\u00edficas realizadas durante sus pr\u00e1cticas, incluyendo fechas y descripciones.","ORDEN":"7","OBLIGATORIO":"1","ACTIVO":"1","FECHA_CREACION":"2025-09-04 06:59:17","FECHA_ACTUALIZACION":"2025-09-04 06:59:17"},{"ID_TIPO_DOCUMENTO_PREPROFESIONAL":"8","CODIGO":"PPR-008","NOMBRE":"R\u00fabrica de Evaluaci\u00f3n de Entidad","DESCRIPCION":"Formulario de evaluaci\u00f3n del desempe\u00f1o del estudiante, llenado y sellado por la entidad receptora. Valora aspectos como la responsabilidad, la proactividad y la calidad del trabajo.","ORDEN":"8","OBLIGATORIO":"1","ACTIVO":"1","FECHA_CREACION":"2025-09-04 06:59:17","FECHA_ACTUALIZACION":"2025-09-04 06:59:17"},{"ID_TIPO_DOCUMENTO_PREPROFESIONAL":"9","CODIGO":"PPR-009","NOMBRE":"Ficha de Control y Seguimiento Docente","DESCRIPCION":"Documento utilizado por el tutor docente para registrar el seguimiento acad\u00e9mico del estudiante durante las pr\u00e1cticas. Incluye visitas o revisiones peri\u00f3dicas.","ORDEN":"9","OBLIGATORIO":"1","ACTIVO":"1","FECHA_CREACION":"2025-09-04 06:59:17","FECHA_ACTUALIZACION":"2025-09-04 06:59:17"},{"ID_TIPO_DOCUMENTO_PREPROFESIONAL":"10","CODIGO":"PPR-010","NOMBRE":"R\u00fabrica de Evaluaci\u00f3n Docente","DESCRIPCION":"R\u00fabrica de evaluaci\u00f3n llenada y firmada por el tutor docente. Califica el desempe\u00f1o del estudiante en base a los criterios acad\u00e9micos del programa.","ORDEN":"10","OBLIGATORIO":"1","ACTIVO":"1","FECHA_CREACION":"2025-09-04 06:59:17","FECHA_ACTUALIZACION":"2025-09-04 06:59:17"},{"ID_TIPO_DOCUMENTO_PREPROFESIONAL":"11","CODIGO":"PPR-011","NOMBRE":"R\u00fabrica de Evaluaci\u00f3n de Resultados","DESCRIPCION":"Evaluaci\u00f3n final realizada por el Departamento de Vinculaci\u00f3n con la Sociedad, que valora los resultados y el impacto del proyecto de servicio comunitario en su conjunto.","ORDEN":"11","OBLIGATORIO":"1","ACTIVO":"1","FECHA_CREACION":"2025-09-04 06:59:17","FECHA_ACTUALIZACION":"2025-09-04 06:59:17"},{"ID_TIPO_DOCUMENTO_PREPROFESIONAL":"12","CODIGO":"PPR-012","NOMBRE":"Evidencia Fotogr\u00e1fica y Digital","DESCRIPCION":"Material de apoyo visual y digital, como fotos, capturas, videos o impresiones, que documenta y comprueba la realizaci\u00f3n de las actividades y trabajos del proyecto.","ORDEN":"12","OBLIGATORIO":"1","ACTIVO":"1","FECHA_CREACION":"2025-09-04 06:59:17","FECHA_ACTUALIZACION":"2025-09-04 06:59:17"}]
DEBUG - 2026-03-02 17:06:40 --> Session: Class initialized using 'CodeIgniter\Session\Handlers\FileHandler' driver.
DEBUG - 2026-03-02 17:06:41 --> Consulta SQL: SELECT *
FROM `TAB_DOCUMENTOS_PRACTICAS_PREPROFESIONALES` `dp`
DEBUG - 2026-03-02 17:06:41 --> Resultados obtenidos: 9
DEBUG - 2026-03-02 17:06:41 --> Documentos obtenidos: [{"ID_DOCUMENTO_PREPROFESIONAL":"17","ID_PRACTICA_PREPROFESIONAL":"2","ID_TIPO_DOCUMENTO":"9","ID_ESTADO_REVISION":"4","NOMBRE_ARCHIVO":"ficha_control_seguimiento_002_20250920.pdf","NOMBRE_ORIGINAL":"Ficha Control Seguimiento - Mar\u00eda.pdf","TIPO_ARCHIVO":"application\/pdf","TAMANO_ARCHIVO":"112233","RUTA_ARCHIVO":"\/uploads\/documentos-practicas\/","FECHA_SUBIDA":"2025-09-20 10:15:00","FECHA_REVISION":"2025-09-20 12:45:00","ID_REVISOR":"18","OBSERVACIONES":"Ficha de control y seguimiento docente","OBSERVACIONES_REVISOR":"Faltan las firmas del tutor docente, documento inv\u00e1lido","VERSION":"1","ACTIVO":"1","FECHA_CREACION":"2025-09-04 06:59:17","FECHA_ACTUALIZACION":"2025-09-04 06:59:17","ID_TIPO_DOCUMENTO_PREPROFESIONAL":"9","TIPO_DOCUMENTO_CODIGO":"PPR-009","TIPO_DOCUMENTO_NOMBRE":"Ficha de Control y Seguimiento Docente","TIPO_DOCUMENTO_DESCRIPCION":"Documento utilizado por el tutor docente para registrar el seguimiento acad\u00e9mico del estudiante durante las pr\u00e1cticas. Incluye visitas o revisiones peri\u00f3dicas.","TIPO_DOCUMENTO_ORDEN":"9","TIPO_DOCUMENTO_OBLIGATORIO":"1","ESTADO_REVISION":"Rechazado","ID_ESTUDIANTE":"2","ENTIDAD_RECEPTORA":"Banco del Pac\u00edfico","ESTUDIANTE_NOMBRE":"Mar\u00eda Elena Garc\u00eda Torres","NOMBRE_ESTUDIANTE":"Mar\u00eda Elena","APELLIDO_ESTUDIANTE":"Garc\u00eda Torres","CEDULA_ESTUDIANTE":"1002345678"},{"ID_DOCUMENTO_PREPROFESIONAL":"15","ID_PRACTICA_PREPROFESIONAL":"2","ID_TIPO_DOCUMENTO":"7","ID_ESTADO_REVISION":"5","NOMBRE_ARCHIVO":"ficha_registro_actividades_002_20250915.pdf","NOMBRE_ORIGINAL":"Ficha Registro Actividades - Mar\u00eda.pdf","TIPO_ARCHIVO":"application\/pdf","TAMANO_ARCHIVO":"98765","RUTA_ARCHIVO":"\/uploads\/documentos-practicas\/","FECHA_SUBIDA":"2025-09-15 11:30:00","FECHA_REVISION":"2025-09-15 14:20:00","ID_REVISOR":"18","OBSERVACIONES":"Ficha de registro de actividades","OBSERVACIONES_REVISOR":"Descripci\u00f3n de actividades muy general, especificar m\u00e1s detalles","VERSION":"1","ACTIVO":"1","FECHA_CREACION":"2025-09-04 06:59:17","FECHA_ACTUALIZACION":"2025-09-04 06:59:17","ID_TIPO_DOCUMENTO_PREPROFESIONAL":"7","TIPO_DOCUMENTO_CODIGO":"PPR-007","TIPO_DOCUMENTO_NOMBRE":"Ficha de Registro de Actividades","TIPO_DOCUMENTO_DESCRIPCION":"Documento detallado en el que el estudiante registra las actividades espec\u00edficas realizadas durante sus pr\u00e1cticas, incluyendo fechas y descripciones.","TIPO_DOCUMENTO_ORDEN":"7","TIPO_DOCUMENTO_OBLIGATORIO":"1","ESTADO_REVISION":"Requiere Correcci\u00f3n","ID_ESTUDIANTE":"2","ENTIDAD_RECEPTORA":"Banco del Pac\u00edfico","ESTUDIANTE_NOMBRE":"Mar\u00eda Elena Garc\u00eda Torres","NOMBRE_ESTUDIANTE":"Mar\u00eda Elena","APELLIDO_ESTUDIANTE":"Garc\u00eda Torres","CEDULA_ESTUDIANTE":"1002345678"},{"ID_DOCUMENTO_PREPROFESIONAL":"14","ID_PRACTICA_PREPROFESIONAL":"1","ID_TIPO_DOCUMENTO":"6","ID_ESTADO_REVISION":"5","NOMBRE_ARCHIVO":"hojas_asistencia_001_20250830.pdf","NOMBRE_ORIGINAL":"Hojas de Asistencia - Juan Carlos.pdf","TIPO_ARCHIVO":"application\/pdf","TAMANO_ARCHIVO":"123456","RUTA_ARCHIVO":"\/uploads\/documentos-practicas\/","FECHA_SUBIDA":"2025-08-30 16:15:00","FECHA_REVISION":"2025-08-30 17:45:00","ID_REVISOR":"17","OBSERVACIONES":"Hojas de asistencia completas","OBSERVACIONES_REVISOR":"Faltan firmas en algunas fechas, corregir y volver a subir","VERSION":"1","ACTIVO":"1","FECHA_CREACION":"2025-09-04 06:59:17","FECHA_ACTUALIZACION":"2025-09-04 06:59:17","ID_TIPO_DOCUMENTO_PREPROFESIONAL":"6","TIPO_DOCUMENTO_CODIGO":"PPR-006","TIPO_DOCUMENTO_NOMBRE":"Hojas de Asistencia","TIPO_DOCUMENTO_DESCRIPCION":"Registro f\u00edsico de la asistencia del estudiante en la entidad receptora. Incluye las firmas y sellos para validar las horas de trabajo.","TIPO_DOCUMENTO_ORDEN":"6","TIPO_DOCUMENTO_OBLIGATORIO":"1","ESTADO_REVISION":"Requiere Correcci\u00f3n","ID_ESTUDIANTE":"1","ENTIDAD_RECEPTORA":"Hospital San Vicente de Pa\u00fal","ESTUDIANTE_NOMBRE":"Juan Carlos P\u00e9rez L\u00f3pez","NOMBRE_ESTUDIANTE":"Juan Carlos","APELLIDO_ESTUDIANTE":"P\u00e9rez L\u00f3pez","CEDULA_ESTUDIANTE":"1001234567"},{"ID_DOCUMENTO_PREPROFESIONAL":"16","ID_PRACTICA_PREPROFESIONAL":"1","ID_TIPO_DOCUMENTO":"8","ID_ESTADO_REVISION":"4","NOMBRE_ARCHIVO":"rubrica_evaluacion_entidad_001_20250825.pdf","NOMBRE_ORIGINAL":"R\u00fabrica Evaluaci\u00f3n Entidad - Juan.pdf","TIPO_ARCHIVO":"application\/pdf","TAMANO_ARCHIVO":"87654","RUTA_ARCHIVO":"\/uploads\/documentos-practicas\/","FECHA_SUBIDA":"2025-08-25 15:00:00","FECHA_REVISION":"2025-08-25 16:30:00","ID_REVISOR":"17","OBSERVACIONES":"R\u00fabrica de evaluaci\u00f3n de entidad","OBSERVACIONES_REVISOR":"Documento no tiene sello oficial de la entidad, rechazado","VERSION":"1","ACTIVO":"1","FECHA_CREACION":"2025-09-04 06:59:17","FECHA_ACTUALIZACION":"2025-09-04 06:59:17","ID_TIPO_DOCUMENTO_PREPROFESIONAL":"8","TIPO_DOCUMENTO_CODIGO":"PPR-008","TIPO_DOCUMENTO_NOMBRE":"R\u00fabrica de Evaluaci\u00f3n de Entidad","TIPO_DOCUMENTO_DESCRIPCION":"Formulario de evaluaci\u00f3n del desempe\u00f1o del estudiante, llenado y sellado por la entidad receptora. Valora aspectos como la responsabilidad, la proactividad y la calidad del trabajo.","TIPO_DOCUMENTO_ORDEN":"8","TIPO_DOCUMENTO_OBLIGATORIO":"1","ESTADO_REVISION":"Rechazado","ID_ESTUDIANTE":"1","ENTIDAD_RECEPTORA":"Hospital San Vicente de Pa\u00fal","ESTUDIANTE_NOMBRE":"Juan Carlos P\u00e9rez L\u00f3pez","NOMBRE_ESTUDIANTE":"Juan Carlos","APELLIDO_ESTUDIANTE":"P\u00e9rez L\u00f3pez","CEDULA_ESTUDIANTE":"1001234567"},{"ID_DOCUMENTO_PREPROFESIONAL":"5","ID_PRACTICA_PREPROFESIONAL":"2","ID_TIPO_DOCUMENTO":"2","ID_ESTADO_REVISION":"3","NOMBRE_ARCHIVO":"oficio_entidad_receptora_002_20250702.pdf","NOMBRE_ORIGINAL":"Oficio Entidad Receptora - Banco.pdf","TIPO_ARCHIVO":"application\/pdf","TAMANO_ARCHIVO":"178944","RUTA_ARCHIVO":"\/uploads\/documentos-practicas\/","FECHA_SUBIDA":"2025-07-02 15:45:00","FECHA_REVISION":"2025-07-02 17:20:00","ID_REVISOR":"18","OBSERVACIONES":"Oficio enviado a la entidad receptora","OBSERVACIONES_REVISOR":"Oficio formal y bien estructurado","VERSION":"1","ACTIVO":"1","FECHA_CREACION":"2025-09-04 06:59:17","FECHA_ACTUALIZACION":"2025-09-04 06:59:17","ID_TIPO_DOCUMENTO_PREPROFESIONAL":"2","TIPO_DOCUMENTO_CODIGO":"PPR-002","TIPO_DOCUMENTO_NOMBRE":"Oficio a Entidad Receptora","TIPO_DOCUMENTO_DESCRIPCION":"Carta formal enviada por el estudiante a la instituci\u00f3n \"Instituto Tecnol\u00f3gico Superior Ibarra\", con el prop\u00f3sito de solicitar la oportunidad de realizar sus pr\u00e1cticas de servicio comunitario.","TIPO_DOCUMENTO_ORDEN":"2","TIPO_DOCUMENTO_OBLIGATORIO":"1","ESTADO_REVISION":"Aprobado","ID_ESTUDIANTE":"2","ENTIDAD_RECEPTORA":"Banco del Pac\u00edfico","ESTUDIANTE_NOMBRE":"Mar\u00eda Elena Garc\u00eda Torres","NOMBRE_ESTUDIANTE":"Mar\u00eda Elena","APELLIDO_ESTUDIANTE":"Garc\u00eda Torres","CEDULA_ESTUDIANTE":"1002345678"},{"ID_DOCUMENTO_PREPROFESIONAL":"4","ID_PRACTICA_PREPROFESIONAL":"2","ID_TIPO_DOCUMENTO":"1","ID_ESTADO_REVISION":"3","NOMBRE_ARCHIVO":"oficio_asignacion_tutor_002_20250701.pdf","NOMBRE_ORIGINAL":"Oficio Asignaci\u00f3n Tutor - Mar\u00eda Elena.pdf","TIPO_ARCHIVO":"application\/pdf","TAMANO_ARCHIVO":"234880","RUTA_ARCHIVO":"\/uploads\/documentos-practicas\/","FECHA_SUBIDA":"2025-07-01 11:00:00","FECHA_REVISION":"2025-07-01 13:15:00","ID_REVISOR":"18","OBSERVACIONES":"Documento oficial de asignaci\u00f3n","OBSERVACIONES_REVISOR":"Asignaci\u00f3n correcta del tutor","VERSION":"1","ACTIVO":"1","FECHA_CREACION":"2025-09-04 06:59:17","FECHA_ACTUALIZACION":"2025-09-04 06:59:17","ID_TIPO_DOCUMENTO_PREPROFESIONAL":"1","TIPO_DOCUMENTO_CODIGO":"PPR-001","TIPO_DOCUMENTO_NOMBRE":"Oficio de Asignaci\u00f3n de Tutor","TIPO_DOCUMENTO_DESCRIPCION":"Documento oficial emitido por la coordinaci\u00f3n de la carrera que designa al docente responsable de la tutor\u00eda y seguimiento de las pr\u00e1cticas de servicio comunitario del estudiante.","TIPO_DOCUMENTO_ORDEN":"1","TIPO_DOCUMENTO_OBLIGATORIO":"1","ESTADO_REVISION":"Aprobado","ID_ESTUDIANTE":"2","ENTIDAD_RECEPTORA":"Banco del Pac\u00edfico","ESTUDIANTE_NOMBRE":"Mar\u00eda Elena Garc\u00eda Torres","NOMBRE_ESTUDIANTE":"Mar\u00eda Elena","APELLIDO_ESTUDIANTE":"Garc\u00eda Torres","CEDULA_ESTUDIANTE":"1002345678"},{"ID_DOCUMENTO_PREPROFESIONAL":"3","ID_PRACTICA_PREPROFESIONAL":"1","ID_TIPO_DOCUMENTO":"3","ID_ESTADO_REVISION":"3","NOMBRE_ARCHIVO":"carta_aceptacion_001_20250603.pdf","NOMBRE_ORIGINAL":"Carta Aceptaci\u00f3n - Hospital.pdf","TIPO_ARCHIVO":"application\/pdf","TAMANO_ARCHIVO":"156672","RUTA_ARCHIVO":"\/uploads\/documentos-practicas\/","FECHA_SUBIDA":"2025-06-03 09:15:00","FECHA_REVISION":"2025-06-03 11:20:00","ID_REVISOR":"17","OBSERVACIONES":"Carta de aceptaci\u00f3n de la entidad","OBSERVACIONES_REVISOR":"Carta oficial con sello institucional","VERSION":"1","ACTIVO":"1","FECHA_CREACION":"2025-09-04 06:59:17","FECHA_ACTUALIZACION":"2025-09-04 06:59:17","ID_TIPO_DOCUMENTO_PREPROFESIONAL":"3","TIPO_DOCUMENTO_CODIGO":"PPR-003","TIPO_DOCUMENTO_NOMBRE":"Carta de Aceptaci\u00f3n","TIPO_DOCUMENTO_DESCRIPCION":"Carta oficial de la entidad receptora \"Instituto Tecnol\u00f3gico Superior Ibarra\" que confirma la aceptaci\u00f3n del o los estudiantes para realizar las pr\u00e1cticas de servicio comunitario en sus instalaciones.","TIPO_DOCUMENTO_ORDEN":"3","TIPO_DOCUMENTO_OBLIGATORIO":"1","ESTADO_REVISION":"Aprobado","ID_ESTUDIANTE":"1","ENTIDAD_RECEPTORA":"Hospital San Vicente de Pa\u00fal","ESTUDIANTE_NOMBRE":"Juan Carlos P\u00e9rez L\u00f3pez","NOMBRE_ESTUDIANTE":"Juan Carlos","APELLIDO_ESTUDIANTE":"P\u00e9rez L\u00f3pez","CEDULA_ESTUDIANTE":"1001234567"},{"ID_DOCUMENTO_PREPROFESIONAL":"2","ID_PRACTICA_PREPROFESIONAL":"1","ID_TIPO_DOCUMENTO":"2","ID_ESTADO_REVISION":"3","NOMBRE_ARCHIVO":"oficio_entidad_receptora_001_20250602.pdf","NOMBRE_ORIGINAL":"Oficio Entidad Receptora - Hospital.pdf","TIPO_ARCHIVO":"application\/pdf","TAMANO_ARCHIVO":"189440","RUTA_ARCHIVO":"\/uploads\/documentos-practicas\/","FECHA_SUBIDA":"2025-06-02 14:30:00","FECHA_REVISION":"2025-06-02 16:45:00","ID_REVISOR":"17","OBSERVACIONES":"Oficio enviado a la entidad receptora","OBSERVACIONES_REVISOR":"Oficio bien redactado y formal","VERSION":"1","ACTIVO":"1","FECHA_CREACION":"2025-09-04 06:59:17","FECHA_ACTUALIZACION":"2025-09-04 06:59:17","ID_TIPO_DOCUMENTO_PREPROFESIONAL":"2","TIPO_DOCUMENTO_CODIGO":"PPR-002","TIPO_DOCUMENTO_NOMBRE":"Oficio a Entidad Receptora","TIPO_DOCUMENTO_DESCRIPCION":"Carta formal enviada por el estudiante a la instituci\u00f3n \"Instituto Tecnol\u00f3gico Superior Ibarra\", con el prop\u00f3sito de solicitar la oportunidad de realizar sus pr\u00e1cticas de servicio comunitario.","TIPO_DOCUMENTO_ORDEN":"2","TIPO_DOCUMENTO_OBLIGATORIO":"1","ESTADO_REVISION":"Aprobado","ID_ESTUDIANTE":"1","ENTIDAD_RECEPTORA":"Hospital San Vicente de Pa\u00fal","ESTUDIANTE_NOMBRE":"Juan Carlos P\u00e9rez L\u00f3pez","NOMBRE_ESTUDIANTE":"Juan Carlos","APELLIDO_ESTUDIANTE":"P\u00e9rez L\u00f3pez","CEDULA_ESTUDIANTE":"1001234567"},{"ID_DOCUMENTO_PREPROFESIONAL":"1","ID_PRACTICA_PREPROFESIONAL":"1","ID_TIPO_DOCUMENTO":"1","ID_ESTADO_REVISION":"3","NOMBRE_ARCHIVO":"oficio_asignacion_tutor_001_20250601.pdf","NOMBRE_ORIGINAL":"Oficio Asignaci\u00f3n Tutor - Juan Carlos.pdf","TIPO_ARCHIVO":"application\/pdf","TAMANO_ARCHIVO":"245760","RUTA_ARCHIVO":"\/uploads\/documentos-practicas\/","FECHA_SUBIDA":"2025-06-01 10:00:00","FECHA_REVISION":"2025-06-01 14:30:00","ID_REVISOR":"17","OBSERVACIONES":"Documento oficial de asignaci\u00f3n","OBSERVACIONES_REVISOR":"Documento aprobado correctamente","VERSION":"1","ACTIVO":"1","FECHA_CREACION":"2025-09-04 06:59:17","FECHA_ACTUALIZACION":"2025-09-04 06:59:17","ID_TIPO_DOCUMENTO_PREPROFESIONAL":"1","TIPO_DOCUMENTO_CODIGO":"PPR-001","TIPO_DOCUMENTO_NOMBRE":"Oficio de Asignaci\u00f3n de Tutor","TIPO_DOCUMENTO_DESCRIPCION":"Documento oficial emitido por la coordinaci\u00f3n de la carrera que designa al docente responsable de la tutor\u00eda y seguimiento de las pr\u00e1cticas de servicio comunitario del estudiante.","TIPO_DOCUMENTO_ORDEN":"1","TIPO_DOCUMENTO_OBLIGATORIO":"1","ESTADO_REVISION":"Aprobado","ID_ESTUDIANTE":"1","ENTIDAD_RECEPTORA":"Hospital San Vicente de Pa\u00fal","ESTUDIANTE_NOMBRE":"Juan Carlos P\u00e9rez L\u00f3pez","NOMBRE_ESTUDIANTE":"Juan Carlos","APELLIDO_ESTUDIANTE":"P\u00e9rez L\u00f3pez","CEDULA_ESTUDIANTE":"1001234567"}]
DEBUG - 2026-03-02 17:06:45 --> Session: Class initialized using 'CodeIgniter\Session\Handlers\FileHandler' driver.
ERROR - 2026-03-02 17:06:45 --> mysqli_sql_exception: Unknown column 'dsc.ESTADO_REVISION' in 'field list' in C:\xampp\htdocs\ITSI\vendor\codeigniter4\framework\system\Database\MySQLi\Connection.php:327
Stack trace:
#0 C:\xampp\htdocs\ITSI\vendor\codeigniter4\framework\system\Database\MySQLi\Connection.php(327): mysqli->query('SELECT COUNT(*)...', 0)
#1 C:\xampp\htdocs\ITSI\vendor\codeigniter4\framework\system\Database\BaseConnection.php(738): CodeIgniter\Database\MySQLi\Connection->execute('SELECT COUNT(*)...')
#2 C:\xampp\htdocs\ITSI\vendor\codeigniter4\framework\system\Database\BaseConnection.php(652): CodeIgniter\Database\BaseConnection->simpleQuery('SELECT COUNT(*)...')
#3 C:\xampp\htdocs\ITSI\vendor\codeigniter4\framework\system\Database\BaseBuilder.php(1649): CodeIgniter\Database\BaseConnection->query('SELECT COUNT(*)...', Array, false)
#4 C:\xampp\htdocs\ITSI\app\Models\DocumentosServicioComunitarioModel.php(137): CodeIgniter\Database\BaseBuilder->get()
#5 C:\xampp\htdocs\ITSI\app\Controllers\admin\DocumentosAdminController.php(45): App\Models\DocumentosServicioComunitarioModel->getEstadisticasDocumentos()
#6 C:\xampp\htdocs\ITSI\vendor\codeigniter4\framework\system\CodeIgniter.php(933): App\Controllers\admin\DocumentosAdminController->documentosServicioComunitario()
#7 C:\xampp\htdocs\ITSI\vendor\codeigniter4\framework\system\CodeIgniter.php(507): CodeIgniter\CodeIgniter->runController(Object(App\Controllers\admin\DocumentosAdminController))
#8 C:\xampp\htdocs\ITSI\vendor\codeigniter4\framework\system\CodeIgniter.php(354): CodeIgniter\CodeIgniter->handleRequest(NULL, Object(Config\Cache), false)
#9 C:\xampp\htdocs\ITSI\vendor\codeigniter4\framework\system\Boot.php(334): CodeIgniter\CodeIgniter->run()
#10 C:\xampp\htdocs\ITSI\vendor\codeigniter4\framework\system\Boot.php(67): CodeIgniter\Boot::runCodeIgniter(Object(CodeIgniter\CodeIgniter))
#11 C:\xampp\htdocs\ITSI\public\index.php(59): CodeIgniter\Boot::bootWeb(Object(Config\Paths))
#12 {main}
DEBUG - 2026-03-02 17:06:49 --> Session: Class initialized using 'CodeIgniter\Session\Handlers\FileHandler' driver.
DEBUG - 2026-03-02 17:06:51 --> Session: Class initialized using 'CodeIgniter\Session\Handlers\FileHandler' driver.
DEBUG - 2026-03-02 17:07:53 --> Session: Class initialized using 'CodeIgniter\Session\Handlers\FileHandler' driver.
DEBUG - 2026-03-02 17:07:54 --> Session: Class initialized using 'CodeIgniter\Session\Handlers\FileHandler' driver.
DEBUG - 2026-03-02 17:07:57 --> Session: Class initialized using 'CodeIgniter\Session\Handlers\FileHandler' driver.
ERROR - 2026-03-02 17:07:57 --> mysqli_sql_exception: Unknown column 'dsc.ESTADO_REVISION' in 'field list' in C:\xampp\htdocs\ITSI\vendor\codeigniter4\framework\system\Database\MySQLi\Connection.php:327
Stack trace:
#0 C:\xampp\htdocs\ITSI\vendor\codeigniter4\framework\system\Database\MySQLi\Connection.php(327): mysqli->query('SELECT COUNT(*)...', 0)
#1 C:\xampp\htdocs\ITSI\vendor\codeigniter4\framework\system\Database\BaseConnection.php(738): CodeIgniter\Database\MySQLi\Connection->execute('SELECT COUNT(*)...')
#2 C:\xampp\htdocs\ITSI\vendor\codeigniter4\framework\system\Database\BaseConnection.php(652): CodeIgniter\Database\BaseConnection->simpleQuery('SELECT COUNT(*)...')
#3 C:\xampp\htdocs\ITSI\vendor\codeigniter4\framework\system\Database\BaseBuilder.php(1649): CodeIgniter\Database\BaseConnection->query('SELECT COUNT(*)...', Array, false)
#4 C:\xampp\htdocs\ITSI\app\Models\DocumentosServicioComunitarioModel.php(137): CodeIgniter\Database\BaseBuilder->get()
#5 C:\xampp\htdocs\ITSI\app\Controllers\admin\DocumentosAdminController.php(45): App\Models\DocumentosServicioComunitarioModel->getEstadisticasDocumentos()
#6 C:\xampp\htdocs\ITSI\vendor\codeigniter4\framework\system\CodeIgniter.php(933): App\Controllers\admin\DocumentosAdminController->documentosServicioComunitario()
#7 C:\xampp\htdocs\ITSI\vendor\codeigniter4\framework\system\CodeIgniter.php(507): CodeIgniter\CodeIgniter->runController(Object(App\Controllers\admin\DocumentosAdminController))
#8 C:\xampp\htdocs\ITSI\vendor\codeigniter4\framework\system\CodeIgniter.php(354): CodeIgniter\CodeIgniter->handleRequest(NULL, Object(Config\Cache), false)
#9 C:\xampp\htdocs\ITSI\vendor\codeigniter4\framework\system\Boot.php(334): CodeIgniter\CodeIgniter->run()
#10 C:\xampp\htdocs\ITSI\vendor\codeigniter4\framework\system\Boot.php(67): CodeIgniter\Boot::runCodeIgniter(Object(CodeIgniter\CodeIgniter))
#11 C:\xampp\htdocs\ITSI\public\index.php(59): CodeIgniter\Boot::bootWeb(Object(Config\Paths))
#12 {main}
DEBUG - 2026-03-02 17:07:59 --> Consulta SQL: SELECT *
FROM `TAB_DOCUMENTOS_PRACTICAS_PREPROFESIONALES` `dp`
DEBUG - 2026-03-02 17:07:59 --> Resultados obtenidos: 9
DEBUG - 2026-03-02 17:07:59 --> Tipos de documentos en index: [{"ID_TIPO_DOCUMENTO_PREPROFESIONAL":"1","CODIGO":"PPR-001","NOMBRE":"Oficio de Asignaci\u00f3n de Tutor","DESCRIPCION":"Documento oficial emitido por la coordinaci\u00f3n de la carrera que designa al docente responsable de la tutor\u00eda y seguimiento de las pr\u00e1cticas de servicio comunitario del estudiante.","ORDEN":"1","OBLIGATORIO":"1","ACTIVO":"1","FECHA_CREACION":"2025-09-04 06:59:17","FECHA_ACTUALIZACION":"2025-09-04 06:59:17"},{"ID_TIPO_DOCUMENTO_PREPROFESIONAL":"2","CODIGO":"PPR-002","NOMBRE":"Oficio a Entidad Receptora","DESCRIPCION":"Carta formal enviada por el estudiante a la instituci\u00f3n \"Instituto Tecnol\u00f3gico Superior Ibarra\", con el prop\u00f3sito de solicitar la oportunidad de realizar sus pr\u00e1cticas de servicio comunitario.","ORDEN":"2","OBLIGATORIO":"1","ACTIVO":"1","FECHA_CREACION":"2025-09-04 06:59:17","FECHA_ACTUALIZACION":"2025-09-04 06:59:17"},{"ID_TIPO_DOCUMENTO_PREPROFESIONAL":"3","CODIGO":"PPR-003","NOMBRE":"Carta de Aceptaci\u00f3n","DESCRIPCION":"Carta oficial de la entidad receptora \"Instituto Tecnol\u00f3gico Superior Ibarra\" que confirma la aceptaci\u00f3n del o los estudiantes para realizar las pr\u00e1cticas de servicio comunitario en sus instalaciones.","ORDEN":"3","OBLIGATORIO":"1","ACTIVO":"1","FECHA_CREACION":"2025-09-04 06:59:17","FECHA_ACTUALIZACION":"2025-09-04 06:59:17"},{"ID_TIPO_DOCUMENTO_PREPROFESIONAL":"4","CODIGO":"PPR-004","NOMBRE":"Solicitud Institucional Valorada","DESCRIPCION":"Documento de solicitud formal dirigido al Sr. Rector, Dr. Mario Montenegro, pidiendo la aprobaci\u00f3n institucional para la realizaci\u00f3n de las pr\u00e1cticas de servicio comunitario.","ORDEN":"4","OBLIGATORIO":"1","ACTIVO":"1","FECHA_CREACION":"2025-09-04 06:59:17","FECHA_ACTUALIZACION":"2025-09-04 06:59:17"},{"ID_TIPO_DOCUMENTO_PREPROFESIONAL":"5","CODIGO":"PPR-005","NOMBRE":"Certificado de Culminaci\u00f3n de Horas","DESCRIPCION":"Certificado emitido por la entidad receptora \"Instituto Tecnol\u00f3gico Superior Ibarra\" que acredita que el estudiante ha completado las 60 horas requeridas de pr\u00e1cticas de servicio comunitario.","ORDEN":"5","OBLIGATORIO":"1","ACTIVO":"1","FECHA_CREACION":"2025-09-04 06:59:17","FECHA_ACTUALIZACION":"2025-09-04 06:59:17"},{"ID_TIPO_DOCUMENTO_PREPROFESIONAL":"6","CODIGO":"PPR-006","NOMBRE":"Hojas de Asistencia","DESCRIPCION":"Registro f\u00edsico de la asistencia del estudiante en la entidad receptora. Incluye las firmas y sellos para validar las horas de trabajo.","ORDEN":"6","OBLIGATORIO":"1","ACTIVO":"1","FECHA_CREACION":"2025-09-04 06:59:17","FECHA_ACTUALIZACION":"2025-09-04 06:59:17"},{"ID_TIPO_DOCUMENTO_PREPROFESIONAL":"7","CODIGO":"PPR-007","NOMBRE":"Ficha de Registro de Actividades","DESCRIPCION":"Documento detallado en el que el estudiante registra las actividades espec\u00edficas realizadas durante sus pr\u00e1cticas, incluyendo fechas y descripciones.","ORDEN":"7","OBLIGATORIO":"1","ACTIVO":"1","FECHA_CREACION":"2025-09-04 06:59:17","FECHA_ACTUALIZACION":"2025-09-04 06:59:17"},{"ID_TIPO_DOCUMENTO_PREPROFESIONAL":"8","CODIGO":"PPR-008","NOMBRE":"R\u00fabrica de Evaluaci\u00f3n de Entidad","DESCRIPCION":"Formulario de evaluaci\u00f3n del desempe\u00f1o del estudiante, llenado y sellado por la entidad receptora. Valora aspectos como la responsabilidad, la proactividad y la calidad del trabajo.","ORDEN":"8","OBLIGATORIO":"1","ACTIVO":"1","FECHA_CREACION":"2025-09-04 06:59:17","FECHA_ACTUALIZACION":"2025-09-04 06:59:17"},{"ID_TIPO_DOCUMENTO_PREPROFESIONAL":"9","CODIGO":"PPR-009","NOMBRE":"Ficha de Control y Seguimiento Docente","DESCRIPCION":"Documento utilizado por el tutor docente para registrar el seguimiento acad\u00e9mico del estudiante durante las pr\u00e1cticas. Incluye visitas o revisiones peri\u00f3dicas.","ORDEN":"9","OBLIGATORIO":"1","ACTIVO":"1","FECHA_CREACION":"2025-09-04 06:59:17","FECHA_ACTUALIZACION":"2025-09-04 06:59:17"},{"ID_TIPO_DOCUMENTO_PREPROFESIONAL":"10","CODIGO":"PPR-010","NOMBRE":"R\u00fabrica de Evaluaci\u00f3n Docente","DESCRIPCION":"R\u00fabrica de evaluaci\u00f3n llenada y firmada por el tutor docente. Califica el desempe\u00f1o del estudiante en base a los criterios acad\u00e9micos del programa.","ORDEN":"10","OBLIGATORIO":"1","ACTIVO":"1","FECHA_CREACION":"2025-09-04 06:59:17","FECHA_ACTUALIZACION":"2025-09-04 06:59:17"},{"ID_TIPO_DOCUMENTO_PREPROFESIONAL":"11","CODIGO":"PPR-011","NOMBRE":"R\u00fabrica de Evaluaci\u00f3n de Resultados","DESCRIPCION":"Evaluaci\u00f3n final realizada por el Departamento de Vinculaci\u00f3n con la Sociedad, que valora los resultados y el impacto del proyecto de servicio comunitario en su conjunto.","ORDEN":"11","OBLIGATORIO":"1","ACTIVO":"1","FECHA_CREACION":"2025-09-04 06:59:17","FECHA_ACTUALIZACION":"2025-09-04 06:59:17"},{"ID_TIPO_DOCUMENTO_PREPROFESIONAL":"12","CODIGO":"PPR-012","NOMBRE":"Evidencia Fotogr\u00e1fica y Digital","DESCRIPCION":"Material de apoyo visual y digital, como fotos, capturas, videos o impresiones, que documenta y comprueba la realizaci\u00f3n de las actividades y trabajos del proyecto.","ORDEN":"12","OBLIGATORIO":"1","ACTIVO":"1","FECHA_CREACION":"2025-09-04 06:59:17","FECHA_ACTUALIZACION":"2025-09-04 06:59:17"}]
DEBUG - 2026-03-02 17:07:59 --> Session: Class initialized using 'CodeIgniter\Session\Handlers\FileHandler' driver.
DEBUG - 2026-03-02 17:07:59 --> Consulta SQL: SELECT *
FROM `TAB_DOCUMENTOS_PRACTICAS_PREPROFESIONALES` `dp`
DEBUG - 2026-03-02 17:07:59 --> Resultados obtenidos: 9
DEBUG - 2026-03-02 17:07:59 --> Documentos obtenidos: [{"ID_DOCUMENTO_PREPROFESIONAL":"17","ID_PRACTICA_PREPROFESIONAL":"2","ID_TIPO_DOCUMENTO":"9","ID_ESTADO_REVISION":"4","NOMBRE_ARCHIVO":"ficha_control_seguimiento_002_20250920.pdf","NOMBRE_ORIGINAL":"Ficha Control Seguimiento - Mar\u00eda.pdf","TIPO_ARCHIVO":"application\/pdf","TAMANO_ARCHIVO":"112233","RUTA_ARCHIVO":"\/uploads\/documentos-practicas\/","FECHA_SUBIDA":"2025-09-20 10:15:00","FECHA_REVISION":"2025-09-20 12:45:00","ID_REVISOR":"18","OBSERVACIONES":"Ficha de control y seguimiento docente","OBSERVACIONES_REVISOR":"Faltan las firmas del tutor docente, documento inv\u00e1lido","VERSION":"1","ACTIVO":"1","FECHA_CREACION":"2025-09-04 06:59:17","FECHA_ACTUALIZACION":"2025-09-04 06:59:17","ID_TIPO_DOCUMENTO_PREPROFESIONAL":"9","TIPO_DOCUMENTO_CODIGO":"PPR-009","TIPO_DOCUMENTO_NOMBRE":"Ficha de Control y Seguimiento Docente","TIPO_DOCUMENTO_DESCRIPCION":"Documento utilizado por el tutor docente para registrar el seguimiento acad\u00e9mico del estudiante durante las pr\u00e1cticas. Incluye visitas o revisiones peri\u00f3dicas.","TIPO_DOCUMENTO_ORDEN":"9","TIPO_DOCUMENTO_OBLIGATORIO":"1","ESTADO_REVISION":"Rechazado","ID_ESTUDIANTE":"2","ENTIDAD_RECEPTORA":"Banco del Pac\u00edfico","ESTUDIANTE_NOMBRE":"Mar\u00eda Elena Garc\u00eda Torres","NOMBRE_ESTUDIANTE":"Mar\u00eda Elena","APELLIDO_ESTUDIANTE":"Garc\u00eda Torres","CEDULA_ESTUDIANTE":"1002345678"},{"ID_DOCUMENTO_PREPROFESIONAL":"15","ID_PRACTICA_PREPROFESIONAL":"2","ID_TIPO_DOCUMENTO":"7","ID_ESTADO_REVISION":"5","NOMBRE_ARCHIVO":"ficha_registro_actividades_002_20250915.pdf","NOMBRE_ORIGINAL":"Ficha Registro Actividades - Mar\u00eda.pdf","TIPO_ARCHIVO":"application\/pdf","TAMANO_ARCHIVO":"98765","RUTA_ARCHIVO":"\/uploads\/documentos-practicas\/","FECHA_SUBIDA":"2025-09-15 11:30:00","FECHA_REVISION":"2025-09-15 14:20:00","ID_REVISOR":"18","OBSERVACIONES":"Ficha de registro de actividades","OBSERVACIONES_REVISOR":"Descripci\u00f3n de actividades muy general, especificar m\u00e1s detalles","VERSION":"1","ACTIVO":"1","FECHA_CREACION":"2025-09-04 06:59:17","FECHA_ACTUALIZACION":"2025-09-04 06:59:17","ID_TIPO_DOCUMENTO_PREPROFESIONAL":"7","TIPO_DOCUMENTO_CODIGO":"PPR-007","TIPO_DOCUMENTO_NOMBRE":"Ficha de Registro de Actividades","TIPO_DOCUMENTO_DESCRIPCION":"Documento detallado en el que el estudiante registra las actividades espec\u00edficas realizadas durante sus pr\u00e1cticas, incluyendo fechas y descripciones.","TIPO_DOCUMENTO_ORDEN":"7","TIPO_DOCUMENTO_OBLIGATORIO":"1","ESTADO_REVISION":"Requiere Correcci\u00f3n","ID_ESTUDIANTE":"2","ENTIDAD_RECEPTORA":"Banco del Pac\u00edfico","ESTUDIANTE_NOMBRE":"Mar\u00eda Elena Garc\u00eda Torres","NOMBRE_ESTUDIANTE":"Mar\u00eda Elena","APELLIDO_ESTUDIANTE":"Garc\u00eda Torres","CEDULA_ESTUDIANTE":"1002345678"},{"ID_DOCUMENTO_PREPROFESIONAL":"14","ID_PRACTICA_PREPROFESIONAL":"1","ID_TIPO_DOCUMENTO":"6","ID_ESTADO_REVISION":"5","NOMBRE_ARCHIVO":"hojas_asistencia_001_20250830.pdf","NOMBRE_ORIGINAL":"Hojas de Asistencia - Juan Carlos.pdf","TIPO_ARCHIVO":"application\/pdf","TAMANO_ARCHIVO":"123456","RUTA_ARCHIVO":"\/uploads\/documentos-practicas\/","FECHA_SUBIDA":"2025-08-30 16:15:00","FECHA_REVISION":"2025-08-30 17:45:00","ID_REVISOR":"17","OBSERVACIONES":"Hojas de asistencia completas","OBSERVACIONES_REVISOR":"Faltan firmas en algunas fechas, corregir y volver a subir","VERSION":"1","ACTIVO":"1","FECHA_CREACION":"2025-09-04 06:59:17","FECHA_ACTUALIZACION":"2025-09-04 06:59:17","ID_TIPO_DOCUMENTO_PREPROFESIONAL":"6","TIPO_DOCUMENTO_CODIGO":"PPR-006","TIPO_DOCUMENTO_NOMBRE":"Hojas de Asistencia","TIPO_DOCUMENTO_DESCRIPCION":"Registro f\u00edsico de la asistencia del estudiante en la entidad receptora. Incluye las firmas y sellos para validar las horas de trabajo.","TIPO_DOCUMENTO_ORDEN":"6","TIPO_DOCUMENTO_OBLIGATORIO":"1","ESTADO_REVISION":"Requiere Correcci\u00f3n","ID_ESTUDIANTE":"1","ENTIDAD_RECEPTORA":"Hospital San Vicente de Pa\u00fal","ESTUDIANTE_NOMBRE":"Juan Carlos P\u00e9rez L\u00f3pez","NOMBRE_ESTUDIANTE":"Juan Carlos","APELLIDO_ESTUDIANTE":"P\u00e9rez L\u00f3pez","CEDULA_ESTUDIANTE":"1001234567"},{"ID_DOCUMENTO_PREPROFESIONAL":"16","ID_PRACTICA_PREPROFESIONAL":"1","ID_TIPO_DOCUMENTO":"8","ID_ESTADO_REVISION":"4","NOMBRE_ARCHIVO":"rubrica_evaluacion_entidad_001_20250825.pdf","NOMBRE_ORIGINAL":"R\u00fabrica Evaluaci\u00f3n Entidad - Juan.pdf","TIPO_ARCHIVO":"application\/pdf","TAMANO_ARCHIVO":"87654","RUTA_ARCHIVO":"\/uploads\/documentos-practicas\/","FECHA_SUBIDA":"2025-08-25 15:00:00","FECHA_REVISION":"2025-08-25 16:30:00","ID_REVISOR":"17","OBSERVACIONES":"R\u00fabrica de evaluaci\u00f3n de entidad","OBSERVACIONES_REVISOR":"Documento no tiene sello oficial de la entidad, rechazado","VERSION":"1","ACTIVO":"1","FECHA_CREACION":"2025-09-04 06:59:17","FECHA_ACTUALIZACION":"2025-09-04 06:59:17","ID_TIPO_DOCUMENTO_PREPROFESIONAL":"8","TIPO_DOCUMENTO_CODIGO":"PPR-008","TIPO_DOCUMENTO_NOMBRE":"R\u00fabrica de Evaluaci\u00f3n de Entidad","TIPO_DOCUMENTO_DESCRIPCION":"Formulario de evaluaci\u00f3n del desempe\u00f1o del estudiante, llenado y sellado por la entidad receptora. Valora aspectos como la responsabilidad, la proactividad y la calidad del trabajo.","TIPO_DOCUMENTO_ORDEN":"8","TIPO_DOCUMENTO_OBLIGATORIO":"1","ESTADO_REVISION":"Rechazado","ID_ESTUDIANTE":"1","ENTIDAD_RECEPTORA":"Hospital San Vicente de Pa\u00fal","ESTUDIANTE_NOMBRE":"Juan Carlos P\u00e9rez L\u00f3pez","NOMBRE_ESTUDIANTE":"Juan Carlos","APELLIDO_ESTUDIANTE":"P\u00e9rez L\u00f3pez","CEDULA_ESTUDIANTE":"1001234567"},{"ID_DOCUMENTO_PREPROFESIONAL":"5","ID_PRACTICA_PREPROFESIONAL":"2","ID_TIPO_DOCUMENTO":"2","ID_ESTADO_REVISION":"3","NOMBRE_ARCHIVO":"oficio_entidad_receptora_002_20250702.pdf","NOMBRE_ORIGINAL":"Oficio Entidad Receptora - Banco.pdf","TIPO_ARCHIVO":"application\/pdf","TAMANO_ARCHIVO":"178944","RUTA_ARCHIVO":"\/uploads\/documentos-practicas\/","FECHA_SUBIDA":"2025-07-02 15:45:00","FECHA_REVISION":"2025-07-02 17:20:00","ID_REVISOR":"18","OBSERVACIONES":"Oficio enviado a la entidad receptora","OBSERVACIONES_REVISOR":"Oficio formal y bien estructurado","VERSION":"1","ACTIVO":"1","FECHA_CREACION":"2025-09-04 06:59:17","FECHA_ACTUALIZACION":"2025-09-04 06:59:17","ID_TIPO_DOCUMENTO_PREPROFESIONAL":"2","TIPO_DOCUMENTO_CODIGO":"PPR-002","TIPO_DOCUMENTO_NOMBRE":"Oficio a Entidad Receptora","TIPO_DOCUMENTO_DESCRIPCION":"Carta formal enviada por el estudiante a la instituci\u00f3n \"Instituto Tecnol\u00f3gico Superior Ibarra\", con el prop\u00f3sito de solicitar la oportunidad de realizar sus pr\u00e1cticas de servicio comunitario.","TIPO_DOCUMENTO_ORDEN":"2","TIPO_DOCUMENTO_OBLIGATORIO":"1","ESTADO_REVISION":"Aprobado","ID_ESTUDIANTE":"2","ENTIDAD_RECEPTORA":"Banco del Pac\u00edfico","ESTUDIANTE_NOMBRE":"Mar\u00eda Elena Garc\u00eda Torres","NOMBRE_ESTUDIANTE":"Mar\u00eda Elena","APELLIDO_ESTUDIANTE":"Garc\u00eda Torres","CEDULA_ESTUDIANTE":"1002345678"},{"ID_DOCUMENTO_PREPROFESIONAL":"4","ID_PRACTICA_PREPROFESIONAL":"2","ID_TIPO_DOCUMENTO":"1","ID_ESTADO_REVISION":"3","NOMBRE_ARCHIVO":"oficio_asignacion_tutor_002_20250701.pdf","NOMBRE_ORIGINAL":"Oficio Asignaci\u00f3n Tutor - Mar\u00eda Elena.pdf","TIPO_ARCHIVO":"application\/pdf","TAMANO_ARCHIVO":"234880","RUTA_ARCHIVO":"\/uploads\/documentos-practicas\/","FECHA_SUBIDA":"2025-07-01 11:00:00","FECHA_REVISION":"2025-07-01 13:15:00","ID_REVISOR":"18","OBSERVACIONES":"Documento oficial de asignaci\u00f3n","OBSERVACIONES_REVISOR":"Asignaci\u00f3n correcta del tutor","VERSION":"1","ACTIVO":"1","FECHA_CREACION":"2025-09-04 06:59:17","FECHA_ACTUALIZACION":"2025-09-04 06:59:17","ID_TIPO_DOCUMENTO_PREPROFESIONAL":"1","TIPO_DOCUMENTO_CODIGO":"PPR-001","TIPO_DOCUMENTO_NOMBRE":"Oficio de Asignaci\u00f3n de Tutor","TIPO_DOCUMENTO_DESCRIPCION":"Documento oficial emitido por la coordinaci\u00f3n de la carrera que designa al docente responsable de la tutor\u00eda y seguimiento de las pr\u00e1cticas de servicio comunitario del estudiante.","TIPO_DOCUMENTO_ORDEN":"1","TIPO_DOCUMENTO_OBLIGATORIO":"1","ESTADO_REVISION":"Aprobado","ID_ESTUDIANTE":"2","ENTIDAD_RECEPTORA":"Banco del Pac\u00edfico","ESTUDIANTE_NOMBRE":"Mar\u00eda Elena Garc\u00eda Torres","NOMBRE_ESTUDIANTE":"Mar\u00eda Elena","APELLIDO_ESTUDIANTE":"Garc\u00eda Torres","CEDULA_ESTUDIANTE":"1002345678"},{"ID_DOCUMENTO_PREPROFESIONAL":"3","ID_PRACTICA_PREPROFESIONAL":"1","ID_TIPO_DOCUMENTO":"3","ID_ESTADO_REVISION":"3","NOMBRE_ARCHIVO":"carta_aceptacion_001_20250603.pdf","NOMBRE_ORIGINAL":"Carta Aceptaci\u00f3n - Hospital.pdf","TIPO_ARCHIVO":"application\/pdf","TAMANO_ARCHIVO":"156672","RUTA_ARCHIVO":"\/uploads\/documentos-practicas\/","FECHA_SUBIDA":"2025-06-03 09:15:00","FECHA_REVISION":"2025-06-03 11:20:00","ID_REVISOR":"17","OBSERVACIONES":"Carta de aceptaci\u00f3n de la entidad","OBSERVACIONES_REVISOR":"Carta oficial con sello institucional","VERSION":"1","ACTIVO":"1","FECHA_CREACION":"2025-09-04 06:59:17","FECHA_ACTUALIZACION":"2025-09-04 06:59:17","ID_TIPO_DOCUMENTO_PREPROFESIONAL":"3","TIPO_DOCUMENTO_CODIGO":"PPR-003","TIPO_DOCUMENTO_NOMBRE":"Carta de Aceptaci\u00f3n","TIPO_DOCUMENTO_DESCRIPCION":"Carta oficial de la entidad receptora \"Instituto Tecnol\u00f3gico Superior Ibarra\" que confirma la aceptaci\u00f3n del o los estudiantes para realizar las pr\u00e1cticas de servicio comunitario en sus instalaciones.","TIPO_DOCUMENTO_ORDEN":"3","TIPO_DOCUMENTO_OBLIGATORIO":"1","ESTADO_REVISION":"Aprobado","ID_ESTUDIANTE":"1","ENTIDAD_RECEPTORA":"Hospital San Vicente de Pa\u00fal","ESTUDIANTE_NOMBRE":"Juan Carlos P\u00e9rez L\u00f3pez","NOMBRE_ESTUDIANTE":"Juan Carlos","APELLIDO_ESTUDIANTE":"P\u00e9rez L\u00f3pez","CEDULA_ESTUDIANTE":"1001234567"},{"ID_DOCUMENTO_PREPROFESIONAL":"2","ID_PRACTICA_PREPROFESIONAL":"1","ID_TIPO_DOCUMENTO":"2","ID_ESTADO_REVISION":"3","NOMBRE_ARCHIVO":"oficio_entidad_receptora_001_20250602.pdf","NOMBRE_ORIGINAL":"Oficio Entidad Receptora - Hospital.pdf","TIPO_ARCHIVO":"application\/pdf","TAMANO_ARCHIVO":"189440","RUTA_ARCHIVO":"\/uploads\/documentos-practicas\/","FECHA_SUBIDA":"2025-06-02 14:30:00","FECHA_REVISION":"2025-06-02 16:45:00","ID_REVISOR":"17","OBSERVACIONES":"Oficio enviado a la entidad receptora","OBSERVACIONES_REVISOR":"Oficio bien redactado y formal","VERSION":"1","ACTIVO":"1","FECHA_CREACION":"2025-09-04 06:59:17","FECHA_ACTUALIZACION":"2025-09-04 06:59:17","ID_TIPO_DOCUMENTO_PREPROFESIONAL":"2","TIPO_DOCUMENTO_CODIGO":"PPR-002","TIPO_DOCUMENTO_NOMBRE":"Oficio a Entidad Receptora","TIPO_DOCUMENTO_DESCRIPCION":"Carta formal enviada por el estudiante a la instituci\u00f3n \"Instituto Tecnol\u00f3gico Superior Ibarra\", con el prop\u00f3sito de solicitar la oportunidad de realizar sus pr\u00e1cticas de servicio comunitario.","TIPO_DOCUMENTO_ORDEN":"2","TIPO_DOCUMENTO_OBLIGATORIO":"1","ESTADO_REVISION":"Aprobado","ID_ESTUDIANTE":"1","ENTIDAD_RECEPTORA":"Hospital San Vicente de Pa\u00fal","ESTUDIANTE_NOMBRE":"Juan Carlos P\u00e9rez L\u00f3pez","NOMBRE_ESTUDIANTE":"Juan Carlos","APELLIDO_ESTUDIANTE":"P\u00e9rez L\u00f3pez","CEDULA_ESTUDIANTE":"1001234567"},{"ID_DOCUMENTO_PREPROFESIONAL":"1","ID_PRACTICA_PREPROFESIONAL":"1","ID_TIPO_DOCUMENTO":"1","ID_ESTADO_REVISION":"3","NOMBRE_ARCHIVO":"oficio_asignacion_tutor_001_20250601.pdf","NOMBRE_ORIGINAL":"Oficio Asignaci\u00f3n Tutor - Juan Carlos.pdf","TIPO_ARCHIVO":"application\/pdf","TAMANO_ARCHIVO":"245760","RUTA_ARCHIVO":"\/uploads\/documentos-practicas\/","FECHA_SUBIDA":"2025-06-01 10:00:00","FECHA_REVISION":"2025-06-01 14:30:00","ID_REVISOR":"17","OBSERVACIONES":"Documento oficial de asignaci\u00f3n","OBSERVACIONES_REVISOR":"Documento aprobado correctamente","VERSION":"1","ACTIVO":"1","FECHA_CREACION":"2025-09-04 06:59:17","FECHA_ACTUALIZACION":"2025-09-04 06:59:17","ID_TIPO_DOCUMENTO_PREPROFESIONAL":"1","TIPO_DOCUMENTO_CODIGO":"PPR-001","TIPO_DOCUMENTO_NOMBRE":"Oficio de Asignaci\u00f3n de Tutor","TIPO_DOCUMENTO_DESCRIPCION":"Documento oficial emitido por la coordinaci\u00f3n de la carrera que designa al docente responsable de la tutor\u00eda y seguimiento de las pr\u00e1cticas de servicio comunitario del estudiante.","TIPO_DOCUMENTO_ORDEN":"1","TIPO_DOCUMENTO_OBLIGATORIO":"1","ESTADO_REVISION":"Aprobado","ID_ESTUDIANTE":"1","ENTIDAD_RECEPTORA":"Hospital San Vicente de Pa\u00fal","ESTUDIANTE_NOMBRE":"Juan Carlos P\u00e9rez L\u00f3pez","NOMBRE_ESTUDIANTE":"Juan Carlos","APELLIDO_ESTUDIANTE":"P\u00e9rez L\u00f3pez","CEDULA_ESTUDIANTE":"1001234567"}]
DEBUG - 2026-03-02 17:08:01 --> Session: Class initialized using 'CodeIgniter\Session\Handlers\FileHandler' driver.
DEBUG - 2026-03-02 17:08:01 --> Estadísticas mensuales: [{"mes":"Abr 2025","actividades":0,"practicas":0},{"mes":"May 2025","actividades":0,"practicas":0},{"mes":"Jun 2025","actividades":0,"practicas":1},{"mes":"Jul 2025","actividades":0,"practicas":1},{"mes":"Ago 2025","actividades":2,"practicas":1},{"mes":"Sep 2025","actividades":0,"practicas":1},{"mes":"Oct 2025","actividades":1,"practicas":1},{"mes":"Nov 2025","actividades":1,"practicas":1},{"mes":"Dic 2025","actividades":1,"practicas":1},{"mes":"Ene 2026","actividades":0,"practicas":1},{"mes":"Feb 2026","actividades":0,"practicas":1},{"mes":"Mar 2026","actividades":0,"practicas":1}]
DEBUG - 2026-03-02 17:08:01 --> Distribución carreras: [{"CARRERA":"Desarrollo de Software","TOTAL":"5"},{"CARRERA":"Dise\u00f1o Gr\u00e1fico","TOTAL":"4"},{"CARRERA":"Redes y Telecomunicaciones","TOTAL":"3"},{"CARRERA":"Administraci\u00f3n","TOTAL":"2"},{"CARRERA":"Atenci\u00f3n Integral a Adultos Mayores","TOTAL":"1"},{"CARRERA":"Marketing Digital y Comercio Electronico","TOTAL":"1"}]
DEBUG - 2026-03-02 17:13:58 --> Session: Class initialized using 'CodeIgniter\Session\Handlers\FileHandler' driver.
DEBUG - 2026-03-02 17:13:58 --> Estadísticas mensuales: [{"mes":"Abr 2025","actividades":0,"practicas":0},{"mes":"May 2025","actividades":0,"practicas":0},{"mes":"Jun 2025","actividades":0,"practicas":1},{"mes":"Jul 2025","actividades":0,"practicas":1},{"mes":"Ago 2025","actividades":2,"practicas":1},{"mes":"Sep 2025","actividades":0,"practicas":1},{"mes":"Oct 2025","actividades":1,"practicas":1},{"mes":"Nov 2025","actividades":1,"practicas":1},{"mes":"Dic 2025","actividades":1,"practicas":1},{"mes":"Ene 2026","actividades":0,"practicas":1},{"mes":"Feb 2026","actividades":0,"practicas":1},{"mes":"Mar 2026","actividades":0,"practicas":1}]
DEBUG - 2026-03-02 17:13:58 --> Distribución carreras: [{"CARRERA":"Desarrollo de Software","TOTAL":"5"},{"CARRERA":"Dise\u00f1o Gr\u00e1fico","TOTAL":"4"},{"CARRERA":"Redes y Telecomunicaciones","TOTAL":"3"},{"CARRERA":"Administraci\u00f3n","TOTAL":"2"},{"CARRERA":"Atenci\u00f3n Integral a Adultos Mayores","TOTAL":"1"},{"CARRERA":"Marketing Digital y Comercio Electronico","TOTAL":"1"}]
DEBUG - 2026-03-02 17:18:47 --> Session: Class initialized using 'CodeIgniter\Session\Handlers\FileHandler' driver.
DEBUG - 2026-03-02 17:18:47 --> Estadísticas mensuales: [{"mes":"Abr 2025","actividades":0,"practicas":0},{"mes":"May 2025","actividades":0,"practicas":0},{"mes":"Jun 2025","actividades":0,"practicas":1},{"mes":"Jul 2025","actividades":0,"practicas":1},{"mes":"Ago 2025","actividades":2,"practicas":1},{"mes":"Sep 2025","actividades":0,"practicas":1},{"mes":"Oct 2025","actividades":1,"practicas":1},{"mes":"Nov 2025","actividades":1,"practicas":1},{"mes":"Dic 2025","actividades":1,"practicas":1},{"mes":"Ene 2026","actividades":0,"practicas":1},{"mes":"Feb 2026","actividades":0,"practicas":1},{"mes":"Mar 2026","actividades":0,"practicas":1}]
DEBUG - 2026-03-02 17:18:47 --> Distribución carreras: [{"CARRERA":"Desarrollo de Software","TOTAL":"5"},{"CARRERA":"Dise\u00f1o Gr\u00e1fico","TOTAL":"4"},{"CARRERA":"Redes y Telecomunicaciones","TOTAL":"3"},{"CARRERA":"Administraci\u00f3n","TOTAL":"2"},{"CARRERA":"Atenci\u00f3n Integral a Adultos Mayores","TOTAL":"1"},{"CARRERA":"Marketing Digital y Comercio Electronico","TOTAL":"1"}]
DEBUG - 2026-03-02 17:20:48 --> Session: Class initialized using 'CodeIgniter\Session\Handlers\FileHandler' driver.
DEBUG - 2026-03-02 17:20:48 --> Estadísticas mensuales: [{"mes":"Abr 2025","actividades":0,"practicas":0},{"mes":"May 2025","actividades":0,"practicas":0},{"mes":"Jun 2025","actividades":0,"practicas":1},{"mes":"Jul 2025","actividades":0,"practicas":1},{"mes":"Ago 2025","actividades":2,"practicas":1},{"mes":"Sep 2025","actividades":0,"practicas":1},{"mes":"Oct 2025","actividades":1,"practicas":1},{"mes":"Nov 2025","actividades":1,"practicas":1},{"mes":"Dic 2025","actividades":1,"practicas":1},{"mes":"Ene 2026","actividades":0,"practicas":1},{"mes":"Feb 2026","actividades":0,"practicas":1},{"mes":"Mar 2026","actividades":0,"practicas":1}]
DEBUG - 2026-03-02 17:20:48 --> Distribución carreras: [{"CARRERA":"Desarrollo de Software","TOTAL":"5"},{"CARRERA":"Dise\u00f1o Gr\u00e1fico","TOTAL":"4"},{"CARRERA":"Redes y Telecomunicaciones","TOTAL":"3"},{"CARRERA":"Administraci\u00f3n","TOTAL":"2"},{"CARRERA":"Atenci\u00f3n Integral a Adultos Mayores","TOTAL":"1"},{"CARRERA":"Marketing Digital y Comercio Electronico","TOTAL":"1"}]
DEBUG - 2026-03-02 17:22:30 --> Session: Class initialized using 'CodeIgniter\Session\Handlers\FileHandler' driver.
DEBUG - 2026-03-02 17:22:30 --> Estadísticas mensuales: [{"mes":"Abr 2025","actividades":0,"practicas":0},{"mes":"May 2025","actividades":0,"practicas":0},{"mes":"Jun 2025","actividades":0,"practicas":1},{"mes":"Jul 2025","actividades":0,"practicas":1},{"mes":"Ago 2025","actividades":2,"practicas":1},{"mes":"Sep 2025","actividades":0,"practicas":1},{"mes":"Oct 2025","actividades":1,"practicas":1},{"mes":"Nov 2025","actividades":1,"practicas":1},{"mes":"Dic 2025","actividades":1,"practicas":1},{"mes":"Ene 2026","actividades":0,"practicas":1},{"mes":"Feb 2026","actividades":0,"practicas":1},{"mes":"Mar 2026","actividades":0,"practicas":1}]
DEBUG - 2026-03-02 17:22:30 --> Distribución carreras: [{"CARRERA":"Desarrollo de Software","TOTAL":"5"},{"CARRERA":"Dise\u00f1o Gr\u00e1fico","TOTAL":"4"},{"CARRERA":"Redes y Telecomunicaciones","TOTAL":"3"},{"CARRERA":"Administraci\u00f3n","TOTAL":"2"},{"CARRERA":"Atenci\u00f3n Integral a Adultos Mayores","TOTAL":"1"},{"CARRERA":"Marketing Digital y Comercio Electronico","TOTAL":"1"}]
DEBUG - 2026-03-02 17:23:15 --> Session: Class initialized using 'CodeIgniter\Session\Handlers\FileHandler' driver.
DEBUG - 2026-03-02 17:23:15 --> Estadísticas mensuales: [{"mes":"Abr 2025","actividades":0,"practicas":0},{"mes":"May 2025","actividades":0,"practicas":0},{"mes":"Jun 2025","actividades":0,"practicas":1},{"mes":"Jul 2025","actividades":0,"practicas":1},{"mes":"Ago 2025","actividades":2,"practicas":1},{"mes":"Sep 2025","actividades":0,"practicas":1},{"mes":"Oct 2025","actividades":1,"practicas":1},{"mes":"Nov 2025","actividades":1,"practicas":1},{"mes":"Dic 2025","actividades":1,"practicas":1},{"mes":"Ene 2026","actividades":0,"practicas":1},{"mes":"Feb 2026","actividades":0,"practicas":1},{"mes":"Mar 2026","actividades":0,"practicas":1}]
DEBUG - 2026-03-02 17:23:15 --> Distribución carreras: [{"CARRERA":"Desarrollo de Software","TOTAL":"5"},{"CARRERA":"Dise\u00f1o Gr\u00e1fico","TOTAL":"4"},{"CARRERA":"Redes y Telecomunicaciones","TOTAL":"3"},{"CARRERA":"Administraci\u00f3n","TOTAL":"2"},{"CARRERA":"Atenci\u00f3n Integral a Adultos Mayores","TOTAL":"1"},{"CARRERA":"Marketing Digital y Comercio Electronico","TOTAL":"1"}]
DEBUG - 2026-03-02 17:23:22 --> Session: Class initialized using 'CodeIgniter\Session\Handlers\FileHandler' driver.
DEBUG - 2026-03-02 17:23:22 --> Estadísticas mensuales: [{"mes":"Abr 2025","actividades":0,"practicas":0},{"mes":"May 2025","actividades":0,"practicas":0},{"mes":"Jun 2025","actividades":0,"practicas":1},{"mes":"Jul 2025","actividades":0,"practicas":1},{"mes":"Ago 2025","actividades":2,"practicas":1},{"mes":"Sep 2025","actividades":0,"practicas":1},{"mes":"Oct 2025","actividades":1,"practicas":1},{"mes":"Nov 2025","actividades":1,"practicas":1},{"mes":"Dic 2025","actividades":1,"practicas":1},{"mes":"Ene 2026","actividades":0,"practicas":1},{"mes":"Feb 2026","actividades":0,"practicas":1},{"mes":"Mar 2026","actividades":0,"practicas":1}]
DEBUG - 2026-03-02 17:23:22 --> Distribución carreras: [{"CARRERA":"Desarrollo de Software","TOTAL":"5"},{"CARRERA":"Dise\u00f1o Gr\u00e1fico","TOTAL":"4"},{"CARRERA":"Redes y Telecomunicaciones","TOTAL":"3"},{"CARRERA":"Administraci\u00f3n","TOTAL":"2"},{"CARRERA":"Atenci\u00f3n Integral a Adultos Mayores","TOTAL":"1"},{"CARRERA":"Marketing Digital y Comercio Electronico","TOTAL":"1"}]
DEBUG - 2026-03-02 17:23:30 --> Session: Class initialized using 'CodeIgniter\Session\Handlers\FileHandler' driver.
DEBUG - 2026-03-02 17:23:30 --> Estadísticas mensuales: [{"mes":"Abr 2025","actividades":0,"practicas":0},{"mes":"May 2025","actividades":0,"practicas":0},{"mes":"Jun 2025","actividades":0,"practicas":1},{"mes":"Jul 2025","actividades":0,"practicas":1},{"mes":"Ago 2025","actividades":2,"practicas":1},{"mes":"Sep 2025","actividades":0,"practicas":1},{"mes":"Oct 2025","actividades":1,"practicas":1},{"mes":"Nov 2025","actividades":1,"practicas":1},{"mes":"Dic 2025","actividades":1,"practicas":1},{"mes":"Ene 2026","actividades":0,"practicas":1},{"mes":"Feb 2026","actividades":0,"practicas":1},{"mes":"Mar 2026","actividades":0,"practicas":1}]
DEBUG - 2026-03-02 17:23:30 --> Distribución carreras: [{"CARRERA":"Desarrollo de Software","TOTAL":"5"},{"CARRERA":"Dise\u00f1o Gr\u00e1fico","TOTAL":"4"},{"CARRERA":"Redes y Telecomunicaciones","TOTAL":"3"},{"CARRERA":"Administraci\u00f3n","TOTAL":"2"},{"CARRERA":"Atenci\u00f3n Integral a Adultos Mayores","TOTAL":"1"},{"CARRERA":"Marketing Digital y Comercio Electronico","TOTAL":"1"}]
DEBUG - 2026-03-02 17:23:50 --> Session: Class initialized using 'CodeIgniter\Session\Handlers\FileHandler' driver.
DEBUG - 2026-03-02 17:23:50 --> Estadísticas mensuales: [{"mes":"Abr 2025","actividades":0,"practicas":0},{"mes":"May 2025","actividades":0,"practicas":0},{"mes":"Jun 2025","actividades":0,"practicas":1},{"mes":"Jul 2025","actividades":0,"practicas":1},{"mes":"Ago 2025","actividades":2,"practicas":1},{"mes":"Sep 2025","actividades":0,"practicas":1},{"mes":"Oct 2025","actividades":1,"practicas":1},{"mes":"Nov 2025","actividades":1,"practicas":1},{"mes":"Dic 2025","actividades":1,"practicas":1},{"mes":"Ene 2026","actividades":0,"practicas":1},{"mes":"Feb 2026","actividades":0,"practicas":1},{"mes":"Mar 2026","actividades":0,"practicas":1}]
DEBUG - 2026-03-02 17:23:50 --> Distribución carreras: [{"CARRERA":"Desarrollo de Software","TOTAL":"5"},{"CARRERA":"Dise\u00f1o Gr\u00e1fico","TOTAL":"4"},{"CARRERA":"Redes y Telecomunicaciones","TOTAL":"3"},{"CARRERA":"Administraci\u00f3n","TOTAL":"2"},{"CARRERA":"Atenci\u00f3n Integral a Adultos Mayores","TOTAL":"1"},{"CARRERA":"Marketing Digital y Comercio Electronico","TOTAL":"1"}]
DEBUG - 2026-03-02 17:25:05 --> Session: Class initialized using 'CodeIgniter\Session\Handlers\FileHandler' driver.
ERROR - 2026-03-02 17:25:05 --> mysqli_sql_exception: Unknown column 'dsc.ESTADO_REVISION' in 'field list' in C:\xampp\htdocs\ITSI\vendor\codeigniter4\framework\system\Database\MySQLi\Connection.php:327
Stack trace:
#0 C:\xampp\htdocs\ITSI\vendor\codeigniter4\framework\system\Database\MySQLi\Connection.php(327): mysqli->query('SELECT COUNT(*)...', 0)
#1 C:\xampp\htdocs\ITSI\vendor\codeigniter4\framework\system\Database\BaseConnection.php(738): CodeIgniter\Database\MySQLi\Connection->execute('SELECT COUNT(*)...')
#2 C:\xampp\htdocs\ITSI\vendor\codeigniter4\framework\system\Database\BaseConnection.php(652): CodeIgniter\Database\BaseConnection->simpleQuery('SELECT COUNT(*)...')
#3 C:\xampp\htdocs\ITSI\vendor\codeigniter4\framework\system\Database\BaseBuilder.php(1649): CodeIgniter\Database\BaseConnection->query('SELECT COUNT(*)...', Array, false)
#4 C:\xampp\htdocs\ITSI\app\Models\DocumentosServicioComunitarioModel.php(137): CodeIgniter\Database\BaseBuilder->get()
#5 C:\xampp\htdocs\ITSI\app\Controllers\admin\DocumentosAdminController.php(45): App\Models\DocumentosServicioComunitarioModel->getEstadisticasDocumentos()
#6 C:\xampp\htdocs\ITSI\vendor\codeigniter4\framework\system\CodeIgniter.php(933): App\Controllers\admin\DocumentosAdminController->documentosServicioComunitario()
#7 C:\xampp\htdocs\ITSI\vendor\codeigniter4\framework\system\CodeIgniter.php(507): CodeIgniter\CodeIgniter->runController(Object(App\Controllers\admin\DocumentosAdminController))
#8 C:\xampp\htdocs\ITSI\vendor\codeigniter4\framework\system\CodeIgniter.php(354): CodeIgniter\CodeIgniter->handleRequest(NULL, Object(Config\Cache), false)
#9 C:\xampp\htdocs\ITSI\vendor\codeigniter4\framework\system\Boot.php(334): CodeIgniter\CodeIgniter->run()
#10 C:\xampp\htdocs\ITSI\vendor\codeigniter4\framework\system\Boot.php(67): CodeIgniter\Boot::runCodeIgniter(Object(CodeIgniter\CodeIgniter))
#11 C:\xampp\htdocs\ITSI\public\index.php(59): CodeIgniter\Boot::bootWeb(Object(Config\Paths))
#12 {main}
DEBUG - 2026-03-02 17:25:09 --> Session: Class initialized using 'CodeIgniter\Session\Handlers\FileHandler' driver.
DEBUG - 2026-03-02 17:25:09 --> Estadísticas mensuales: [{"mes":"Abr 2025","actividades":0,"practicas":0},{"mes":"May 2025","actividades":0,"practicas":0},{"mes":"Jun 2025","actividades":0,"practicas":1},{"mes":"Jul 2025","actividades":0,"practicas":1},{"mes":"Ago 2025","actividades":2,"practicas":1},{"mes":"Sep 2025","actividades":0,"practicas":1},{"mes":"Oct 2025","actividades":1,"practicas":1},{"mes":"Nov 2025","actividades":1,"practicas":1},{"mes":"Dic 2025","actividades":1,"practicas":1},{"mes":"Ene 2026","actividades":0,"practicas":1},{"mes":"Feb 2026","actividades":0,"practicas":1},{"mes":"Mar 2026","actividades":0,"practicas":1}]
DEBUG - 2026-03-02 17:25:09 --> Distribución carreras: [{"CARRERA":"Desarrollo de Software","TOTAL":"5"},{"CARRERA":"Dise\u00f1o Gr\u00e1fico","TOTAL":"4"},{"CARRERA":"Redes y Telecomunicaciones","TOTAL":"3"},{"CARRERA":"Administraci\u00f3n","TOTAL":"2"},{"CARRERA":"Atenci\u00f3n Integral a Adultos Mayores","TOTAL":"1"},{"CARRERA":"Marketing Digital y Comercio Electronico","TOTAL":"1"}]
DEBUG - 2026-03-02 17:36:42 --> Session: Class initialized using 'CodeIgniter\Session\Handlers\FileHandler' driver.
DEBUG - 2026-03-02 17:36:42 --> Estadísticas mensuales: [{"mes":"Abr 2025","actividades":0,"practicas":0},{"mes":"May 2025","actividades":0,"practicas":0},{"mes":"Jun 2025","actividades":0,"practicas":1},{"mes":"Jul 2025","actividades":0,"practicas":1},{"mes":"Ago 2025","actividades":2,"practicas":1},{"mes":"Sep 2025","actividades":0,"practicas":1},{"mes":"Oct 2025","actividades":1,"practicas":1},{"mes":"Nov 2025","actividades":1,"practicas":1},{"mes":"Dic 2025","actividades":1,"practicas":1},{"mes":"Ene 2026","actividades":0,"practicas":1},{"mes":"Feb 2026","actividades":0,"practicas":1},{"mes":"Mar 2026","actividades":0,"practicas":1}]
DEBUG - 2026-03-02 17:36:42 --> Distribución carreras: [{"CARRERA":"Desarrollo de Software","TOTAL":"5"},{"CARRERA":"Dise\u00f1o Gr\u00e1fico","TOTAL":"4"},{"CARRERA":"Redes y Telecomunicaciones","TOTAL":"3"},{"CARRERA":"Administraci\u00f3n","TOTAL":"2"},{"CARRERA":"Atenci\u00f3n Integral a Adultos Mayores","TOTAL":"1"},{"CARRERA":"Marketing Digital y Comercio Electronico","TOTAL":"1"}]
DEBUG - 2026-03-02 17:48:24 --> Session: Class initialized using 'CodeIgniter\Session\Handlers\FileHandler' driver.
DEBUG - 2026-03-02 17:48:24 --> Estadísticas mensuales: [{"mes":"Abr 2025","actividades":0,"practicas":0},{"mes":"May 2025","actividades":0,"practicas":0},{"mes":"Jun 2025","actividades":0,"practicas":1},{"mes":"Jul 2025","actividades":0,"practicas":1},{"mes":"Ago 2025","actividades":2,"practicas":1},{"mes":"Sep 2025","actividades":0,"practicas":1},{"mes":"Oct 2025","actividades":1,"practicas":1},{"mes":"Nov 2025","actividades":1,"practicas":1},{"mes":"Dic 2025","actividades":1,"practicas":1},{"mes":"Ene 2026","actividades":0,"practicas":1},{"mes":"Feb 2026","actividades":0,"practicas":1},{"mes":"Mar 2026","actividades":0,"practicas":1}]
DEBUG - 2026-03-02 17:48:24 --> Distribución carreras: [{"CARRERA":"Desarrollo de Software","TOTAL":"5"},{"CARRERA":"Dise\u00f1o Gr\u00e1fico","TOTAL":"4"},{"CARRERA":"Redes y Telecomunicaciones","TOTAL":"3"},{"CARRERA":"Administraci\u00f3n","TOTAL":"2"},{"CARRERA":"Atenci\u00f3n Integral a Adultos Mayores","TOTAL":"1"},{"CARRERA":"Marketing Digital y Comercio Electronico","TOTAL":"1"}]
DEBUG - 2026-03-02 17:50:22 --> Session: Class initialized using 'CodeIgniter\Session\Handlers\FileHandler' driver.
DEBUG - 2026-03-02 17:51:36 --> Session: Class initialized using 'CodeIgniter\Session\Handlers\FileHandler' driver.
INFO - 2026-03-02 17:51:36 --> Iniciando proceso de cierre de sesión para usuario: ycampues
INFO - 2026-03-02 17:51:36 --> Sesión cerrada exitosamente
DEBUG - 2026-03-02 17:51:36 --> Session: Class initialized using 'CodeIgniter\Session\Handlers\FileHandler' driver.
DEBUG - 2026-03-02 17:51:42 --> Session: Class initialized using 'CodeIgniter\Session\Handlers\FileHandler' driver.
INFO - 2026-03-02 17:51:42 --> Usuario autenticado: 1004191845 con rol: 1 - requiere cambio password: sí
DEBUG - 2026-03-02 17:51:42 --> Session: Class initialized using 'CodeIgniter\Session\Handlers\FileHandler' driver.
DEBUG - 2026-03-02 17:52:31 --> Session: Class initialized using 'CodeIgniter\Session\Handlers\FileHandler' driver.
DEBUG - 2026-03-02 17:52:31 --> Session: Class initialized using 'CodeIgniter\Session\Handlers\FileHandler' driver.
DEBUG - 2026-03-02 17:52:34 --> Session: Class initialized using 'CodeIgniter\Session\Handlers\FileHandler' driver.
INFO - 2026-03-02 17:52:34 --> Iniciando proceso de cierre de sesión para usuario: ycampues
INFO - 2026-03-02 17:52:34 --> Sesión cerrada exitosamente
DEBUG - 2026-03-02 17:52:34 --> Session: Class initialized using 'CodeIgniter\Session\Handlers\FileHandler' driver.
DEBUG - 2026-03-02 17:52:41 --> Session: Class initialized using 'CodeIgniter\Session\Handlers\FileHandler' driver.
DEBUG - 2026-03-02 17:52:41 --> Session: Class initialized using 'CodeIgniter\Session\Handlers\FileHandler' driver.
DEBUG - 2026-03-02 17:54:46 --> Session: Class initialized using 'CodeIgniter\Session\Handlers\FileHandler' driver.
DEBUG - 2026-03-02 17:54:54 --> Session: Class initialized using 'CodeIgniter\Session\Handlers\FileHandler' driver.
DEBUG - 2026-03-02 17:54:54 --> Session: Class initialized using 'CodeIgniter\Session\Handlers\FileHandler' driver.
DEBUG - 2026-03-02 17:55:09 --> Session: Class initialized using 'CodeIgniter\Session\Handlers\FileHandler' driver.
INFO - 2026-03-02 17:55:09 --> Token de recordarme creado para usuario: 1004191845
INFO - 2026-03-02 17:55:09 --> Usuario autenticado: 1004191845 con rol: 1 - requiere cambio password: no
DEBUG - 2026-03-02 17:55:09 --> Session: Class initialized using 'CodeIgniter\Session\Handlers\FileHandler' driver.
DEBUG - 2026-03-02 17:55:09 --> Estadísticas mensuales: [{"mes":"Abr 2025","actividades":0,"practicas":0},{"mes":"May 2025","actividades":0,"practicas":0},{"mes":"Jun 2025","actividades":0,"practicas":1},{"mes":"Jul 2025","actividades":0,"practicas":1},{"mes":"Ago 2025","actividades":2,"practicas":1},{"mes":"Sep 2025","actividades":0,"practicas":1},{"mes":"Oct 2025","actividades":1,"practicas":1},{"mes":"Nov 2025","actividades":1,"practicas":1},{"mes":"Dic 2025","actividades":1,"practicas":1},{"mes":"Ene 2026","actividades":0,"practicas":1},{"mes":"Feb 2026","actividades":0,"practicas":1},{"mes":"Mar 2026","actividades":0,"practicas":1}]
DEBUG - 2026-03-02 17:55:09 --> Distribución carreras: [{"CARRERA":"Desarrollo de Software","TOTAL":"5"},{"CARRERA":"Dise\u00f1o Gr\u00e1fico","TOTAL":"4"},{"CARRERA":"Redes y Telecomunicaciones","TOTAL":"3"},{"CARRERA":"Administraci\u00f3n","TOTAL":"2"},{"CARRERA":"Atenci\u00f3n Integral a Adultos Mayores","TOTAL":"1"},{"CARRERA":"Marketing Digital y Comercio Electronico","TOTAL":"1"}]
DEBUG - 2026-03-02 17:55:13 --> Session: Class initialized using 'CodeIgniter\Session\Handlers\FileHandler' driver.
DEBUG - 2026-03-02 17:56:19 --> Session: Class initialized using 'CodeIgniter\Session\Handlers\FileHandler' driver.
INFO - 2026-03-02 17:56:19 --> PerfilAdminController::update - Iniciando actualización de perfil
INFO - 2026-03-02 17:56:19 --> Sesión logged_in: true
INFO - 2026-03-02 17:56:19 --> ID Usuario: 1
INFO - 2026-03-02 17:56:19 --> Datos a actualizar - Usuario ID: 1 - Datos: {"CELULAR":"0992432078","DIRECCION":"Ibarra","EMAIL":"yamilex.campues2023@itsi.edu.ec","GENERO":"Femenino","ESTADO_CIVIL":"Soltero\/a","NACIONALIDAD":"Ecuatoriana"}
DEBUG - 2026-03-02 17:56:20 --> Session: Class initialized using 'CodeIgniter\Session\Handlers\FileHandler' driver.
DEBUG - 2026-03-02 17:59:31 --> Actividades cargadas: [{"ID_ACTIVIDAD_EDUCACION":"3","ID_PERIODO_ACADEMICO":null,"ID_INSTRUCTOR":"3","ID_TIPO_MODALIDAD":"1","ID_TIPO_ACTIVIDAD":"3","ID_USUARIO":"1","NOMBRE_ACTIVIDAD":"Inteligencia Artificial y Machine Learning","DESCRIPCION":"Seminario sobre tendencias actuales en IA y aplicaciones pr\u00e1cticas.","OBJETIVOS":"Actualizar conocimientos en inteligencia artificial y sus aplicaciones","DURACION_HORAS":"16","FECHA_INICIO":"2025-12-15","FECHA_FIN":"2025-12-16","LUGAR":"Auditorio Principal","HORARIO":"8:00-17:00","INCLUYE_CERTIFICADO":"1","PROGRAMA_DETALLADO":"Introducci\u00f3n a la IA\nMachine Learning b\u00e1sico\nDeep Learning\nAplicaciones pr\u00e1cticas\nCasos de estudio","ACTIVIDAD":"Seminario","MODALIDAD":"Presencial","ESPECIALIDAD":"Inteligencia Artificial","NOMBRE":"Mar\u00eda","APELLIDO":"Gonz\u00e1lez"},{"ID_ACTIVIDAD_EDUCACION":"5","ID_PERIODO_ACADEMICO":null,"ID_INSTRUCTOR":"2","ID_TIPO_MODALIDAD":"2","ID_TIPO_ACTIVIDAD":"2","ID_USUARIO":"1","NOMBRE_ACTIVIDAD":"Configuraci\u00f3n de Redes","DESCRIPCION":"Taller de configuraci\u00f3n y administraci\u00f3n de redes de computadoras.","OBJETIVOS":"Capacitar en configuraci\u00f3n y administraci\u00f3n de redes","DURACION_HORAS":"32","FECHA_INICIO":"2025-11-01","FECHA_FIN":"2025-11-30","LUGAR":"Laboratorio de Redes","HORARIO":"S\u00e1bados 8:00-12:00","INCLUYE_CERTIFICADO":"1","PROGRAMA_DETALLADO":"Protocolos de red\nConfiguraci\u00f3n de routers\nSwitches y VLANs\nSeguridad en redes","ACTIVIDAD":"Taller","MODALIDAD":"Virtual","ESPECIALIDAD":"Hardware y Redes","NOMBRE":"Ana","APELLIDO":"Ruiz"},{"ID_ACTIVIDAD_EDUCACION":"2","ID_PERIODO_ACADEMICO":null,"ID_INSTRUCTOR":"2","ID_TIPO_MODALIDAD":"2","ID_TIPO_ACTIVIDAD":"2","ID_USUARIO":"1","NOMBRE_ACTIVIDAD":"Reparaci\u00f3n de Equipos de C\u00f3mputo","DESCRIPCION":"Taller pr\u00e1ctico de mantenimiento y reparaci\u00f3n de hardware de computadoras.","OBJETIVOS":"Capacitar en t\u00e9cnicas de diagn\u00f3stico y reparaci\u00f3n de equipos","DURACION_HORAS":"40","FECHA_INICIO":"2025-10-01","FECHA_FIN":"2025-10-31","LUGAR":"Plataforma Virtual","HORARIO":"S\u00e1bados 9:00-13:00","INCLUYE_CERTIFICADO":"1","PROGRAMA_DETALLADO":"Diagn\u00f3stico de problemas\nReparaci\u00f3n de hardware\nMantenimiento preventivo\nInstalaci\u00f3n de software","ACTIVIDAD":"Taller","MODALIDAD":"Virtual","ESPECIALIDAD":"Hardware y Redes","NOMBRE":"Ana","APELLIDO":"Ruiz"},{"ID_ACTIVIDAD_EDUCACION":"1","ID_PERIODO_ACADEMICO":null,"ID_INSTRUCTOR":"1","ID_TIPO_MODALIDAD":"1","ID_TIPO_ACTIVIDAD":"1","ID_USUARIO":"1","NOMBRE_ACTIVIDAD":"Desarrollo Web Full Stack","DESCRIPCION":"Curso completo de desarrollo web con tecnolog\u00edas modernas como React, Node.js, MongoDB y m\u00e1s.","OBJETIVOS":"Formar desarrolladores full stack competentes en tecnolog\u00edas web modernas","DURACION_HORAS":"4","FECHA_INICIO":"2025-08-18","FECHA_FIN":"2025-08-19","LUGAR":"Laboratorio de Programaci\u00f3n","HORARIO":"Lunes a Martess 16:00-18:00","INCLUYE_CERTIFICADO":"1","PROGRAMA_DETALLADO":"M\u00f3dulo 1: HTML\/CSS\/JavaScript\r\nM\u00f3dulo 2: React.js\r\nM\u00f3dulo 3: Node.js\r\nM\u00f3dulo 4: Base de datos\r\nM\u00f3dulo 5: Proyecto final","ACTIVIDAD":"Curso","MODALIDAD":"Presencial","ESPECIALIDAD":"Desarrollo de Software","NOMBRE":"Carlos","APELLIDO":"Mendoza"},{"ID_ACTIVIDAD_EDUCACION":"4","ID_PERIODO_ACADEMICO":null,"ID_INSTRUCTOR":"1","ID_TIPO_MODALIDAD":"1","ID_TIPO_ACTIVIDAD":"1","ID_USUARIO":"1","NOMBRE_ACTIVIDAD":"Programaci\u00f3n en Python","DESCRIPCION":"Curso introductorio de programaci\u00f3n usando Python como lenguaje principal.","OBJETIVOS":"Ense\u00f1ar los fundamentos de programaci\u00f3n usando Python","DURACION_HORAS":"80","FECHA_INICIO":"2025-08-01","FECHA_FIN":"2025-09-30","LUGAR":"Laboratorio de Programaci\u00f3n","HORARIO":"Martes y Jueves 18:00-20:00","INCLUYE_CERTIFICADO":"1","PROGRAMA_DETALLADO":"Variables y tipos de datos\nEstructuras de control\nFunciones\nPOO\nLibrer\u00edas b\u00e1sicas","ACTIVIDAD":"Curso","MODALIDAD":"Presencial","ESPECIALIDAD":"Desarrollo de Software","NOMBRE":"Carlos","APELLIDO":"Mendoza"}]
DEBUG - 2026-03-02 17:59:31 --> Session: Class initialized using 'CodeIgniter\Session\Handlers\FileHandler' driver.
DEBUG - 2026-03-02 17:59:52 --> Session: Class initialized using 'CodeIgniter\Session\Handlers\FileHandler' driver.
DEBUG - 2026-03-02 17:59:52 --> Session: Class initialized using 'CodeIgniter\Session\Handlers\FileHandler' driver.
DEBUG - 2026-03-02 17:59:52 --> Total evaluaciones en BD: 3
DEBUG - 2026-03-02 17:59:52 --> Evaluaciones activas encontradas: 3
DEBUG - 2026-03-02 17:59:52 --> Session: Class initialized using 'CodeIgniter\Session\Handlers\FileHandler' driver.
DEBUG - 2026-03-02 17:59:59 --> Session: Class initialized using 'CodeIgniter\Session\Handlers\FileHandler' driver.
DEBUG - 2026-03-02 18:00:01 --> Session: Class initialized using 'CodeIgniter\Session\Handlers\FileHandler' driver.
DEBUG - 2026-03-02 18:00:02 --> Session: Class initialized using 'CodeIgniter\Session\Handlers\FileHandler' driver.
DEBUG - 2026-03-02 18:00:02 --> Total evaluaciones en BD: 3
DEBUG - 2026-03-02 18:00:02 --> Evaluaciones activas encontradas: 3
DEBUG - 2026-03-02 18:00:02 --> Session: Class initialized using 'CodeIgniter\Session\Handlers\FileHandler' driver.
DEBUG - 2026-03-02 18:00:02 --> Actividades cargadas: [{"ID_ACTIVIDAD_EDUCACION":"3","ID_PERIODO_ACADEMICO":null,"ID_INSTRUCTOR":"3","ID_TIPO_MODALIDAD":"1","ID_TIPO_ACTIVIDAD":"3","ID_USUARIO":"1","NOMBRE_ACTIVIDAD":"Inteligencia Artificial y Machine Learning","DESCRIPCION":"Seminario sobre tendencias actuales en IA y aplicaciones pr\u00e1cticas.","OBJETIVOS":"Actualizar conocimientos en inteligencia artificial y sus aplicaciones","DURACION_HORAS":"16","FECHA_INICIO":"2025-12-15","FECHA_FIN":"2025-12-16","LUGAR":"Auditorio Principal","HORARIO":"8:00-17:00","INCLUYE_CERTIFICADO":"1","PROGRAMA_DETALLADO":"Introducci\u00f3n a la IA\nMachine Learning b\u00e1sico\nDeep Learning\nAplicaciones pr\u00e1cticas\nCasos de estudio","ACTIVIDAD":"Seminario","MODALIDAD":"Presencial","ESPECIALIDAD":"Inteligencia Artificial","NOMBRE":"Mar\u00eda","APELLIDO":"Gonz\u00e1lez"},{"ID_ACTIVIDAD_EDUCACION":"5","ID_PERIODO_ACADEMICO":null,"ID_INSTRUCTOR":"2","ID_TIPO_MODALIDAD":"2","ID_TIPO_ACTIVIDAD":"2","ID_USUARIO":"1","NOMBRE_ACTIVIDAD":"Configuraci\u00f3n de Redes","DESCRIPCION":"Taller de configuraci\u00f3n y administraci\u00f3n de redes de computadoras.","OBJETIVOS":"Capacitar en configuraci\u00f3n y administraci\u00f3n de redes","DURACION_HORAS":"32","FECHA_INICIO":"2025-11-01","FECHA_FIN":"2025-11-30","LUGAR":"Laboratorio de Redes","HORARIO":"S\u00e1bados 8:00-12:00","INCLUYE_CERTIFICADO":"1","PROGRAMA_DETALLADO":"Protocolos de red\nConfiguraci\u00f3n de routers\nSwitches y VLANs\nSeguridad en redes","ACTIVIDAD":"Taller","MODALIDAD":"Virtual","ESPECIALIDAD":"Hardware y Redes","NOMBRE":"Ana","APELLIDO":"Ruiz"},{"ID_ACTIVIDAD_EDUCACION":"2","ID_PERIODO_ACADEMICO":null,"ID_INSTRUCTOR":"2","ID_TIPO_MODALIDAD":"2","ID_TIPO_ACTIVIDAD":"2","ID_USUARIO":"1","NOMBRE_ACTIVIDAD":"Reparaci\u00f3n de Equipos de C\u00f3mputo","DESCRIPCION":"Taller pr\u00e1ctico de mantenimiento y reparaci\u00f3n de hardware de computadoras.","OBJETIVOS":"Capacitar en t\u00e9cnicas de diagn\u00f3stico y reparaci\u00f3n de equipos","DURACION_HORAS":"40","FECHA_INICIO":"2025-10-01","FECHA_FIN":"2025-10-31","LUGAR":"Plataforma Virtual","HORARIO":"S\u00e1bados 9:00-13:00","INCLUYE_CERTIFICADO":"1","PROGRAMA_DETALLADO":"Diagn\u00f3stico de problemas\nReparaci\u00f3n de hardware\nMantenimiento preventivo\nInstalaci\u00f3n de software","ACTIVIDAD":"Taller","MODALIDAD":"Virtual","ESPECIALIDAD":"Hardware y Redes","NOMBRE":"Ana","APELLIDO":"Ruiz"},{"ID_ACTIVIDAD_EDUCACION":"1","ID_PERIODO_ACADEMICO":null,"ID_INSTRUCTOR":"1","ID_TIPO_MODALIDAD":"1","ID_TIPO_ACTIVIDAD":"1","ID_USUARIO":"1","NOMBRE_ACTIVIDAD":"Desarrollo Web Full Stack","DESCRIPCION":"Curso completo de desarrollo web con tecnolog\u00edas modernas como React, Node.js, MongoDB y m\u00e1s.","OBJETIVOS":"Formar desarrolladores full stack competentes en tecnolog\u00edas web modernas","DURACION_HORAS":"4","FECHA_INICIO":"2025-08-18","FECHA_FIN":"2025-08-19","LUGAR":"Laboratorio de Programaci\u00f3n","HORARIO":"Lunes a Martess 16:00-18:00","INCLUYE_CERTIFICADO":"1","PROGRAMA_DETALLADO":"M\u00f3dulo 1: HTML\/CSS\/JavaScript\r\nM\u00f3dulo 2: React.js\r\nM\u00f3dulo 3: Node.js\r\nM\u00f3dulo 4: Base de datos\r\nM\u00f3dulo 5: Proyecto final","ACTIVIDAD":"Curso","MODALIDAD":"Presencial","ESPECIALIDAD":"Desarrollo de Software","NOMBRE":"Carlos","APELLIDO":"Mendoza"},{"ID_ACTIVIDAD_EDUCACION":"4","ID_PERIODO_ACADEMICO":null,"ID_INSTRUCTOR":"1","ID_TIPO_MODALIDAD":"1","ID_TIPO_ACTIVIDAD":"1","ID_USUARIO":"1","NOMBRE_ACTIVIDAD":"Programaci\u00f3n en Python","DESCRIPCION":"Curso introductorio de programaci\u00f3n usando Python como lenguaje principal.","OBJETIVOS":"Ense\u00f1ar los fundamentos de programaci\u00f3n usando Python","DURACION_HORAS":"80","FECHA_INICIO":"2025-08-01","FECHA_FIN":"2025-09-30","LUGAR":"Laboratorio de Programaci\u00f3n","HORARIO":"Martes y Jueves 18:00-20:00","INCLUYE_CERTIFICADO":"1","PROGRAMA_DETALLADO":"Variables y tipos de datos\nEstructuras de control\nFunciones\nPOO\nLibrer\u00edas b\u00e1sicas","ACTIVIDAD":"Curso","MODALIDAD":"Presencial","ESPECIALIDAD":"Desarrollo de Software","NOMBRE":"Carlos","APELLIDO":"Mendoza"}]
DEBUG - 2026-03-02 18:00:02 --> Session: Class initialized using 'CodeIgniter\Session\Handlers\FileHandler' driver.
DEBUG - 2026-03-02 18:01:41 --> Actividades cargadas: [{"ID_ACTIVIDAD_EDUCACION":"3","ID_PERIODO_ACADEMICO":null,"ID_INSTRUCTOR":"3","ID_TIPO_MODALIDAD":"1","ID_TIPO_ACTIVIDAD":"3","ID_USUARIO":"1","NOMBRE_ACTIVIDAD":"Inteligencia Artificial y Machine Learning","DESCRIPCION":"Seminario sobre tendencias actuales en IA y aplicaciones pr\u00e1cticas.","OBJETIVOS":"Actualizar conocimientos en inteligencia artificial y sus aplicaciones","DURACION_HORAS":"16","FECHA_INICIO":"2025-12-15","FECHA_FIN":"2025-12-16","LUGAR":"Auditorio Principal","HORARIO":"8:00-17:00","INCLUYE_CERTIFICADO":"1","PROGRAMA_DETALLADO":"Introducci\u00f3n a la IA\nMachine Learning b\u00e1sico\nDeep Learning\nAplicaciones pr\u00e1cticas\nCasos de estudio","ACTIVIDAD":"Seminario","MODALIDAD":"Presencial","ESPECIALIDAD":"Inteligencia Artificial","NOMBRE":"Mar\u00eda","APELLIDO":"Gonz\u00e1lez"},{"ID_ACTIVIDAD_EDUCACION":"5","ID_PERIODO_ACADEMICO":null,"ID_INSTRUCTOR":"2","ID_TIPO_MODALIDAD":"2","ID_TIPO_ACTIVIDAD":"2","ID_USUARIO":"1","NOMBRE_ACTIVIDAD":"Configuraci\u00f3n de Redes","DESCRIPCION":"Taller de configuraci\u00f3n y administraci\u00f3n de redes de computadoras.","OBJETIVOS":"Capacitar en configuraci\u00f3n y administraci\u00f3n de redes","DURACION_HORAS":"32","FECHA_INICIO":"2025-11-01","FECHA_FIN":"2025-11-30","LUGAR":"Laboratorio de Redes","HORARIO":"S\u00e1bados 8:00-12:00","INCLUYE_CERTIFICADO":"1","PROGRAMA_DETALLADO":"Protocolos de red\nConfiguraci\u00f3n de routers\nSwitches y VLANs\nSeguridad en redes","ACTIVIDAD":"Taller","MODALIDAD":"Virtual","ESPECIALIDAD":"Hardware y Redes","NOMBRE":"Ana","APELLIDO":"Ruiz"},{"ID_ACTIVIDAD_EDUCACION":"2","ID_PERIODO_ACADEMICO":null,"ID_INSTRUCTOR":"2","ID_TIPO_MODALIDAD":"2","ID_TIPO_ACTIVIDAD":"2","ID_USUARIO":"1","NOMBRE_ACTIVIDAD":"Reparaci\u00f3n de Equipos de C\u00f3mputo","DESCRIPCION":"Taller pr\u00e1ctico de mantenimiento y reparaci\u00f3n de hardware de computadoras.","OBJETIVOS":"Capacitar en t\u00e9cnicas de diagn\u00f3stico y reparaci\u00f3n de equipos","DURACION_HORAS":"40","FECHA_INICIO":"2025-10-01","FECHA_FIN":"2025-10-31","LUGAR":"Plataforma Virtual","HORARIO":"S\u00e1bados 9:00-13:00","INCLUYE_CERTIFICADO":"1","PROGRAMA_DETALLADO":"Diagn\u00f3stico de problemas\nReparaci\u00f3n de hardware\nMantenimiento preventivo\nInstalaci\u00f3n de software","ACTIVIDAD":"Taller","MODALIDAD":"Virtual","ESPECIALIDAD":"Hardware y Redes","NOMBRE":"Ana","APELLIDO":"Ruiz"},{"ID_ACTIVIDAD_EDUCACION":"1","ID_PERIODO_ACADEMICO":null,"ID_INSTRUCTOR":"1","ID_TIPO_MODALIDAD":"1","ID_TIPO_ACTIVIDAD":"1","ID_USUARIO":"1","NOMBRE_ACTIVIDAD":"Desarrollo Web Full Stack","DESCRIPCION":"Curso completo de desarrollo web con tecnolog\u00edas modernas como React, Node.js, MongoDB y m\u00e1s.","OBJETIVOS":"Formar desarrolladores full stack competentes en tecnolog\u00edas web modernas","DURACION_HORAS":"4","FECHA_INICIO":"2025-08-18","FECHA_FIN":"2025-08-19","LUGAR":"Laboratorio de Programaci\u00f3n","HORARIO":"Lunes a Martess 16:00-18:00","INCLUYE_CERTIFICADO":"1","PROGRAMA_DETALLADO":"M\u00f3dulo 1: HTML\/CSS\/JavaScript\r\nM\u00f3dulo 2: React.js\r\nM\u00f3dulo 3: Node.js\r\nM\u00f3dulo 4: Base de datos\r\nM\u00f3dulo 5: Proyecto final","ACTIVIDAD":"Curso","MODALIDAD":"Presencial","ESPECIALIDAD":"Desarrollo de Software","NOMBRE":"Carlos","APELLIDO":"Mendoza"},{"ID_ACTIVIDAD_EDUCACION":"4","ID_PERIODO_ACADEMICO":null,"ID_INSTRUCTOR":"1","ID_TIPO_MODALIDAD":"1","ID_TIPO_ACTIVIDAD":"1","ID_USUARIO":"1","NOMBRE_ACTIVIDAD":"Programaci\u00f3n en Python","DESCRIPCION":"Curso introductorio de programaci\u00f3n usando Python como lenguaje principal.","OBJETIVOS":"Ense\u00f1ar los fundamentos de programaci\u00f3n usando Python","DURACION_HORAS":"80","FECHA_INICIO":"2025-08-01","FECHA_FIN":"2025-09-30","LUGAR":"Laboratorio de Programaci\u00f3n","HORARIO":"Martes y Jueves 18:00-20:00","INCLUYE_CERTIFICADO":"1","PROGRAMA_DETALLADO":"Variables y tipos de datos\nEstructuras de control\nFunciones\nPOO\nLibrer\u00edas b\u00e1sicas","ACTIVIDAD":"Curso","MODALIDAD":"Presencial","ESPECIALIDAD":"Desarrollo de Software","NOMBRE":"Carlos","APELLIDO":"Mendoza"}]
DEBUG - 2026-03-02 18:01:41 --> Session: Class initialized using 'CodeIgniter\Session\Handlers\FileHandler' driver.
DEBUG - 2026-03-02 18:01:44 --> Session: Class initialized using 'CodeIgniter\Session\Handlers\FileHandler' driver.
DEBUG - 2026-03-02 18:01:52 --> Session: Class initialized using 'CodeIgniter\Session\Handlers\FileHandler' driver.
DEBUG - 2026-03-02 18:04:36 --> Session: Class initialized using 'CodeIgniter\Session\Handlers\FileHandler' driver.
DEBUG - 2026-03-02 18:05:53 --> Session: Class initialized using 'CodeIgniter\Session\Handlers\FileHandler' driver.
DEBUG - 2026-03-02 18:05:59 --> Session: Class initialized using 'CodeIgniter\Session\Handlers\FileHandler' driver.
DEBUG - 2026-03-02 18:06:01 --> Session: Class initialized using 'CodeIgniter\Session\Handlers\FileHandler' driver.
DEBUG - 2026-03-02 18:06:01 --> Estadísticas mensuales: [{"mes":"Abr 2025","actividades":0,"practicas":0},{"mes":"May 2025","actividades":0,"practicas":0},{"mes":"Jun 2025","actividades":0,"practicas":1},{"mes":"Jul 2025","actividades":0,"practicas":1},{"mes":"Ago 2025","actividades":2,"practicas":1},{"mes":"Sep 2025","actividades":0,"practicas":1},{"mes":"Oct 2025","actividades":1,"practicas":1},{"mes":"Nov 2025","actividades":1,"practicas":1},{"mes":"Dic 2025","actividades":1,"practicas":1},{"mes":"Ene 2026","actividades":0,"practicas":1},{"mes":"Feb 2026","actividades":0,"practicas":1},{"mes":"Mar 2026","actividades":0,"practicas":1}]
DEBUG - 2026-03-02 18:06:01 --> Distribución carreras: [{"CARRERA":"Desarrollo de Software","TOTAL":"5"},{"CARRERA":"Dise\u00f1o Gr\u00e1fico","TOTAL":"4"},{"CARRERA":"Redes y Telecomunicaciones","TOTAL":"3"},{"CARRERA":"Administraci\u00f3n","TOTAL":"2"},{"CARRERA":"Atenci\u00f3n Integral a Adultos Mayores","TOTAL":"1"},{"CARRERA":"Marketing Digital y Comercio Electronico","TOTAL":"1"}]
DEBUG - 2026-03-02 18:06:04 --> Session: Class initialized using 'CodeIgniter\Session\Handlers\FileHandler' driver.
DEBUG - 2026-03-02 18:09:42 --> Session: Class initialized using 'CodeIgniter\Session\Handlers\FileHandler' driver.
DEBUG - 2026-03-02 18:12:03 --> Session: Class initialized using 'CodeIgniter\Session\Handlers\FileHandler' driver.
DEBUG - 2026-03-02 18:13:21 --> Session: Class initialized using 'CodeIgniter\Session\Handlers\FileHandler' driver.
DEBUG - 2026-03-02 18:16:22 --> Session: Class initialized using 'CodeIgniter\Session\Handlers\FileHandler' driver.
DEBUG - 2026-03-02 18:16:30 --> Session: Class initialized using 'CodeIgniter\Session\Handlers\FileHandler' driver.
DEBUG - 2026-03-02 18:16:31 --> Session: Class initialized using 'CodeIgniter\Session\Handlers\FileHandler' driver.
DEBUG - 2026-03-02 18:17:01 --> Session: Class initialized using 'CodeIgniter\Session\Handlers\FileHandler' driver.
DEBUG - 2026-03-02 18:17:01 --> Estadísticas mensuales: [{"mes":"Abr 2025","actividades":0,"practicas":0},{"mes":"May 2025","actividades":0,"practicas":0},{"mes":"Jun 2025","actividades":0,"practicas":1},{"mes":"Jul 2025","actividades":0,"practicas":1},{"mes":"Ago 2025","actividades":2,"practicas":1},{"mes":"Sep 2025","actividades":0,"practicas":1},{"mes":"Oct 2025","actividades":1,"practicas":1},{"mes":"Nov 2025","actividades":1,"practicas":1},{"mes":"Dic 2025","actividades":1,"practicas":1},{"mes":"Ene 2026","actividades":0,"practicas":1},{"mes":"Feb 2026","actividades":0,"practicas":1},{"mes":"Mar 2026","actividades":0,"practicas":1}]
DEBUG - 2026-03-02 18:17:01 --> Distribución carreras: [{"CARRERA":"Desarrollo de Software","TOTAL":"5"},{"CARRERA":"Dise\u00f1o Gr\u00e1fico","TOTAL":"4"},{"CARRERA":"Redes y Telecomunicaciones","TOTAL":"3"},{"CARRERA":"Administraci\u00f3n","TOTAL":"2"},{"CARRERA":"Atenci\u00f3n Integral a Adultos Mayores","TOTAL":"1"},{"CARRERA":"Marketing Digital y Comercio Electronico","TOTAL":"1"}]
DEBUG - 2026-03-02 18:18:57 --> Actividades cargadas: [{"ID_ACTIVIDAD_EDUCACION":"3","ID_PERIODO_ACADEMICO":null,"ID_INSTRUCTOR":"3","ID_TIPO_MODALIDAD":"1","ID_TIPO_ACTIVIDAD":"3","ID_USUARIO":"1","NOMBRE_ACTIVIDAD":"Inteligencia Artificial y Machine Learning","DESCRIPCION":"Seminario sobre tendencias actuales en IA y aplicaciones pr\u00e1cticas.","OBJETIVOS":"Actualizar conocimientos en inteligencia artificial y sus aplicaciones","DURACION_HORAS":"16","FECHA_INICIO":"2025-12-15","FECHA_FIN":"2025-12-16","LUGAR":"Auditorio Principal","HORARIO":"8:00-17:00","INCLUYE_CERTIFICADO":"1","PROGRAMA_DETALLADO":"Introducci\u00f3n a la IA\nMachine Learning b\u00e1sico\nDeep Learning\nAplicaciones pr\u00e1cticas\nCasos de estudio","ACTIVIDAD":"Seminario","MODALIDAD":"Presencial","ESPECIALIDAD":"Inteligencia Artificial","NOMBRE":"Mar\u00eda","APELLIDO":"Gonz\u00e1lez"},{"ID_ACTIVIDAD_EDUCACION":"5","ID_PERIODO_ACADEMICO":null,"ID_INSTRUCTOR":"2","ID_TIPO_MODALIDAD":"2","ID_TIPO_ACTIVIDAD":"2","ID_USUARIO":"1","NOMBRE_ACTIVIDAD":"Configuraci\u00f3n de Redes","DESCRIPCION":"Taller de configuraci\u00f3n y administraci\u00f3n de redes de computadoras.","OBJETIVOS":"Capacitar en configuraci\u00f3n y administraci\u00f3n de redes","DURACION_HORAS":"32","FECHA_INICIO":"2025-11-01","FECHA_FIN":"2025-11-30","LUGAR":"Laboratorio de Redes","HORARIO":"S\u00e1bados 8:00-12:00","INCLUYE_CERTIFICADO":"1","PROGRAMA_DETALLADO":"Protocolos de red\nConfiguraci\u00f3n de routers\nSwitches y VLANs\nSeguridad en redes","ACTIVIDAD":"Taller","MODALIDAD":"Virtual","ESPECIALIDAD":"Hardware y Redes","NOMBRE":"Ana","APELLIDO":"Ruiz"},{"ID_ACTIVIDAD_EDUCACION":"2","ID_PERIODO_ACADEMICO":null,"ID_INSTRUCTOR":"2","ID_TIPO_MODALIDAD":"2","ID_TIPO_ACTIVIDAD":"2","ID_USUARIO":"1","NOMBRE_ACTIVIDAD":"Reparaci\u00f3n de Equipos de C\u00f3mputo","DESCRIPCION":"Taller pr\u00e1ctico de mantenimiento y reparaci\u00f3n de hardware de computadoras.","OBJETIVOS":"Capacitar en t\u00e9cnicas de diagn\u00f3stico y reparaci\u00f3n de equipos","DURACION_HORAS":"40","FECHA_INICIO":"2025-10-01","FECHA_FIN":"2025-10-31","LUGAR":"Plataforma Virtual","HORARIO":"S\u00e1bados 9:00-13:00","INCLUYE_CERTIFICADO":"1","PROGRAMA_DETALLADO":"Diagn\u00f3stico de problemas\nReparaci\u00f3n de hardware\nMantenimiento preventivo\nInstalaci\u00f3n de software","ACTIVIDAD":"Taller","MODALIDAD":"Virtual","ESPECIALIDAD":"Hardware y Redes","NOMBRE":"Ana","APELLIDO":"Ruiz"},{"ID_ACTIVIDAD_EDUCACION":"1","ID_PERIODO_ACADEMICO":null,"ID_INSTRUCTOR":"1","ID_TIPO_MODALIDAD":"1","ID_TIPO_ACTIVIDAD":"1","ID_USUARIO":"1","NOMBRE_ACTIVIDAD":"Desarrollo Web Full Stack","DESCRIPCION":"Curso completo de desarrollo web con tecnolog\u00edas modernas como React, Node.js, MongoDB y m\u00e1s.","OBJETIVOS":"Formar desarrolladores full stack competentes en tecnolog\u00edas web modernas","DURACION_HORAS":"4","FECHA_INICIO":"2025-08-18","FECHA_FIN":"2025-08-19","LUGAR":"Laboratorio de Programaci\u00f3n","HORARIO":"Lunes a Martess 16:00-18:00","INCLUYE_CERTIFICADO":"1","PROGRAMA_DETALLADO":"M\u00f3dulo 1: HTML\/CSS\/JavaScript\r\nM\u00f3dulo 2: React.js\r\nM\u00f3dulo 3: Node.js\r\nM\u00f3dulo 4: Base de datos\r\nM\u00f3dulo 5: Proyecto final","ACTIVIDAD":"Curso","MODALIDAD":"Presencial","ESPECIALIDAD":"Desarrollo de Software","NOMBRE":"Carlos","APELLIDO":"Mendoza"},{"ID_ACTIVIDAD_EDUCACION":"4","ID_PERIODO_ACADEMICO":null,"ID_INSTRUCTOR":"1","ID_TIPO_MODALIDAD":"1","ID_TIPO_ACTIVIDAD":"1","ID_USUARIO":"1","NOMBRE_ACTIVIDAD":"Programaci\u00f3n en Python","DESCRIPCION":"Curso introductorio de programaci\u00f3n usando Python como lenguaje principal.","OBJETIVOS":"Ense\u00f1ar los fundamentos de programaci\u00f3n usando Python","DURACION_HORAS":"80","FECHA_INICIO":"2025-08-01","FECHA_FIN":"2025-09-30","LUGAR":"Laboratorio de Programaci\u00f3n","HORARIO":"Martes y Jueves 18:00-20:00","INCLUYE_CERTIFICADO":"1","PROGRAMA_DETALLADO":"Variables y tipos de datos\nEstructuras de control\nFunciones\nPOO\nLibrer\u00edas b\u00e1sicas","ACTIVIDAD":"Curso","MODALIDAD":"Presencial","ESPECIALIDAD":"Desarrollo de Software","NOMBRE":"Carlos","APELLIDO":"Mendoza"}]
DEBUG - 2026-03-02 18:18:57 --> Session: Class initialized using 'CodeIgniter\Session\Handlers\FileHandler' driver.
DEBUG - 2026-03-02 18:19:02 --> Session: Class initialized using 'CodeIgniter\Session\Handlers\FileHandler' driver.
DEBUG - 2026-03-02 18:19:20 --> Actividades cargadas: [{"ID_ACTIVIDAD_EDUCACION":"3","ID_PERIODO_ACADEMICO":null,"ID_INSTRUCTOR":"3","ID_TIPO_MODALIDAD":"1","ID_TIPO_ACTIVIDAD":"3","ID_USUARIO":"1","NOMBRE_ACTIVIDAD":"Inteligencia Artificial y Machine Learning","DESCRIPCION":"Seminario sobre tendencias actuales en IA y aplicaciones pr\u00e1cticas.","OBJETIVOS":"Actualizar conocimientos en inteligencia artificial y sus aplicaciones","DURACION_HORAS":"16","FECHA_INICIO":"2025-12-15","FECHA_FIN":"2025-12-16","LUGAR":"Auditorio Principal","HORARIO":"8:00-17:00","INCLUYE_CERTIFICADO":"1","PROGRAMA_DETALLADO":"Introducci\u00f3n a la IA\nMachine Learning b\u00e1sico\nDeep Learning\nAplicaciones pr\u00e1cticas\nCasos de estudio","ACTIVIDAD":"Seminario","MODALIDAD":"Presencial","ESPECIALIDAD":"Inteligencia Artificial","NOMBRE":"Mar\u00eda","APELLIDO":"Gonz\u00e1lez"},{"ID_ACTIVIDAD_EDUCACION":"5","ID_PERIODO_ACADEMICO":null,"ID_INSTRUCTOR":"2","ID_TIPO_MODALIDAD":"2","ID_TIPO_ACTIVIDAD":"2","ID_USUARIO":"1","NOMBRE_ACTIVIDAD":"Configuraci\u00f3n de Redes","DESCRIPCION":"Taller de configuraci\u00f3n y administraci\u00f3n de redes de computadoras.","OBJETIVOS":"Capacitar en configuraci\u00f3n y administraci\u00f3n de redes","DURACION_HORAS":"32","FECHA_INICIO":"2025-11-01","FECHA_FIN":"2025-11-30","LUGAR":"Laboratorio de Redes","HORARIO":"S\u00e1bados 8:00-12:00","INCLUYE_CERTIFICADO":"1","PROGRAMA_DETALLADO":"Protocolos de red\nConfiguraci\u00f3n de routers\nSwitches y VLANs\nSeguridad en redes","ACTIVIDAD":"Taller","MODALIDAD":"Virtual","ESPECIALIDAD":"Hardware y Redes","NOMBRE":"Ana","APELLIDO":"Ruiz"},{"ID_ACTIVIDAD_EDUCACION":"2","ID_PERIODO_ACADEMICO":null,"ID_INSTRUCTOR":"2","ID_TIPO_MODALIDAD":"2","ID_TIPO_ACTIVIDAD":"2","ID_USUARIO":"1","NOMBRE_ACTIVIDAD":"Reparaci\u00f3n de Equipos de C\u00f3mputo","DESCRIPCION":"Taller pr\u00e1ctico de mantenimiento y reparaci\u00f3n de hardware de computadoras.","OBJETIVOS":"Capacitar en t\u00e9cnicas de diagn\u00f3stico y reparaci\u00f3n de equipos","DURACION_HORAS":"40","FECHA_INICIO":"2025-10-01","FECHA_FIN":"2025-10-31","LUGAR":"Plataforma Virtual","HORARIO":"S\u00e1bados 9:00-13:00","INCLUYE_CERTIFICADO":"1","PROGRAMA_DETALLADO":"Diagn\u00f3stico de problemas\nReparaci\u00f3n de hardware\nMantenimiento preventivo\nInstalaci\u00f3n de software","ACTIVIDAD":"Taller","MODALIDAD":"Virtual","ESPECIALIDAD":"Hardware y Redes","NOMBRE":"Ana","APELLIDO":"Ruiz"},{"ID_ACTIVIDAD_EDUCACION":"1","ID_PERIODO_ACADEMICO":null,"ID_INSTRUCTOR":"1","ID_TIPO_MODALIDAD":"1","ID_TIPO_ACTIVIDAD":"1","ID_USUARIO":"1","NOMBRE_ACTIVIDAD":"Desarrollo Web Full Stack","DESCRIPCION":"Curso completo de desarrollo web con tecnolog\u00edas modernas como React, Node.js, MongoDB y m\u00e1s.","OBJETIVOS":"Formar desarrolladores full stack competentes en tecnolog\u00edas web modernas","DURACION_HORAS":"4","FECHA_INICIO":"2025-08-18","FECHA_FIN":"2025-08-19","LUGAR":"Laboratorio de Programaci\u00f3n","HORARIO":"Lunes a Martess 16:00-18:00","INCLUYE_CERTIFICADO":"1","PROGRAMA_DETALLADO":"M\u00f3dulo 1: HTML\/CSS\/JavaScript\r\nM\u00f3dulo 2: React.js\r\nM\u00f3dulo 3: Node.js\r\nM\u00f3dulo 4: Base de datos\r\nM\u00f3dulo 5: Proyecto final","ACTIVIDAD":"Curso","MODALIDAD":"Presencial","ESPECIALIDAD":"Desarrollo de Software","NOMBRE":"Carlos","APELLIDO":"Mendoza"},{"ID_ACTIVIDAD_EDUCACION":"4","ID_PERIODO_ACADEMICO":null,"ID_INSTRUCTOR":"1","ID_TIPO_MODALIDAD":"1","ID_TIPO_ACTIVIDAD":"1","ID_USUARIO":"1","NOMBRE_ACTIVIDAD":"Programaci\u00f3n en Python","DESCRIPCION":"Curso introductorio de programaci\u00f3n usando Python como lenguaje principal.","OBJETIVOS":"Ense\u00f1ar los fundamentos de programaci\u00f3n usando Python","DURACION_HORAS":"80","FECHA_INICIO":"2025-08-01","FECHA_FIN":"2025-09-30","LUGAR":"Laboratorio de Programaci\u00f3n","HORARIO":"Martes y Jueves 18:00-20:00","INCLUYE_CERTIFICADO":"1","PROGRAMA_DETALLADO":"Variables y tipos de datos\nEstructuras de control\nFunciones\nPOO\nLibrer\u00edas b\u00e1sicas","ACTIVIDAD":"Curso","MODALIDAD":"Presencial","ESPECIALIDAD":"Desarrollo de Software","NOMBRE":"Carlos","APELLIDO":"Mendoza"}]
DEBUG - 2026-03-02 18:19:20 --> Session: Class initialized using 'CodeIgniter\Session\Handlers\FileHandler' driver.
DEBUG - 2026-03-02 18:19:25 --> Session: Class initialized using 'CodeIgniter\Session\Handlers\FileHandler' driver.
DEBUG - 2026-03-02 18:19:30 --> Actividades cargadas: [{"ID_ACTIVIDAD_EDUCACION":"3","ID_PERIODO_ACADEMICO":null,"ID_INSTRUCTOR":"3","ID_TIPO_MODALIDAD":"1","ID_TIPO_ACTIVIDAD":"3","ID_USUARIO":"1","NOMBRE_ACTIVIDAD":"Inteligencia Artificial y Machine Learning","DESCRIPCION":"Seminario sobre tendencias actuales en IA y aplicaciones pr\u00e1cticas.","OBJETIVOS":"Actualizar conocimientos en inteligencia artificial y sus aplicaciones","DURACION_HORAS":"16","FECHA_INICIO":"2025-12-15","FECHA_FIN":"2025-12-16","LUGAR":"Auditorio Principal","HORARIO":"8:00-17:00","INCLUYE_CERTIFICADO":"1","PROGRAMA_DETALLADO":"Introducci\u00f3n a la IA\nMachine Learning b\u00e1sico\nDeep Learning\nAplicaciones pr\u00e1cticas\nCasos de estudio","ACTIVIDAD":"Seminario","MODALIDAD":"Presencial","ESPECIALIDAD":"Inteligencia Artificial","NOMBRE":"Mar\u00eda","APELLIDO":"Gonz\u00e1lez"},{"ID_ACTIVIDAD_EDUCACION":"5","ID_PERIODO_ACADEMICO":null,"ID_INSTRUCTOR":"2","ID_TIPO_MODALIDAD":"2","ID_TIPO_ACTIVIDAD":"2","ID_USUARIO":"1","NOMBRE_ACTIVIDAD":"Configuraci\u00f3n de Redes","DESCRIPCION":"Taller de configuraci\u00f3n y administraci\u00f3n de redes de computadoras.","OBJETIVOS":"Capacitar en configuraci\u00f3n y administraci\u00f3n de redes","DURACION_HORAS":"32","FECHA_INICIO":"2025-11-01","FECHA_FIN":"2025-11-30","LUGAR":"Laboratorio de Redes","HORARIO":"S\u00e1bados 8:00-12:00","INCLUYE_CERTIFICADO":"1","PROGRAMA_DETALLADO":"Protocolos de red\nConfiguraci\u00f3n de routers\nSwitches y VLANs\nSeguridad en redes","ACTIVIDAD":"Taller","MODALIDAD":"Virtual","ESPECIALIDAD":"Hardware y Redes","NOMBRE":"Ana","APELLIDO":"Ruiz"},{"ID_ACTIVIDAD_EDUCACION":"2","ID_PERIODO_ACADEMICO":null,"ID_INSTRUCTOR":"2","ID_TIPO_MODALIDAD":"2","ID_TIPO_ACTIVIDAD":"2","ID_USUARIO":"1","NOMBRE_ACTIVIDAD":"Reparaci\u00f3n de Equipos de C\u00f3mputo","DESCRIPCION":"Taller pr\u00e1ctico de mantenimiento y reparaci\u00f3n de hardware de computadoras.","OBJETIVOS":"Capacitar en t\u00e9cnicas de diagn\u00f3stico y reparaci\u00f3n de equipos","DURACION_HORAS":"40","FECHA_INICIO":"2025-10-01","FECHA_FIN":"2025-10-31","LUGAR":"Plataforma Virtual","HORARIO":"S\u00e1bados 9:00-13:00","INCLUYE_CERTIFICADO":"1","PROGRAMA_DETALLADO":"Diagn\u00f3stico de problemas\nReparaci\u00f3n de hardware\nMantenimiento preventivo\nInstalaci\u00f3n de software","ACTIVIDAD":"Taller","MODALIDAD":"Virtual","ESPECIALIDAD":"Hardware y Redes","NOMBRE":"Ana","APELLIDO":"Ruiz"},{"ID_ACTIVIDAD_EDUCACION":"1","ID_PERIODO_ACADEMICO":null,"ID_INSTRUCTOR":"1","ID_TIPO_MODALIDAD":"1","ID_TIPO_ACTIVIDAD":"1","ID_USUARIO":"1","NOMBRE_ACTIVIDAD":"Desarrollo Web Full Stack","DESCRIPCION":"Curso completo de desarrollo web con tecnolog\u00edas modernas como React, Node.js, MongoDB y m\u00e1s.","OBJETIVOS":"Formar desarrolladores full stack competentes en tecnolog\u00edas web modernas","DURACION_HORAS":"4","FECHA_INICIO":"2025-08-18","FECHA_FIN":"2025-08-19","LUGAR":"Laboratorio de Programaci\u00f3n","HORARIO":"Lunes a Martess 16:00-18:00","INCLUYE_CERTIFICADO":"1","PROGRAMA_DETALLADO":"M\u00f3dulo 1: HTML\/CSS\/JavaScript\r\nM\u00f3dulo 2: React.js\r\nM\u00f3dulo 3: Node.js\r\nM\u00f3dulo 4: Base de datos\r\nM\u00f3dulo 5: Proyecto final","ACTIVIDAD":"Curso","MODALIDAD":"Presencial","ESPECIALIDAD":"Desarrollo de Software","NOMBRE":"Carlos","APELLIDO":"Mendoza"},{"ID_ACTIVIDAD_EDUCACION":"4","ID_PERIODO_ACADEMICO":null,"ID_INSTRUCTOR":"1","ID_TIPO_MODALIDAD":"1","ID_TIPO_ACTIVIDAD":"1","ID_USUARIO":"1","NOMBRE_ACTIVIDAD":"Programaci\u00f3n en Python","DESCRIPCION":"Curso introductorio de programaci\u00f3n usando Python como lenguaje principal.","OBJETIVOS":"Ense\u00f1ar los fundamentos de programaci\u00f3n usando Python","DURACION_HORAS":"80","FECHA_INICIO":"2025-08-01","FECHA_FIN":"2025-09-30","LUGAR":"Laboratorio de Programaci\u00f3n","HORARIO":"Martes y Jueves 18:00-20:00","INCLUYE_CERTIFICADO":"1","PROGRAMA_DETALLADO":"Variables y tipos de datos\nEstructuras de control\nFunciones\nPOO\nLibrer\u00edas b\u00e1sicas","ACTIVIDAD":"Curso","MODALIDAD":"Presencial","ESPECIALIDAD":"Desarrollo de Software","NOMBRE":"Carlos","APELLIDO":"Mendoza"}]
DEBUG - 2026-03-02 18:19:30 --> Session: Class initialized using 'CodeIgniter\Session\Handlers\FileHandler' driver.
DEBUG - 2026-03-02 18:19:38 --> Session: Class initialized using 'CodeIgniter\Session\Handlers\FileHandler' driver.
DEBUG - 2026-03-02 18:19:42 --> Session: Class initialized using 'CodeIgniter\Session\Handlers\FileHandler' driver.
ERROR - 2026-03-02 18:19:42 --> mysqli_sql_exception: Unknown column 'dsc.ESTADO_REVISION' in 'field list' in C:\xampp\htdocs\ITSI\vendor\codeigniter4\framework\system\Database\MySQLi\Connection.php:327
Stack trace:
#0 C:\xampp\htdocs\ITSI\vendor\codeigniter4\framework\system\Database\MySQLi\Connection.php(327): mysqli->query('SELECT COUNT(*)...', 0)
#1 C:\xampp\htdocs\ITSI\vendor\codeigniter4\framework\system\Database\BaseConnection.php(738): CodeIgniter\Database\MySQLi\Connection->execute('SELECT COUNT(*)...')
#2 C:\xampp\htdocs\ITSI\vendor\codeigniter4\framework\system\Database\BaseConnection.php(652): CodeIgniter\Database\BaseConnection->simpleQuery('SELECT COUNT(*)...')
#3 C:\xampp\htdocs\ITSI\vendor\codeigniter4\framework\system\Database\BaseBuilder.php(1649): CodeIgniter\Database\BaseConnection->query('SELECT COUNT(*)...', Array, false)
#4 C:\xampp\htdocs\ITSI\app\Models\DocumentosServicioComunitarioModel.php(137): CodeIgniter\Database\BaseBuilder->get()
#5 C:\xampp\htdocs\ITSI\app\Controllers\admin\DocumentosAdminController.php(45): App\Models\DocumentosServicioComunitarioModel->getEstadisticasDocumentos()
#6 C:\xampp\htdocs\ITSI\vendor\codeigniter4\framework\system\CodeIgniter.php(933): App\Controllers\admin\DocumentosAdminController->documentosServicioComunitario()
#7 C:\xampp\htdocs\ITSI\vendor\codeigniter4\framework\system\CodeIgniter.php(507): CodeIgniter\CodeIgniter->runController(Object(App\Controllers\admin\DocumentosAdminController))
#8 C:\xampp\htdocs\ITSI\vendor\codeigniter4\framework\system\CodeIgniter.php(354): CodeIgniter\CodeIgniter->handleRequest(NULL, Object(Config\Cache), false)
#9 C:\xampp\htdocs\ITSI\vendor\codeigniter4\framework\system\Boot.php(334): CodeIgniter\CodeIgniter->run()
#10 C:\xampp\htdocs\ITSI\vendor\codeigniter4\framework\system\Boot.php(67): CodeIgniter\Boot::runCodeIgniter(Object(CodeIgniter\CodeIgniter))
#11 C:\xampp\htdocs\ITSI\public\index.php(59): CodeIgniter\Boot::bootWeb(Object(Config\Paths))
#12 {main}
DEBUG - 2026-03-02 18:19:50 --> Consulta SQL: SELECT *
FROM `TAB_DOCUMENTOS_PRACTICAS_PREPROFESIONALES` `dp`
DEBUG - 2026-03-02 18:19:50 --> Resultados obtenidos: 9
DEBUG - 2026-03-02 18:19:50 --> Tipos de documentos en index: [{"ID_TIPO_DOCUMENTO_PREPROFESIONAL":"1","CODIGO":"PPR-001","NOMBRE":"Oficio de Asignaci\u00f3n de Tutor","DESCRIPCION":"Documento oficial emitido por la coordinaci\u00f3n de la carrera que designa al docente responsable de la tutor\u00eda y seguimiento de las pr\u00e1cticas de servicio comunitario del estudiante.","ORDEN":"1","OBLIGATORIO":"1","ACTIVO":"1","FECHA_CREACION":"2025-09-04 06:59:17","FECHA_ACTUALIZACION":"2025-09-04 06:59:17"},{"ID_TIPO_DOCUMENTO_PREPROFESIONAL":"2","CODIGO":"PPR-002","NOMBRE":"Oficio a Entidad Receptora","DESCRIPCION":"Carta formal enviada por el estudiante a la instituci\u00f3n \"Instituto Tecnol\u00f3gico Superior Ibarra\", con el prop\u00f3sito de solicitar la oportunidad de realizar sus pr\u00e1cticas de servicio comunitario.","ORDEN":"2","OBLIGATORIO":"1","ACTIVO":"1","FECHA_CREACION":"2025-09-04 06:59:17","FECHA_ACTUALIZACION":"2025-09-04 06:59:17"},{"ID_TIPO_DOCUMENTO_PREPROFESIONAL":"3","CODIGO":"PPR-003","NOMBRE":"Carta de Aceptaci\u00f3n","DESCRIPCION":"Carta oficial de la entidad receptora \"Instituto Tecnol\u00f3gico Superior Ibarra\" que confirma la aceptaci\u00f3n del o los estudiantes para realizar las pr\u00e1cticas de servicio comunitario en sus instalaciones.","ORDEN":"3","OBLIGATORIO":"1","ACTIVO":"1","FECHA_CREACION":"2025-09-04 06:59:17","FECHA_ACTUALIZACION":"2025-09-04 06:59:17"},{"ID_TIPO_DOCUMENTO_PREPROFESIONAL":"4","CODIGO":"PPR-004","NOMBRE":"Solicitud Institucional Valorada","DESCRIPCION":"Documento de solicitud formal dirigido al Sr. Rector, Dr. Mario Montenegro, pidiendo la aprobaci\u00f3n institucional para la realizaci\u00f3n de las pr\u00e1cticas de servicio comunitario.","ORDEN":"4","OBLIGATORIO":"1","ACTIVO":"1","FECHA_CREACION":"2025-09-04 06:59:17","FECHA_ACTUALIZACION":"2025-09-04 06:59:17"},{"ID_TIPO_DOCUMENTO_PREPROFESIONAL":"5","CODIGO":"PPR-005","NOMBRE":"Certificado de Culminaci\u00f3n de Horas","DESCRIPCION":"Certificado emitido por la entidad receptora \"Instituto Tecnol\u00f3gico Superior Ibarra\" que acredita que el estudiante ha completado las 60 horas requeridas de pr\u00e1cticas de servicio comunitario.","ORDEN":"5","OBLIGATORIO":"1","ACTIVO":"1","FECHA_CREACION":"2025-09-04 06:59:17","FECHA_ACTUALIZACION":"2025-09-04 06:59:17"},{"ID_TIPO_DOCUMENTO_PREPROFESIONAL":"6","CODIGO":"PPR-006","NOMBRE":"Hojas de Asistencia","DESCRIPCION":"Registro f\u00edsico de la asistencia del estudiante en la entidad receptora. Incluye las firmas y sellos para validar las horas de trabajo.","ORDEN":"6","OBLIGATORIO":"1","ACTIVO":"1","FECHA_CREACION":"2025-09-04 06:59:17","FECHA_ACTUALIZACION":"2025-09-04 06:59:17"},{"ID_TIPO_DOCUMENTO_PREPROFESIONAL":"7","CODIGO":"PPR-007","NOMBRE":"Ficha de Registro de Actividades","DESCRIPCION":"Documento detallado en el que el estudiante registra las actividades espec\u00edficas realizadas durante sus pr\u00e1cticas, incluyendo fechas y descripciones.","ORDEN":"7","OBLIGATORIO":"1","ACTIVO":"1","FECHA_CREACION":"2025-09-04 06:59:17","FECHA_ACTUALIZACION":"2025-09-04 06:59:17"},{"ID_TIPO_DOCUMENTO_PREPROFESIONAL":"8","CODIGO":"PPR-008","NOMBRE":"R\u00fabrica de Evaluaci\u00f3n de Entidad","DESCRIPCION":"Formulario de evaluaci\u00f3n del desempe\u00f1o del estudiante, llenado y sellado por la entidad receptora. Valora aspectos como la responsabilidad, la proactividad y la calidad del trabajo.","ORDEN":"8","OBLIGATORIO":"1","ACTIVO":"1","FECHA_CREACION":"2025-09-04 06:59:17","FECHA_ACTUALIZACION":"2025-09-04 06:59:17"},{"ID_TIPO_DOCUMENTO_PREPROFESIONAL":"9","CODIGO":"PPR-009","NOMBRE":"Ficha de Control y Seguimiento Docente","DESCRIPCION":"Documento utilizado por el tutor docente para registrar el seguimiento acad\u00e9mico del estudiante durante las pr\u00e1cticas. Incluye visitas o revisiones peri\u00f3dicas.","ORDEN":"9","OBLIGATORIO":"1","ACTIVO":"1","FECHA_CREACION":"2025-09-04 06:59:17","FECHA_ACTUALIZACION":"2025-09-04 06:59:17"},{"ID_TIPO_DOCUMENTO_PREPROFESIONAL":"10","CODIGO":"PPR-010","NOMBRE":"R\u00fabrica de Evaluaci\u00f3n Docente","DESCRIPCION":"R\u00fabrica de evaluaci\u00f3n llenada y firmada por el tutor docente. Califica el desempe\u00f1o del estudiante en base a los criterios acad\u00e9micos del programa.","ORDEN":"10","OBLIGATORIO":"1","ACTIVO":"1","FECHA_CREACION":"2025-09-04 06:59:17","FECHA_ACTUALIZACION":"2025-09-04 06:59:17"},{"ID_TIPO_DOCUMENTO_PREPROFESIONAL":"11","CODIGO":"PPR-011","NOMBRE":"R\u00fabrica de Evaluaci\u00f3n de Resultados","DESCRIPCION":"Evaluaci\u00f3n final realizada por el Departamento de Vinculaci\u00f3n con la Sociedad, que valora los resultados y el impacto del proyecto de servicio comunitario en su conjunto.","ORDEN":"11","OBLIGATORIO":"1","ACTIVO":"1","FECHA_CREACION":"2025-09-04 06:59:17","FECHA_ACTUALIZACION":"2025-09-04 06:59:17"},{"ID_TIPO_DOCUMENTO_PREPROFESIONAL":"12","CODIGO":"PPR-012","NOMBRE":"Evidencia Fotogr\u00e1fica y Digital","DESCRIPCION":"Material de apoyo visual y digital, como fotos, capturas, videos o impresiones, que documenta y comprueba la realizaci\u00f3n de las actividades y trabajos del proyecto.","ORDEN":"12","OBLIGATORIO":"1","ACTIVO":"1","FECHA_CREACION":"2025-09-04 06:59:17","FECHA_ACTUALIZACION":"2025-09-04 06:59:17"}]
DEBUG - 2026-03-02 18:19:50 --> Session: Class initialized using 'CodeIgniter\Session\Handlers\FileHandler' driver.
DEBUG - 2026-03-02 18:19:51 --> Consulta SQL: SELECT *
FROM `TAB_DOCUMENTOS_PRACTICAS_PREPROFESIONALES` `dp`
DEBUG - 2026-03-02 18:19:51 --> Resultados obtenidos: 9
DEBUG - 2026-03-02 18:19:51 --> Documentos obtenidos: [{"ID_DOCUMENTO_PREPROFESIONAL":"17","ID_PRACTICA_PREPROFESIONAL":"2","ID_TIPO_DOCUMENTO":"9","ID_ESTADO_REVISION":"4","NOMBRE_ARCHIVO":"ficha_control_seguimiento_002_20250920.pdf","NOMBRE_ORIGINAL":"Ficha Control Seguimiento - Mar\u00eda.pdf","TIPO_ARCHIVO":"application\/pdf","TAMANO_ARCHIVO":"112233","RUTA_ARCHIVO":"\/uploads\/documentos-practicas\/","FECHA_SUBIDA":"2025-09-20 10:15:00","FECHA_REVISION":"2025-09-20 12:45:00","ID_REVISOR":"18","OBSERVACIONES":"Ficha de control y seguimiento docente","OBSERVACIONES_REVISOR":"Faltan las firmas del tutor docente, documento inv\u00e1lido","VERSION":"1","ACTIVO":"1","FECHA_CREACION":"2025-09-04 06:59:17","FECHA_ACTUALIZACION":"2025-09-04 06:59:17","ID_TIPO_DOCUMENTO_PREPROFESIONAL":"9","TIPO_DOCUMENTO_CODIGO":"PPR-009","TIPO_DOCUMENTO_NOMBRE":"Ficha de Control y Seguimiento Docente","TIPO_DOCUMENTO_DESCRIPCION":"Documento utilizado por el tutor docente para registrar el seguimiento acad\u00e9mico del estudiante durante las pr\u00e1cticas. Incluye visitas o revisiones peri\u00f3dicas.","TIPO_DOCUMENTO_ORDEN":"9","TIPO_DOCUMENTO_OBLIGATORIO":"1","ESTADO_REVISION":"Rechazado","ID_ESTUDIANTE":"2","ENTIDAD_RECEPTORA":"Banco del Pac\u00edfico","ESTUDIANTE_NOMBRE":"Mar\u00eda Elena Garc\u00eda Torres","NOMBRE_ESTUDIANTE":"Mar\u00eda Elena","APELLIDO_ESTUDIANTE":"Garc\u00eda Torres","CEDULA_ESTUDIANTE":"1002345678"},{"ID_DOCUMENTO_PREPROFESIONAL":"15","ID_PRACTICA_PREPROFESIONAL":"2","ID_TIPO_DOCUMENTO":"7","ID_ESTADO_REVISION":"5","NOMBRE_ARCHIVO":"ficha_registro_actividades_002_20250915.pdf","NOMBRE_ORIGINAL":"Ficha Registro Actividades - Mar\u00eda.pdf","TIPO_ARCHIVO":"application\/pdf","TAMANO_ARCHIVO":"98765","RUTA_ARCHIVO":"\/uploads\/documentos-practicas\/","FECHA_SUBIDA":"2025-09-15 11:30:00","FECHA_REVISION":"2025-09-15 14:20:00","ID_REVISOR":"18","OBSERVACIONES":"Ficha de registro de actividades","OBSERVACIONES_REVISOR":"Descripci\u00f3n de actividades muy general, especificar m\u00e1s detalles","VERSION":"1","ACTIVO":"1","FECHA_CREACION":"2025-09-04 06:59:17","FECHA_ACTUALIZACION":"2025-09-04 06:59:17","ID_TIPO_DOCUMENTO_PREPROFESIONAL":"7","TIPO_DOCUMENTO_CODIGO":"PPR-007","TIPO_DOCUMENTO_NOMBRE":"Ficha de Registro de Actividades","TIPO_DOCUMENTO_DESCRIPCION":"Documento detallado en el que el estudiante registra las actividades espec\u00edficas realizadas durante sus pr\u00e1cticas, incluyendo fechas y descripciones.","TIPO_DOCUMENTO_ORDEN":"7","TIPO_DOCUMENTO_OBLIGATORIO":"1","ESTADO_REVISION":"Requiere Correcci\u00f3n","ID_ESTUDIANTE":"2","ENTIDAD_RECEPTORA":"Banco del Pac\u00edfico","ESTUDIANTE_NOMBRE":"Mar\u00eda Elena Garc\u00eda Torres","NOMBRE_ESTUDIANTE":"Mar\u00eda Elena","APELLIDO_ESTUDIANTE":"Garc\u00eda Torres","CEDULA_ESTUDIANTE":"1002345678"},{"ID_DOCUMENTO_PREPROFESIONAL":"14","ID_PRACTICA_PREPROFESIONAL":"1","ID_TIPO_DOCUMENTO":"6","ID_ESTADO_REVISION":"5","NOMBRE_ARCHIVO":"hojas_asistencia_001_20250830.pdf","NOMBRE_ORIGINAL":"Hojas de Asistencia - Juan Carlos.pdf","TIPO_ARCHIVO":"application\/pdf","TAMANO_ARCHIVO":"123456","RUTA_ARCHIVO":"\/uploads\/documentos-practicas\/","FECHA_SUBIDA":"2025-08-30 16:15:00","FECHA_REVISION":"2025-08-30 17:45:00","ID_REVISOR":"17","OBSERVACIONES":"Hojas de asistencia completas","OBSERVACIONES_REVISOR":"Faltan firmas en algunas fechas, corregir y volver a subir","VERSION":"1","ACTIVO":"1","FECHA_CREACION":"2025-09-04 06:59:17","FECHA_ACTUALIZACION":"2025-09-04 06:59:17","ID_TIPO_DOCUMENTO_PREPROFESIONAL":"6","TIPO_DOCUMENTO_CODIGO":"PPR-006","TIPO_DOCUMENTO_NOMBRE":"Hojas de Asistencia","TIPO_DOCUMENTO_DESCRIPCION":"Registro f\u00edsico de la asistencia del estudiante en la entidad receptora. Incluye las firmas y sellos para validar las horas de trabajo.","TIPO_DOCUMENTO_ORDEN":"6","TIPO_DOCUMENTO_OBLIGATORIO":"1","ESTADO_REVISION":"Requiere Correcci\u00f3n","ID_ESTUDIANTE":"1","ENTIDAD_RECEPTORA":"Hospital San Vicente de Pa\u00fal","ESTUDIANTE_NOMBRE":"Juan Carlos P\u00e9rez L\u00f3pez","NOMBRE_ESTUDIANTE":"Juan Carlos","APELLIDO_ESTUDIANTE":"P\u00e9rez L\u00f3pez","CEDULA_ESTUDIANTE":"1001234567"},{"ID_DOCUMENTO_PREPROFESIONAL":"16","ID_PRACTICA_PREPROFESIONAL":"1","ID_TIPO_DOCUMENTO":"8","ID_ESTADO_REVISION":"4","NOMBRE_ARCHIVO":"rubrica_evaluacion_entidad_001_20250825.pdf","NOMBRE_ORIGINAL":"R\u00fabrica Evaluaci\u00f3n Entidad - Juan.pdf","TIPO_ARCHIVO":"application\/pdf","TAMANO_ARCHIVO":"87654","RUTA_ARCHIVO":"\/uploads\/documentos-practicas\/","FECHA_SUBIDA":"2025-08-25 15:00:00","FECHA_REVISION":"2025-08-25 16:30:00","ID_REVISOR":"17","OBSERVACIONES":"R\u00fabrica de evaluaci\u00f3n de entidad","OBSERVACIONES_REVISOR":"Documento no tiene sello oficial de la entidad, rechazado","VERSION":"1","ACTIVO":"1","FECHA_CREACION":"2025-09-04 06:59:17","FECHA_ACTUALIZACION":"2025-09-04 06:59:17","ID_TIPO_DOCUMENTO_PREPROFESIONAL":"8","TIPO_DOCUMENTO_CODIGO":"PPR-008","TIPO_DOCUMENTO_NOMBRE":"R\u00fabrica de Evaluaci\u00f3n de Entidad","TIPO_DOCUMENTO_DESCRIPCION":"Formulario de evaluaci\u00f3n del desempe\u00f1o del estudiante, llenado y sellado por la entidad receptora. Valora aspectos como la responsabilidad, la proactividad y la calidad del trabajo.","TIPO_DOCUMENTO_ORDEN":"8","TIPO_DOCUMENTO_OBLIGATORIO":"1","ESTADO_REVISION":"Rechazado","ID_ESTUDIANTE":"1","ENTIDAD_RECEPTORA":"Hospital San Vicente de Pa\u00fal","ESTUDIANTE_NOMBRE":"Juan Carlos P\u00e9rez L\u00f3pez","NOMBRE_ESTUDIANTE":"Juan Carlos","APELLIDO_ESTUDIANTE":"P\u00e9rez L\u00f3pez","CEDULA_ESTUDIANTE":"1001234567"},{"ID_DOCUMENTO_PREPROFESIONAL":"5","ID_PRACTICA_PREPROFESIONAL":"2","ID_TIPO_DOCUMENTO":"2","ID_ESTADO_REVISION":"3","NOMBRE_ARCHIVO":"oficio_entidad_receptora_002_20250702.pdf","NOMBRE_ORIGINAL":"Oficio Entidad Receptora - Banco.pdf","TIPO_ARCHIVO":"application\/pdf","TAMANO_ARCHIVO":"178944","RUTA_ARCHIVO":"\/uploads\/documentos-practicas\/","FECHA_SUBIDA":"2025-07-02 15:45:00","FECHA_REVISION":"2025-07-02 17:20:00","ID_REVISOR":"18","OBSERVACIONES":"Oficio enviado a la entidad receptora","OBSERVACIONES_REVISOR":"Oficio formal y bien estructurado","VERSION":"1","ACTIVO":"1","FECHA_CREACION":"2025-09-04 06:59:17","FECHA_ACTUALIZACION":"2025-09-04 06:59:17","ID_TIPO_DOCUMENTO_PREPROFESIONAL":"2","TIPO_DOCUMENTO_CODIGO":"PPR-002","TIPO_DOCUMENTO_NOMBRE":"Oficio a Entidad Receptora","TIPO_DOCUMENTO_DESCRIPCION":"Carta formal enviada por el estudiante a la instituci\u00f3n \"Instituto Tecnol\u00f3gico Superior Ibarra\", con el prop\u00f3sito de solicitar la oportunidad de realizar sus pr\u00e1cticas de servicio comunitario.","TIPO_DOCUMENTO_ORDEN":"2","TIPO_DOCUMENTO_OBLIGATORIO":"1","ESTADO_REVISION":"Aprobado","ID_ESTUDIANTE":"2","ENTIDAD_RECEPTORA":"Banco del Pac\u00edfico","ESTUDIANTE_NOMBRE":"Mar\u00eda Elena Garc\u00eda Torres","NOMBRE_ESTUDIANTE":"Mar\u00eda Elena","APELLIDO_ESTUDIANTE":"Garc\u00eda Torres","CEDULA_ESTUDIANTE":"1002345678"},{"ID_DOCUMENTO_PREPROFESIONAL":"4","ID_PRACTICA_PREPROFESIONAL":"2","ID_TIPO_DOCUMENTO":"1","ID_ESTADO_REVISION":"3","NOMBRE_ARCHIVO":"oficio_asignacion_tutor_002_20250701.pdf","NOMBRE_ORIGINAL":"Oficio Asignaci\u00f3n Tutor - Mar\u00eda Elena.pdf","TIPO_ARCHIVO":"application\/pdf","TAMANO_ARCHIVO":"234880","RUTA_ARCHIVO":"\/uploads\/documentos-practicas\/","FECHA_SUBIDA":"2025-07-01 11:00:00","FECHA_REVISION":"2025-07-01 13:15:00","ID_REVISOR":"18","OBSERVACIONES":"Documento oficial de asignaci\u00f3n","OBSERVACIONES_REVISOR":"Asignaci\u00f3n correcta del tutor","VERSION":"1","ACTIVO":"1","FECHA_CREACION":"2025-09-04 06:59:17","FECHA_ACTUALIZACION":"2025-09-04 06:59:17","ID_TIPO_DOCUMENTO_PREPROFESIONAL":"1","TIPO_DOCUMENTO_CODIGO":"PPR-001","TIPO_DOCUMENTO_NOMBRE":"Oficio de Asignaci\u00f3n de Tutor","TIPO_DOCUMENTO_DESCRIPCION":"Documento oficial emitido por la coordinaci\u00f3n de la carrera que designa al docente responsable de la tutor\u00eda y seguimiento de las pr\u00e1cticas de servicio comunitario del estudiante.","TIPO_DOCUMENTO_ORDEN":"1","TIPO_DOCUMENTO_OBLIGATORIO":"1","ESTADO_REVISION":"Aprobado","ID_ESTUDIANTE":"2","ENTIDAD_RECEPTORA":"Banco del Pac\u00edfico","ESTUDIANTE_NOMBRE":"Mar\u00eda Elena Garc\u00eda Torres","NOMBRE_ESTUDIANTE":"Mar\u00eda Elena","APELLIDO_ESTUDIANTE":"Garc\u00eda Torres","CEDULA_ESTUDIANTE":"1002345678"},{"ID_DOCUMENTO_PREPROFESIONAL":"3","ID_PRACTICA_PREPROFESIONAL":"1","ID_TIPO_DOCUMENTO":"3","ID_ESTADO_REVISION":"3","NOMBRE_ARCHIVO":"carta_aceptacion_001_20250603.pdf","NOMBRE_ORIGINAL":"Carta Aceptaci\u00f3n - Hospital.pdf","TIPO_ARCHIVO":"application\/pdf","TAMANO_ARCHIVO":"156672","RUTA_ARCHIVO":"\/uploads\/documentos-practicas\/","FECHA_SUBIDA":"2025-06-03 09:15:00","FECHA_REVISION":"2025-06-03 11:20:00","ID_REVISOR":"17","OBSERVACIONES":"Carta de aceptaci\u00f3n de la entidad","OBSERVACIONES_REVISOR":"Carta oficial con sello institucional","VERSION":"1","ACTIVO":"1","FECHA_CREACION":"2025-09-04 06:59:17","FECHA_ACTUALIZACION":"2025-09-04 06:59:17","ID_TIPO_DOCUMENTO_PREPROFESIONAL":"3","TIPO_DOCUMENTO_CODIGO":"PPR-003","TIPO_DOCUMENTO_NOMBRE":"Carta de Aceptaci\u00f3n","TIPO_DOCUMENTO_DESCRIPCION":"Carta oficial de la entidad receptora \"Instituto Tecnol\u00f3gico Superior Ibarra\" que confirma la aceptaci\u00f3n del o los estudiantes para realizar las pr\u00e1cticas de servicio comunitario en sus instalaciones.","TIPO_DOCUMENTO_ORDEN":"3","TIPO_DOCUMENTO_OBLIGATORIO":"1","ESTADO_REVISION":"Aprobado","ID_ESTUDIANTE":"1","ENTIDAD_RECEPTORA":"Hospital San Vicente de Pa\u00fal","ESTUDIANTE_NOMBRE":"Juan Carlos P\u00e9rez L\u00f3pez","NOMBRE_ESTUDIANTE":"Juan Carlos","APELLIDO_ESTUDIANTE":"P\u00e9rez L\u00f3pez","CEDULA_ESTUDIANTE":"1001234567"},{"ID_DOCUMENTO_PREPROFESIONAL":"2","ID_PRACTICA_PREPROFESIONAL":"1","ID_TIPO_DOCUMENTO":"2","ID_ESTADO_REVISION":"3","NOMBRE_ARCHIVO":"oficio_entidad_receptora_001_20250602.pdf","NOMBRE_ORIGINAL":"Oficio Entidad Receptora - Hospital.pdf","TIPO_ARCHIVO":"application\/pdf","TAMANO_ARCHIVO":"189440","RUTA_ARCHIVO":"\/uploads\/documentos-practicas\/","FECHA_SUBIDA":"2025-06-02 14:30:00","FECHA_REVISION":"2025-06-02 16:45:00","ID_REVISOR":"17","OBSERVACIONES":"Oficio enviado a la entidad receptora","OBSERVACIONES_REVISOR":"Oficio bien redactado y formal","VERSION":"1","ACTIVO":"1","FECHA_CREACION":"2025-09-04 06:59:17","FECHA_ACTUALIZACION":"2025-09-04 06:59:17","ID_TIPO_DOCUMENTO_PREPROFESIONAL":"2","TIPO_DOCUMENTO_CODIGO":"PPR-002","TIPO_DOCUMENTO_NOMBRE":"Oficio a Entidad Receptora","TIPO_DOCUMENTO_DESCRIPCION":"Carta formal enviada por el estudiante a la instituci\u00f3n \"Instituto Tecnol\u00f3gico Superior Ibarra\", con el prop\u00f3sito de solicitar la oportunidad de realizar sus pr\u00e1cticas de servicio comunitario.","TIPO_DOCUMENTO_ORDEN":"2","TIPO_DOCUMENTO_OBLIGATORIO":"1","ESTADO_REVISION":"Aprobado","ID_ESTUDIANTE":"1","ENTIDAD_RECEPTORA":"Hospital San Vicente de Pa\u00fal","ESTUDIANTE_NOMBRE":"Juan Carlos P\u00e9rez L\u00f3pez","NOMBRE_ESTUDIANTE":"Juan Carlos","APELLIDO_ESTUDIANTE":"P\u00e9rez L\u00f3pez","CEDULA_ESTUDIANTE":"1001234567"},{"ID_DOCUMENTO_PREPROFESIONAL":"1","ID_PRACTICA_PREPROFESIONAL":"1","ID_TIPO_DOCUMENTO":"1","ID_ESTADO_REVISION":"3","NOMBRE_ARCHIVO":"oficio_asignacion_tutor_001_20250601.pdf","NOMBRE_ORIGINAL":"Oficio Asignaci\u00f3n Tutor - Juan Carlos.pdf","TIPO_ARCHIVO":"application\/pdf","TAMANO_ARCHIVO":"245760","RUTA_ARCHIVO":"\/uploads\/documentos-practicas\/","FECHA_SUBIDA":"2025-06-01 10:00:00","FECHA_REVISION":"2025-06-01 14:30:00","ID_REVISOR":"17","OBSERVACIONES":"Documento oficial de asignaci\u00f3n","OBSERVACIONES_REVISOR":"Documento aprobado correctamente","VERSION":"1","ACTIVO":"1","FECHA_CREACION":"2025-09-04 06:59:17","FECHA_ACTUALIZACION":"2025-09-04 06:59:17","ID_TIPO_DOCUMENTO_PREPROFESIONAL":"1","TIPO_DOCUMENTO_CODIGO":"PPR-001","TIPO_DOCUMENTO_NOMBRE":"Oficio de Asignaci\u00f3n de Tutor","TIPO_DOCUMENTO_DESCRIPCION":"Documento oficial emitido por la coordinaci\u00f3n de la carrera que designa al docente responsable de la tutor\u00eda y seguimiento de las pr\u00e1cticas de servicio comunitario del estudiante.","TIPO_DOCUMENTO_ORDEN":"1","TIPO_DOCUMENTO_OBLIGATORIO":"1","ESTADO_REVISION":"Aprobado","ID_ESTUDIANTE":"1","ENTIDAD_RECEPTORA":"Hospital San Vicente de Pa\u00fal","ESTUDIANTE_NOMBRE":"Juan Carlos P\u00e9rez L\u00f3pez","NOMBRE_ESTUDIANTE":"Juan Carlos","APELLIDO_ESTUDIANTE":"P\u00e9rez L\u00f3pez","CEDULA_ESTUDIANTE":"1001234567"}]
DEBUG - 2026-03-02 18:47:12 --> Consulta SQL: SELECT *
FROM `TAB_DOCUMENTOS_PRACTICAS_PREPROFESIONALES` `dp`
DEBUG - 2026-03-02 18:47:12 --> Resultados obtenidos: 9
DEBUG - 2026-03-02 18:47:12 --> Tipos de documentos en index: [{"ID_TIPO_DOCUMENTO_PREPROFESIONAL":"1","CODIGO":"PPR-001","NOMBRE":"Oficio de Asignaci\u00f3n de Tutor","DESCRIPCION":"Documento oficial emitido por la coordinaci\u00f3n de la carrera que designa al docente responsable de la tutor\u00eda y seguimiento de las pr\u00e1cticas de servicio comunitario del estudiante.","ORDEN":"1","OBLIGATORIO":"1","ACTIVO":"1","FECHA_CREACION":"2025-09-04 06:59:17","FECHA_ACTUALIZACION":"2025-09-04 06:59:17"},{"ID_TIPO_DOCUMENTO_PREPROFESIONAL":"2","CODIGO":"PPR-002","NOMBRE":"Oficio a Entidad Receptora","DESCRIPCION":"Carta formal enviada por el estudiante a la instituci\u00f3n \"Instituto Tecnol\u00f3gico Superior Ibarra\", con el prop\u00f3sito de solicitar la oportunidad de realizar sus pr\u00e1cticas de servicio comunitario.","ORDEN":"2","OBLIGATORIO":"1","ACTIVO":"1","FECHA_CREACION":"2025-09-04 06:59:17","FECHA_ACTUALIZACION":"2025-09-04 06:59:17"},{"ID_TIPO_DOCUMENTO_PREPROFESIONAL":"3","CODIGO":"PPR-003","NOMBRE":"Carta de Aceptaci\u00f3n","DESCRIPCION":"Carta oficial de la entidad receptora \"Instituto Tecnol\u00f3gico Superior Ibarra\" que confirma la aceptaci\u00f3n del o los estudiantes para realizar las pr\u00e1cticas de servicio comunitario en sus instalaciones.","ORDEN":"3","OBLIGATORIO":"1","ACTIVO":"1","FECHA_CREACION":"2025-09-04 06:59:17","FECHA_ACTUALIZACION":"2025-09-04 06:59:17"},{"ID_TIPO_DOCUMENTO_PREPROFESIONAL":"4","CODIGO":"PPR-004","NOMBRE":"Solicitud Institucional Valorada","DESCRIPCION":"Documento de solicitud formal dirigido al Sr. Rector, Dr. Mario Montenegro, pidiendo la aprobaci\u00f3n institucional para la realizaci\u00f3n de las pr\u00e1cticas de servicio comunitario.","ORDEN":"4","OBLIGATORIO":"1","ACTIVO":"1","FECHA_CREACION":"2025-09-04 06:59:17","FECHA_ACTUALIZACION":"2025-09-04 06:59:17"},{"ID_TIPO_DOCUMENTO_PREPROFESIONAL":"5","CODIGO":"PPR-005","NOMBRE":"Certificado de Culminaci\u00f3n de Horas","DESCRIPCION":"Certificado emitido por la entidad receptora \"Instituto Tecnol\u00f3gico Superior Ibarra\" que acredita que el estudiante ha completado las 60 horas requeridas de pr\u00e1cticas de servicio comunitario.","ORDEN":"5","OBLIGATORIO":"1","ACTIVO":"1","FECHA_CREACION":"2025-09-04 06:59:17","FECHA_ACTUALIZACION":"2025-09-04 06:59:17"},{"ID_TIPO_DOCUMENTO_PREPROFESIONAL":"6","CODIGO":"PPR-006","NOMBRE":"Hojas de Asistencia","DESCRIPCION":"Registro f\u00edsico de la asistencia del estudiante en la entidad receptora. Incluye las firmas y sellos para validar las horas de trabajo.","ORDEN":"6","OBLIGATORIO":"1","ACTIVO":"1","FECHA_CREACION":"2025-09-04 06:59:17","FECHA_ACTUALIZACION":"2025-09-04 06:59:17"},{"ID_TIPO_DOCUMENTO_PREPROFESIONAL":"7","CODIGO":"PPR-007","NOMBRE":"Ficha de Registro de Actividades","DESCRIPCION":"Documento detallado en el que el estudiante registra las actividades espec\u00edficas realizadas durante sus pr\u00e1cticas, incluyendo fechas y descripciones.","ORDEN":"7","OBLIGATORIO":"1","ACTIVO":"1","FECHA_CREACION":"2025-09-04 06:59:17","FECHA_ACTUALIZACION":"2025-09-04 06:59:17"},{"ID_TIPO_DOCUMENTO_PREPROFESIONAL":"8","CODIGO":"PPR-008","NOMBRE":"R\u00fabrica de Evaluaci\u00f3n de Entidad","DESCRIPCION":"Formulario de evaluaci\u00f3n del desempe\u00f1o del estudiante, llenado y sellado por la entidad receptora. Valora aspectos como la responsabilidad, la proactividad y la calidad del trabajo.","ORDEN":"8","OBLIGATORIO":"1","ACTIVO":"1","FECHA_CREACION":"2025-09-04 06:59:17","FECHA_ACTUALIZACION":"2025-09-04 06:59:17"},{"ID_TIPO_DOCUMENTO_PREPROFESIONAL":"9","CODIGO":"PPR-009","NOMBRE":"Ficha de Control y Seguimiento Docente","DESCRIPCION":"Documento utilizado por el tutor docente para registrar el seguimiento acad\u00e9mico del estudiante durante las pr\u00e1cticas. Incluye visitas o revisiones peri\u00f3dicas.","ORDEN":"9","OBLIGATORIO":"1","ACTIVO":"1","FECHA_CREACION":"2025-09-04 06:59:17","FECHA_ACTUALIZACION":"2025-09-04 06:59:17"},{"ID_TIPO_DOCUMENTO_PREPROFESIONAL":"10","CODIGO":"PPR-010","NOMBRE":"R\u00fabrica de Evaluaci\u00f3n Docente","DESCRIPCION":"R\u00fabrica de evaluaci\u00f3n llenada y firmada por el tutor docente. Califica el desempe\u00f1o del estudiante en base a los criterios acad\u00e9micos del programa.","ORDEN":"10","OBLIGATORIO":"1","ACTIVO":"1","FECHA_CREACION":"2025-09-04 06:59:17","FECHA_ACTUALIZACION":"2025-09-04 06:59:17"},{"ID_TIPO_DOCUMENTO_PREPROFESIONAL":"11","CODIGO":"PPR-011","NOMBRE":"R\u00fabrica de Evaluaci\u00f3n de Resultados","DESCRIPCION":"Evaluaci\u00f3n final realizada por el Departamento de Vinculaci\u00f3n con la Sociedad, que valora los resultados y el impacto del proyecto de servicio comunitario en su conjunto.","ORDEN":"11","OBLIGATORIO":"1","ACTIVO":"1","FECHA_CREACION":"2025-09-04 06:59:17","FECHA_ACTUALIZACION":"2025-09-04 06:59:17"},{"ID_TIPO_DOCUMENTO_PREPROFESIONAL":"12","CODIGO":"PPR-012","NOMBRE":"Evidencia Fotogr\u00e1fica y Digital","DESCRIPCION":"Material de apoyo visual y digital, como fotos, capturas, videos o impresiones, que documenta y comprueba la realizaci\u00f3n de las actividades y trabajos del proyecto.","ORDEN":"12","OBLIGATORIO":"1","ACTIVO":"1","FECHA_CREACION":"2025-09-04 06:59:17","FECHA_ACTUALIZACION":"2025-09-04 06:59:17"}]
DEBUG - 2026-03-02 18:47:12 --> Session: Class initialized using 'CodeIgniter\Session\Handlers\FileHandler' driver.
DEBUG - 2026-03-02 18:47:12 --> Consulta SQL: SELECT *
FROM `TAB_DOCUMENTOS_PRACTICAS_PREPROFESIONALES` `dp`
DEBUG - 2026-03-02 18:47:12 --> Resultados obtenidos: 9
DEBUG - 2026-03-02 18:47:12 --> Documentos obtenidos: [{"ID_DOCUMENTO_PREPROFESIONAL":"17","ID_PRACTICA_PREPROFESIONAL":"2","ID_TIPO_DOCUMENTO":"9","ID_ESTADO_REVISION":"4","NOMBRE_ARCHIVO":"ficha_control_seguimiento_002_20250920.pdf","NOMBRE_ORIGINAL":"Ficha Control Seguimiento - Mar\u00eda.pdf","TIPO_ARCHIVO":"application\/pdf","TAMANO_ARCHIVO":"112233","RUTA_ARCHIVO":"\/uploads\/documentos-practicas\/","FECHA_SUBIDA":"2025-09-20 10:15:00","FECHA_REVISION":"2025-09-20 12:45:00","ID_REVISOR":"18","OBSERVACIONES":"Ficha de control y seguimiento docente","OBSERVACIONES_REVISOR":"Faltan las firmas del tutor docente, documento inv\u00e1lido","VERSION":"1","ACTIVO":"1","FECHA_CREACION":"2025-09-04 06:59:17","FECHA_ACTUALIZACION":"2025-09-04 06:59:17","ID_TIPO_DOCUMENTO_PREPROFESIONAL":"9","TIPO_DOCUMENTO_CODIGO":"PPR-009","TIPO_DOCUMENTO_NOMBRE":"Ficha de Control y Seguimiento Docente","TIPO_DOCUMENTO_DESCRIPCION":"Documento utilizado por el tutor docente para registrar el seguimiento acad\u00e9mico del estudiante durante las pr\u00e1cticas. Incluye visitas o revisiones peri\u00f3dicas.","TIPO_DOCUMENTO_ORDEN":"9","TIPO_DOCUMENTO_OBLIGATORIO":"1","ESTADO_REVISION":"Rechazado","ID_ESTUDIANTE":"2","ENTIDAD_RECEPTORA":"Banco del Pac\u00edfico","ESTUDIANTE_NOMBRE":"Mar\u00eda Elena Garc\u00eda Torres","NOMBRE_ESTUDIANTE":"Mar\u00eda Elena","APELLIDO_ESTUDIANTE":"Garc\u00eda Torres","CEDULA_ESTUDIANTE":"1002345678"},{"ID_DOCUMENTO_PREPROFESIONAL":"15","ID_PRACTICA_PREPROFESIONAL":"2","ID_TIPO_DOCUMENTO":"7","ID_ESTADO_REVISION":"5","NOMBRE_ARCHIVO":"ficha_registro_actividades_002_20250915.pdf","NOMBRE_ORIGINAL":"Ficha Registro Actividades - Mar\u00eda.pdf","TIPO_ARCHIVO":"application\/pdf","TAMANO_ARCHIVO":"98765","RUTA_ARCHIVO":"\/uploads\/documentos-practicas\/","FECHA_SUBIDA":"2025-09-15 11:30:00","FECHA_REVISION":"2025-09-15 14:20:00","ID_REVISOR":"18","OBSERVACIONES":"Ficha de registro de actividades","OBSERVACIONES_REVISOR":"Descripci\u00f3n de actividades muy general, especificar m\u00e1s detalles","VERSION":"1","ACTIVO":"1","FECHA_CREACION":"2025-09-04 06:59:17","FECHA_ACTUALIZACION":"2025-09-04 06:59:17","ID_TIPO_DOCUMENTO_PREPROFESIONAL":"7","TIPO_DOCUMENTO_CODIGO":"PPR-007","TIPO_DOCUMENTO_NOMBRE":"Ficha de Registro de Actividades","TIPO_DOCUMENTO_DESCRIPCION":"Documento detallado en el que el estudiante registra las actividades espec\u00edficas realizadas durante sus pr\u00e1cticas, incluyendo fechas y descripciones.","TIPO_DOCUMENTO_ORDEN":"7","TIPO_DOCUMENTO_OBLIGATORIO":"1","ESTADO_REVISION":"Requiere Correcci\u00f3n","ID_ESTUDIANTE":"2","ENTIDAD_RECEPTORA":"Banco del Pac\u00edfico","ESTUDIANTE_NOMBRE":"Mar\u00eda Elena Garc\u00eda Torres","NOMBRE_ESTUDIANTE":"Mar\u00eda Elena","APELLIDO_ESTUDIANTE":"Garc\u00eda Torres","CEDULA_ESTUDIANTE":"1002345678"},{"ID_DOCUMENTO_PREPROFESIONAL":"14","ID_PRACTICA_PREPROFESIONAL":"1","ID_TIPO_DOCUMENTO":"6","ID_ESTADO_REVISION":"5","NOMBRE_ARCHIVO":"hojas_asistencia_001_20250830.pdf","NOMBRE_ORIGINAL":"Hojas de Asistencia - Juan Carlos.pdf","TIPO_ARCHIVO":"application\/pdf","TAMANO_ARCHIVO":"123456","RUTA_ARCHIVO":"\/uploads\/documentos-practicas\/","FECHA_SUBIDA":"2025-08-30 16:15:00","FECHA_REVISION":"2025-08-30 17:45:00","ID_REVISOR":"17","OBSERVACIONES":"Hojas de asistencia completas","OBSERVACIONES_REVISOR":"Faltan firmas en algunas fechas, corregir y volver a subir","VERSION":"1","ACTIVO":"1","FECHA_CREACION":"2025-09-04 06:59:17","FECHA_ACTUALIZACION":"2025-09-04 06:59:17","ID_TIPO_DOCUMENTO_PREPROFESIONAL":"6","TIPO_DOCUMENTO_CODIGO":"PPR-006","TIPO_DOCUMENTO_NOMBRE":"Hojas de Asistencia","TIPO_DOCUMENTO_DESCRIPCION":"Registro f\u00edsico de la asistencia del estudiante en la entidad receptora. Incluye las firmas y sellos para validar las horas de trabajo.","TIPO_DOCUMENTO_ORDEN":"6","TIPO_DOCUMENTO_OBLIGATORIO":"1","ESTADO_REVISION":"Requiere Correcci\u00f3n","ID_ESTUDIANTE":"1","ENTIDAD_RECEPTORA":"Hospital San Vicente de Pa\u00fal","ESTUDIANTE_NOMBRE":"Juan Carlos P\u00e9rez L\u00f3pez","NOMBRE_ESTUDIANTE":"Juan Carlos","APELLIDO_ESTUDIANTE":"P\u00e9rez L\u00f3pez","CEDULA_ESTUDIANTE":"1001234567"},{"ID_DOCUMENTO_PREPROFESIONAL":"16","ID_PRACTICA_PREPROFESIONAL":"1","ID_TIPO_DOCUMENTO":"8","ID_ESTADO_REVISION":"4","NOMBRE_ARCHIVO":"rubrica_evaluacion_entidad_001_20250825.pdf","NOMBRE_ORIGINAL":"R\u00fabrica Evaluaci\u00f3n Entidad - Juan.pdf","TIPO_ARCHIVO":"application\/pdf","TAMANO_ARCHIVO":"87654","RUTA_ARCHIVO":"\/uploads\/documentos-practicas\/","FECHA_SUBIDA":"2025-08-25 15:00:00","FECHA_REVISION":"2025-08-25 16:30:00","ID_REVISOR":"17","OBSERVACIONES":"R\u00fabrica de evaluaci\u00f3n de entidad","OBSERVACIONES_REVISOR":"Documento no tiene sello oficial de la entidad, rechazado","VERSION":"1","ACTIVO":"1","FECHA_CREACION":"2025-09-04 06:59:17","FECHA_ACTUALIZACION":"2025-09-04 06:59:17","ID_TIPO_DOCUMENTO_PREPROFESIONAL":"8","TIPO_DOCUMENTO_CODIGO":"PPR-008","TIPO_DOCUMENTO_NOMBRE":"R\u00fabrica de Evaluaci\u00f3n de Entidad","TIPO_DOCUMENTO_DESCRIPCION":"Formulario de evaluaci\u00f3n del desempe\u00f1o del estudiante, llenado y sellado por la entidad receptora. Valora aspectos como la responsabilidad, la proactividad y la calidad del trabajo.","TIPO_DOCUMENTO_ORDEN":"8","TIPO_DOCUMENTO_OBLIGATORIO":"1","ESTADO_REVISION":"Rechazado","ID_ESTUDIANTE":"1","ENTIDAD_RECEPTORA":"Hospital San Vicente de Pa\u00fal","ESTUDIANTE_NOMBRE":"Juan Carlos P\u00e9rez L\u00f3pez","NOMBRE_ESTUDIANTE":"Juan Carlos","APELLIDO_ESTUDIANTE":"P\u00e9rez L\u00f3pez","CEDULA_ESTUDIANTE":"1001234567"},{"ID_DOCUMENTO_PREPROFESIONAL":"5","ID_PRACTICA_PREPROFESIONAL":"2","ID_TIPO_DOCUMENTO":"2","ID_ESTADO_REVISION":"3","NOMBRE_ARCHIVO":"oficio_entidad_receptora_002_20250702.pdf","NOMBRE_ORIGINAL":"Oficio Entidad Receptora - Banco.pdf","TIPO_ARCHIVO":"application\/pdf","TAMANO_ARCHIVO":"178944","RUTA_ARCHIVO":"\/uploads\/documentos-practicas\/","FECHA_SUBIDA":"2025-07-02 15:45:00","FECHA_REVISION":"2025-07-02 17:20:00","ID_REVISOR":"18","OBSERVACIONES":"Oficio enviado a la entidad receptora","OBSERVACIONES_REVISOR":"Oficio formal y bien estructurado","VERSION":"1","ACTIVO":"1","FECHA_CREACION":"2025-09-04 06:59:17","FECHA_ACTUALIZACION":"2025-09-04 06:59:17","ID_TIPO_DOCUMENTO_PREPROFESIONAL":"2","TIPO_DOCUMENTO_CODIGO":"PPR-002","TIPO_DOCUMENTO_NOMBRE":"Oficio a Entidad Receptora","TIPO_DOCUMENTO_DESCRIPCION":"Carta formal enviada por el estudiante a la instituci\u00f3n \"Instituto Tecnol\u00f3gico Superior Ibarra\", con el prop\u00f3sito de solicitar la oportunidad de realizar sus pr\u00e1cticas de servicio comunitario.","TIPO_DOCUMENTO_ORDEN":"2","TIPO_DOCUMENTO_OBLIGATORIO":"1","ESTADO_REVISION":"Aprobado","ID_ESTUDIANTE":"2","ENTIDAD_RECEPTORA":"Banco del Pac\u00edfico","ESTUDIANTE_NOMBRE":"Mar\u00eda Elena Garc\u00eda Torres","NOMBRE_ESTUDIANTE":"Mar\u00eda Elena","APELLIDO_ESTUDIANTE":"Garc\u00eda Torres","CEDULA_ESTUDIANTE":"1002345678"},{"ID_DOCUMENTO_PREPROFESIONAL":"4","ID_PRACTICA_PREPROFESIONAL":"2","ID_TIPO_DOCUMENTO":"1","ID_ESTADO_REVISION":"3","NOMBRE_ARCHIVO":"oficio_asignacion_tutor_002_20250701.pdf","NOMBRE_ORIGINAL":"Oficio Asignaci\u00f3n Tutor - Mar\u00eda Elena.pdf","TIPO_ARCHIVO":"application\/pdf","TAMANO_ARCHIVO":"234880","RUTA_ARCHIVO":"\/uploads\/documentos-practicas\/","FECHA_SUBIDA":"2025-07-01 11:00:00","FECHA_REVISION":"2025-07-01 13:15:00","ID_REVISOR":"18","OBSERVACIONES":"Documento oficial de asignaci\u00f3n","OBSERVACIONES_REVISOR":"Asignaci\u00f3n correcta del tutor","VERSION":"1","ACTIVO":"1","FECHA_CREACION":"2025-09-04 06:59:17","FECHA_ACTUALIZACION":"2025-09-04 06:59:17","ID_TIPO_DOCUMENTO_PREPROFESIONAL":"1","TIPO_DOCUMENTO_CODIGO":"PPR-001","TIPO_DOCUMENTO_NOMBRE":"Oficio de Asignaci\u00f3n de Tutor","TIPO_DOCUMENTO_DESCRIPCION":"Documento oficial emitido por la coordinaci\u00f3n de la carrera que designa al docente responsable de la tutor\u00eda y seguimiento de las pr\u00e1cticas de servicio comunitario del estudiante.","TIPO_DOCUMENTO_ORDEN":"1","TIPO_DOCUMENTO_OBLIGATORIO":"1","ESTADO_REVISION":"Aprobado","ID_ESTUDIANTE":"2","ENTIDAD_RECEPTORA":"Banco del Pac\u00edfico","ESTUDIANTE_NOMBRE":"Mar\u00eda Elena Garc\u00eda Torres","NOMBRE_ESTUDIANTE":"Mar\u00eda Elena","APELLIDO_ESTUDIANTE":"Garc\u00eda Torres","CEDULA_ESTUDIANTE":"1002345678"},{"ID_DOCUMENTO_PREPROFESIONAL":"3","ID_PRACTICA_PREPROFESIONAL":"1","ID_TIPO_DOCUMENTO":"3","ID_ESTADO_REVISION":"3","NOMBRE_ARCHIVO":"carta_aceptacion_001_20250603.pdf","NOMBRE_ORIGINAL":"Carta Aceptaci\u00f3n - Hospital.pdf","TIPO_ARCHIVO":"application\/pdf","TAMANO_ARCHIVO":"156672","RUTA_ARCHIVO":"\/uploads\/documentos-practicas\/","FECHA_SUBIDA":"2025-06-03 09:15:00","FECHA_REVISION":"2025-06-03 11:20:00","ID_REVISOR":"17","OBSERVACIONES":"Carta de aceptaci\u00f3n de la entidad","OBSERVACIONES_REVISOR":"Carta oficial con sello institucional","VERSION":"1","ACTIVO":"1","FECHA_CREACION":"2025-09-04 06:59:17","FECHA_ACTUALIZACION":"2025-09-04 06:59:17","ID_TIPO_DOCUMENTO_PREPROFESIONAL":"3","TIPO_DOCUMENTO_CODIGO":"PPR-003","TIPO_DOCUMENTO_NOMBRE":"Carta de Aceptaci\u00f3n","TIPO_DOCUMENTO_DESCRIPCION":"Carta oficial de la entidad receptora \"Instituto Tecnol\u00f3gico Superior Ibarra\" que confirma la aceptaci\u00f3n del o los estudiantes para realizar las pr\u00e1cticas de servicio comunitario en sus instalaciones.","TIPO_DOCUMENTO_ORDEN":"3","TIPO_DOCUMENTO_OBLIGATORIO":"1","ESTADO_REVISION":"Aprobado","ID_ESTUDIANTE":"1","ENTIDAD_RECEPTORA":"Hospital San Vicente de Pa\u00fal","ESTUDIANTE_NOMBRE":"Juan Carlos P\u00e9rez L\u00f3pez","NOMBRE_ESTUDIANTE":"Juan Carlos","APELLIDO_ESTUDIANTE":"P\u00e9rez L\u00f3pez","CEDULA_ESTUDIANTE":"1001234567"},{"ID_DOCUMENTO_PREPROFESIONAL":"2","ID_PRACTICA_PREPROFESIONAL":"1","ID_TIPO_DOCUMENTO":"2","ID_ESTADO_REVISION":"3","NOMBRE_ARCHIVO":"oficio_entidad_receptora_001_20250602.pdf","NOMBRE_ORIGINAL":"Oficio Entidad Receptora - Hospital.pdf","TIPO_ARCHIVO":"application\/pdf","TAMANO_ARCHIVO":"189440","RUTA_ARCHIVO":"\/uploads\/documentos-practicas\/","FECHA_SUBIDA":"2025-06-02 14:30:00","FECHA_REVISION":"2025-06-02 16:45:00","ID_REVISOR":"17","OBSERVACIONES":"Oficio enviado a la entidad receptora","OBSERVACIONES_REVISOR":"Oficio bien redactado y formal","VERSION":"1","ACTIVO":"1","FECHA_CREACION":"2025-09-04 06:59:17","FECHA_ACTUALIZACION":"2025-09-04 06:59:17","ID_TIPO_DOCUMENTO_PREPROFESIONAL":"2","TIPO_DOCUMENTO_CODIGO":"PPR-002","TIPO_DOCUMENTO_NOMBRE":"Oficio a Entidad Receptora","TIPO_DOCUMENTO_DESCRIPCION":"Carta formal enviada por el estudiante a la instituci\u00f3n \"Instituto Tecnol\u00f3gico Superior Ibarra\", con el prop\u00f3sito de solicitar la oportunidad de realizar sus pr\u00e1cticas de servicio comunitario.","TIPO_DOCUMENTO_ORDEN":"2","TIPO_DOCUMENTO_OBLIGATORIO":"1","ESTADO_REVISION":"Aprobado","ID_ESTUDIANTE":"1","ENTIDAD_RECEPTORA":"Hospital San Vicente de Pa\u00fal","ESTUDIANTE_NOMBRE":"Juan Carlos P\u00e9rez L\u00f3pez","NOMBRE_ESTUDIANTE":"Juan Carlos","APELLIDO_ESTUDIANTE":"P\u00e9rez L\u00f3pez","CEDULA_ESTUDIANTE":"1001234567"},{"ID_DOCUMENTO_PREPROFESIONAL":"1","ID_PRACTICA_PREPROFESIONAL":"1","ID_TIPO_DOCUMENTO":"1","ID_ESTADO_REVISION":"3","NOMBRE_ARCHIVO":"oficio_asignacion_tutor_001_20250601.pdf","NOMBRE_ORIGINAL":"Oficio Asignaci\u00f3n Tutor - Juan Carlos.pdf","TIPO_ARCHIVO":"application\/pdf","TAMANO_ARCHIVO":"245760","RUTA_ARCHIVO":"\/uploads\/documentos-practicas\/","FECHA_SUBIDA":"2025-06-01 10:00:00","FECHA_REVISION":"2025-06-01 14:30:00","ID_REVISOR":"17","OBSERVACIONES":"Documento oficial de asignaci\u00f3n","OBSERVACIONES_REVISOR":"Documento aprobado correctamente","VERSION":"1","ACTIVO":"1","FECHA_CREACION":"2025-09-04 06:59:17","FECHA_ACTUALIZACION":"2025-09-04 06:59:17","ID_TIPO_DOCUMENTO_PREPROFESIONAL":"1","TIPO_DOCUMENTO_CODIGO":"PPR-001","TIPO_DOCUMENTO_NOMBRE":"Oficio de Asignaci\u00f3n de Tutor","TIPO_DOCUMENTO_DESCRIPCION":"Documento oficial emitido por la coordinaci\u00f3n de la carrera que designa al docente responsable de la tutor\u00eda y seguimiento de las pr\u00e1cticas de servicio comunitario del estudiante.","TIPO_DOCUMENTO_ORDEN":"1","TIPO_DOCUMENTO_OBLIGATORIO":"1","ESTADO_REVISION":"Aprobado","ID_ESTUDIANTE":"1","ENTIDAD_RECEPTORA":"Hospital San Vicente de Pa\u00fal","ESTUDIANTE_NOMBRE":"Juan Carlos P\u00e9rez L\u00f3pez","NOMBRE_ESTUDIANTE":"Juan Carlos","APELLIDO_ESTUDIANTE":"P\u00e9rez L\u00f3pez","CEDULA_ESTUDIANTE":"1001234567"}]
DEBUG - 2026-03-02 18:48:40 --> Consulta SQL: SELECT *
FROM `TAB_DOCUMENTOS_PRACTICAS_PREPROFESIONALES` `dp`
DEBUG - 2026-03-02 18:48:40 --> Resultados obtenidos: 9
DEBUG - 2026-03-02 18:48:40 --> Tipos de documentos en index: [{"ID_TIPO_DOCUMENTO_PREPROFESIONAL":"1","CODIGO":"PPR-001","NOMBRE":"Oficio de Asignaci\u00f3n de Tutor","DESCRIPCION":"Documento oficial emitido por la coordinaci\u00f3n de la carrera que designa al docente responsable de la tutor\u00eda y seguimiento de las pr\u00e1cticas de servicio comunitario del estudiante.","ORDEN":"1","OBLIGATORIO":"1","ACTIVO":"1","FECHA_CREACION":"2025-09-04 06:59:17","FECHA_ACTUALIZACION":"2025-09-04 06:59:17"},{"ID_TIPO_DOCUMENTO_PREPROFESIONAL":"2","CODIGO":"PPR-002","NOMBRE":"Oficio a Entidad Receptora","DESCRIPCION":"Carta formal enviada por el estudiante a la instituci\u00f3n \"Instituto Tecnol\u00f3gico Superior Ibarra\", con el prop\u00f3sito de solicitar la oportunidad de realizar sus pr\u00e1cticas de servicio comunitario.","ORDEN":"2","OBLIGATORIO":"1","ACTIVO":"1","FECHA_CREACION":"2025-09-04 06:59:17","FECHA_ACTUALIZACION":"2025-09-04 06:59:17"},{"ID_TIPO_DOCUMENTO_PREPROFESIONAL":"3","CODIGO":"PPR-003","NOMBRE":"Carta de Aceptaci\u00f3n","DESCRIPCION":"Carta oficial de la entidad receptora \"Instituto Tecnol\u00f3gico Superior Ibarra\" que confirma la aceptaci\u00f3n del o los estudiantes para realizar las pr\u00e1cticas de servicio comunitario en sus instalaciones.","ORDEN":"3","OBLIGATORIO":"1","ACTIVO":"1","FECHA_CREACION":"2025-09-04 06:59:17","FECHA_ACTUALIZACION":"2025-09-04 06:59:17"},{"ID_TIPO_DOCUMENTO_PREPROFESIONAL":"4","CODIGO":"PPR-004","NOMBRE":"Solicitud Institucional Valorada","DESCRIPCION":"Documento de solicitud formal dirigido al Sr. Rector, Dr. Mario Montenegro, pidiendo la aprobaci\u00f3n institucional para la realizaci\u00f3n de las pr\u00e1cticas de servicio comunitario.","ORDEN":"4","OBLIGATORIO":"1","ACTIVO":"1","FECHA_CREACION":"2025-09-04 06:59:17","FECHA_ACTUALIZACION":"2025-09-04 06:59:17"},{"ID_TIPO_DOCUMENTO_PREPROFESIONAL":"5","CODIGO":"PPR-005","NOMBRE":"Certificado de Culminaci\u00f3n de Horas","DESCRIPCION":"Certificado emitido por la entidad receptora \"Instituto Tecnol\u00f3gico Superior Ibarra\" que acredita que el estudiante ha completado las 60 horas requeridas de pr\u00e1cticas de servicio comunitario.","ORDEN":"5","OBLIGATORIO":"1","ACTIVO":"1","FECHA_CREACION":"2025-09-04 06:59:17","FECHA_ACTUALIZACION":"2025-09-04 06:59:17"},{"ID_TIPO_DOCUMENTO_PREPROFESIONAL":"6","CODIGO":"PPR-006","NOMBRE":"Hojas de Asistencia","DESCRIPCION":"Registro f\u00edsico de la asistencia del estudiante en la entidad receptora. Incluye las firmas y sellos para validar las horas de trabajo.","ORDEN":"6","OBLIGATORIO":"1","ACTIVO":"1","FECHA_CREACION":"2025-09-04 06:59:17","FECHA_ACTUALIZACION":"2025-09-04 06:59:17"},{"ID_TIPO_DOCUMENTO_PREPROFESIONAL":"7","CODIGO":"PPR-007","NOMBRE":"Ficha de Registro de Actividades","DESCRIPCION":"Documento detallado en el que el estudiante registra las actividades espec\u00edficas realizadas durante sus pr\u00e1cticas, incluyendo fechas y descripciones.","ORDEN":"7","OBLIGATORIO":"1","ACTIVO":"1","FECHA_CREACION":"2025-09-04 06:59:17","FECHA_ACTUALIZACION":"2025-09-04 06:59:17"},{"ID_TIPO_DOCUMENTO_PREPROFESIONAL":"8","CODIGO":"PPR-008","NOMBRE":"R\u00fabrica de Evaluaci\u00f3n de Entidad","DESCRIPCION":"Formulario de evaluaci\u00f3n del desempe\u00f1o del estudiante, llenado y sellado por la entidad receptora. Valora aspectos como la responsabilidad, la proactividad y la calidad del trabajo.","ORDEN":"8","OBLIGATORIO":"1","ACTIVO":"1","FECHA_CREACION":"2025-09-04 06:59:17","FECHA_ACTUALIZACION":"2025-09-04 06:59:17"},{"ID_TIPO_DOCUMENTO_PREPROFESIONAL":"9","CODIGO":"PPR-009","NOMBRE":"Ficha de Control y Seguimiento Docente","DESCRIPCION":"Documento utilizado por el tutor docente para registrar el seguimiento acad\u00e9mico del estudiante durante las pr\u00e1cticas. Incluye visitas o revisiones peri\u00f3dicas.","ORDEN":"9","OBLIGATORIO":"1","ACTIVO":"1","FECHA_CREACION":"2025-09-04 06:59:17","FECHA_ACTUALIZACION":"2025-09-04 06:59:17"},{"ID_TIPO_DOCUMENTO_PREPROFESIONAL":"10","CODIGO":"PPR-010","NOMBRE":"R\u00fabrica de Evaluaci\u00f3n Docente","DESCRIPCION":"R\u00fabrica de evaluaci\u00f3n llenada y firmada por el tutor docente. Califica el desempe\u00f1o del estudiante en base a los criterios acad\u00e9micos del programa.","ORDEN":"10","OBLIGATORIO":"1","ACTIVO":"1","FECHA_CREACION":"2025-09-04 06:59:17","FECHA_ACTUALIZACION":"2025-09-04 06:59:17"},{"ID_TIPO_DOCUMENTO_PREPROFESIONAL":"11","CODIGO":"PPR-011","NOMBRE":"R\u00fabrica de Evaluaci\u00f3n de Resultados","DESCRIPCION":"Evaluaci\u00f3n final realizada por el Departamento de Vinculaci\u00f3n con la Sociedad, que valora los resultados y el impacto del proyecto de servicio comunitario en su conjunto.","ORDEN":"11","OBLIGATORIO":"1","ACTIVO":"1","FECHA_CREACION":"2025-09-04 06:59:17","FECHA_ACTUALIZACION":"2025-09-04 06:59:17"},{"ID_TIPO_DOCUMENTO_PREPROFESIONAL":"12","CODIGO":"PPR-012","NOMBRE":"Evidencia Fotogr\u00e1fica y Digital","DESCRIPCION":"Material de apoyo visual y digital, como fotos, capturas, videos o impresiones, que documenta y comprueba la realizaci\u00f3n de las actividades y trabajos del proyecto.","ORDEN":"12","OBLIGATORIO":"1","ACTIVO":"1","FECHA_CREACION":"2025-09-04 06:59:17","FECHA_ACTUALIZACION":"2025-09-04 06:59:17"}]
DEBUG - 2026-03-02 18:48:40 --> Session: Class initialized using 'CodeIgniter\Session\Handlers\FileHandler' driver.
DEBUG - 2026-03-02 18:48:41 --> Consulta SQL: SELECT *
FROM `TAB_DOCUMENTOS_PRACTICAS_PREPROFESIONALES` `dp`
DEBUG - 2026-03-02 18:48:41 --> Resultados obtenidos: 9
DEBUG - 2026-03-02 18:48:41 --> Documentos obtenidos: [{"ID_DOCUMENTO_PREPROFESIONAL":"17","ID_PRACTICA_PREPROFESIONAL":"2","ID_TIPO_DOCUMENTO":"9","ID_ESTADO_REVISION":"4","NOMBRE_ARCHIVO":"ficha_control_seguimiento_002_20250920.pdf","NOMBRE_ORIGINAL":"Ficha Control Seguimiento - Mar\u00eda.pdf","TIPO_ARCHIVO":"application\/pdf","TAMANO_ARCHIVO":"112233","RUTA_ARCHIVO":"\/uploads\/documentos-practicas\/","FECHA_SUBIDA":"2025-09-20 10:15:00","FECHA_REVISION":"2025-09-20 12:45:00","ID_REVISOR":"18","OBSERVACIONES":"Ficha de control y seguimiento docente","OBSERVACIONES_REVISOR":"Faltan las firmas del tutor docente, documento inv\u00e1lido","VERSION":"1","ACTIVO":"1","FECHA_CREACION":"2025-09-04 06:59:17","FECHA_ACTUALIZACION":"2025-09-04 06:59:17","ID_TIPO_DOCUMENTO_PREPROFESIONAL":"9","TIPO_DOCUMENTO_CODIGO":"PPR-009","TIPO_DOCUMENTO_NOMBRE":"Ficha de Control y Seguimiento Docente","TIPO_DOCUMENTO_DESCRIPCION":"Documento utilizado por el tutor docente para registrar el seguimiento acad\u00e9mico del estudiante durante las pr\u00e1cticas. Incluye visitas o revisiones peri\u00f3dicas.","TIPO_DOCUMENTO_ORDEN":"9","TIPO_DOCUMENTO_OBLIGATORIO":"1","ESTADO_REVISION":"Rechazado","ID_ESTUDIANTE":"2","ENTIDAD_RECEPTORA":"Banco del Pac\u00edfico","ESTUDIANTE_NOMBRE":"Mar\u00eda Elena Garc\u00eda Torres","NOMBRE_ESTUDIANTE":"Mar\u00eda Elena","APELLIDO_ESTUDIANTE":"Garc\u00eda Torres","CEDULA_ESTUDIANTE":"1002345678"},{"ID_DOCUMENTO_PREPROFESIONAL":"15","ID_PRACTICA_PREPROFESIONAL":"2","ID_TIPO_DOCUMENTO":"7","ID_ESTADO_REVISION":"5","NOMBRE_ARCHIVO":"ficha_registro_actividades_002_20250915.pdf","NOMBRE_ORIGINAL":"Ficha Registro Actividades - Mar\u00eda.pdf","TIPO_ARCHIVO":"application\/pdf","TAMANO_ARCHIVO":"98765","RUTA_ARCHIVO":"\/uploads\/documentos-practicas\/","FECHA_SUBIDA":"2025-09-15 11:30:00","FECHA_REVISION":"2025-09-15 14:20:00","ID_REVISOR":"18","OBSERVACIONES":"Ficha de registro de actividades","OBSERVACIONES_REVISOR":"Descripci\u00f3n de actividades muy general, especificar m\u00e1s detalles","VERSION":"1","ACTIVO":"1","FECHA_CREACION":"2025-09-04 06:59:17","FECHA_ACTUALIZACION":"2025-09-04 06:59:17","ID_TIPO_DOCUMENTO_PREPROFESIONAL":"7","TIPO_DOCUMENTO_CODIGO":"PPR-007","TIPO_DOCUMENTO_NOMBRE":"Ficha de Registro de Actividades","TIPO_DOCUMENTO_DESCRIPCION":"Documento detallado en el que el estudiante registra las actividades espec\u00edficas realizadas durante sus pr\u00e1cticas, incluyendo fechas y descripciones.","TIPO_DOCUMENTO_ORDEN":"7","TIPO_DOCUMENTO_OBLIGATORIO":"1","ESTADO_REVISION":"Requiere Correcci\u00f3n","ID_ESTUDIANTE":"2","ENTIDAD_RECEPTORA":"Banco del Pac\u00edfico","ESTUDIANTE_NOMBRE":"Mar\u00eda Elena Garc\u00eda Torres","NOMBRE_ESTUDIANTE":"Mar\u00eda Elena","APELLIDO_ESTUDIANTE":"Garc\u00eda Torres","CEDULA_ESTUDIANTE":"1002345678"},{"ID_DOCUMENTO_PREPROFESIONAL":"14","ID_PRACTICA_PREPROFESIONAL":"1","ID_TIPO_DOCUMENTO":"6","ID_ESTADO_REVISION":"5","NOMBRE_ARCHIVO":"hojas_asistencia_001_20250830.pdf","NOMBRE_ORIGINAL":"Hojas de Asistencia - Juan Carlos.pdf","TIPO_ARCHIVO":"application\/pdf","TAMANO_ARCHIVO":"123456","RUTA_ARCHIVO":"\/uploads\/documentos-practicas\/","FECHA_SUBIDA":"2025-08-30 16:15:00","FECHA_REVISION":"2025-08-30 17:45:00","ID_REVISOR":"17","OBSERVACIONES":"Hojas de asistencia completas","OBSERVACIONES_REVISOR":"Faltan firmas en algunas fechas, corregir y volver a subir","VERSION":"1","ACTIVO":"1","FECHA_CREACION":"2025-09-04 06:59:17","FECHA_ACTUALIZACION":"2025-09-04 06:59:17","ID_TIPO_DOCUMENTO_PREPROFESIONAL":"6","TIPO_DOCUMENTO_CODIGO":"PPR-006","TIPO_DOCUMENTO_NOMBRE":"Hojas de Asistencia","TIPO_DOCUMENTO_DESCRIPCION":"Registro f\u00edsico de la asistencia del estudiante en la entidad receptora. Incluye las firmas y sellos para validar las horas de trabajo.","TIPO_DOCUMENTO_ORDEN":"6","TIPO_DOCUMENTO_OBLIGATORIO":"1","ESTADO_REVISION":"Requiere Correcci\u00f3n","ID_ESTUDIANTE":"1","ENTIDAD_RECEPTORA":"Hospital San Vicente de Pa\u00fal","ESTUDIANTE_NOMBRE":"Juan Carlos P\u00e9rez L\u00f3pez","NOMBRE_ESTUDIANTE":"Juan Carlos","APELLIDO_ESTUDIANTE":"P\u00e9rez L\u00f3pez","CEDULA_ESTUDIANTE":"1001234567"},{"ID_DOCUMENTO_PREPROFESIONAL":"16","ID_PRACTICA_PREPROFESIONAL":"1","ID_TIPO_DOCUMENTO":"8","ID_ESTADO_REVISION":"4","NOMBRE_ARCHIVO":"rubrica_evaluacion_entidad_001_20250825.pdf","NOMBRE_ORIGINAL":"R\u00fabrica Evaluaci\u00f3n Entidad - Juan.pdf","TIPO_ARCHIVO":"application\/pdf","TAMANO_ARCHIVO":"87654","RUTA_ARCHIVO":"\/uploads\/documentos-practicas\/","FECHA_SUBIDA":"2025-08-25 15:00:00","FECHA_REVISION":"2025-08-25 16:30:00","ID_REVISOR":"17","OBSERVACIONES":"R\u00fabrica de evaluaci\u00f3n de entidad","OBSERVACIONES_REVISOR":"Documento no tiene sello oficial de la entidad, rechazado","VERSION":"1","ACTIVO":"1","FECHA_CREACION":"2025-09-04 06:59:17","FECHA_ACTUALIZACION":"2025-09-04 06:59:17","ID_TIPO_DOCUMENTO_PREPROFESIONAL":"8","TIPO_DOCUMENTO_CODIGO":"PPR-008","TIPO_DOCUMENTO_NOMBRE":"R\u00fabrica de Evaluaci\u00f3n de Entidad","TIPO_DOCUMENTO_DESCRIPCION":"Formulario de evaluaci\u00f3n del desempe\u00f1o del estudiante, llenado y sellado por la entidad receptora. Valora aspectos como la responsabilidad, la proactividad y la calidad del trabajo.","TIPO_DOCUMENTO_ORDEN":"8","TIPO_DOCUMENTO_OBLIGATORIO":"1","ESTADO_REVISION":"Rechazado","ID_ESTUDIANTE":"1","ENTIDAD_RECEPTORA":"Hospital San Vicente de Pa\u00fal","ESTUDIANTE_NOMBRE":"Juan Carlos P\u00e9rez L\u00f3pez","NOMBRE_ESTUDIANTE":"Juan Carlos","APELLIDO_ESTUDIANTE":"P\u00e9rez L\u00f3pez","CEDULA_ESTUDIANTE":"1001234567"},{"ID_DOCUMENTO_PREPROFESIONAL":"5","ID_PRACTICA_PREPROFESIONAL":"2","ID_TIPO_DOCUMENTO":"2","ID_ESTADO_REVISION":"3","NOMBRE_ARCHIVO":"oficio_entidad_receptora_002_20250702.pdf","NOMBRE_ORIGINAL":"Oficio Entidad Receptora - Banco.pdf","TIPO_ARCHIVO":"application\/pdf","TAMANO_ARCHIVO":"178944","RUTA_ARCHIVO":"\/uploads\/documentos-practicas\/","FECHA_SUBIDA":"2025-07-02 15:45:00","FECHA_REVISION":"2025-07-02 17:20:00","ID_REVISOR":"18","OBSERVACIONES":"Oficio enviado a la entidad receptora","OBSERVACIONES_REVISOR":"Oficio formal y bien estructurado","VERSION":"1","ACTIVO":"1","FECHA_CREACION":"2025-09-04 06:59:17","FECHA_ACTUALIZACION":"2025-09-04 06:59:17","ID_TIPO_DOCUMENTO_PREPROFESIONAL":"2","TIPO_DOCUMENTO_CODIGO":"PPR-002","TIPO_DOCUMENTO_NOMBRE":"Oficio a Entidad Receptora","TIPO_DOCUMENTO_DESCRIPCION":"Carta formal enviada por el estudiante a la instituci\u00f3n \"Instituto Tecnol\u00f3gico Superior Ibarra\", con el prop\u00f3sito de solicitar la oportunidad de realizar sus pr\u00e1cticas de servicio comunitario.","TIPO_DOCUMENTO_ORDEN":"2","TIPO_DOCUMENTO_OBLIGATORIO":"1","ESTADO_REVISION":"Aprobado","ID_ESTUDIANTE":"2","ENTIDAD_RECEPTORA":"Banco del Pac\u00edfico","ESTUDIANTE_NOMBRE":"Mar\u00eda Elena Garc\u00eda Torres","NOMBRE_ESTUDIANTE":"Mar\u00eda Elena","APELLIDO_ESTUDIANTE":"Garc\u00eda Torres","CEDULA_ESTUDIANTE":"1002345678"},{"ID_DOCUMENTO_PREPROFESIONAL":"4","ID_PRACTICA_PREPROFESIONAL":"2","ID_TIPO_DOCUMENTO":"1","ID_ESTADO_REVISION":"3","NOMBRE_ARCHIVO":"oficio_asignacion_tutor_002_20250701.pdf","NOMBRE_ORIGINAL":"Oficio Asignaci\u00f3n Tutor - Mar\u00eda Elena.pdf","TIPO_ARCHIVO":"application\/pdf","TAMANO_ARCHIVO":"234880","RUTA_ARCHIVO":"\/uploads\/documentos-practicas\/","FECHA_SUBIDA":"2025-07-01 11:00:00","FECHA_REVISION":"2025-07-01 13:15:00","ID_REVISOR":"18","OBSERVACIONES":"Documento oficial de asignaci\u00f3n","OBSERVACIONES_REVISOR":"Asignaci\u00f3n correcta del tutor","VERSION":"1","ACTIVO":"1","FECHA_CREACION":"2025-09-04 06:59:17","FECHA_ACTUALIZACION":"2025-09-04 06:59:17","ID_TIPO_DOCUMENTO_PREPROFESIONAL":"1","TIPO_DOCUMENTO_CODIGO":"PPR-001","TIPO_DOCUMENTO_NOMBRE":"Oficio de Asignaci\u00f3n de Tutor","TIPO_DOCUMENTO_DESCRIPCION":"Documento oficial emitido por la coordinaci\u00f3n de la carrera que designa al docente responsable de la tutor\u00eda y seguimiento de las pr\u00e1cticas de servicio comunitario del estudiante.","TIPO_DOCUMENTO_ORDEN":"1","TIPO_DOCUMENTO_OBLIGATORIO":"1","ESTADO_REVISION":"Aprobado","ID_ESTUDIANTE":"2","ENTIDAD_RECEPTORA":"Banco del Pac\u00edfico","ESTUDIANTE_NOMBRE":"Mar\u00eda Elena Garc\u00eda Torres","NOMBRE_ESTUDIANTE":"Mar\u00eda Elena","APELLIDO_ESTUDIANTE":"Garc\u00eda Torres","CEDULA_ESTUDIANTE":"1002345678"},{"ID_DOCUMENTO_PREPROFESIONAL":"3","ID_PRACTICA_PREPROFESIONAL":"1","ID_TIPO_DOCUMENTO":"3","ID_ESTADO_REVISION":"3","NOMBRE_ARCHIVO":"carta_aceptacion_001_20250603.pdf","NOMBRE_ORIGINAL":"Carta Aceptaci\u00f3n - Hospital.pdf","TIPO_ARCHIVO":"application\/pdf","TAMANO_ARCHIVO":"156672","RUTA_ARCHIVO":"\/uploads\/documentos-practicas\/","FECHA_SUBIDA":"2025-06-03 09:15:00","FECHA_REVISION":"2025-06-03 11:20:00","ID_REVISOR":"17","OBSERVACIONES":"Carta de aceptaci\u00f3n de la entidad","OBSERVACIONES_REVISOR":"Carta oficial con sello institucional","VERSION":"1","ACTIVO":"1","FECHA_CREACION":"2025-09-04 06:59:17","FECHA_ACTUALIZACION":"2025-09-04 06:59:17","ID_TIPO_DOCUMENTO_PREPROFESIONAL":"3","TIPO_DOCUMENTO_CODIGO":"PPR-003","TIPO_DOCUMENTO_NOMBRE":"Carta de Aceptaci\u00f3n","TIPO_DOCUMENTO_DESCRIPCION":"Carta oficial de la entidad receptora \"Instituto Tecnol\u00f3gico Superior Ibarra\" que confirma la aceptaci\u00f3n del o los estudiantes para realizar las pr\u00e1cticas de servicio comunitario en sus instalaciones.","TIPO_DOCUMENTO_ORDEN":"3","TIPO_DOCUMENTO_OBLIGATORIO":"1","ESTADO_REVISION":"Aprobado","ID_ESTUDIANTE":"1","ENTIDAD_RECEPTORA":"Hospital San Vicente de Pa\u00fal","ESTUDIANTE_NOMBRE":"Juan Carlos P\u00e9rez L\u00f3pez","NOMBRE_ESTUDIANTE":"Juan Carlos","APELLIDO_ESTUDIANTE":"P\u00e9rez L\u00f3pez","CEDULA_ESTUDIANTE":"1001234567"},{"ID_DOCUMENTO_PREPROFESIONAL":"2","ID_PRACTICA_PREPROFESIONAL":"1","ID_TIPO_DOCUMENTO":"2","ID_ESTADO_REVISION":"3","NOMBRE_ARCHIVO":"oficio_entidad_receptora_001_20250602.pdf","NOMBRE_ORIGINAL":"Oficio Entidad Receptora - Hospital.pdf","TIPO_ARCHIVO":"application\/pdf","TAMANO_ARCHIVO":"189440","RUTA_ARCHIVO":"\/uploads\/documentos-practicas\/","FECHA_SUBIDA":"2025-06-02 14:30:00","FECHA_REVISION":"2025-06-02 16:45:00","ID_REVISOR":"17","OBSERVACIONES":"Oficio enviado a la entidad receptora","OBSERVACIONES_REVISOR":"Oficio bien redactado y formal","VERSION":"1","ACTIVO":"1","FECHA_CREACION":"2025-09-04 06:59:17","FECHA_ACTUALIZACION":"2025-09-04 06:59:17","ID_TIPO_DOCUMENTO_PREPROFESIONAL":"2","TIPO_DOCUMENTO_CODIGO":"PPR-002","TIPO_DOCUMENTO_NOMBRE":"Oficio a Entidad Receptora","TIPO_DOCUMENTO_DESCRIPCION":"Carta formal enviada por el estudiante a la instituci\u00f3n \"Instituto Tecnol\u00f3gico Superior Ibarra\", con el prop\u00f3sito de solicitar la oportunidad de realizar sus pr\u00e1cticas de servicio comunitario.","TIPO_DOCUMENTO_ORDEN":"2","TIPO_DOCUMENTO_OBLIGATORIO":"1","ESTADO_REVISION":"Aprobado","ID_ESTUDIANTE":"1","ENTIDAD_RECEPTORA":"Hospital San Vicente de Pa\u00fal","ESTUDIANTE_NOMBRE":"Juan Carlos P\u00e9rez L\u00f3pez","NOMBRE_ESTUDIANTE":"Juan Carlos","APELLIDO_ESTUDIANTE":"P\u00e9rez L\u00f3pez","CEDULA_ESTUDIANTE":"1001234567"},{"ID_DOCUMENTO_PREPROFESIONAL":"1","ID_PRACTICA_PREPROFESIONAL":"1","ID_TIPO_DOCUMENTO":"1","ID_ESTADO_REVISION":"3","NOMBRE_ARCHIVO":"oficio_asignacion_tutor_001_20250601.pdf","NOMBRE_ORIGINAL":"Oficio Asignaci\u00f3n Tutor - Juan Carlos.pdf","TIPO_ARCHIVO":"application\/pdf","TAMANO_ARCHIVO":"245760","RUTA_ARCHIVO":"\/uploads\/documentos-practicas\/","FECHA_SUBIDA":"2025-06-01 10:00:00","FECHA_REVISION":"2025-06-01 14:30:00","ID_REVISOR":"17","OBSERVACIONES":"Documento oficial de asignaci\u00f3n","OBSERVACIONES_REVISOR":"Documento aprobado correctamente","VERSION":"1","ACTIVO":"1","FECHA_CREACION":"2025-09-04 06:59:17","FECHA_ACTUALIZACION":"2025-09-04 06:59:17","ID_TIPO_DOCUMENTO_PREPROFESIONAL":"1","TIPO_DOCUMENTO_CODIGO":"PPR-001","TIPO_DOCUMENTO_NOMBRE":"Oficio de Asignaci\u00f3n de Tutor","TIPO_DOCUMENTO_DESCRIPCION":"Documento oficial emitido por la coordinaci\u00f3n de la carrera que designa al docente responsable de la tutor\u00eda y seguimiento de las pr\u00e1cticas de servicio comunitario del estudiante.","TIPO_DOCUMENTO_ORDEN":"1","TIPO_DOCUMENTO_OBLIGATORIO":"1","ESTADO_REVISION":"Aprobado","ID_ESTUDIANTE":"1","ENTIDAD_RECEPTORA":"Hospital San Vicente de Pa\u00fal","ESTUDIANTE_NOMBRE":"Juan Carlos P\u00e9rez L\u00f3pez","NOMBRE_ESTUDIANTE":"Juan Carlos","APELLIDO_ESTUDIANTE":"P\u00e9rez L\u00f3pez","CEDULA_ESTUDIANTE":"1001234567"}]
DEBUG - 2026-03-02 18:50:29 --> Consulta SQL: SELECT *
FROM `TAB_DOCUMENTOS_PRACTICAS_PREPROFESIONALES` `dp`
DEBUG - 2026-03-02 18:50:29 --> Resultados obtenidos: 9
DEBUG - 2026-03-02 18:50:29 --> Tipos de documentos en index: [{"ID_TIPO_DOCUMENTO_PREPROFESIONAL":"1","CODIGO":"PPR-001","NOMBRE":"Oficio de Asignaci\u00f3n de Tutor","DESCRIPCION":"Documento oficial emitido por la coordinaci\u00f3n de la carrera que designa al docente responsable de la tutor\u00eda y seguimiento de las pr\u00e1cticas de servicio comunitario del estudiante.","ORDEN":"1","OBLIGATORIO":"1","ACTIVO":"1","FECHA_CREACION":"2025-09-04 06:59:17","FECHA_ACTUALIZACION":"2025-09-04 06:59:17"},{"ID_TIPO_DOCUMENTO_PREPROFESIONAL":"2","CODIGO":"PPR-002","NOMBRE":"Oficio a Entidad Receptora","DESCRIPCION":"Carta formal enviada por el estudiante a la instituci\u00f3n \"Instituto Tecnol\u00f3gico Superior Ibarra\", con el prop\u00f3sito de solicitar la oportunidad de realizar sus pr\u00e1cticas de servicio comunitario.","ORDEN":"2","OBLIGATORIO":"1","ACTIVO":"1","FECHA_CREACION":"2025-09-04 06:59:17","FECHA_ACTUALIZACION":"2025-09-04 06:59:17"},{"ID_TIPO_DOCUMENTO_PREPROFESIONAL":"3","CODIGO":"PPR-003","NOMBRE":"Carta de Aceptaci\u00f3n","DESCRIPCION":"Carta oficial de la entidad receptora \"Instituto Tecnol\u00f3gico Superior Ibarra\" que confirma la aceptaci\u00f3n del o los estudiantes para realizar las pr\u00e1cticas de servicio comunitario en sus instalaciones.","ORDEN":"3","OBLIGATORIO":"1","ACTIVO":"1","FECHA_CREACION":"2025-09-04 06:59:17","FECHA_ACTUALIZACION":"2025-09-04 06:59:17"},{"ID_TIPO_DOCUMENTO_PREPROFESIONAL":"4","CODIGO":"PPR-004","NOMBRE":"Solicitud Institucional Valorada","DESCRIPCION":"Documento de solicitud formal dirigido al Sr. Rector, Dr. Mario Montenegro, pidiendo la aprobaci\u00f3n institucional para la realizaci\u00f3n de las pr\u00e1cticas de servicio comunitario.","ORDEN":"4","OBLIGATORIO":"1","ACTIVO":"1","FECHA_CREACION":"2025-09-04 06:59:17","FECHA_ACTUALIZACION":"2025-09-04 06:59:17"},{"ID_TIPO_DOCUMENTO_PREPROFESIONAL":"5","CODIGO":"PPR-005","NOMBRE":"Certificado de Culminaci\u00f3n de Horas","DESCRIPCION":"Certificado emitido por la entidad receptora \"Instituto Tecnol\u00f3gico Superior Ibarra\" que acredita que el estudiante ha completado las 60 horas requeridas de pr\u00e1cticas de servicio comunitario.","ORDEN":"5","OBLIGATORIO":"1","ACTIVO":"1","FECHA_CREACION":"2025-09-04 06:59:17","FECHA_ACTUALIZACION":"2025-09-04 06:59:17"},{"ID_TIPO_DOCUMENTO_PREPROFESIONAL":"6","CODIGO":"PPR-006","NOMBRE":"Hojas de Asistencia","DESCRIPCION":"Registro f\u00edsico de la asistencia del estudiante en la entidad receptora. Incluye las firmas y sellos para validar las horas de trabajo.","ORDEN":"6","OBLIGATORIO":"1","ACTIVO":"1","FECHA_CREACION":"2025-09-04 06:59:17","FECHA_ACTUALIZACION":"2025-09-04 06:59:17"},{"ID_TIPO_DOCUMENTO_PREPROFESIONAL":"7","CODIGO":"PPR-007","NOMBRE":"Ficha de Registro de Actividades","DESCRIPCION":"Documento detallado en el que el estudiante registra las actividades espec\u00edficas realizadas durante sus pr\u00e1cticas, incluyendo fechas y descripciones.","ORDEN":"7","OBLIGATORIO":"1","ACTIVO":"1","FECHA_CREACION":"2025-09-04 06:59:17","FECHA_ACTUALIZACION":"2025-09-04 06:59:17"},{"ID_TIPO_DOCUMENTO_PREPROFESIONAL":"8","CODIGO":"PPR-008","NOMBRE":"R\u00fabrica de Evaluaci\u00f3n de Entidad","DESCRIPCION":"Formulario de evaluaci\u00f3n del desempe\u00f1o del estudiante, llenado y sellado por la entidad receptora. Valora aspectos como la responsabilidad, la proactividad y la calidad del trabajo.","ORDEN":"8","OBLIGATORIO":"1","ACTIVO":"1","FECHA_CREACION":"2025-09-04 06:59:17","FECHA_ACTUALIZACION":"2025-09-04 06:59:17"},{"ID_TIPO_DOCUMENTO_PREPROFESIONAL":"9","CODIGO":"PPR-009","NOMBRE":"Ficha de Control y Seguimiento Docente","DESCRIPCION":"Documento utilizado por el tutor docente para registrar el seguimiento acad\u00e9mico del estudiante durante las pr\u00e1cticas. Incluye visitas o revisiones peri\u00f3dicas.","ORDEN":"9","OBLIGATORIO":"1","ACTIVO":"1","FECHA_CREACION":"2025-09-04 06:59:17","FECHA_ACTUALIZACION":"2025-09-04 06:59:17"},{"ID_TIPO_DOCUMENTO_PREPROFESIONAL":"10","CODIGO":"PPR-010","NOMBRE":"R\u00fabrica de Evaluaci\u00f3n Docente","DESCRIPCION":"R\u00fabrica de evaluaci\u00f3n llenada y firmada por el tutor docente. Califica el desempe\u00f1o del estudiante en base a los criterios acad\u00e9micos del programa.","ORDEN":"10","OBLIGATORIO":"1","ACTIVO":"1","FECHA_CREACION":"2025-09-04 06:59:17","FECHA_ACTUALIZACION":"2025-09-04 06:59:17"},{"ID_TIPO_DOCUMENTO_PREPROFESIONAL":"11","CODIGO":"PPR-011","NOMBRE":"R\u00fabrica de Evaluaci\u00f3n de Resultados","DESCRIPCION":"Evaluaci\u00f3n final realizada por el Departamento de Vinculaci\u00f3n con la Sociedad, que valora los resultados y el impacto del proyecto de servicio comunitario en su conjunto.","ORDEN":"11","OBLIGATORIO":"1","ACTIVO":"1","FECHA_CREACION":"2025-09-04 06:59:17","FECHA_ACTUALIZACION":"2025-09-04 06:59:17"},{"ID_TIPO_DOCUMENTO_PREPROFESIONAL":"12","CODIGO":"PPR-012","NOMBRE":"Evidencia Fotogr\u00e1fica y Digital","DESCRIPCION":"Material de apoyo visual y digital, como fotos, capturas, videos o impresiones, que documenta y comprueba la realizaci\u00f3n de las actividades y trabajos del proyecto.","ORDEN":"12","OBLIGATORIO":"1","ACTIVO":"1","FECHA_CREACION":"2025-09-04 06:59:17","FECHA_ACTUALIZACION":"2025-09-04 06:59:17"}]
DEBUG - 2026-03-02 18:50:29 --> Session: Class initialized using 'CodeIgniter\Session\Handlers\FileHandler' driver.
DEBUG - 2026-03-02 18:50:30 --> Consulta SQL: SELECT *
FROM `TAB_DOCUMENTOS_PRACTICAS_PREPROFESIONALES` `dp`
DEBUG - 2026-03-02 18:50:30 --> Resultados obtenidos: 9
DEBUG - 2026-03-02 18:50:30 --> Documentos obtenidos: [{"ID_DOCUMENTO_PREPROFESIONAL":"17","ID_PRACTICA_PREPROFESIONAL":"2","ID_TIPO_DOCUMENTO":"9","ID_ESTADO_REVISION":"4","NOMBRE_ARCHIVO":"ficha_control_seguimiento_002_20250920.pdf","NOMBRE_ORIGINAL":"Ficha Control Seguimiento - Mar\u00eda.pdf","TIPO_ARCHIVO":"application\/pdf","TAMANO_ARCHIVO":"112233","RUTA_ARCHIVO":"\/uploads\/documentos-practicas\/","FECHA_SUBIDA":"2025-09-20 10:15:00","FECHA_REVISION":"2025-09-20 12:45:00","ID_REVISOR":"18","OBSERVACIONES":"Ficha de control y seguimiento docente","OBSERVACIONES_REVISOR":"Faltan las firmas del tutor docente, documento inv\u00e1lido","VERSION":"1","ACTIVO":"1","FECHA_CREACION":"2025-09-04 06:59:17","FECHA_ACTUALIZACION":"2025-09-04 06:59:17","ID_TIPO_DOCUMENTO_PREPROFESIONAL":"9","TIPO_DOCUMENTO_CODIGO":"PPR-009","TIPO_DOCUMENTO_NOMBRE":"Ficha de Control y Seguimiento Docente","TIPO_DOCUMENTO_DESCRIPCION":"Documento utilizado por el tutor docente para registrar el seguimiento acad\u00e9mico del estudiante durante las pr\u00e1cticas. Incluye visitas o revisiones peri\u00f3dicas.","TIPO_DOCUMENTO_ORDEN":"9","TIPO_DOCUMENTO_OBLIGATORIO":"1","ESTADO_REVISION":"Rechazado","ID_ESTUDIANTE":"2","ENTIDAD_RECEPTORA":"Banco del Pac\u00edfico","ESTUDIANTE_NOMBRE":"Mar\u00eda Elena Garc\u00eda Torres","NOMBRE_ESTUDIANTE":"Mar\u00eda Elena","APELLIDO_ESTUDIANTE":"Garc\u00eda Torres","CEDULA_ESTUDIANTE":"1002345678"},{"ID_DOCUMENTO_PREPROFESIONAL":"15","ID_PRACTICA_PREPROFESIONAL":"2","ID_TIPO_DOCUMENTO":"7","ID_ESTADO_REVISION":"5","NOMBRE_ARCHIVO":"ficha_registro_actividades_002_20250915.pdf","NOMBRE_ORIGINAL":"Ficha Registro Actividades - Mar\u00eda.pdf","TIPO_ARCHIVO":"application\/pdf","TAMANO_ARCHIVO":"98765","RUTA_ARCHIVO":"\/uploads\/documentos-practicas\/","FECHA_SUBIDA":"2025-09-15 11:30:00","FECHA_REVISION":"2025-09-15 14:20:00","ID_REVISOR":"18","OBSERVACIONES":"Ficha de registro de actividades","OBSERVACIONES_REVISOR":"Descripci\u00f3n de actividades muy general, especificar m\u00e1s detalles","VERSION":"1","ACTIVO":"1","FECHA_CREACION":"2025-09-04 06:59:17","FECHA_ACTUALIZACION":"2025-09-04 06:59:17","ID_TIPO_DOCUMENTO_PREPROFESIONAL":"7","TIPO_DOCUMENTO_CODIGO":"PPR-007","TIPO_DOCUMENTO_NOMBRE":"Ficha de Registro de Actividades","TIPO_DOCUMENTO_DESCRIPCION":"Documento detallado en el que el estudiante registra las actividades espec\u00edficas realizadas durante sus pr\u00e1cticas, incluyendo fechas y descripciones.","TIPO_DOCUMENTO_ORDEN":"7","TIPO_DOCUMENTO_OBLIGATORIO":"1","ESTADO_REVISION":"Requiere Correcci\u00f3n","ID_ESTUDIANTE":"2","ENTIDAD_RECEPTORA":"Banco del Pac\u00edfico","ESTUDIANTE_NOMBRE":"Mar\u00eda Elena Garc\u00eda Torres","NOMBRE_ESTUDIANTE":"Mar\u00eda Elena","APELLIDO_ESTUDIANTE":"Garc\u00eda Torres","CEDULA_ESTUDIANTE":"1002345678"},{"ID_DOCUMENTO_PREPROFESIONAL":"14","ID_PRACTICA_PREPROFESIONAL":"1","ID_TIPO_DOCUMENTO":"6","ID_ESTADO_REVISION":"5","NOMBRE_ARCHIVO":"hojas_asistencia_001_20250830.pdf","NOMBRE_ORIGINAL":"Hojas de Asistencia - Juan Carlos.pdf","TIPO_ARCHIVO":"application\/pdf","TAMANO_ARCHIVO":"123456","RUTA_ARCHIVO":"\/uploads\/documentos-practicas\/","FECHA_SUBIDA":"2025-08-30 16:15:00","FECHA_REVISION":"2025-08-30 17:45:00","ID_REVISOR":"17","OBSERVACIONES":"Hojas de asistencia completas","OBSERVACIONES_REVISOR":"Faltan firmas en algunas fechas, corregir y volver a subir","VERSION":"1","ACTIVO":"1","FECHA_CREACION":"2025-09-04 06:59:17","FECHA_ACTUALIZACION":"2025-09-04 06:59:17","ID_TIPO_DOCUMENTO_PREPROFESIONAL":"6","TIPO_DOCUMENTO_CODIGO":"PPR-006","TIPO_DOCUMENTO_NOMBRE":"Hojas de Asistencia","TIPO_DOCUMENTO_DESCRIPCION":"Registro f\u00edsico de la asistencia del estudiante en la entidad receptora. Incluye las firmas y sellos para validar las horas de trabajo.","TIPO_DOCUMENTO_ORDEN":"6","TIPO_DOCUMENTO_OBLIGATORIO":"1","ESTADO_REVISION":"Requiere Correcci\u00f3n","ID_ESTUDIANTE":"1","ENTIDAD_RECEPTORA":"Hospital San Vicente de Pa\u00fal","ESTUDIANTE_NOMBRE":"Juan Carlos P\u00e9rez L\u00f3pez","NOMBRE_ESTUDIANTE":"Juan Carlos","APELLIDO_ESTUDIANTE":"P\u00e9rez L\u00f3pez","CEDULA_ESTUDIANTE":"1001234567"},{"ID_DOCUMENTO_PREPROFESIONAL":"16","ID_PRACTICA_PREPROFESIONAL":"1","ID_TIPO_DOCUMENTO":"8","ID_ESTADO_REVISION":"4","NOMBRE_ARCHIVO":"rubrica_evaluacion_entidad_001_20250825.pdf","NOMBRE_ORIGINAL":"R\u00fabrica Evaluaci\u00f3n Entidad - Juan.pdf","TIPO_ARCHIVO":"application\/pdf","TAMANO_ARCHIVO":"87654","RUTA_ARCHIVO":"\/uploads\/documentos-practicas\/","FECHA_SUBIDA":"2025-08-25 15:00:00","FECHA_REVISION":"2025-08-25 16:30:00","ID_REVISOR":"17","OBSERVACIONES":"R\u00fabrica de evaluaci\u00f3n de entidad","OBSERVACIONES_REVISOR":"Documento no tiene sello oficial de la entidad, rechazado","VERSION":"1","ACTIVO":"1","FECHA_CREACION":"2025-09-04 06:59:17","FECHA_ACTUALIZACION":"2025-09-04 06:59:17","ID_TIPO_DOCUMENTO_PREPROFESIONAL":"8","TIPO_DOCUMENTO_CODIGO":"PPR-008","TIPO_DOCUMENTO_NOMBRE":"R\u00fabrica de Evaluaci\u00f3n de Entidad","TIPO_DOCUMENTO_DESCRIPCION":"Formulario de evaluaci\u00f3n del desempe\u00f1o del estudiante, llenado y sellado por la entidad receptora. Valora aspectos como la responsabilidad, la proactividad y la calidad del trabajo.","TIPO_DOCUMENTO_ORDEN":"8","TIPO_DOCUMENTO_OBLIGATORIO":"1","ESTADO_REVISION":"Rechazado","ID_ESTUDIANTE":"1","ENTIDAD_RECEPTORA":"Hospital San Vicente de Pa\u00fal","ESTUDIANTE_NOMBRE":"Juan Carlos P\u00e9rez L\u00f3pez","NOMBRE_ESTUDIANTE":"Juan Carlos","APELLIDO_ESTUDIANTE":"P\u00e9rez L\u00f3pez","CEDULA_ESTUDIANTE":"1001234567"},{"ID_DOCUMENTO_PREPROFESIONAL":"5","ID_PRACTICA_PREPROFESIONAL":"2","ID_TIPO_DOCUMENTO":"2","ID_ESTADO_REVISION":"3","NOMBRE_ARCHIVO":"oficio_entidad_receptora_002_20250702.pdf","NOMBRE_ORIGINAL":"Oficio Entidad Receptora - Banco.pdf","TIPO_ARCHIVO":"application\/pdf","TAMANO_ARCHIVO":"178944","RUTA_ARCHIVO":"\/uploads\/documentos-practicas\/","FECHA_SUBIDA":"2025-07-02 15:45:00","FECHA_REVISION":"2025-07-02 17:20:00","ID_REVISOR":"18","OBSERVACIONES":"Oficio enviado a la entidad receptora","OBSERVACIONES_REVISOR":"Oficio formal y bien estructurado","VERSION":"1","ACTIVO":"1","FECHA_CREACION":"2025-09-04 06:59:17","FECHA_ACTUALIZACION":"2025-09-04 06:59:17","ID_TIPO_DOCUMENTO_PREPROFESIONAL":"2","TIPO_DOCUMENTO_CODIGO":"PPR-002","TIPO_DOCUMENTO_NOMBRE":"Oficio a Entidad Receptora","TIPO_DOCUMENTO_DESCRIPCION":"Carta formal enviada por el estudiante a la instituci\u00f3n \"Instituto Tecnol\u00f3gico Superior Ibarra\", con el prop\u00f3sito de solicitar la oportunidad de realizar sus pr\u00e1cticas de servicio comunitario.","TIPO_DOCUMENTO_ORDEN":"2","TIPO_DOCUMENTO_OBLIGATORIO":"1","ESTADO_REVISION":"Aprobado","ID_ESTUDIANTE":"2","ENTIDAD_RECEPTORA":"Banco del Pac\u00edfico","ESTUDIANTE_NOMBRE":"Mar\u00eda Elena Garc\u00eda Torres","NOMBRE_ESTUDIANTE":"Mar\u00eda Elena","APELLIDO_ESTUDIANTE":"Garc\u00eda Torres","CEDULA_ESTUDIANTE":"1002345678"},{"ID_DOCUMENTO_PREPROFESIONAL":"4","ID_PRACTICA_PREPROFESIONAL":"2","ID_TIPO_DOCUMENTO":"1","ID_ESTADO_REVISION":"3","NOMBRE_ARCHIVO":"oficio_asignacion_tutor_002_20250701.pdf","NOMBRE_ORIGINAL":"Oficio Asignaci\u00f3n Tutor - Mar\u00eda Elena.pdf","TIPO_ARCHIVO":"application\/pdf","TAMANO_ARCHIVO":"234880","RUTA_ARCHIVO":"\/uploads\/documentos-practicas\/","FECHA_SUBIDA":"2025-07-01 11:00:00","FECHA_REVISION":"2025-07-01 13:15:00","ID_REVISOR":"18","OBSERVACIONES":"Documento oficial de asignaci\u00f3n","OBSERVACIONES_REVISOR":"Asignaci\u00f3n correcta del tutor","VERSION":"1","ACTIVO":"1","FECHA_CREACION":"2025-09-04 06:59:17","FECHA_ACTUALIZACION":"2025-09-04 06:59:17","ID_TIPO_DOCUMENTO_PREPROFESIONAL":"1","TIPO_DOCUMENTO_CODIGO":"PPR-001","TIPO_DOCUMENTO_NOMBRE":"Oficio de Asignaci\u00f3n de Tutor","TIPO_DOCUMENTO_DESCRIPCION":"Documento oficial emitido por la coordinaci\u00f3n de la carrera que designa al docente responsable de la tutor\u00eda y seguimiento de las pr\u00e1cticas de servicio comunitario del estudiante.","TIPO_DOCUMENTO_ORDEN":"1","TIPO_DOCUMENTO_OBLIGATORIO":"1","ESTADO_REVISION":"Aprobado","ID_ESTUDIANTE":"2","ENTIDAD_RECEPTORA":"Banco del Pac\u00edfico","ESTUDIANTE_NOMBRE":"Mar\u00eda Elena Garc\u00eda Torres","NOMBRE_ESTUDIANTE":"Mar\u00eda Elena","APELLIDO_ESTUDIANTE":"Garc\u00eda Torres","CEDULA_ESTUDIANTE":"1002345678"},{"ID_DOCUMENTO_PREPROFESIONAL":"3","ID_PRACTICA_PREPROFESIONAL":"1","ID_TIPO_DOCUMENTO":"3","ID_ESTADO_REVISION":"3","NOMBRE_ARCHIVO":"carta_aceptacion_001_20250603.pdf","NOMBRE_ORIGINAL":"Carta Aceptaci\u00f3n - Hospital.pdf","TIPO_ARCHIVO":"application\/pdf","TAMANO_ARCHIVO":"156672","RUTA_ARCHIVO":"\/uploads\/documentos-practicas\/","FECHA_SUBIDA":"2025-06-03 09:15:00","FECHA_REVISION":"2025-06-03 11:20:00","ID_REVISOR":"17","OBSERVACIONES":"Carta de aceptaci\u00f3n de la entidad","OBSERVACIONES_REVISOR":"Carta oficial con sello institucional","VERSION":"1","ACTIVO":"1","FECHA_CREACION":"2025-09-04 06:59:17","FECHA_ACTUALIZACION":"2025-09-04 06:59:17","ID_TIPO_DOCUMENTO_PREPROFESIONAL":"3","TIPO_DOCUMENTO_CODIGO":"PPR-003","TIPO_DOCUMENTO_NOMBRE":"Carta de Aceptaci\u00f3n","TIPO_DOCUMENTO_DESCRIPCION":"Carta oficial de la entidad receptora \"Instituto Tecnol\u00f3gico Superior Ibarra\" que confirma la aceptaci\u00f3n del o los estudiantes para realizar las pr\u00e1cticas de servicio comunitario en sus instalaciones.","TIPO_DOCUMENTO_ORDEN":"3","TIPO_DOCUMENTO_OBLIGATORIO":"1","ESTADO_REVISION":"Aprobado","ID_ESTUDIANTE":"1","ENTIDAD_RECEPTORA":"Hospital San Vicente de Pa\u00fal","ESTUDIANTE_NOMBRE":"Juan Carlos P\u00e9rez L\u00f3pez","NOMBRE_ESTUDIANTE":"Juan Carlos","APELLIDO_ESTUDIANTE":"P\u00e9rez L\u00f3pez","CEDULA_ESTUDIANTE":"1001234567"},{"ID_DOCUMENTO_PREPROFESIONAL":"2","ID_PRACTICA_PREPROFESIONAL":"1","ID_TIPO_DOCUMENTO":"2","ID_ESTADO_REVISION":"3","NOMBRE_ARCHIVO":"oficio_entidad_receptora_001_20250602.pdf","NOMBRE_ORIGINAL":"Oficio Entidad Receptora - Hospital.pdf","TIPO_ARCHIVO":"application\/pdf","TAMANO_ARCHIVO":"189440","RUTA_ARCHIVO":"\/uploads\/documentos-practicas\/","FECHA_SUBIDA":"2025-06-02 14:30:00","FECHA_REVISION":"2025-06-02 16:45:00","ID_REVISOR":"17","OBSERVACIONES":"Oficio enviado a la entidad receptora","OBSERVACIONES_REVISOR":"Oficio bien redactado y formal","VERSION":"1","ACTIVO":"1","FECHA_CREACION":"2025-09-04 06:59:17","FECHA_ACTUALIZACION":"2025-09-04 06:59:17","ID_TIPO_DOCUMENTO_PREPROFESIONAL":"2","TIPO_DOCUMENTO_CODIGO":"PPR-002","TIPO_DOCUMENTO_NOMBRE":"Oficio a Entidad Receptora","TIPO_DOCUMENTO_DESCRIPCION":"Carta formal enviada por el estudiante a la instituci\u00f3n \"Instituto Tecnol\u00f3gico Superior Ibarra\", con el prop\u00f3sito de solicitar la oportunidad de realizar sus pr\u00e1cticas de servicio comunitario.","TIPO_DOCUMENTO_ORDEN":"2","TIPO_DOCUMENTO_OBLIGATORIO":"1","ESTADO_REVISION":"Aprobado","ID_ESTUDIANTE":"1","ENTIDAD_RECEPTORA":"Hospital San Vicente de Pa\u00fal","ESTUDIANTE_NOMBRE":"Juan Carlos P\u00e9rez L\u00f3pez","NOMBRE_ESTUDIANTE":"Juan Carlos","APELLIDO_ESTUDIANTE":"P\u00e9rez L\u00f3pez","CEDULA_ESTUDIANTE":"1001234567"},{"ID_DOCUMENTO_PREPROFESIONAL":"1","ID_PRACTICA_PREPROFESIONAL":"1","ID_TIPO_DOCUMENTO":"1","ID_ESTADO_REVISION":"3","NOMBRE_ARCHIVO":"oficio_asignacion_tutor_001_20250601.pdf","NOMBRE_ORIGINAL":"Oficio Asignaci\u00f3n Tutor - Juan Carlos.pdf","TIPO_ARCHIVO":"application\/pdf","TAMANO_ARCHIVO":"245760","RUTA_ARCHIVO":"\/uploads\/documentos-practicas\/","FECHA_SUBIDA":"2025-06-01 10:00:00","FECHA_REVISION":"2025-06-01 14:30:00","ID_REVISOR":"17","OBSERVACIONES":"Documento oficial de asignaci\u00f3n","OBSERVACIONES_REVISOR":"Documento aprobado correctamente","VERSION":"1","ACTIVO":"1","FECHA_CREACION":"2025-09-04 06:59:17","FECHA_ACTUALIZACION":"2025-09-04 06:59:17","ID_TIPO_DOCUMENTO_PREPROFESIONAL":"1","TIPO_DOCUMENTO_CODIGO":"PPR-001","TIPO_DOCUMENTO_NOMBRE":"Oficio de Asignaci\u00f3n de Tutor","TIPO_DOCUMENTO_DESCRIPCION":"Documento oficial emitido por la coordinaci\u00f3n de la carrera que designa al docente responsable de la tutor\u00eda y seguimiento de las pr\u00e1cticas de servicio comunitario del estudiante.","TIPO_DOCUMENTO_ORDEN":"1","TIPO_DOCUMENTO_OBLIGATORIO":"1","ESTADO_REVISION":"Aprobado","ID_ESTUDIANTE":"1","ENTIDAD_RECEPTORA":"Hospital San Vicente de Pa\u00fal","ESTUDIANTE_NOMBRE":"Juan Carlos P\u00e9rez L\u00f3pez","NOMBRE_ESTUDIANTE":"Juan Carlos","APELLIDO_ESTUDIANTE":"P\u00e9rez L\u00f3pez","CEDULA_ESTUDIANTE":"1001234567"}]
DEBUG - 2026-03-02 18:50:41 --> Session: Class initialized using 'CodeIgniter\Session\Handlers\FileHandler' driver.
INFO - 2026-03-02 18:50:41 --> Iniciando proceso de cierre de sesión para usuario: ycampues
INFO - 2026-03-02 18:50:41 --> Sesión cerrada exitosamente
DEBUG - 2026-03-02 18:50:42 --> Session: Class initialized using 'CodeIgniter\Session\Handlers\FileHandler' driver.
DEBUG - 2026-03-02 18:50:53 --> Session: Class initialized using 'CodeIgniter\Session\Handlers\FileHandler' driver.
INFO - 2026-03-02 18:50:53 --> Token de recordarme creado para usuario: ayandun
INFO - 2026-03-02 18:50:53 --> Usuario autenticado: ayandun con rol: 2 - requiere cambio password: sí
DEBUG - 2026-03-02 18:50:54 --> Session: Class initialized using 'CodeIgniter\Session\Handlers\FileHandler' driver.
DEBUG - 2026-03-02 18:51:31 --> Session: Class initialized using 'CodeIgniter\Session\Handlers\FileHandler' driver.
DEBUG - 2026-03-02 18:51:31 --> Session: Class initialized using 'CodeIgniter\Session\Handlers\FileHandler' driver.
DEBUG - 2026-03-02 18:51:42 --> Session: Class initialized using 'CodeIgniter\Session\Handlers\FileHandler' driver.
DEBUG - 2026-03-02 18:51:49 --> Session: Class initialized using 'CodeIgniter\Session\Handlers\FileHandler' driver.
INFO - 2026-03-02 18:51:49 --> Iniciando proceso de cierre de sesión para usuario: ayandun
INFO - 2026-03-02 18:51:49 --> Sesión cerrada exitosamente
DEBUG - 2026-03-02 18:51:49 --> Session: Class initialized using 'CodeIgniter\Session\Handlers\FileHandler' driver.
DEBUG - 2026-03-02 18:52:02 --> Session: Class initialized using 'CodeIgniter\Session\Handlers\FileHandler' driver.
INFO - 2026-03-02 18:52:02 --> Token de recordarme creado para usuario: paguirre
INFO - 2026-03-02 18:52:02 --> Usuario autenticado: paguirre con rol: 3 - requiere cambio password: sí
DEBUG - 2026-03-02 18:52:02 --> Session: Class initialized using 'CodeIgniter\Session\Handlers\FileHandler' driver.
DEBUG - 2026-03-02 18:52:58 --> Session: Class initialized using 'CodeIgniter\Session\Handlers\FileHandler' driver.
DEBUG - 2026-03-02 18:52:59 --> Session: Class initialized using 'CodeIgniter\Session\Handlers\FileHandler' driver.
DEBUG - 2026-03-02 18:53:03 --> Session: Class initialized using 'CodeIgniter\Session\Handlers\FileHandler' driver.
ERROR - 2026-03-02 18:53:03 --> mysqli_sql_exception: Table 'itsi.practicas_preprofesionales' doesn't exist in C:\xampp\htdocs\ITSI\vendor\codeigniter4\framework\system\Database\MySQLi\Connection.php:327
Stack trace:
#0 C:\xampp\htdocs\ITSI\vendor\codeigniter4\framework\system\Database\MySQLi\Connection.php(327): mysqli->query('SELECT COUNT(*)...', 0)
#1 C:\xampp\htdocs\ITSI\vendor\codeigniter4\framework\system\Database\BaseConnection.php(738): CodeIgniter\Database\MySQLi\Connection->execute('SELECT COUNT(*)...')
#2 C:\xampp\htdocs\ITSI\vendor\codeigniter4\framework\system\Database\BaseConnection.php(652): CodeIgniter\Database\BaseConnection->simpleQuery('SELECT COUNT(*)...')
#3 C:\xampp\htdocs\ITSI\vendor\codeigniter4\framework\system\Database\BaseBuilder.php(1733): CodeIgniter\Database\BaseConnection->query('SELECT COUNT(*)...', Array, false)
#4 C:\xampp\htdocs\ITSI\app\Controllers\estudiante\PracticasEstudianteController.php(239): CodeIgniter\Database\BaseBuilder->countAllResults()
#5 C:\xampp\htdocs\ITSI\app\Controllers\estudiante\PracticasEstudianteController.php(41): App\Controllers\estudiante\PracticasEstudianteController->obtenerEstadisticasEstudiante('3')
#6 C:\xampp\htdocs\ITSI\vendor\codeigniter4\framework\system\CodeIgniter.php(933): App\Controllers\estudiante\PracticasEstudianteController->index()
#7 C:\xampp\htdocs\ITSI\vendor\codeigniter4\framework\system\CodeIgniter.php(507): CodeIgniter\CodeIgniter->runController(Object(App\Controllers\estudiante\PracticasEstudianteController))
#8 C:\xampp\htdocs\ITSI\vendor\codeigniter4\framework\system\CodeIgniter.php(354): CodeIgniter\CodeIgniter->handleRequest(NULL, Object(Config\Cache), false)
#9 C:\xampp\htdocs\ITSI\vendor\codeigniter4\framework\system\Boot.php(334): CodeIgniter\CodeIgniter->run()
#10 C:\xampp\htdocs\ITSI\vendor\codeigniter4\framework\system\Boot.php(67): CodeIgniter\Boot::runCodeIgniter(Object(CodeIgniter\CodeIgniter))
#11 C:\xampp\htdocs\ITSI\public\index.php(59): CodeIgniter\Boot::bootWeb(Object(Config\Paths))
#12 {main}
ERROR - 2026-03-02 18:53:03 --> Error al obtener estadísticas: Table 'itsi.practicas_preprofesionales' doesn't exist
ERROR - 2026-03-02 18:53:03 --> mysqli_sql_exception: Table 'itsi.practicas_preprofesionales' doesn't exist in C:\xampp\htdocs\ITSI\vendor\codeigniter4\framework\system\Database\MySQLi\Connection.php:327
Stack trace:
#0 C:\xampp\htdocs\ITSI\vendor\codeigniter4\framework\system\Database\MySQLi\Connection.php(327): mysqli->query('SELECT `pp`.*, ...', 0)
#1 C:\xampp\htdocs\ITSI\vendor\codeigniter4\framework\system\Database\BaseConnection.php(738): CodeIgniter\Database\MySQLi\Connection->execute('SELECT `pp`.*, ...')
#2 C:\xampp\htdocs\ITSI\vendor\codeigniter4\framework\system\Database\BaseConnection.php(652): CodeIgniter\Database\BaseConnection->simpleQuery('SELECT `pp`.*, ...')
#3 C:\xampp\htdocs\ITSI\vendor\codeigniter4\framework\system\Database\BaseBuilder.php(1649): CodeIgniter\Database\BaseConnection->query('SELECT `pp`.*, ...', Array, false)
#4 C:\xampp\htdocs\ITSI\app\Controllers\estudiante\PracticasEstudianteController.php(296): CodeIgniter\Database\BaseBuilder->get()
#5 C:\xampp\htdocs\ITSI\app\Controllers\estudiante\PracticasEstudianteController.php(44): App\Controllers\estudiante\PracticasEstudianteController->obtenerPracticasPreprofesionales('3')
#6 C:\xampp\htdocs\ITSI\vendor\codeigniter4\framework\system\CodeIgniter.php(933): App\Controllers\estudiante\PracticasEstudianteController->index()
#7 C:\xampp\htdocs\ITSI\vendor\codeigniter4\framework\system\CodeIgniter.php(507): CodeIgniter\CodeIgniter->runController(Object(App\Controllers\estudiante\PracticasEstudianteController))
#8 C:\xampp\htdocs\ITSI\vendor\codeigniter4\framework\system\CodeIgniter.php(354): CodeIgniter\CodeIgniter->handleRequest(NULL, Object(Config\Cache), false)
#9 C:\xampp\htdocs\ITSI\vendor\codeigniter4\framework\system\Boot.php(334): CodeIgniter\CodeIgniter->run()
#10 C:\xampp\htdocs\ITSI\vendor\codeigniter4\framework\system\Boot.php(67): CodeIgniter\Boot::runCodeIgniter(Object(CodeIgniter\CodeIgniter))
#11 C:\xampp\htdocs\ITSI\public\index.php(59): CodeIgniter\Boot::bootWeb(Object(Config\Paths))
#12 {main}
ERROR - 2026-03-02 18:53:03 --> Error al obtener prácticas preprofesionales: Table 'itsi.practicas_preprofesionales' doesn't exist
ERROR - 2026-03-02 18:53:03 --> mysqli_sql_exception: Table 'itsi.servicios_comunitarios' doesn't exist in C:\xampp\htdocs\ITSI\vendor\codeigniter4\framework\system\Database\MySQLi\Connection.php:327
Stack trace:
#0 C:\xampp\htdocs\ITSI\vendor\codeigniter4\framework\system\Database\MySQLi\Connection.php(327): mysqli->query('SELECT `sc`.*, ...', 0)
#1 C:\xampp\htdocs\ITSI\vendor\codeigniter4\framework\system\Database\BaseConnection.php(738): CodeIgniter\Database\MySQLi\Connection->execute('SELECT `sc`.*, ...')
#2 C:\xampp\htdocs\ITSI\vendor\codeigniter4\framework\system\Database\BaseConnection.php(652): CodeIgniter\Database\BaseConnection->simpleQuery('SELECT `sc`.*, ...')
#3 C:\xampp\htdocs\ITSI\vendor\codeigniter4\framework\system\Database\BaseBuilder.php(1649): CodeIgniter\Database\BaseConnection->query('SELECT `sc`.*, ...', Array, false)
#4 C:\xampp\htdocs\ITSI\app\Controllers\estudiante\PracticasEstudianteController.php(315): CodeIgniter\Database\BaseBuilder->get()
#5 C:\xampp\htdocs\ITSI\app\Controllers\estudiante\PracticasEstudianteController.php(47): App\Controllers\estudiante\PracticasEstudianteController->obtenerServiciosComunitarios('3')
#6 C:\xampp\htdocs\ITSI\vendor\codeigniter4\framework\system\CodeIgniter.php(933): App\Controllers\estudiante\PracticasEstudianteController->index()
#7 C:\xampp\htdocs\ITSI\vendor\codeigniter4\framework\system\CodeIgniter.php(507): CodeIgniter\CodeIgniter->runController(Object(App\Controllers\estudiante\PracticasEstudianteController))
#8 C:\xampp\htdocs\ITSI\vendor\codeigniter4\framework\system\CodeIgniter.php(354): CodeIgniter\CodeIgniter->handleRequest(NULL, Object(Config\Cache), false)
#9 C:\xampp\htdocs\ITSI\vendor\codeigniter4\framework\system\Boot.php(334): CodeIgniter\CodeIgniter->run()
#10 C:\xampp\htdocs\ITSI\vendor\codeigniter4\framework\system\Boot.php(67): CodeIgniter\Boot::runCodeIgniter(Object(CodeIgniter\CodeIgniter))
#11 C:\xampp\htdocs\ITSI\public\index.php(59): CodeIgniter\Boot::bootWeb(Object(Config\Paths))
#12 {main}
ERROR - 2026-03-02 18:53:03 --> Error al obtener servicios comunitarios: Table 'itsi.servicios_comunitarios' doesn't exist
DEBUG - 2026-03-02 18:53:15 --> Actividades cargadas: [{"ID_ACTIVIDAD_EDUCACION":"3","ID_PERIODO_ACADEMICO":null,"ID_INSTRUCTOR":"3","ID_TIPO_MODALIDAD":"1","ID_TIPO_ACTIVIDAD":"3","ID_USUARIO":"1","NOMBRE_ACTIVIDAD":"Inteligencia Artificial y Machine Learning","DESCRIPCION":"Seminario sobre tendencias actuales en IA y aplicaciones pr\u00e1cticas.","OBJETIVOS":"Actualizar conocimientos en inteligencia artificial y sus aplicaciones","DURACION_HORAS":"16","FECHA_INICIO":"2025-12-15","FECHA_FIN":"2025-12-16","LUGAR":"Auditorio Principal","HORARIO":"8:00-17:00","INCLUYE_CERTIFICADO":"1","PROGRAMA_DETALLADO":"Introducci\u00f3n a la IA\nMachine Learning b\u00e1sico\nDeep Learning\nAplicaciones pr\u00e1cticas\nCasos de estudio","ACTIVIDAD":"Seminario","MODALIDAD":"Presencial","ESPECIALIDAD":"Inteligencia Artificial","NOMBRE":"Mar\u00eda","APELLIDO":"Gonz\u00e1lez"},{"ID_ACTIVIDAD_EDUCACION":"5","ID_PERIODO_ACADEMICO":null,"ID_INSTRUCTOR":"2","ID_TIPO_MODALIDAD":"2","ID_TIPO_ACTIVIDAD":"2","ID_USUARIO":"1","NOMBRE_ACTIVIDAD":"Configuraci\u00f3n de Redes","DESCRIPCION":"Taller de configuraci\u00f3n y administraci\u00f3n de redes de computadoras.","OBJETIVOS":"Capacitar en configuraci\u00f3n y administraci\u00f3n de redes","DURACION_HORAS":"32","FECHA_INICIO":"2025-11-01","FECHA_FIN":"2025-11-30","LUGAR":"Laboratorio de Redes","HORARIO":"S\u00e1bados 8:00-12:00","INCLUYE_CERTIFICADO":"1","PROGRAMA_DETALLADO":"Protocolos de red\nConfiguraci\u00f3n de routers\nSwitches y VLANs\nSeguridad en redes","ACTIVIDAD":"Taller","MODALIDAD":"Virtual","ESPECIALIDAD":"Hardware y Redes","NOMBRE":"Ana","APELLIDO":"Ruiz"},{"ID_ACTIVIDAD_EDUCACION":"2","ID_PERIODO_ACADEMICO":null,"ID_INSTRUCTOR":"2","ID_TIPO_MODALIDAD":"2","ID_TIPO_ACTIVIDAD":"2","ID_USUARIO":"1","NOMBRE_ACTIVIDAD":"Reparaci\u00f3n de Equipos de C\u00f3mputo","DESCRIPCION":"Taller pr\u00e1ctico de mantenimiento y reparaci\u00f3n de hardware de computadoras.","OBJETIVOS":"Capacitar en t\u00e9cnicas de diagn\u00f3stico y reparaci\u00f3n de equipos","DURACION_HORAS":"40","FECHA_INICIO":"2025-10-01","FECHA_FIN":"2025-10-31","LUGAR":"Plataforma Virtual","HORARIO":"S\u00e1bados 9:00-13:00","INCLUYE_CERTIFICADO":"1","PROGRAMA_DETALLADO":"Diagn\u00f3stico de problemas\nReparaci\u00f3n de hardware\nMantenimiento preventivo\nInstalaci\u00f3n de software","ACTIVIDAD":"Taller","MODALIDAD":"Virtual","ESPECIALIDAD":"Hardware y Redes","NOMBRE":"Ana","APELLIDO":"Ruiz"},{"ID_ACTIVIDAD_EDUCACION":"1","ID_PERIODO_ACADEMICO":null,"ID_INSTRUCTOR":"1","ID_TIPO_MODALIDAD":"1","ID_TIPO_ACTIVIDAD":"1","ID_USUARIO":"1","NOMBRE_ACTIVIDAD":"Desarrollo Web Full Stack","DESCRIPCION":"Curso completo de desarrollo web con tecnolog\u00edas modernas como React, Node.js, MongoDB y m\u00e1s.","OBJETIVOS":"Formar desarrolladores full stack competentes en tecnolog\u00edas web modernas","DURACION_HORAS":"4","FECHA_INICIO":"2025-08-18","FECHA_FIN":"2025-08-19","LUGAR":"Laboratorio de Programaci\u00f3n","HORARIO":"Lunes a Martess 16:00-18:00","INCLUYE_CERTIFICADO":"1","PROGRAMA_DETALLADO":"M\u00f3dulo 1: HTML\/CSS\/JavaScript\r\nM\u00f3dulo 2: React.js\r\nM\u00f3dulo 3: Node.js\r\nM\u00f3dulo 4: Base de datos\r\nM\u00f3dulo 5: Proyecto final","ACTIVIDAD":"Curso","MODALIDAD":"Presencial","ESPECIALIDAD":"Desarrollo de Software","NOMBRE":"Carlos","APELLIDO":"Mendoza"},{"ID_ACTIVIDAD_EDUCACION":"4","ID_PERIODO_ACADEMICO":null,"ID_INSTRUCTOR":"1","ID_TIPO_MODALIDAD":"1","ID_TIPO_ACTIVIDAD":"1","ID_USUARIO":"1","NOMBRE_ACTIVIDAD":"Programaci\u00f3n en Python","DESCRIPCION":"Curso introductorio de programaci\u00f3n usando Python como lenguaje principal.","OBJETIVOS":"Ense\u00f1ar los fundamentos de programaci\u00f3n usando Python","DURACION_HORAS":"80","FECHA_INICIO":"2025-08-01","FECHA_FIN":"2025-09-30","LUGAR":"Laboratorio de Programaci\u00f3n","HORARIO":"Martes y Jueves 18:00-20:00","INCLUYE_CERTIFICADO":"1","PROGRAMA_DETALLADO":"Variables y tipos de datos\nEstructuras de control\nFunciones\nPOO\nLibrer\u00edas b\u00e1sicas","ACTIVIDAD":"Curso","MODALIDAD":"Presencial","ESPECIALIDAD":"Desarrollo de Software","NOMBRE":"Carlos","APELLIDO":"Mendoza"}]
DEBUG - 2026-03-02 18:53:15 --> Session: Class initialized using 'CodeIgniter\Session\Handlers\FileHandler' driver.
DEBUG - 2026-03-02 18:53:21 --> Session: Class initialized using 'CodeIgniter\Session\Handlers\FileHandler' driver.
DEBUG - 2026-03-02 18:58:02 --> Session: Class initialized using 'CodeIgniter\Session\Handlers\FileHandler' driver.
DEBUG - 2026-03-02 18:59:33 --> Session: Class initialized using 'CodeIgniter\Session\Handlers\FileHandler' driver.
ERROR - 2026-03-02 18:59:33 --> mysqli_sql_exception: Table 'itsi.practicas_preprofesionales' doesn't exist in C:\xampp\htdocs\ITSI\vendor\codeigniter4\framework\system\Database\MySQLi\Connection.php:327
Stack trace:
#0 C:\xampp\htdocs\ITSI\vendor\codeigniter4\framework\system\Database\MySQLi\Connection.php(327): mysqli->query('SELECT COUNT(*)...', 0)
#1 C:\xampp\htdocs\ITSI\vendor\codeigniter4\framework\system\Database\BaseConnection.php(738): CodeIgniter\Database\MySQLi\Connection->execute('SELECT COUNT(*)...')
#2 C:\xampp\htdocs\ITSI\vendor\codeigniter4\framework\system\Database\BaseConnection.php(652): CodeIgniter\Database\BaseConnection->simpleQuery('SELECT COUNT(*)...')
#3 C:\xampp\htdocs\ITSI\vendor\codeigniter4\framework\system\Database\BaseBuilder.php(1733): CodeIgniter\Database\BaseConnection->query('SELECT COUNT(*)...', Array, false)
#4 C:\xampp\htdocs\ITSI\app\Controllers\estudiante\PracticasEstudianteController.php(239): CodeIgniter\Database\BaseBuilder->countAllResults()
#5 C:\xampp\htdocs\ITSI\app\Controllers\estudiante\PracticasEstudianteController.php(41): App\Controllers\estudiante\PracticasEstudianteController->obtenerEstadisticasEstudiante('3')
#6 C:\xampp\htdocs\ITSI\vendor\codeigniter4\framework\system\CodeIgniter.php(933): App\Controllers\estudiante\PracticasEstudianteController->index()
#7 C:\xampp\htdocs\ITSI\vendor\codeigniter4\framework\system\CodeIgniter.php(507): CodeIgniter\CodeIgniter->runController(Object(App\Controllers\estudiante\PracticasEstudianteController))
#8 C:\xampp\htdocs\ITSI\vendor\codeigniter4\framework\system\CodeIgniter.php(354): CodeIgniter\CodeIgniter->handleRequest(NULL, Object(Config\Cache), false)
#9 C:\xampp\htdocs\ITSI\vendor\codeigniter4\framework\system\Boot.php(334): CodeIgniter\CodeIgniter->run()
#10 C:\xampp\htdocs\ITSI\vendor\codeigniter4\framework\system\Boot.php(67): CodeIgniter\Boot::runCodeIgniter(Object(CodeIgniter\CodeIgniter))
#11 C:\xampp\htdocs\ITSI\public\index.php(59): CodeIgniter\Boot::bootWeb(Object(Config\Paths))
#12 {main}
ERROR - 2026-03-02 18:59:33 --> Error al obtener estadísticas: Table 'itsi.practicas_preprofesionales' doesn't exist
ERROR - 2026-03-02 18:59:33 --> mysqli_sql_exception: Table 'itsi.practicas_preprofesionales' doesn't exist in C:\xampp\htdocs\ITSI\vendor\codeigniter4\framework\system\Database\MySQLi\Connection.php:327
Stack trace:
#0 C:\xampp\htdocs\ITSI\vendor\codeigniter4\framework\system\Database\MySQLi\Connection.php(327): mysqli->query('SELECT `pp`.*, ...', 0)
#1 C:\xampp\htdocs\ITSI\vendor\codeigniter4\framework\system\Database\BaseConnection.php(738): CodeIgniter\Database\MySQLi\Connection->execute('SELECT `pp`.*, ...')
#2 C:\xampp\htdocs\ITSI\vendor\codeigniter4\framework\system\Database\BaseConnection.php(652): CodeIgniter\Database\BaseConnection->simpleQuery('SELECT `pp`.*, ...')
#3 C:\xampp\htdocs\ITSI\vendor\codeigniter4\framework\system\Database\BaseBuilder.php(1649): CodeIgniter\Database\BaseConnection->query('SELECT `pp`.*, ...', Array, false)
#4 C:\xampp\htdocs\ITSI\app\Controllers\estudiante\PracticasEstudianteController.php(296): CodeIgniter\Database\BaseBuilder->get()
#5 C:\xampp\htdocs\ITSI\app\Controllers\estudiante\PracticasEstudianteController.php(44): App\Controllers\estudiante\PracticasEstudianteController->obtenerPracticasPreprofesionales('3')
#6 C:\xampp\htdocs\ITSI\vendor\codeigniter4\framework\system\CodeIgniter.php(933): App\Controllers\estudiante\PracticasEstudianteController->index()
#7 C:\xampp\htdocs\ITSI\vendor\codeigniter4\framework\system\CodeIgniter.php(507): CodeIgniter\CodeIgniter->runController(Object(App\Controllers\estudiante\PracticasEstudianteController))
#8 C:\xampp\htdocs\ITSI\vendor\codeigniter4\framework\system\CodeIgniter.php(354): CodeIgniter\CodeIgniter->handleRequest(NULL, Object(Config\Cache), false)
#9 C:\xampp\htdocs\ITSI\vendor\codeigniter4\framework\system\Boot.php(334): CodeIgniter\CodeIgniter->run()
#10 C:\xampp\htdocs\ITSI\vendor\codeigniter4\framework\system\Boot.php(67): CodeIgniter\Boot::runCodeIgniter(Object(CodeIgniter\CodeIgniter))
#11 C:\xampp\htdocs\ITSI\public\index.php(59): CodeIgniter\Boot::bootWeb(Object(Config\Paths))
#12 {main}
ERROR - 2026-03-02 18:59:33 --> Error al obtener prácticas preprofesionales: Table 'itsi.practicas_preprofesionales' doesn't exist
ERROR - 2026-03-02 18:59:33 --> mysqli_sql_exception: Table 'itsi.servicios_comunitarios' doesn't exist in C:\xampp\htdocs\ITSI\vendor\codeigniter4\framework\system\Database\MySQLi\Connection.php:327
Stack trace:
#0 C:\xampp\htdocs\ITSI\vendor\codeigniter4\framework\system\Database\MySQLi\Connection.php(327): mysqli->query('SELECT `sc`.*, ...', 0)
#1 C:\xampp\htdocs\ITSI\vendor\codeigniter4\framework\system\Database\BaseConnection.php(738): CodeIgniter\Database\MySQLi\Connection->execute('SELECT `sc`.*, ...')
#2 C:\xampp\htdocs\ITSI\vendor\codeigniter4\framework\system\Database\BaseConnection.php(652): CodeIgniter\Database\BaseConnection->simpleQuery('SELECT `sc`.*, ...')
#3 C:\xampp\htdocs\ITSI\vendor\codeigniter4\framework\system\Database\BaseBuilder.php(1649): CodeIgniter\Database\BaseConnection->query('SELECT `sc`.*, ...', Array, false)
#4 C:\xampp\htdocs\ITSI\app\Controllers\estudiante\PracticasEstudianteController.php(315): CodeIgniter\Database\BaseBuilder->get()
#5 C:\xampp\htdocs\ITSI\app\Controllers\estudiante\PracticasEstudianteController.php(47): App\Controllers\estudiante\PracticasEstudianteController->obtenerServiciosComunitarios('3')
#6 C:\xampp\htdocs\ITSI\vendor\codeigniter4\framework\system\CodeIgniter.php(933): App\Controllers\estudiante\PracticasEstudianteController->index()
#7 C:\xampp\htdocs\ITSI\vendor\codeigniter4\framework\system\CodeIgniter.php(507): CodeIgniter\CodeIgniter->runController(Object(App\Controllers\estudiante\PracticasEstudianteController))
#8 C:\xampp\htdocs\ITSI\vendor\codeigniter4\framework\system\CodeIgniter.php(354): CodeIgniter\CodeIgniter->handleRequest(NULL, Object(Config\Cache), false)
#9 C:\xampp\htdocs\ITSI\vendor\codeigniter4\framework\system\Boot.php(334): CodeIgniter\CodeIgniter->run()
#10 C:\xampp\htdocs\ITSI\vendor\codeigniter4\framework\system\Boot.php(67): CodeIgniter\Boot::runCodeIgniter(Object(CodeIgniter\CodeIgniter))
#11 C:\xampp\htdocs\ITSI\public\index.php(59): CodeIgniter\Boot::bootWeb(Object(Config\Paths))
#12 {main}
ERROR - 2026-03-02 18:59:33 --> Error al obtener servicios comunitarios: Table 'itsi.servicios_comunitarios' doesn't exist
DEBUG - 2026-03-02 18:59:37 --> Session: Class initialized using 'CodeIgniter\Session\Handlers\FileHandler' driver.
DEBUG - 2026-03-02 19:02:20 --> Session: Class initialized using 'CodeIgniter\Session\Handlers\FileHandler' driver.
DEBUG - 2026-03-02 19:02:22 --> Session: Class initialized using 'CodeIgniter\Session\Handlers\FileHandler' driver.
ERROR - 2026-03-02 19:02:22 --> mysqli_sql_exception: Table 'itsi.practicas_preprofesionales' doesn't exist in C:\xampp\htdocs\ITSI\vendor\codeigniter4\framework\system\Database\MySQLi\Connection.php:327
Stack trace:
#0 C:\xampp\htdocs\ITSI\vendor\codeigniter4\framework\system\Database\MySQLi\Connection.php(327): mysqli->query('SELECT COUNT(*)...', 0)
#1 C:\xampp\htdocs\ITSI\vendor\codeigniter4\framework\system\Database\BaseConnection.php(738): CodeIgniter\Database\MySQLi\Connection->execute('SELECT COUNT(*)...')
#2 C:\xampp\htdocs\ITSI\vendor\codeigniter4\framework\system\Database\BaseConnection.php(652): CodeIgniter\Database\BaseConnection->simpleQuery('SELECT COUNT(*)...')
#3 C:\xampp\htdocs\ITSI\vendor\codeigniter4\framework\system\Database\BaseBuilder.php(1733): CodeIgniter\Database\BaseConnection->query('SELECT COUNT(*)...', Array, false)
#4 C:\xampp\htdocs\ITSI\app\Controllers\estudiante\PracticasEstudianteController.php(239): CodeIgniter\Database\BaseBuilder->countAllResults()
#5 C:\xampp\htdocs\ITSI\app\Controllers\estudiante\PracticasEstudianteController.php(41): App\Controllers\estudiante\PracticasEstudianteController->obtenerEstadisticasEstudiante('3')
#6 C:\xampp\htdocs\ITSI\vendor\codeigniter4\framework\system\CodeIgniter.php(933): App\Controllers\estudiante\PracticasEstudianteController->index()
#7 C:\xampp\htdocs\ITSI\vendor\codeigniter4\framework\system\CodeIgniter.php(507): CodeIgniter\CodeIgniter->runController(Object(App\Controllers\estudiante\PracticasEstudianteController))
#8 C:\xampp\htdocs\ITSI\vendor\codeigniter4\framework\system\CodeIgniter.php(354): CodeIgniter\CodeIgniter->handleRequest(NULL, Object(Config\Cache), false)
#9 C:\xampp\htdocs\ITSI\vendor\codeigniter4\framework\system\Boot.php(334): CodeIgniter\CodeIgniter->run()
#10 C:\xampp\htdocs\ITSI\vendor\codeigniter4\framework\system\Boot.php(67): CodeIgniter\Boot::runCodeIgniter(Object(CodeIgniter\CodeIgniter))
#11 C:\xampp\htdocs\ITSI\public\index.php(59): CodeIgniter\Boot::bootWeb(Object(Config\Paths))
#12 {main}
ERROR - 2026-03-02 19:02:22 --> Error al obtener estadísticas: Table 'itsi.practicas_preprofesionales' doesn't exist
ERROR - 2026-03-02 19:02:22 --> mysqli_sql_exception: Table 'itsi.practicas_preprofesionales' doesn't exist in C:\xampp\htdocs\ITSI\vendor\codeigniter4\framework\system\Database\MySQLi\Connection.php:327
Stack trace:
#0 C:\xampp\htdocs\ITSI\vendor\codeigniter4\framework\system\Database\MySQLi\Connection.php(327): mysqli->query('SELECT `pp`.*, ...', 0)
#1 C:\xampp\htdocs\ITSI\vendor\codeigniter4\framework\system\Database\BaseConnection.php(738): CodeIgniter\Database\MySQLi\Connection->execute('SELECT `pp`.*, ...')
#2 C:\xampp\htdocs\ITSI\vendor\codeigniter4\framework\system\Database\BaseConnection.php(652): CodeIgniter\Database\BaseConnection->simpleQuery('SELECT `pp`.*, ...')
#3 C:\xampp\htdocs\ITSI\vendor\codeigniter4\framework\system\Database\BaseBuilder.php(1649): CodeIgniter\Database\BaseConnection->query('SELECT `pp`.*, ...', Array, false)
#4 C:\xampp\htdocs\ITSI\app\Controllers\estudiante\PracticasEstudianteController.php(296): CodeIgniter\Database\BaseBuilder->get()
#5 C:\xampp\htdocs\ITSI\app\Controllers\estudiante\PracticasEstudianteController.php(44): App\Controllers\estudiante\PracticasEstudianteController->obtenerPracticasPreprofesionales('3')
#6 C:\xampp\htdocs\ITSI\vendor\codeigniter4\framework\system\CodeIgniter.php(933): App\Controllers\estudiante\PracticasEstudianteController->index()
#7 C:\xampp\htdocs\ITSI\vendor\codeigniter4\framework\system\CodeIgniter.php(507): CodeIgniter\CodeIgniter->runController(Object(App\Controllers\estudiante\PracticasEstudianteController))
#8 C:\xampp\htdocs\ITSI\vendor\codeigniter4\framework\system\CodeIgniter.php(354): CodeIgniter\CodeIgniter->handleRequest(NULL, Object(Config\Cache), false)
#9 C:\xampp\htdocs\ITSI\vendor\codeigniter4\framework\system\Boot.php(334): CodeIgniter\CodeIgniter->run()
#10 C:\xampp\htdocs\ITSI\vendor\codeigniter4\framework\system\Boot.php(67): CodeIgniter\Boot::runCodeIgniter(Object(CodeIgniter\CodeIgniter))
#11 C:\xampp\htdocs\ITSI\public\index.php(59): CodeIgniter\Boot::bootWeb(Object(Config\Paths))
#12 {main}
ERROR - 2026-03-02 19:02:22 --> Error al obtener prácticas preprofesionales: Table 'itsi.practicas_preprofesionales' doesn't exist
ERROR - 2026-03-02 19:02:22 --> mysqli_sql_exception: Table 'itsi.servicios_comunitarios' doesn't exist in C:\xampp\htdocs\ITSI\vendor\codeigniter4\framework\system\Database\MySQLi\Connection.php:327
Stack trace:
#0 C:\xampp\htdocs\ITSI\vendor\codeigniter4\framework\system\Database\MySQLi\Connection.php(327): mysqli->query('SELECT `sc`.*, ...', 0)
#1 C:\xampp\htdocs\ITSI\vendor\codeigniter4\framework\system\Database\BaseConnection.php(738): CodeIgniter\Database\MySQLi\Connection->execute('SELECT `sc`.*, ...')
#2 C:\xampp\htdocs\ITSI\vendor\codeigniter4\framework\system\Database\BaseConnection.php(652): CodeIgniter\Database\BaseConnection->simpleQuery('SELECT `sc`.*, ...')
#3 C:\xampp\htdocs\ITSI\vendor\codeigniter4\framework\system\Database\BaseBuilder.php(1649): CodeIgniter\Database\BaseConnection->query('SELECT `sc`.*, ...', Array, false)
#4 C:\xampp\htdocs\ITSI\app\Controllers\estudiante\PracticasEstudianteController.php(315): CodeIgniter\Database\BaseBuilder->get()
#5 C:\xampp\htdocs\ITSI\app\Controllers\estudiante\PracticasEstudianteController.php(47): App\Controllers\estudiante\PracticasEstudianteController->obtenerServiciosComunitarios('3')
#6 C:\xampp\htdocs\ITSI\vendor\codeigniter4\framework\system\CodeIgniter.php(933): App\Controllers\estudiante\PracticasEstudianteController->index()
#7 C:\xampp\htdocs\ITSI\vendor\codeigniter4\framework\system\CodeIgniter.php(507): CodeIgniter\CodeIgniter->runController(Object(App\Controllers\estudiante\PracticasEstudianteController))
#8 C:\xampp\htdocs\ITSI\vendor\codeigniter4\framework\system\CodeIgniter.php(354): CodeIgniter\CodeIgniter->handleRequest(NULL, Object(Config\Cache), false)
#9 C:\xampp\htdocs\ITSI\vendor\codeigniter4\framework\system\Boot.php(334): CodeIgniter\CodeIgniter->run()
#10 C:\xampp\htdocs\ITSI\vendor\codeigniter4\framework\system\Boot.php(67): CodeIgniter\Boot::runCodeIgniter(Object(CodeIgniter\CodeIgniter))
#11 C:\xampp\htdocs\ITSI\public\index.php(59): CodeIgniter\Boot::bootWeb(Object(Config\Paths))
#12 {main}
ERROR - 2026-03-02 19:02:22 --> Error al obtener servicios comunitarios: Table 'itsi.servicios_comunitarios' doesn't exist
DEBUG - 2026-03-02 19:05:20 --> Session: Class initialized using 'CodeIgniter\Session\Handlers\FileHandler' driver.
ERROR - 2026-03-02 19:05:20 --> mysqli_sql_exception: Table 'itsi.practicas_preprofesionales' doesn't exist in C:\xampp\htdocs\ITSI\vendor\codeigniter4\framework\system\Database\MySQLi\Connection.php:327
Stack trace:
#0 C:\xampp\htdocs\ITSI\vendor\codeigniter4\framework\system\Database\MySQLi\Connection.php(327): mysqli->query('SELECT COUNT(*)...', 0)
#1 C:\xampp\htdocs\ITSI\vendor\codeigniter4\framework\system\Database\BaseConnection.php(738): CodeIgniter\Database\MySQLi\Connection->execute('SELECT COUNT(*)...')
#2 C:\xampp\htdocs\ITSI\vendor\codeigniter4\framework\system\Database\BaseConnection.php(652): CodeIgniter\Database\BaseConnection->simpleQuery('SELECT COUNT(*)...')
#3 C:\xampp\htdocs\ITSI\vendor\codeigniter4\framework\system\Database\BaseBuilder.php(1733): CodeIgniter\Database\BaseConnection->query('SELECT COUNT(*)...', Array, false)
#4 C:\xampp\htdocs\ITSI\app\Controllers\estudiante\PracticasEstudianteController.php(239): CodeIgniter\Database\BaseBuilder->countAllResults()
#5 C:\xampp\htdocs\ITSI\app\Controllers\estudiante\PracticasEstudianteController.php(41): App\Controllers\estudiante\PracticasEstudianteController->obtenerEstadisticasEstudiante('3')
#6 C:\xampp\htdocs\ITSI\vendor\codeigniter4\framework\system\CodeIgniter.php(933): App\Controllers\estudiante\PracticasEstudianteController->index()
#7 C:\xampp\htdocs\ITSI\vendor\codeigniter4\framework\system\CodeIgniter.php(507): CodeIgniter\CodeIgniter->runController(Object(App\Controllers\estudiante\PracticasEstudianteController))
#8 C:\xampp\htdocs\ITSI\vendor\codeigniter4\framework\system\CodeIgniter.php(354): CodeIgniter\CodeIgniter->handleRequest(NULL, Object(Config\Cache), false)
#9 C:\xampp\htdocs\ITSI\vendor\codeigniter4\framework\system\Boot.php(334): CodeIgniter\CodeIgniter->run()
#10 C:\xampp\htdocs\ITSI\vendor\codeigniter4\framework\system\Boot.php(67): CodeIgniter\Boot::runCodeIgniter(Object(CodeIgniter\CodeIgniter))
#11 C:\xampp\htdocs\ITSI\public\index.php(59): CodeIgniter\Boot::bootWeb(Object(Config\Paths))
#12 {main}
ERROR - 2026-03-02 19:05:20 --> Error al obtener estadísticas: Table 'itsi.practicas_preprofesionales' doesn't exist
ERROR - 2026-03-02 19:05:20 --> mysqli_sql_exception: Table 'itsi.practicas_preprofesionales' doesn't exist in C:\xampp\htdocs\ITSI\vendor\codeigniter4\framework\system\Database\MySQLi\Connection.php:327
Stack trace:
#0 C:\xampp\htdocs\ITSI\vendor\codeigniter4\framework\system\Database\MySQLi\Connection.php(327): mysqli->query('SELECT `pp`.*, ...', 0)
#1 C:\xampp\htdocs\ITSI\vendor\codeigniter4\framework\system\Database\BaseConnection.php(738): CodeIgniter\Database\MySQLi\Connection->execute('SELECT `pp`.*, ...')
#2 C:\xampp\htdocs\ITSI\vendor\codeigniter4\framework\system\Database\BaseConnection.php(652): CodeIgniter\Database\BaseConnection->simpleQuery('SELECT `pp`.*, ...')
#3 C:\xampp\htdocs\ITSI\vendor\codeigniter4\framework\system\Database\BaseBuilder.php(1649): CodeIgniter\Database\BaseConnection->query('SELECT `pp`.*, ...', Array, false)
#4 C:\xampp\htdocs\ITSI\app\Controllers\estudiante\PracticasEstudianteController.php(296): CodeIgniter\Database\BaseBuilder->get()
#5 C:\xampp\htdocs\ITSI\app\Controllers\estudiante\PracticasEstudianteController.php(44): App\Controllers\estudiante\PracticasEstudianteController->obtenerPracticasPreprofesionales('3')
#6 C:\xampp\htdocs\ITSI\vendor\codeigniter4\framework\system\CodeIgniter.php(933): App\Controllers\estudiante\PracticasEstudianteController->index()
#7 C:\xampp\htdocs\ITSI\vendor\codeigniter4\framework\system\CodeIgniter.php(507): CodeIgniter\CodeIgniter->runController(Object(App\Controllers\estudiante\PracticasEstudianteController))
#8 C:\xampp\htdocs\ITSI\vendor\codeigniter4\framework\system\CodeIgniter.php(354): CodeIgniter\CodeIgniter->handleRequest(NULL, Object(Config\Cache), false)
#9 C:\xampp\htdocs\ITSI\vendor\codeigniter4\framework\system\Boot.php(334): CodeIgniter\CodeIgniter->run()
#10 C:\xampp\htdocs\ITSI\vendor\codeigniter4\framework\system\Boot.php(67): CodeIgniter\Boot::runCodeIgniter(Object(CodeIgniter\CodeIgniter))
#11 C:\xampp\htdocs\ITSI\public\index.php(59): CodeIgniter\Boot::bootWeb(Object(Config\Paths))
#12 {main}
ERROR - 2026-03-02 19:05:20 --> Error al obtener prácticas preprofesionales: Table 'itsi.practicas_preprofesionales' doesn't exist
ERROR - 2026-03-02 19:05:20 --> mysqli_sql_exception: Table 'itsi.servicios_comunitarios' doesn't exist in C:\xampp\htdocs\ITSI\vendor\codeigniter4\framework\system\Database\MySQLi\Connection.php:327
Stack trace:
#0 C:\xampp\htdocs\ITSI\vendor\codeigniter4\framework\system\Database\MySQLi\Connection.php(327): mysqli->query('SELECT `sc`.*, ...', 0)
#1 C:\xampp\htdocs\ITSI\vendor\codeigniter4\framework\system\Database\BaseConnection.php(738): CodeIgniter\Database\MySQLi\Connection->execute('SELECT `sc`.*, ...')
#2 C:\xampp\htdocs\ITSI\vendor\codeigniter4\framework\system\Database\BaseConnection.php(652): CodeIgniter\Database\BaseConnection->simpleQuery('SELECT `sc`.*, ...')
#3 C:\xampp\htdocs\ITSI\vendor\codeigniter4\framework\system\Database\BaseBuilder.php(1649): CodeIgniter\Database\BaseConnection->query('SELECT `sc`.*, ...', Array, false)
#4 C:\xampp\htdocs\ITSI\app\Controllers\estudiante\PracticasEstudianteController.php(315): CodeIgniter\Database\BaseBuilder->get()
#5 C:\xampp\htdocs\ITSI\app\Controllers\estudiante\PracticasEstudianteController.php(47): App\Controllers\estudiante\PracticasEstudianteController->obtenerServiciosComunitarios('3')
#6 C:\xampp\htdocs\ITSI\vendor\codeigniter4\framework\system\CodeIgniter.php(933): App\Controllers\estudiante\PracticasEstudianteController->index()
#7 C:\xampp\htdocs\ITSI\vendor\codeigniter4\framework\system\CodeIgniter.php(507): CodeIgniter\CodeIgniter->runController(Object(App\Controllers\estudiante\PracticasEstudianteController))
#8 C:\xampp\htdocs\ITSI\vendor\codeigniter4\framework\system\CodeIgniter.php(354): CodeIgniter\CodeIgniter->handleRequest(NULL, Object(Config\Cache), false)
#9 C:\xampp\htdocs\ITSI\vendor\codeigniter4\framework\system\Boot.php(334): CodeIgniter\CodeIgniter->run()
#10 C:\xampp\htdocs\ITSI\vendor\codeigniter4\framework\system\Boot.php(67): CodeIgniter\Boot::runCodeIgniter(Object(CodeIgniter\CodeIgniter))
#11 C:\xampp\htdocs\ITSI\public\index.php(59): CodeIgniter\Boot::bootWeb(Object(Config\Paths))
#12 {main}
ERROR - 2026-03-02 19:05:20 --> Error al obtener servicios comunitarios: Table 'itsi.servicios_comunitarios' doesn't exist
DEBUG - 2026-03-02 19:56:14 --> Session: Class initialized using 'CodeIgniter\Session\Handlers\FileHandler' driver.
ERROR - 2026-03-02 19:56:14 --> mysqli_sql_exception: Table 'itsi.practicas_preprofesionales' doesn't exist in C:\xampp\htdocs\ITSI\vendor\codeigniter4\framework\system\Database\MySQLi\Connection.php:327
Stack trace:
#0 C:\xampp\htdocs\ITSI\vendor\codeigniter4\framework\system\Database\MySQLi\Connection.php(327): mysqli->query('SELECT COUNT(*)...', 0)
#1 C:\xampp\htdocs\ITSI\vendor\codeigniter4\framework\system\Database\BaseConnection.php(738): CodeIgniter\Database\MySQLi\Connection->execute('SELECT COUNT(*)...')
#2 C:\xampp\htdocs\ITSI\vendor\codeigniter4\framework\system\Database\BaseConnection.php(652): CodeIgniter\Database\BaseConnection->simpleQuery('SELECT COUNT(*)...')
#3 C:\xampp\htdocs\ITSI\vendor\codeigniter4\framework\system\Database\BaseBuilder.php(1733): CodeIgniter\Database\BaseConnection->query('SELECT COUNT(*)...', Array, false)
#4 C:\xampp\htdocs\ITSI\app\Controllers\estudiante\PracticasEstudianteController.php(239): CodeIgniter\Database\BaseBuilder->countAllResults()
#5 C:\xampp\htdocs\ITSI\app\Controllers\estudiante\PracticasEstudianteController.php(41): App\Controllers\estudiante\PracticasEstudianteController->obtenerEstadisticasEstudiante('3')
#6 C:\xampp\htdocs\ITSI\vendor\codeigniter4\framework\system\CodeIgniter.php(933): App\Controllers\estudiante\PracticasEstudianteController->index()
#7 C:\xampp\htdocs\ITSI\vendor\codeigniter4\framework\system\CodeIgniter.php(507): CodeIgniter\CodeIgniter->runController(Object(App\Controllers\estudiante\PracticasEstudianteController))
#8 C:\xampp\htdocs\ITSI\vendor\codeigniter4\framework\system\CodeIgniter.php(354): CodeIgniter\CodeIgniter->handleRequest(NULL, Object(Config\Cache), false)
#9 C:\xampp\htdocs\ITSI\vendor\codeigniter4\framework\system\Boot.php(334): CodeIgniter\CodeIgniter->run()
#10 C:\xampp\htdocs\ITSI\vendor\codeigniter4\framework\system\Boot.php(67): CodeIgniter\Boot::runCodeIgniter(Object(CodeIgniter\CodeIgniter))
#11 C:\xampp\htdocs\ITSI\public\index.php(59): CodeIgniter\Boot::bootWeb(Object(Config\Paths))
#12 {main}
ERROR - 2026-03-02 19:56:14 --> Error al obtener estadísticas: Table 'itsi.practicas_preprofesionales' doesn't exist
ERROR - 2026-03-02 19:56:14 --> mysqli_sql_exception: Table 'itsi.practicas_preprofesionales' doesn't exist in C:\xampp\htdocs\ITSI\vendor\codeigniter4\framework\system\Database\MySQLi\Connection.php:327
Stack trace:
#0 C:\xampp\htdocs\ITSI\vendor\codeigniter4\framework\system\Database\MySQLi\Connection.php(327): mysqli->query('SELECT `pp`.*, ...', 0)
#1 C:\xampp\htdocs\ITSI\vendor\codeigniter4\framework\system\Database\BaseConnection.php(738): CodeIgniter\Database\MySQLi\Connection->execute('SELECT `pp`.*, ...')
#2 C:\xampp\htdocs\ITSI\vendor\codeigniter4\framework\system\Database\BaseConnection.php(652): CodeIgniter\Database\BaseConnection->simpleQuery('SELECT `pp`.*, ...')
#3 C:\xampp\htdocs\ITSI\vendor\codeigniter4\framework\system\Database\BaseBuilder.php(1649): CodeIgniter\Database\BaseConnection->query('SELECT `pp`.*, ...', Array, false)
#4 C:\xampp\htdocs\ITSI\app\Controllers\estudiante\PracticasEstudianteController.php(296): CodeIgniter\Database\BaseBuilder->get()
#5 C:\xampp\htdocs\ITSI\app\Controllers\estudiante\PracticasEstudianteController.php(44): App\Controllers\estudiante\PracticasEstudianteController->obtenerPracticasPreprofesionales('3')
#6 C:\xampp\htdocs\ITSI\vendor\codeigniter4\framework\system\CodeIgniter.php(933): App\Controllers\estudiante\PracticasEstudianteController->index()
#7 C:\xampp\htdocs\ITSI\vendor\codeigniter4\framework\system\CodeIgniter.php(507): CodeIgniter\CodeIgniter->runController(Object(App\Controllers\estudiante\PracticasEstudianteController))
#8 C:\xampp\htdocs\ITSI\vendor\codeigniter4\framework\system\CodeIgniter.php(354): CodeIgniter\CodeIgniter->handleRequest(NULL, Object(Config\Cache), false)
#9 C:\xampp\htdocs\ITSI\vendor\codeigniter4\framework\system\Boot.php(334): CodeIgniter\CodeIgniter->run()
#10 C:\xampp\htdocs\ITSI\vendor\codeigniter4\framework\system\Boot.php(67): CodeIgniter\Boot::runCodeIgniter(Object(CodeIgniter\CodeIgniter))
#11 C:\xampp\htdocs\ITSI\public\index.php(59): CodeIgniter\Boot::bootWeb(Object(Config\Paths))
#12 {main}
ERROR - 2026-03-02 19:56:14 --> Error al obtener prácticas preprofesionales: Table 'itsi.practicas_preprofesionales' doesn't exist
ERROR - 2026-03-02 19:56:14 --> mysqli_sql_exception: Table 'itsi.servicios_comunitarios' doesn't exist in C:\xampp\htdocs\ITSI\vendor\codeigniter4\framework\system\Database\MySQLi\Connection.php:327
Stack trace:
#0 C:\xampp\htdocs\ITSI\vendor\codeigniter4\framework\system\Database\MySQLi\Connection.php(327): mysqli->query('SELECT `sc`.*, ...', 0)
#1 C:\xampp\htdocs\ITSI\vendor\codeigniter4\framework\system\Database\BaseConnection.php(738): CodeIgniter\Database\MySQLi\Connection->execute('SELECT `sc`.*, ...')
#2 C:\xampp\htdocs\ITSI\vendor\codeigniter4\framework\system\Database\BaseConnection.php(652): CodeIgniter\Database\BaseConnection->simpleQuery('SELECT `sc`.*, ...')
#3 C:\xampp\htdocs\ITSI\vendor\codeigniter4\framework\system\Database\BaseBuilder.php(1649): CodeIgniter\Database\BaseConnection->query('SELECT `sc`.*, ...', Array, false)
#4 C:\xampp\htdocs\ITSI\app\Controllers\estudiante\PracticasEstudianteController.php(315): CodeIgniter\Database\BaseBuilder->get()
#5 C:\xampp\htdocs\ITSI\app\Controllers\estudiante\PracticasEstudianteController.php(47): App\Controllers\estudiante\PracticasEstudianteController->obtenerServiciosComunitarios('3')
#6 C:\xampp\htdocs\ITSI\vendor\codeigniter4\framework\system\CodeIgniter.php(933): App\Controllers\estudiante\PracticasEstudianteController->index()
#7 C:\xampp\htdocs\ITSI\vendor\codeigniter4\framework\system\CodeIgniter.php(507): CodeIgniter\CodeIgniter->runController(Object(App\Controllers\estudiante\PracticasEstudianteController))
#8 C:\xampp\htdocs\ITSI\vendor\codeigniter4\framework\system\CodeIgniter.php(354): CodeIgniter\CodeIgniter->handleRequest(NULL, Object(Config\Cache), false)
#9 C:\xampp\htdocs\ITSI\vendor\codeigniter4\framework\system\Boot.php(334): CodeIgniter\CodeIgniter->run()
#10 C:\xampp\htdocs\ITSI\vendor\codeigniter4\framework\system\Boot.php(67): CodeIgniter\Boot::runCodeIgniter(Object(CodeIgniter\CodeIgniter))
#11 C:\xampp\htdocs\ITSI\public\index.php(59): CodeIgniter\Boot::bootWeb(Object(Config\Paths))
#12 {main}
ERROR - 2026-03-02 19:56:14 --> Error al obtener servicios comunitarios: Table 'itsi.servicios_comunitarios' doesn't exist
DEBUG - 2026-03-02 19:56:22 --> Session: Class initialized using 'CodeIgniter\Session\Handlers\FileHandler' driver.
ERROR - 2026-03-02 19:56:22 --> mysqli_sql_exception: Table 'itsi.practicas_preprofesionales' doesn't exist in C:\xampp\htdocs\ITSI\vendor\codeigniter4\framework\system\Database\MySQLi\Connection.php:327
Stack trace:
#0 C:\xampp\htdocs\ITSI\vendor\codeigniter4\framework\system\Database\MySQLi\Connection.php(327): mysqli->query('SELECT COUNT(*)...', 0)
#1 C:\xampp\htdocs\ITSI\vendor\codeigniter4\framework\system\Database\BaseConnection.php(738): CodeIgniter\Database\MySQLi\Connection->execute('SELECT COUNT(*)...')
#2 C:\xampp\htdocs\ITSI\vendor\codeigniter4\framework\system\Database\BaseConnection.php(652): CodeIgniter\Database\BaseConnection->simpleQuery('SELECT COUNT(*)...')
#3 C:\xampp\htdocs\ITSI\vendor\codeigniter4\framework\system\Database\BaseBuilder.php(1733): CodeIgniter\Database\BaseConnection->query('SELECT COUNT(*)...', Array, false)
#4 C:\xampp\htdocs\ITSI\app\Controllers\estudiante\PracticasEstudianteController.php(239): CodeIgniter\Database\BaseBuilder->countAllResults()
#5 C:\xampp\htdocs\ITSI\app\Controllers\estudiante\PracticasEstudianteController.php(41): App\Controllers\estudiante\PracticasEstudianteController->obtenerEstadisticasEstudiante('3')
#6 C:\xampp\htdocs\ITSI\vendor\codeigniter4\framework\system\CodeIgniter.php(933): App\Controllers\estudiante\PracticasEstudianteController->index()
#7 C:\xampp\htdocs\ITSI\vendor\codeigniter4\framework\system\CodeIgniter.php(507): CodeIgniter\CodeIgniter->runController(Object(App\Controllers\estudiante\PracticasEstudianteController))
#8 C:\xampp\htdocs\ITSI\vendor\codeigniter4\framework\system\CodeIgniter.php(354): CodeIgniter\CodeIgniter->handleRequest(NULL, Object(Config\Cache), false)
#9 C:\xampp\htdocs\ITSI\vendor\codeigniter4\framework\system\Boot.php(334): CodeIgniter\CodeIgniter->run()
#10 C:\xampp\htdocs\ITSI\vendor\codeigniter4\framework\system\Boot.php(67): CodeIgniter\Boot::runCodeIgniter(Object(CodeIgniter\CodeIgniter))
#11 C:\xampp\htdocs\ITSI\public\index.php(59): CodeIgniter\Boot::bootWeb(Object(Config\Paths))
#12 {main}
ERROR - 2026-03-02 19:56:22 --> Error al obtener estadísticas: Table 'itsi.practicas_preprofesionales' doesn't exist
ERROR - 2026-03-02 19:56:22 --> mysqli_sql_exception: Table 'itsi.practicas_preprofesionales' doesn't exist in C:\xampp\htdocs\ITSI\vendor\codeigniter4\framework\system\Database\MySQLi\Connection.php:327
Stack trace:
#0 C:\xampp\htdocs\ITSI\vendor\codeigniter4\framework\system\Database\MySQLi\Connection.php(327): mysqli->query('SELECT `pp`.*, ...', 0)
#1 C:\xampp\htdocs\ITSI\vendor\codeigniter4\framework\system\Database\BaseConnection.php(738): CodeIgniter\Database\MySQLi\Connection->execute('SELECT `pp`.*, ...')
#2 C:\xampp\htdocs\ITSI\vendor\codeigniter4\framework\system\Database\BaseConnection.php(652): CodeIgniter\Database\BaseConnection->simpleQuery('SELECT `pp`.*, ...')
#3 C:\xampp\htdocs\ITSI\vendor\codeigniter4\framework\system\Database\BaseBuilder.php(1649): CodeIgniter\Database\BaseConnection->query('SELECT `pp`.*, ...', Array, false)
#4 C:\xampp\htdocs\ITSI\app\Controllers\estudiante\PracticasEstudianteController.php(296): CodeIgniter\Database\BaseBuilder->get()
#5 C:\xampp\htdocs\ITSI\app\Controllers\estudiante\PracticasEstudianteController.php(44): App\Controllers\estudiante\PracticasEstudianteController->obtenerPracticasPreprofesionales('3')
#6 C:\xampp\htdocs\ITSI\vendor\codeigniter4\framework\system\CodeIgniter.php(933): App\Controllers\estudiante\PracticasEstudianteController->index()
#7 C:\xampp\htdocs\ITSI\vendor\codeigniter4\framework\system\CodeIgniter.php(507): CodeIgniter\CodeIgniter->runController(Object(App\Controllers\estudiante\PracticasEstudianteController))
#8 C:\xampp\htdocs\ITSI\vendor\codeigniter4\framework\system\CodeIgniter.php(354): CodeIgniter\CodeIgniter->handleRequest(NULL, Object(Config\Cache), false)
#9 C:\xampp\htdocs\ITSI\vendor\codeigniter4\framework\system\Boot.php(334): CodeIgniter\CodeIgniter->run()
#10 C:\xampp\htdocs\ITSI\vendor\codeigniter4\framework\system\Boot.php(67): CodeIgniter\Boot::runCodeIgniter(Object(CodeIgniter\CodeIgniter))
#11 C:\xampp\htdocs\ITSI\public\index.php(59): CodeIgniter\Boot::bootWeb(Object(Config\Paths))
#12 {main}
ERROR - 2026-03-02 19:56:22 --> Error al obtener prácticas preprofesionales: Table 'itsi.practicas_preprofesionales' doesn't exist
ERROR - 2026-03-02 19:56:22 --> mysqli_sql_exception: Table 'itsi.servicios_comunitarios' doesn't exist in C:\xampp\htdocs\ITSI\vendor\codeigniter4\framework\system\Database\MySQLi\Connection.php:327
Stack trace:
#0 C:\xampp\htdocs\ITSI\vendor\codeigniter4\framework\system\Database\MySQLi\Connection.php(327): mysqli->query('SELECT `sc`.*, ...', 0)
#1 C:\xampp\htdocs\ITSI\vendor\codeigniter4\framework\system\Database\BaseConnection.php(738): CodeIgniter\Database\MySQLi\Connection->execute('SELECT `sc`.*, ...')
#2 C:\xampp\htdocs\ITSI\vendor\codeigniter4\framework\system\Database\BaseConnection.php(652): CodeIgniter\Database\BaseConnection->simpleQuery('SELECT `sc`.*, ...')
#3 C:\xampp\htdocs\ITSI\vendor\codeigniter4\framework\system\Database\BaseBuilder.php(1649): CodeIgniter\Database\BaseConnection->query('SELECT `sc`.*, ...', Array, false)
#4 C:\xampp\htdocs\ITSI\app\Controllers\estudiante\PracticasEstudianteController.php(315): CodeIgniter\Database\BaseBuilder->get()
#5 C:\xampp\htdocs\ITSI\app\Controllers\estudiante\PracticasEstudianteController.php(47): App\Controllers\estudiante\PracticasEstudianteController->obtenerServiciosComunitarios('3')
#6 C:\xampp\htdocs\ITSI\vendor\codeigniter4\framework\system\CodeIgniter.php(933): App\Controllers\estudiante\PracticasEstudianteController->index()
#7 C:\xampp\htdocs\ITSI\vendor\codeigniter4\framework\system\CodeIgniter.php(507): CodeIgniter\CodeIgniter->runController(Object(App\Controllers\estudiante\PracticasEstudianteController))
#8 C:\xampp\htdocs\ITSI\vendor\codeigniter4\framework\system\CodeIgniter.php(354): CodeIgniter\CodeIgniter->handleRequest(NULL, Object(Config\Cache), false)
#9 C:\xampp\htdocs\ITSI\vendor\codeigniter4\framework\system\Boot.php(334): CodeIgniter\CodeIgniter->run()
#10 C:\xampp\htdocs\ITSI\vendor\codeigniter4\framework\system\Boot.php(67): CodeIgniter\Boot::runCodeIgniter(Object(CodeIgniter\CodeIgniter))
#11 C:\xampp\htdocs\ITSI\public\index.php(59): CodeIgniter\Boot::bootWeb(Object(Config\Paths))
#12 {main}
ERROR - 2026-03-02 19:56:22 --> Error al obtener servicios comunitarios: Table 'itsi.servicios_comunitarios' doesn't exist
DEBUG - 2026-03-02 19:56:23 --> Session: Class initialized using 'CodeIgniter\Session\Handlers\FileHandler' driver.
ERROR - 2026-03-02 19:56:23 --> mysqli_sql_exception: Table 'itsi.practicas_preprofesionales' doesn't exist in C:\xampp\htdocs\ITSI\vendor\codeigniter4\framework\system\Database\MySQLi\Connection.php:327
Stack trace:
#0 C:\xampp\htdocs\ITSI\vendor\codeigniter4\framework\system\Database\MySQLi\Connection.php(327): mysqli->query('SELECT COUNT(*)...', 0)
#1 C:\xampp\htdocs\ITSI\vendor\codeigniter4\framework\system\Database\BaseConnection.php(738): CodeIgniter\Database\MySQLi\Connection->execute('SELECT COUNT(*)...')
#2 C:\xampp\htdocs\ITSI\vendor\codeigniter4\framework\system\Database\BaseConnection.php(652): CodeIgniter\Database\BaseConnection->simpleQuery('SELECT COUNT(*)...')
#3 C:\xampp\htdocs\ITSI\vendor\codeigniter4\framework\system\Database\BaseBuilder.php(1733): CodeIgniter\Database\BaseConnection->query('SELECT COUNT(*)...', Array, false)
#4 C:\xampp\htdocs\ITSI\app\Controllers\estudiante\PracticasEstudianteController.php(239): CodeIgniter\Database\BaseBuilder->countAllResults()
#5 C:\xampp\htdocs\ITSI\app\Controllers\estudiante\PracticasEstudianteController.php(41): App\Controllers\estudiante\PracticasEstudianteController->obtenerEstadisticasEstudiante('3')
#6 C:\xampp\htdocs\ITSI\vendor\codeigniter4\framework\system\CodeIgniter.php(933): App\Controllers\estudiante\PracticasEstudianteController->index()
#7 C:\xampp\htdocs\ITSI\vendor\codeigniter4\framework\system\CodeIgniter.php(507): CodeIgniter\CodeIgniter->runController(Object(App\Controllers\estudiante\PracticasEstudianteController))
#8 C:\xampp\htdocs\ITSI\vendor\codeigniter4\framework\system\CodeIgniter.php(354): CodeIgniter\CodeIgniter->handleRequest(NULL, Object(Config\Cache), false)
#9 C:\xampp\htdocs\ITSI\vendor\codeigniter4\framework\system\Boot.php(334): CodeIgniter\CodeIgniter->run()
#10 C:\xampp\htdocs\ITSI\vendor\codeigniter4\framework\system\Boot.php(67): CodeIgniter\Boot::runCodeIgniter(Object(CodeIgniter\CodeIgniter))
#11 C:\xampp\htdocs\ITSI\public\index.php(59): CodeIgniter\Boot::bootWeb(Object(Config\Paths))
#12 {main}
ERROR - 2026-03-02 19:56:23 --> Error al obtener estadísticas: Table 'itsi.practicas_preprofesionales' doesn't exist
ERROR - 2026-03-02 19:56:23 --> mysqli_sql_exception: Table 'itsi.practicas_preprofesionales' doesn't exist in C:\xampp\htdocs\ITSI\vendor\codeigniter4\framework\system\Database\MySQLi\Connection.php:327
Stack trace:
#0 C:\xampp\htdocs\ITSI\vendor\codeigniter4\framework\system\Database\MySQLi\Connection.php(327): mysqli->query('SELECT `pp`.*, ...', 0)
#1 C:\xampp\htdocs\ITSI\vendor\codeigniter4\framework\system\Database\BaseConnection.php(738): CodeIgniter\Database\MySQLi\Connection->execute('SELECT `pp`.*, ...')
#2 C:\xampp\htdocs\ITSI\vendor\codeigniter4\framework\system\Database\BaseConnection.php(652): CodeIgniter\Database\BaseConnection->simpleQuery('SELECT `pp`.*, ...')
#3 C:\xampp\htdocs\ITSI\vendor\codeigniter4\framework\system\Database\BaseBuilder.php(1649): CodeIgniter\Database\BaseConnection->query('SELECT `pp`.*, ...', Array, false)
#4 C:\xampp\htdocs\ITSI\app\Controllers\estudiante\PracticasEstudianteController.php(296): CodeIgniter\Database\BaseBuilder->get()
#5 C:\xampp\htdocs\ITSI\app\Controllers\estudiante\PracticasEstudianteController.php(44): App\Controllers\estudiante\PracticasEstudianteController->obtenerPracticasPreprofesionales('3')
#6 C:\xampp\htdocs\ITSI\vendor\codeigniter4\framework\system\CodeIgniter.php(933): App\Controllers\estudiante\PracticasEstudianteController->index()
#7 C:\xampp\htdocs\ITSI\vendor\codeigniter4\framework\system\CodeIgniter.php(507): CodeIgniter\CodeIgniter->runController(Object(App\Controllers\estudiante\PracticasEstudianteController))
#8 C:\xampp\htdocs\ITSI\vendor\codeigniter4\framework\system\CodeIgniter.php(354): CodeIgniter\CodeIgniter->handleRequest(NULL, Object(Config\Cache), false)
#9 C:\xampp\htdocs\ITSI\vendor\codeigniter4\framework\system\Boot.php(334): CodeIgniter\CodeIgniter->run()
#10 C:\xampp\htdocs\ITSI\vendor\codeigniter4\framework\system\Boot.php(67): CodeIgniter\Boot::runCodeIgniter(Object(CodeIgniter\CodeIgniter))
#11 C:\xampp\htdocs\ITSI\public\index.php(59): CodeIgniter\Boot::bootWeb(Object(Config\Paths))
#12 {main}
ERROR - 2026-03-02 19:56:23 --> Error al obtener prácticas preprofesionales: Table 'itsi.practicas_preprofesionales' doesn't exist
ERROR - 2026-03-02 19:56:23 --> mysqli_sql_exception: Table 'itsi.servicios_comunitarios' doesn't exist in C:\xampp\htdocs\ITSI\vendor\codeigniter4\framework\system\Database\MySQLi\Connection.php:327
Stack trace:
#0 C:\xampp\htdocs\ITSI\vendor\codeigniter4\framework\system\Database\MySQLi\Connection.php(327): mysqli->query('SELECT `sc`.*, ...', 0)
#1 C:\xampp\htdocs\ITSI\vendor\codeigniter4\framework\system\Database\BaseConnection.php(738): CodeIgniter\Database\MySQLi\Connection->execute('SELECT `sc`.*, ...')
#2 C:\xampp\htdocs\ITSI\vendor\codeigniter4\framework\system\Database\BaseConnection.php(652): CodeIgniter\Database\BaseConnection->simpleQuery('SELECT `sc`.*, ...')
#3 C:\xampp\htdocs\ITSI\vendor\codeigniter4\framework\system\Database\BaseBuilder.php(1649): CodeIgniter\Database\BaseConnection->query('SELECT `sc`.*, ...', Array, false)
#4 C:\xampp\htdocs\ITSI\app\Controllers\estudiante\PracticasEstudianteController.php(315): CodeIgniter\Database\BaseBuilder->get()
#5 C:\xampp\htdocs\ITSI\app\Controllers\estudiante\PracticasEstudianteController.php(47): App\Controllers\estudiante\PracticasEstudianteController->obtenerServiciosComunitarios('3')
#6 C:\xampp\htdocs\ITSI\vendor\codeigniter4\framework\system\CodeIgniter.php(933): App\Controllers\estudiante\PracticasEstudianteController->index()
#7 C:\xampp\htdocs\ITSI\vendor\codeigniter4\framework\system\CodeIgniter.php(507): CodeIgniter\CodeIgniter->runController(Object(App\Controllers\estudiante\PracticasEstudianteController))
#8 C:\xampp\htdocs\ITSI\vendor\codeigniter4\framework\system\CodeIgniter.php(354): CodeIgniter\CodeIgniter->handleRequest(NULL, Object(Config\Cache), false)
#9 C:\xampp\htdocs\ITSI\vendor\codeigniter4\framework\system\Boot.php(334): CodeIgniter\CodeIgniter->run()
#10 C:\xampp\htdocs\ITSI\vendor\codeigniter4\framework\system\Boot.php(67): CodeIgniter\Boot::runCodeIgniter(Object(CodeIgniter\CodeIgniter))
#11 C:\xampp\htdocs\ITSI\public\index.php(59): CodeIgniter\Boot::bootWeb(Object(Config\Paths))
#12 {main}
ERROR - 2026-03-02 19:56:23 --> Error al obtener servicios comunitarios: Table 'itsi.servicios_comunitarios' doesn't exist
DEBUG - 2026-03-02 19:58:56 --> Session: Class initialized using 'CodeIgniter\Session\Handlers\FileHandler' driver.
ERROR - 2026-03-02 19:58:56 --> mysqli_sql_exception: Table 'itsi.practicas_preprofesionales' doesn't exist in C:\xampp\htdocs\ITSI\vendor\codeigniter4\framework\system\Database\MySQLi\Connection.php:327
Stack trace:
#0 C:\xampp\htdocs\ITSI\vendor\codeigniter4\framework\system\Database\MySQLi\Connection.php(327): mysqli->query('SELECT COUNT(*)...', 0)
#1 C:\xampp\htdocs\ITSI\vendor\codeigniter4\framework\system\Database\BaseConnection.php(738): CodeIgniter\Database\MySQLi\Connection->execute('SELECT COUNT(*)...')
#2 C:\xampp\htdocs\ITSI\vendor\codeigniter4\framework\system\Database\BaseConnection.php(652): CodeIgniter\Database\BaseConnection->simpleQuery('SELECT COUNT(*)...')
#3 C:\xampp\htdocs\ITSI\vendor\codeigniter4\framework\system\Database\BaseBuilder.php(1733): CodeIgniter\Database\BaseConnection->query('SELECT COUNT(*)...', Array, false)
#4 C:\xampp\htdocs\ITSI\app\Controllers\estudiante\PracticasEstudianteController.php(239): CodeIgniter\Database\BaseBuilder->countAllResults()
#5 C:\xampp\htdocs\ITSI\app\Controllers\estudiante\PracticasEstudianteController.php(41): App\Controllers\estudiante\PracticasEstudianteController->obtenerEstadisticasEstudiante('3')
#6 C:\xampp\htdocs\ITSI\vendor\codeigniter4\framework\system\CodeIgniter.php(933): App\Controllers\estudiante\PracticasEstudianteController->index()
#7 C:\xampp\htdocs\ITSI\vendor\codeigniter4\framework\system\CodeIgniter.php(507): CodeIgniter\CodeIgniter->runController(Object(App\Controllers\estudiante\PracticasEstudianteController))
#8 C:\xampp\htdocs\ITSI\vendor\codeigniter4\framework\system\CodeIgniter.php(354): CodeIgniter\CodeIgniter->handleRequest(NULL, Object(Config\Cache), false)
#9 C:\xampp\htdocs\ITSI\vendor\codeigniter4\framework\system\Boot.php(334): CodeIgniter\CodeIgniter->run()
#10 C:\xampp\htdocs\ITSI\vendor\codeigniter4\framework\system\Boot.php(67): CodeIgniter\Boot::runCodeIgniter(Object(CodeIgniter\CodeIgniter))
#11 C:\xampp\htdocs\ITSI\public\index.php(59): CodeIgniter\Boot::bootWeb(Object(Config\Paths))
#12 {main}
ERROR - 2026-03-02 19:58:56 --> Error al obtener estadísticas: Table 'itsi.practicas_preprofesionales' doesn't exist
ERROR - 2026-03-02 19:58:56 --> mysqli_sql_exception: Table 'itsi.practicas_preprofesionales' doesn't exist in C:\xampp\htdocs\ITSI\vendor\codeigniter4\framework\system\Database\MySQLi\Connection.php:327
Stack trace:
#0 C:\xampp\htdocs\ITSI\vendor\codeigniter4\framework\system\Database\MySQLi\Connection.php(327): mysqli->query('SELECT `pp`.*, ...', 0)
#1 C:\xampp\htdocs\ITSI\vendor\codeigniter4\framework\system\Database\BaseConnection.php(738): CodeIgniter\Database\MySQLi\Connection->execute('SELECT `pp`.*, ...')
#2 C:\xampp\htdocs\ITSI\vendor\codeigniter4\framework\system\Database\BaseConnection.php(652): CodeIgniter\Database\BaseConnection->simpleQuery('SELECT `pp`.*, ...')
#3 C:\xampp\htdocs\ITSI\vendor\codeigniter4\framework\system\Database\BaseBuilder.php(1649): CodeIgniter\Database\BaseConnection->query('SELECT `pp`.*, ...', Array, false)
#4 C:\xampp\htdocs\ITSI\app\Controllers\estudiante\PracticasEstudianteController.php(296): CodeIgniter\Database\BaseBuilder->get()
#5 C:\xampp\htdocs\ITSI\app\Controllers\estudiante\PracticasEstudianteController.php(44): App\Controllers\estudiante\PracticasEstudianteController->obtenerPracticasPreprofesionales('3')
#6 C:\xampp\htdocs\ITSI\vendor\codeigniter4\framework\system\CodeIgniter.php(933): App\Controllers\estudiante\PracticasEstudianteController->index()
#7 C:\xampp\htdocs\ITSI\vendor\codeigniter4\framework\system\CodeIgniter.php(507): CodeIgniter\CodeIgniter->runController(Object(App\Controllers\estudiante\PracticasEstudianteController))
#8 C:\xampp\htdocs\ITSI\vendor\codeigniter4\framework\system\CodeIgniter.php(354): CodeIgniter\CodeIgniter->handleRequest(NULL, Object(Config\Cache), false)
#9 C:\xampp\htdocs\ITSI\vendor\codeigniter4\framework\system\Boot.php(334): CodeIgniter\CodeIgniter->run()
#10 C:\xampp\htdocs\ITSI\vendor\codeigniter4\framework\system\Boot.php(67): CodeIgniter\Boot::runCodeIgniter(Object(CodeIgniter\CodeIgniter))
#11 C:\xampp\htdocs\ITSI\public\index.php(59): CodeIgniter\Boot::bootWeb(Object(Config\Paths))
#12 {main}
ERROR - 2026-03-02 19:58:56 --> Error al obtener prácticas preprofesionales: Table 'itsi.practicas_preprofesionales' doesn't exist
ERROR - 2026-03-02 19:58:56 --> mysqli_sql_exception: Table 'itsi.servicios_comunitarios' doesn't exist in C:\xampp\htdocs\ITSI\vendor\codeigniter4\framework\system\Database\MySQLi\Connection.php:327
Stack trace:
#0 C:\xampp\htdocs\ITSI\vendor\codeigniter4\framework\system\Database\MySQLi\Connection.php(327): mysqli->query('SELECT `sc`.*, ...', 0)
#1 C:\xampp\htdocs\ITSI\vendor\codeigniter4\framework\system\Database\BaseConnection.php(738): CodeIgniter\Database\MySQLi\Connection->execute('SELECT `sc`.*, ...')
#2 C:\xampp\htdocs\ITSI\vendor\codeigniter4\framework\system\Database\BaseConnection.php(652): CodeIgniter\Database\BaseConnection->simpleQuery('SELECT `sc`.*, ...')
#3 C:\xampp\htdocs\ITSI\vendor\codeigniter4\framework\system\Database\BaseBuilder.php(1649): CodeIgniter\Database\BaseConnection->query('SELECT `sc`.*, ...', Array, false)
#4 C:\xampp\htdocs\ITSI\app\Controllers\estudiante\PracticasEstudianteController.php(315): CodeIgniter\Database\BaseBuilder->get()
#5 C:\xampp\htdocs\ITSI\app\Controllers\estudiante\PracticasEstudianteController.php(47): App\Controllers\estudiante\PracticasEstudianteController->obtenerServiciosComunitarios('3')
#6 C:\xampp\htdocs\ITSI\vendor\codeigniter4\framework\system\CodeIgniter.php(933): App\Controllers\estudiante\PracticasEstudianteController->index()
#7 C:\xampp\htdocs\ITSI\vendor\codeigniter4\framework\system\CodeIgniter.php(507): CodeIgniter\CodeIgniter->runController(Object(App\Controllers\estudiante\PracticasEstudianteController))
#8 C:\xampp\htdocs\ITSI\vendor\codeigniter4\framework\system\CodeIgniter.php(354): CodeIgniter\CodeIgniter->handleRequest(NULL, Object(Config\Cache), false)
#9 C:\xampp\htdocs\ITSI\vendor\codeigniter4\framework\system\Boot.php(334): CodeIgniter\CodeIgniter->run()
#10 C:\xampp\htdocs\ITSI\vendor\codeigniter4\framework\system\Boot.php(67): CodeIgniter\Boot::runCodeIgniter(Object(CodeIgniter\CodeIgniter))
#11 C:\xampp\htdocs\ITSI\public\index.php(59): CodeIgniter\Boot::bootWeb(Object(Config\Paths))
#12 {main}
ERROR - 2026-03-02 19:58:56 --> Error al obtener servicios comunitarios: Table 'itsi.servicios_comunitarios' doesn't exist
DEBUG - 2026-03-02 19:59:00 --> Session: Class initialized using 'CodeIgniter\Session\Handlers\FileHandler' driver.
ERROR - 2026-03-02 19:59:00 --> mysqli_sql_exception: Table 'itsi.practicas_preprofesionales' doesn't exist in C:\xampp\htdocs\ITSI\vendor\codeigniter4\framework\system\Database\MySQLi\Connection.php:327
Stack trace:
#0 C:\xampp\htdocs\ITSI\vendor\codeigniter4\framework\system\Database\MySQLi\Connection.php(327): mysqli->query('SELECT COUNT(*)...', 0)
#1 C:\xampp\htdocs\ITSI\vendor\codeigniter4\framework\system\Database\BaseConnection.php(738): CodeIgniter\Database\MySQLi\Connection->execute('SELECT COUNT(*)...')
#2 C:\xampp\htdocs\ITSI\vendor\codeigniter4\framework\system\Database\BaseConnection.php(652): CodeIgniter\Database\BaseConnection->simpleQuery('SELECT COUNT(*)...')
#3 C:\xampp\htdocs\ITSI\vendor\codeigniter4\framework\system\Database\BaseBuilder.php(1733): CodeIgniter\Database\BaseConnection->query('SELECT COUNT(*)...', Array, false)
#4 C:\xampp\htdocs\ITSI\app\Controllers\estudiante\PracticasEstudianteController.php(239): CodeIgniter\Database\BaseBuilder->countAllResults()
#5 C:\xampp\htdocs\ITSI\app\Controllers\estudiante\PracticasEstudianteController.php(41): App\Controllers\estudiante\PracticasEstudianteController->obtenerEstadisticasEstudiante('3')
#6 C:\xampp\htdocs\ITSI\vendor\codeigniter4\framework\system\CodeIgniter.php(933): App\Controllers\estudiante\PracticasEstudianteController->index()
#7 C:\xampp\htdocs\ITSI\vendor\codeigniter4\framework\system\CodeIgniter.php(507): CodeIgniter\CodeIgniter->runController(Object(App\Controllers\estudiante\PracticasEstudianteController))
#8 C:\xampp\htdocs\ITSI\vendor\codeigniter4\framework\system\CodeIgniter.php(354): CodeIgniter\CodeIgniter->handleRequest(NULL, Object(Config\Cache), false)
#9 C:\xampp\htdocs\ITSI\vendor\codeigniter4\framework\system\Boot.php(334): CodeIgniter\CodeIgniter->run()
#10 C:\xampp\htdocs\ITSI\vendor\codeigniter4\framework\system\Boot.php(67): CodeIgniter\Boot::runCodeIgniter(Object(CodeIgniter\CodeIgniter))
#11 C:\xampp\htdocs\ITSI\public\index.php(59): CodeIgniter\Boot::bootWeb(Object(Config\Paths))
#12 {main}
ERROR - 2026-03-02 19:59:00 --> Error al obtener estadísticas: Table 'itsi.practicas_preprofesionales' doesn't exist
ERROR - 2026-03-02 19:59:00 --> mysqli_sql_exception: Table 'itsi.practicas_preprofesionales' doesn't exist in C:\xampp\htdocs\ITSI\vendor\codeigniter4\framework\system\Database\MySQLi\Connection.php:327
Stack trace:
#0 C:\xampp\htdocs\ITSI\vendor\codeigniter4\framework\system\Database\MySQLi\Connection.php(327): mysqli->query('SELECT `pp`.*, ...', 0)
#1 C:\xampp\htdocs\ITSI\vendor\codeigniter4\framework\system\Database\BaseConnection.php(738): CodeIgniter\Database\MySQLi\Connection->execute('SELECT `pp`.*, ...')
#2 C:\xampp\htdocs\ITSI\vendor\codeigniter4\framework\system\Database\BaseConnection.php(652): CodeIgniter\Database\BaseConnection->simpleQuery('SELECT `pp`.*, ...')
#3 C:\xampp\htdocs\ITSI\vendor\codeigniter4\framework\system\Database\BaseBuilder.php(1649): CodeIgniter\Database\BaseConnection->query('SELECT `pp`.*, ...', Array, false)
#4 C:\xampp\htdocs\ITSI\app\Controllers\estudiante\PracticasEstudianteController.php(296): CodeIgniter\Database\BaseBuilder->get()
#5 C:\xampp\htdocs\ITSI\app\Controllers\estudiante\PracticasEstudianteController.php(44): App\Controllers\estudiante\PracticasEstudianteController->obtenerPracticasPreprofesionales('3')
#6 C:\xampp\htdocs\ITSI\vendor\codeigniter4\framework\system\CodeIgniter.php(933): App\Controllers\estudiante\PracticasEstudianteController->index()
#7 C:\xampp\htdocs\ITSI\vendor\codeigniter4\framework\system\CodeIgniter.php(507): CodeIgniter\CodeIgniter->runController(Object(App\Controllers\estudiante\PracticasEstudianteController))
#8 C:\xampp\htdocs\ITSI\vendor\codeigniter4\framework\system\CodeIgniter.php(354): CodeIgniter\CodeIgniter->handleRequest(NULL, Object(Config\Cache), false)
#9 C:\xampp\htdocs\ITSI\vendor\codeigniter4\framework\system\Boot.php(334): CodeIgniter\CodeIgniter->run()
#10 C:\xampp\htdocs\ITSI\vendor\codeigniter4\framework\system\Boot.php(67): CodeIgniter\Boot::runCodeIgniter(Object(CodeIgniter\CodeIgniter))
#11 C:\xampp\htdocs\ITSI\public\index.php(59): CodeIgniter\Boot::bootWeb(Object(Config\Paths))
#12 {main}
ERROR - 2026-03-02 19:59:00 --> Error al obtener prácticas preprofesionales: Table 'itsi.practicas_preprofesionales' doesn't exist
ERROR - 2026-03-02 19:59:00 --> mysqli_sql_exception: Table 'itsi.servicios_comunitarios' doesn't exist in C:\xampp\htdocs\ITSI\vendor\codeigniter4\framework\system\Database\MySQLi\Connection.php:327
Stack trace:
#0 C:\xampp\htdocs\ITSI\vendor\codeigniter4\framework\system\Database\MySQLi\Connection.php(327): mysqli->query('SELECT `sc`.*, ...', 0)
#1 C:\xampp\htdocs\ITSI\vendor\codeigniter4\framework\system\Database\BaseConnection.php(738): CodeIgniter\Database\MySQLi\Connection->execute('SELECT `sc`.*, ...')
#2 C:\xampp\htdocs\ITSI\vendor\codeigniter4\framework\system\Database\BaseConnection.php(652): CodeIgniter\Database\BaseConnection->simpleQuery('SELECT `sc`.*, ...')
#3 C:\xampp\htdocs\ITSI\vendor\codeigniter4\framework\system\Database\BaseBuilder.php(1649): CodeIgniter\Database\BaseConnection->query('SELECT `sc`.*, ...', Array, false)
#4 C:\xampp\htdocs\ITSI\app\Controllers\estudiante\PracticasEstudianteController.php(315): CodeIgniter\Database\BaseBuilder->get()
#5 C:\xampp\htdocs\ITSI\app\Controllers\estudiante\PracticasEstudianteController.php(47): App\Controllers\estudiante\PracticasEstudianteController->obtenerServiciosComunitarios('3')
#6 C:\xampp\htdocs\ITSI\vendor\codeigniter4\framework\system\CodeIgniter.php(933): App\Controllers\estudiante\PracticasEstudianteController->index()
#7 C:\xampp\htdocs\ITSI\vendor\codeigniter4\framework\system\CodeIgniter.php(507): CodeIgniter\CodeIgniter->runController(Object(App\Controllers\estudiante\PracticasEstudianteController))
#8 C:\xampp\htdocs\ITSI\vendor\codeigniter4\framework\system\CodeIgniter.php(354): CodeIgniter\CodeIgniter->handleRequest(NULL, Object(Config\Cache), false)
#9 C:\xampp\htdocs\ITSI\vendor\codeigniter4\framework\system\Boot.php(334): CodeIgniter\CodeIgniter->run()
#10 C:\xampp\htdocs\ITSI\vendor\codeigniter4\framework\system\Boot.php(67): CodeIgniter\Boot::runCodeIgniter(Object(CodeIgniter\CodeIgniter))
#11 C:\xampp\htdocs\ITSI\public\index.php(59): CodeIgniter\Boot::bootWeb(Object(Config\Paths))
#12 {main}
ERROR - 2026-03-02 19:59:00 --> Error al obtener servicios comunitarios: Table 'itsi.servicios_comunitarios' doesn't exist
DEBUG - 2026-03-02 19:59:02 --> Session: Class initialized using 'CodeIgniter\Session\Handlers\FileHandler' driver.
ERROR - 2026-03-02 19:59:02 --> mysqli_sql_exception: Table 'itsi.practicas_preprofesionales' doesn't exist in C:\xampp\htdocs\ITSI\vendor\codeigniter4\framework\system\Database\MySQLi\Connection.php:327
Stack trace:
#0 C:\xampp\htdocs\ITSI\vendor\codeigniter4\framework\system\Database\MySQLi\Connection.php(327): mysqli->query('SELECT COUNT(*)...', 0)
#1 C:\xampp\htdocs\ITSI\vendor\codeigniter4\framework\system\Database\BaseConnection.php(738): CodeIgniter\Database\MySQLi\Connection->execute('SELECT COUNT(*)...')
#2 C:\xampp\htdocs\ITSI\vendor\codeigniter4\framework\system\Database\BaseConnection.php(652): CodeIgniter\Database\BaseConnection->simpleQuery('SELECT COUNT(*)...')
#3 C:\xampp\htdocs\ITSI\vendor\codeigniter4\framework\system\Database\BaseBuilder.php(1733): CodeIgniter\Database\BaseConnection->query('SELECT COUNT(*)...', Array, false)
#4 C:\xampp\htdocs\ITSI\app\Controllers\estudiante\PracticasEstudianteController.php(239): CodeIgniter\Database\BaseBuilder->countAllResults()
#5 C:\xampp\htdocs\ITSI\app\Controllers\estudiante\PracticasEstudianteController.php(41): App\Controllers\estudiante\PracticasEstudianteController->obtenerEstadisticasEstudiante('3')
#6 C:\xampp\htdocs\ITSI\vendor\codeigniter4\framework\system\CodeIgniter.php(933): App\Controllers\estudiante\PracticasEstudianteController->index()
#7 C:\xampp\htdocs\ITSI\vendor\codeigniter4\framework\system\CodeIgniter.php(507): CodeIgniter\CodeIgniter->runController(Object(App\Controllers\estudiante\PracticasEstudianteController))
#8 C:\xampp\htdocs\ITSI\vendor\codeigniter4\framework\system\CodeIgniter.php(354): CodeIgniter\CodeIgniter->handleRequest(NULL, Object(Config\Cache), false)
#9 C:\xampp\htdocs\ITSI\vendor\codeigniter4\framework\system\Boot.php(334): CodeIgniter\CodeIgniter->run()
#10 C:\xampp\htdocs\ITSI\vendor\codeigniter4\framework\system\Boot.php(67): CodeIgniter\Boot::runCodeIgniter(Object(CodeIgniter\CodeIgniter))
#11 C:\xampp\htdocs\ITSI\public\index.php(59): CodeIgniter\Boot::bootWeb(Object(Config\Paths))
#12 {main}
ERROR - 2026-03-02 19:59:02 --> Error al obtener estadísticas: Table 'itsi.practicas_preprofesionales' doesn't exist
ERROR - 2026-03-02 19:59:02 --> mysqli_sql_exception: Table 'itsi.practicas_preprofesionales' doesn't exist in C:\xampp\htdocs\ITSI\vendor\codeigniter4\framework\system\Database\MySQLi\Connection.php:327
Stack trace:
#0 C:\xampp\htdocs\ITSI\vendor\codeigniter4\framework\system\Database\MySQLi\Connection.php(327): mysqli->query('SELECT `pp`.*, ...', 0)
#1 C:\xampp\htdocs\ITSI\vendor\codeigniter4\framework\system\Database\BaseConnection.php(738): CodeIgniter\Database\MySQLi\Connection->execute('SELECT `pp`.*, ...')
#2 C:\xampp\htdocs\ITSI\vendor\codeigniter4\framework\system\Database\BaseConnection.php(652): CodeIgniter\Database\BaseConnection->simpleQuery('SELECT `pp`.*, ...')
#3 C:\xampp\htdocs\ITSI\vendor\codeigniter4\framework\system\Database\BaseBuilder.php(1649): CodeIgniter\Database\BaseConnection->query('SELECT `pp`.*, ...', Array, false)
#4 C:\xampp\htdocs\ITSI\app\Controllers\estudiante\PracticasEstudianteController.php(296): CodeIgniter\Database\BaseBuilder->get()
#5 C:\xampp\htdocs\ITSI\app\Controllers\estudiante\PracticasEstudianteController.php(44): App\Controllers\estudiante\PracticasEstudianteController->obtenerPracticasPreprofesionales('3')
#6 C:\xampp\htdocs\ITSI\vendor\codeigniter4\framework\system\CodeIgniter.php(933): App\Controllers\estudiante\PracticasEstudianteController->index()
#7 C:\xampp\htdocs\ITSI\vendor\codeigniter4\framework\system\CodeIgniter.php(507): CodeIgniter\CodeIgniter->runController(Object(App\Controllers\estudiante\PracticasEstudianteController))
#8 C:\xampp\htdocs\ITSI\vendor\codeigniter4\framework\system\CodeIgniter.php(354): CodeIgniter\CodeIgniter->handleRequest(NULL, Object(Config\Cache), false)
#9 C:\xampp\htdocs\ITSI\vendor\codeigniter4\framework\system\Boot.php(334): CodeIgniter\CodeIgniter->run()
#10 C:\xampp\htdocs\ITSI\vendor\codeigniter4\framework\system\Boot.php(67): CodeIgniter\Boot::runCodeIgniter(Object(CodeIgniter\CodeIgniter))
#11 C:\xampp\htdocs\ITSI\public\index.php(59): CodeIgniter\Boot::bootWeb(Object(Config\Paths))
#12 {main}
ERROR - 2026-03-02 19:59:02 --> Error al obtener prácticas preprofesionales: Table 'itsi.practicas_preprofesionales' doesn't exist
ERROR - 2026-03-02 19:59:02 --> mysqli_sql_exception: Table 'itsi.servicios_comunitarios' doesn't exist in C:\xampp\htdocs\ITSI\vendor\codeigniter4\framework\system\Database\MySQLi\Connection.php:327
Stack trace:
#0 C:\xampp\htdocs\ITSI\vendor\codeigniter4\framework\system\Database\MySQLi\Connection.php(327): mysqli->query('SELECT `sc`.*, ...', 0)
#1 C:\xampp\htdocs\ITSI\vendor\codeigniter4\framework\system\Database\BaseConnection.php(738): CodeIgniter\Database\MySQLi\Connection->execute('SELECT `sc`.*, ...')
#2 C:\xampp\htdocs\ITSI\vendor\codeigniter4\framework\system\Database\BaseConnection.php(652): CodeIgniter\Database\BaseConnection->simpleQuery('SELECT `sc`.*, ...')
#3 C:\xampp\htdocs\ITSI\vendor\codeigniter4\framework\system\Database\BaseBuilder.php(1649): CodeIgniter\Database\BaseConnection->query('SELECT `sc`.*, ...', Array, false)
#4 C:\xampp\htdocs\ITSI\app\Controllers\estudiante\PracticasEstudianteController.php(315): CodeIgniter\Database\BaseBuilder->get()
#5 C:\xampp\htdocs\ITSI\app\Controllers\estudiante\PracticasEstudianteController.php(47): App\Controllers\estudiante\PracticasEstudianteController->obtenerServiciosComunitarios('3')
#6 C:\xampp\htdocs\ITSI\vendor\codeigniter4\framework\system\CodeIgniter.php(933): App\Controllers\estudiante\PracticasEstudianteController->index()
#7 C:\xampp\htdocs\ITSI\vendor\codeigniter4\framework\system\CodeIgniter.php(507): CodeIgniter\CodeIgniter->runController(Object(App\Controllers\estudiante\PracticasEstudianteController))
#8 C:\xampp\htdocs\ITSI\vendor\codeigniter4\framework\system\CodeIgniter.php(354): CodeIgniter\CodeIgniter->handleRequest(NULL, Object(Config\Cache), false)
#9 C:\xampp\htdocs\ITSI\vendor\codeigniter4\framework\system\Boot.php(334): CodeIgniter\CodeIgniter->run()
#10 C:\xampp\htdocs\ITSI\vendor\codeigniter4\framework\system\Boot.php(67): CodeIgniter\Boot::runCodeIgniter(Object(CodeIgniter\CodeIgniter))
#11 C:\xampp\htdocs\ITSI\public\index.php(59): CodeIgniter\Boot::bootWeb(Object(Config\Paths))
#12 {main}
ERROR - 2026-03-02 19:59:02 --> Error al obtener servicios comunitarios: Table 'itsi.servicios_comunitarios' doesn't exist
DEBUG - 2026-03-02 20:00:31 --> Session: Class initialized using 'CodeIgniter\Session\Handlers\FileHandler' driver.
ERROR - 2026-03-02 20:00:31 --> mysqli_sql_exception: Table 'itsi.servicios_comunitarios' doesn't exist in C:\xampp\htdocs\ITSI\vendor\codeigniter4\framework\system\Database\MySQLi\Connection.php:327
Stack trace:
#0 C:\xampp\htdocs\ITSI\vendor\codeigniter4\framework\system\Database\MySQLi\Connection.php(327): mysqli->query('SELECT COUNT(*)...', 0)
#1 C:\xampp\htdocs\ITSI\vendor\codeigniter4\framework\system\Database\BaseConnection.php(738): CodeIgniter\Database\MySQLi\Connection->execute('SELECT COUNT(*)...')
#2 C:\xampp\htdocs\ITSI\vendor\codeigniter4\framework\system\Database\BaseConnection.php(652): CodeIgniter\Database\BaseConnection->simpleQuery('SELECT COUNT(*)...')
#3 C:\xampp\htdocs\ITSI\vendor\codeigniter4\framework\system\Database\BaseBuilder.php(1733): CodeIgniter\Database\BaseConnection->query('SELECT COUNT(*)...', Array, false)
#4 C:\xampp\htdocs\ITSI\app\Controllers\estudiante\PracticasEstudianteController.php(319): CodeIgniter\Database\BaseBuilder->countAllResults()
#5 C:\xampp\htdocs\ITSI\app\Controllers\estudiante\PracticasEstudianteController.php(69): App\Controllers\estudiante\PracticasEstudianteController->obtenerEstadisticasServicioComunitario('3')
#6 C:\xampp\htdocs\ITSI\vendor\codeigniter4\framework\system\CodeIgniter.php(933): App\Controllers\estudiante\PracticasEstudianteController->servicioComunitario()
#7 C:\xampp\htdocs\ITSI\vendor\codeigniter4\framework\system\CodeIgniter.php(507): CodeIgniter\CodeIgniter->runController(Object(App\Controllers\estudiante\PracticasEstudianteController))
#8 C:\xampp\htdocs\ITSI\vendor\codeigniter4\framework\system\CodeIgniter.php(354): CodeIgniter\CodeIgniter->handleRequest(NULL, Object(Config\Cache), false)
#9 C:\xampp\htdocs\ITSI\vendor\codeigniter4\framework\system\Boot.php(334): CodeIgniter\CodeIgniter->run()
#10 C:\xampp\htdocs\ITSI\vendor\codeigniter4\framework\system\Boot.php(67): CodeIgniter\Boot::runCodeIgniter(Object(CodeIgniter\CodeIgniter))
#11 C:\xampp\htdocs\ITSI\public\index.php(59): CodeIgniter\Boot::bootWeb(Object(Config\Paths))
#12 {main}
ERROR - 2026-03-02 20:00:31 --> Error al obtener estadísticas servicio comunitario: Table 'itsi.servicios_comunitarios' doesn't exist
ERROR - 2026-03-02 20:00:31 --> mysqli_sql_exception: Table 'itsi.servicios_comunitarios' doesn't exist in C:\xampp\htdocs\ITSI\vendor\codeigniter4\framework\system\Database\MySQLi\Connection.php:327
Stack trace:
#0 C:\xampp\htdocs\ITSI\vendor\codeigniter4\framework\system\Database\MySQLi\Connection.php(327): mysqli->query('SELECT `sc`.*, ...', 0)
#1 C:\xampp\htdocs\ITSI\vendor\codeigniter4\framework\system\Database\BaseConnection.php(738): CodeIgniter\Database\MySQLi\Connection->execute('SELECT `sc`.*, ...')
#2 C:\xampp\htdocs\ITSI\vendor\codeigniter4\framework\system\Database\BaseConnection.php(652): CodeIgniter\Database\BaseConnection->simpleQuery('SELECT `sc`.*, ...')
#3 C:\xampp\htdocs\ITSI\vendor\codeigniter4\framework\system\Database\BaseBuilder.php(1649): CodeIgniter\Database\BaseConnection->query('SELECT `sc`.*, ...', Array, false)
#4 C:\xampp\htdocs\ITSI\app\Controllers\estudiante\PracticasEstudianteController.php(381): CodeIgniter\Database\BaseBuilder->get()
#5 C:\xampp\htdocs\ITSI\app\Controllers\estudiante\PracticasEstudianteController.php(70): App\Controllers\estudiante\PracticasEstudianteController->obtenerServiciosComunitarios('3')
#6 C:\xampp\htdocs\ITSI\vendor\codeigniter4\framework\system\CodeIgniter.php(933): App\Controllers\estudiante\PracticasEstudianteController->servicioComunitario()
#7 C:\xampp\htdocs\ITSI\vendor\codeigniter4\framework\system\CodeIgniter.php(507): CodeIgniter\CodeIgniter->runController(Object(App\Controllers\estudiante\PracticasEstudianteController))
#8 C:\xampp\htdocs\ITSI\vendor\codeigniter4\framework\system\CodeIgniter.php(354): CodeIgniter\CodeIgniter->handleRequest(NULL, Object(Config\Cache), false)
#9 C:\xampp\htdocs\ITSI\vendor\codeigniter4\framework\system\Boot.php(334): CodeIgniter\CodeIgniter->run()
#10 C:\xampp\htdocs\ITSI\vendor\codeigniter4\framework\system\Boot.php(67): CodeIgniter\Boot::runCodeIgniter(Object(CodeIgniter\CodeIgniter))
#11 C:\xampp\htdocs\ITSI\public\index.php(59): CodeIgniter\Boot::bootWeb(Object(Config\Paths))
#12 {main}
ERROR - 2026-03-02 20:00:31 --> Error al obtener servicios comunitarios: Table 'itsi.servicios_comunitarios' doesn't exist
DEBUG - 2026-03-02 20:00:33 --> Session: Class initialized using 'CodeIgniter\Session\Handlers\FileHandler' driver.
ERROR - 2026-03-02 20:00:33 --> mysqli_sql_exception: Table 'itsi.practicas_preprofesionales' doesn't exist in C:\xampp\htdocs\ITSI\vendor\codeigniter4\framework\system\Database\MySQLi\Connection.php:327
Stack trace:
#0 C:\xampp\htdocs\ITSI\vendor\codeigniter4\framework\system\Database\MySQLi\Connection.php(327): mysqli->query('SELECT COUNT(*)...', 0)
#1 C:\xampp\htdocs\ITSI\vendor\codeigniter4\framework\system\Database\BaseConnection.php(738): CodeIgniter\Database\MySQLi\Connection->execute('SELECT COUNT(*)...')
#2 C:\xampp\htdocs\ITSI\vendor\codeigniter4\framework\system\Database\BaseConnection.php(652): CodeIgniter\Database\BaseConnection->simpleQuery('SELECT COUNT(*)...')
#3 C:\xampp\htdocs\ITSI\vendor\codeigniter4\framework\system\Database\BaseBuilder.php(1733): CodeIgniter\Database\BaseConnection->query('SELECT COUNT(*)...', Array, false)
#4 C:\xampp\htdocs\ITSI\app\Controllers\estudiante\PracticasEstudianteController.php(266): CodeIgniter\Database\BaseBuilder->countAllResults()
#5 C:\xampp\htdocs\ITSI\app\Controllers\estudiante\PracticasEstudianteController.php(41): App\Controllers\estudiante\PracticasEstudianteController->obtenerEstadisticasEstudiante('3')
#6 C:\xampp\htdocs\ITSI\vendor\codeigniter4\framework\system\CodeIgniter.php(933): App\Controllers\estudiante\PracticasEstudianteController->index()
#7 C:\xampp\htdocs\ITSI\vendor\codeigniter4\framework\system\CodeIgniter.php(507): CodeIgniter\CodeIgniter->runController(Object(App\Controllers\estudiante\PracticasEstudianteController))
#8 C:\xampp\htdocs\ITSI\vendor\codeigniter4\framework\system\CodeIgniter.php(354): CodeIgniter\CodeIgniter->handleRequest(NULL, Object(Config\Cache), false)
#9 C:\xampp\htdocs\ITSI\vendor\codeigniter4\framework\system\Boot.php(334): CodeIgniter\CodeIgniter->run()
#10 C:\xampp\htdocs\ITSI\vendor\codeigniter4\framework\system\Boot.php(67): CodeIgniter\Boot::runCodeIgniter(Object(CodeIgniter\CodeIgniter))
#11 C:\xampp\htdocs\ITSI\public\index.php(59): CodeIgniter\Boot::bootWeb(Object(Config\Paths))
#12 {main}
ERROR - 2026-03-02 20:00:33 --> Error al obtener estadísticas: Table 'itsi.practicas_preprofesionales' doesn't exist
ERROR - 2026-03-02 20:00:33 --> mysqli_sql_exception: Table 'itsi.practicas_preprofesionales' doesn't exist in C:\xampp\htdocs\ITSI\vendor\codeigniter4\framework\system\Database\MySQLi\Connection.php:327
Stack trace:
#0 C:\xampp\htdocs\ITSI\vendor\codeigniter4\framework\system\Database\MySQLi\Connection.php(327): mysqli->query('SELECT `pp`.*, ...', 0)
#1 C:\xampp\htdocs\ITSI\vendor\codeigniter4\framework\system\Database\BaseConnection.php(738): CodeIgniter\Database\MySQLi\Connection->execute('SELECT `pp`.*, ...')
#2 C:\xampp\htdocs\ITSI\vendor\codeigniter4\framework\system\Database\BaseConnection.php(652): CodeIgniter\Database\BaseConnection->simpleQuery('SELECT `pp`.*, ...')
#3 C:\xampp\htdocs\ITSI\vendor\codeigniter4\framework\system\Database\BaseBuilder.php(1649): CodeIgniter\Database\BaseConnection->query('SELECT `pp`.*, ...', Array, false)
#4 C:\xampp\htdocs\ITSI\app\Controllers\estudiante\PracticasEstudianteController.php(362): CodeIgniter\Database\BaseBuilder->get()
#5 C:\xampp\htdocs\ITSI\app\Controllers\estudiante\PracticasEstudianteController.php(44): App\Controllers\estudiante\PracticasEstudianteController->obtenerPracticasPreprofesionales('3')
#6 C:\xampp\htdocs\ITSI\vendor\codeigniter4\framework\system\CodeIgniter.php(933): App\Controllers\estudiante\PracticasEstudianteController->index()
#7 C:\xampp\htdocs\ITSI\vendor\codeigniter4\framework\system\CodeIgniter.php(507): CodeIgniter\CodeIgniter->runController(Object(App\Controllers\estudiante\PracticasEstudianteController))
#8 C:\xampp\htdocs\ITSI\vendor\codeigniter4\framework\system\CodeIgniter.php(354): CodeIgniter\CodeIgniter->handleRequest(NULL, Object(Config\Cache), false)
#9 C:\xampp\htdocs\ITSI\vendor\codeigniter4\framework\system\Boot.php(334): CodeIgniter\CodeIgniter->run()
#10 C:\xampp\htdocs\ITSI\vendor\codeigniter4\framework\system\Boot.php(67): CodeIgniter\Boot::runCodeIgniter(Object(CodeIgniter\CodeIgniter))
#11 C:\xampp\htdocs\ITSI\public\index.php(59): CodeIgniter\Boot::bootWeb(Object(Config\Paths))
#12 {main}
ERROR - 2026-03-02 20:00:33 --> Error al obtener prácticas preprofesionales: Table 'itsi.practicas_preprofesionales' doesn't exist
ERROR - 2026-03-02 20:00:33 --> mysqli_sql_exception: Table 'itsi.servicios_comunitarios' doesn't exist in C:\xampp\htdocs\ITSI\vendor\codeigniter4\framework\system\Database\MySQLi\Connection.php:327
Stack trace:
#0 C:\xampp\htdocs\ITSI\vendor\codeigniter4\framework\system\Database\MySQLi\Connection.php(327): mysqli->query('SELECT `sc`.*, ...', 0)
#1 C:\xampp\htdocs\ITSI\vendor\codeigniter4\framework\system\Database\BaseConnection.php(738): CodeIgniter\Database\MySQLi\Connection->execute('SELECT `sc`.*, ...')
#2 C:\xampp\htdocs\ITSI\vendor\codeigniter4\framework\system\Database\BaseConnection.php(652): CodeIgniter\Database\BaseConnection->simpleQuery('SELECT `sc`.*, ...')
#3 C:\xampp\htdocs\ITSI\vendor\codeigniter4\framework\system\Database\BaseBuilder.php(1649): CodeIgniter\Database\BaseConnection->query('SELECT `sc`.*, ...', Array, false)
#4 C:\xampp\htdocs\ITSI\app\Controllers\estudiante\PracticasEstudianteController.php(381): CodeIgniter\Database\BaseBuilder->get()
#5 C:\xampp\htdocs\ITSI\app\Controllers\estudiante\PracticasEstudianteController.php(47): App\Controllers\estudiante\PracticasEstudianteController->obtenerServiciosComunitarios('3')
#6 C:\xampp\htdocs\ITSI\vendor\codeigniter4\framework\system\CodeIgniter.php(933): App\Controllers\estudiante\PracticasEstudianteController->index()
#7 C:\xampp\htdocs\ITSI\vendor\codeigniter4\framework\system\CodeIgniter.php(507): CodeIgniter\CodeIgniter->runController(Object(App\Controllers\estudiante\PracticasEstudianteController))
#8 C:\xampp\htdocs\ITSI\vendor\codeigniter4\framework\system\CodeIgniter.php(354): CodeIgniter\CodeIgniter->handleRequest(NULL, Object(Config\Cache), false)
#9 C:\xampp\htdocs\ITSI\vendor\codeigniter4\framework\system\Boot.php(334): CodeIgniter\CodeIgniter->run()
#10 C:\xampp\htdocs\ITSI\vendor\codeigniter4\framework\system\Boot.php(67): CodeIgniter\Boot::runCodeIgniter(Object(CodeIgniter\CodeIgniter))
#11 C:\xampp\htdocs\ITSI\public\index.php(59): CodeIgniter\Boot::bootWeb(Object(Config\Paths))
#12 {main}
ERROR - 2026-03-02 20:00:33 --> Error al obtener servicios comunitarios: Table 'itsi.servicios_comunitarios' doesn't exist
DEBUG - 2026-03-02 20:00:34 --> Session: Class initialized using 'CodeIgniter\Session\Handlers\FileHandler' driver.
ERROR - 2026-03-02 20:00:34 --> mysqli_sql_exception: Table 'itsi.servicios_comunitarios' doesn't exist in C:\xampp\htdocs\ITSI\vendor\codeigniter4\framework\system\Database\MySQLi\Connection.php:327
Stack trace:
#0 C:\xampp\htdocs\ITSI\vendor\codeigniter4\framework\system\Database\MySQLi\Connection.php(327): mysqli->query('SELECT COUNT(*)...', 0)
#1 C:\xampp\htdocs\ITSI\vendor\codeigniter4\framework\system\Database\BaseConnection.php(738): CodeIgniter\Database\MySQLi\Connection->execute('SELECT COUNT(*)...')
#2 C:\xampp\htdocs\ITSI\vendor\codeigniter4\framework\system\Database\BaseConnection.php(652): CodeIgniter\Database\BaseConnection->simpleQuery('SELECT COUNT(*)...')
#3 C:\xampp\htdocs\ITSI\vendor\codeigniter4\framework\system\Database\BaseBuilder.php(1733): CodeIgniter\Database\BaseConnection->query('SELECT COUNT(*)...', Array, false)
#4 C:\xampp\htdocs\ITSI\app\Controllers\estudiante\PracticasEstudianteController.php(319): CodeIgniter\Database\BaseBuilder->countAllResults()
#5 C:\xampp\htdocs\ITSI\app\Controllers\estudiante\PracticasEstudianteController.php(69): App\Controllers\estudiante\PracticasEstudianteController->obtenerEstadisticasServicioComunitario('3')
#6 C:\xampp\htdocs\ITSI\vendor\codeigniter4\framework\system\CodeIgniter.php(933): App\Controllers\estudiante\PracticasEstudianteController->servicioComunitario()
#7 C:\xampp\htdocs\ITSI\vendor\codeigniter4\framework\system\CodeIgniter.php(507): CodeIgniter\CodeIgniter->runController(Object(App\Controllers\estudiante\PracticasEstudianteController))
#8 C:\xampp\htdocs\ITSI\vendor\codeigniter4\framework\system\CodeIgniter.php(354): CodeIgniter\CodeIgniter->handleRequest(NULL, Object(Config\Cache), false)
#9 C:\xampp\htdocs\ITSI\vendor\codeigniter4\framework\system\Boot.php(334): CodeIgniter\CodeIgniter->run()
#10 C:\xampp\htdocs\ITSI\vendor\codeigniter4\framework\system\Boot.php(67): CodeIgniter\Boot::runCodeIgniter(Object(CodeIgniter\CodeIgniter))
#11 C:\xampp\htdocs\ITSI\public\index.php(59): CodeIgniter\Boot::bootWeb(Object(Config\Paths))
#12 {main}
ERROR - 2026-03-02 20:00:34 --> Error al obtener estadísticas servicio comunitario: Table 'itsi.servicios_comunitarios' doesn't exist
ERROR - 2026-03-02 20:00:34 --> mysqli_sql_exception: Table 'itsi.servicios_comunitarios' doesn't exist in C:\xampp\htdocs\ITSI\vendor\codeigniter4\framework\system\Database\MySQLi\Connection.php:327
Stack trace:
#0 C:\xampp\htdocs\ITSI\vendor\codeigniter4\framework\system\Database\MySQLi\Connection.php(327): mysqli->query('SELECT `sc`.*, ...', 0)
#1 C:\xampp\htdocs\ITSI\vendor\codeigniter4\framework\system\Database\BaseConnection.php(738): CodeIgniter\Database\MySQLi\Connection->execute('SELECT `sc`.*, ...')
#2 C:\xampp\htdocs\ITSI\vendor\codeigniter4\framework\system\Database\BaseConnection.php(652): CodeIgniter\Database\BaseConnection->simpleQuery('SELECT `sc`.*, ...')
#3 C:\xampp\htdocs\ITSI\vendor\codeigniter4\framework\system\Database\BaseBuilder.php(1649): CodeIgniter\Database\BaseConnection->query('SELECT `sc`.*, ...', Array, false)
#4 C:\xampp\htdocs\ITSI\app\Controllers\estudiante\PracticasEstudianteController.php(381): CodeIgniter\Database\BaseBuilder->get()
#5 C:\xampp\htdocs\ITSI\app\Controllers\estudiante\PracticasEstudianteController.php(70): App\Controllers\estudiante\PracticasEstudianteController->obtenerServiciosComunitarios('3')
#6 C:\xampp\htdocs\ITSI\vendor\codeigniter4\framework\system\CodeIgniter.php(933): App\Controllers\estudiante\PracticasEstudianteController->servicioComunitario()
#7 C:\xampp\htdocs\ITSI\vendor\codeigniter4\framework\system\CodeIgniter.php(507): CodeIgniter\CodeIgniter->runController(Object(App\Controllers\estudiante\PracticasEstudianteController))
#8 C:\xampp\htdocs\ITSI\vendor\codeigniter4\framework\system\CodeIgniter.php(354): CodeIgniter\CodeIgniter->handleRequest(NULL, Object(Config\Cache), false)
#9 C:\xampp\htdocs\ITSI\vendor\codeigniter4\framework\system\Boot.php(334): CodeIgniter\CodeIgniter->run()
#10 C:\xampp\htdocs\ITSI\vendor\codeigniter4\framework\system\Boot.php(67): CodeIgniter\Boot::runCodeIgniter(Object(CodeIgniter\CodeIgniter))
#11 C:\xampp\htdocs\ITSI\public\index.php(59): CodeIgniter\Boot::bootWeb(Object(Config\Paths))
#12 {main}
ERROR - 2026-03-02 20:00:34 --> Error al obtener servicios comunitarios: Table 'itsi.servicios_comunitarios' doesn't exist
DEBUG - 2026-03-02 20:00:39 --> Session: Class initialized using 'CodeIgniter\Session\Handlers\FileHandler' driver.
ERROR - 2026-03-02 20:00:39 --> mysqli_sql_exception: Table 'itsi.practicas_preprofesionales' doesn't exist in C:\xampp\htdocs\ITSI\vendor\codeigniter4\framework\system\Database\MySQLi\Connection.php:327
Stack trace:
#0 C:\xampp\htdocs\ITSI\vendor\codeigniter4\framework\system\Database\MySQLi\Connection.php(327): mysqli->query('SELECT COUNT(*)...', 0)
#1 C:\xampp\htdocs\ITSI\vendor\codeigniter4\framework\system\Database\BaseConnection.php(738): CodeIgniter\Database\MySQLi\Connection->execute('SELECT COUNT(*)...')
#2 C:\xampp\htdocs\ITSI\vendor\codeigniter4\framework\system\Database\BaseConnection.php(652): CodeIgniter\Database\BaseConnection->simpleQuery('SELECT COUNT(*)...')
#3 C:\xampp\htdocs\ITSI\vendor\codeigniter4\framework\system\Database\BaseBuilder.php(1733): CodeIgniter\Database\BaseConnection->query('SELECT COUNT(*)...', Array, false)
#4 C:\xampp\htdocs\ITSI\app\Controllers\estudiante\PracticasEstudianteController.php(266): CodeIgniter\Database\BaseBuilder->countAllResults()
#5 C:\xampp\htdocs\ITSI\app\Controllers\estudiante\PracticasEstudianteController.php(41): App\Controllers\estudiante\PracticasEstudianteController->obtenerEstadisticasEstudiante('3')
#6 C:\xampp\htdocs\ITSI\vendor\codeigniter4\framework\system\CodeIgniter.php(933): App\Controllers\estudiante\PracticasEstudianteController->index()
#7 C:\xampp\htdocs\ITSI\vendor\codeigniter4\framework\system\CodeIgniter.php(507): CodeIgniter\CodeIgniter->runController(Object(App\Controllers\estudiante\PracticasEstudianteController))
#8 C:\xampp\htdocs\ITSI\vendor\codeigniter4\framework\system\CodeIgniter.php(354): CodeIgniter\CodeIgniter->handleRequest(NULL, Object(Config\Cache), false)
#9 C:\xampp\htdocs\ITSI\vendor\codeigniter4\framework\system\Boot.php(334): CodeIgniter\CodeIgniter->run()
#10 C:\xampp\htdocs\ITSI\vendor\codeigniter4\framework\system\Boot.php(67): CodeIgniter\Boot::runCodeIgniter(Object(CodeIgniter\CodeIgniter))
#11 C:\xampp\htdocs\ITSI\public\index.php(59): CodeIgniter\Boot::bootWeb(Object(Config\Paths))
#12 {main}
ERROR - 2026-03-02 20:00:39 --> Error al obtener estadísticas: Table 'itsi.practicas_preprofesionales' doesn't exist
ERROR - 2026-03-02 20:00:39 --> mysqli_sql_exception: Table 'itsi.practicas_preprofesionales' doesn't exist in C:\xampp\htdocs\ITSI\vendor\codeigniter4\framework\system\Database\MySQLi\Connection.php:327
Stack trace:
#0 C:\xampp\htdocs\ITSI\vendor\codeigniter4\framework\system\Database\MySQLi\Connection.php(327): mysqli->query('SELECT `pp`.*, ...', 0)
#1 C:\xampp\htdocs\ITSI\vendor\codeigniter4\framework\system\Database\BaseConnection.php(738): CodeIgniter\Database\MySQLi\Connection->execute('SELECT `pp`.*, ...')
#2 C:\xampp\htdocs\ITSI\vendor\codeigniter4\framework\system\Database\BaseConnection.php(652): CodeIgniter\Database\BaseConnection->simpleQuery('SELECT `pp`.*, ...')
#3 C:\xampp\htdocs\ITSI\vendor\codeigniter4\framework\system\Database\BaseBuilder.php(1649): CodeIgniter\Database\BaseConnection->query('SELECT `pp`.*, ...', Array, false)
#4 C:\xampp\htdocs\ITSI\app\Controllers\estudiante\PracticasEstudianteController.php(362): CodeIgniter\Database\BaseBuilder->get()
#5 C:\xampp\htdocs\ITSI\app\Controllers\estudiante\PracticasEstudianteController.php(44): App\Controllers\estudiante\PracticasEstudianteController->obtenerPracticasPreprofesionales('3')
#6 C:\xampp\htdocs\ITSI\vendor\codeigniter4\framework\system\CodeIgniter.php(933): App\Controllers\estudiante\PracticasEstudianteController->index()
#7 C:\xampp\htdocs\ITSI\vendor\codeigniter4\framework\system\CodeIgniter.php(507): CodeIgniter\CodeIgniter->runController(Object(App\Controllers\estudiante\PracticasEstudianteController))
#8 C:\xampp\htdocs\ITSI\vendor\codeigniter4\framework\system\CodeIgniter.php(354): CodeIgniter\CodeIgniter->handleRequest(NULL, Object(Config\Cache), false)
#9 C:\xampp\htdocs\ITSI\vendor\codeigniter4\framework\system\Boot.php(334): CodeIgniter\CodeIgniter->run()
#10 C:\xampp\htdocs\ITSI\vendor\codeigniter4\framework\system\Boot.php(67): CodeIgniter\Boot::runCodeIgniter(Object(CodeIgniter\CodeIgniter))
#11 C:\xampp\htdocs\ITSI\public\index.php(59): CodeIgniter\Boot::bootWeb(Object(Config\Paths))
#12 {main}
ERROR - 2026-03-02 20:00:39 --> Error al obtener prácticas preprofesionales: Table 'itsi.practicas_preprofesionales' doesn't exist
ERROR - 2026-03-02 20:00:39 --> mysqli_sql_exception: Table 'itsi.servicios_comunitarios' doesn't exist in C:\xampp\htdocs\ITSI\vendor\codeigniter4\framework\system\Database\MySQLi\Connection.php:327
Stack trace:
#0 C:\xampp\htdocs\ITSI\vendor\codeigniter4\framework\system\Database\MySQLi\Connection.php(327): mysqli->query('SELECT `sc`.*, ...', 0)
#1 C:\xampp\htdocs\ITSI\vendor\codeigniter4\framework\system\Database\BaseConnection.php(738): CodeIgniter\Database\MySQLi\Connection->execute('SELECT `sc`.*, ...')
#2 C:\xampp\htdocs\ITSI\vendor\codeigniter4\framework\system\Database\BaseConnection.php(652): CodeIgniter\Database\BaseConnection->simpleQuery('SELECT `sc`.*, ...')
#3 C:\xampp\htdocs\ITSI\vendor\codeigniter4\framework\system\Database\BaseBuilder.php(1649): CodeIgniter\Database\BaseConnection->query('SELECT `sc`.*, ...', Array, false)
#4 C:\xampp\htdocs\ITSI\app\Controllers\estudiante\PracticasEstudianteController.php(381): CodeIgniter\Database\BaseBuilder->get()
#5 C:\xampp\htdocs\ITSI\app\Controllers\estudiante\PracticasEstudianteController.php(47): App\Controllers\estudiante\PracticasEstudianteController->obtenerServiciosComunitarios('3')
#6 C:\xampp\htdocs\ITSI\vendor\codeigniter4\framework\system\CodeIgniter.php(933): App\Controllers\estudiante\PracticasEstudianteController->index()
#7 C:\xampp\htdocs\ITSI\vendor\codeigniter4\framework\system\CodeIgniter.php(507): CodeIgniter\CodeIgniter->runController(Object(App\Controllers\estudiante\PracticasEstudianteController))
#8 C:\xampp\htdocs\ITSI\vendor\codeigniter4\framework\system\CodeIgniter.php(354): CodeIgniter\CodeIgniter->handleRequest(NULL, Object(Config\Cache), false)
#9 C:\xampp\htdocs\ITSI\vendor\codeigniter4\framework\system\Boot.php(334): CodeIgniter\CodeIgniter->run()
#10 C:\xampp\htdocs\ITSI\vendor\codeigniter4\framework\system\Boot.php(67): CodeIgniter\Boot::runCodeIgniter(Object(CodeIgniter\CodeIgniter))
#11 C:\xampp\htdocs\ITSI\public\index.php(59): CodeIgniter\Boot::bootWeb(Object(Config\Paths))
#12 {main}
ERROR - 2026-03-02 20:00:39 --> Error al obtener servicios comunitarios: Table 'itsi.servicios_comunitarios' doesn't exist
DEBUG - 2026-03-02 20:05:29 --> Session: Class initialized using 'CodeIgniter\Session\Handlers\FileHandler' driver.
ERROR - 2026-03-02 20:05:29 --> mysqli_sql_exception: Table 'itsi.practicas_preprofesionales' doesn't exist in C:\xampp\htdocs\ITSI\vendor\codeigniter4\framework\system\Database\MySQLi\Connection.php:327
Stack trace:
#0 C:\xampp\htdocs\ITSI\vendor\codeigniter4\framework\system\Database\MySQLi\Connection.php(327): mysqli->query('SELECT COUNT(*)...', 0)
#1 C:\xampp\htdocs\ITSI\vendor\codeigniter4\framework\system\Database\BaseConnection.php(738): CodeIgniter\Database\MySQLi\Connection->execute('SELECT COUNT(*)...')
#2 C:\xampp\htdocs\ITSI\vendor\codeigniter4\framework\system\Database\BaseConnection.php(652): CodeIgniter\Database\BaseConnection->simpleQuery('SELECT COUNT(*)...')
#3 C:\xampp\htdocs\ITSI\vendor\codeigniter4\framework\system\Database\BaseBuilder.php(1733): CodeIgniter\Database\BaseConnection->query('SELECT COUNT(*)...', Array, false)
#4 C:\xampp\htdocs\ITSI\app\Controllers\estudiante\PracticasEstudianteController.php(270): CodeIgniter\Database\BaseBuilder->countAllResults()
#5 C:\xampp\htdocs\ITSI\app\Controllers\estudiante\PracticasEstudianteController.php(41): App\Controllers\estudiante\PracticasEstudianteController->obtenerEstadisticasEstudiante('3')
#6 C:\xampp\htdocs\ITSI\vendor\codeigniter4\framework\system\CodeIgniter.php(933): App\Controllers\estudiante\PracticasEstudianteController->index()
#7 C:\xampp\htdocs\ITSI\vendor\codeigniter4\framework\system\CodeIgniter.php(507): CodeIgniter\CodeIgniter->runController(Object(App\Controllers\estudiante\PracticasEstudianteController))
#8 C:\xampp\htdocs\ITSI\vendor\codeigniter4\framework\system\CodeIgniter.php(354): CodeIgniter\CodeIgniter->handleRequest(NULL, Object(Config\Cache), false)
#9 C:\xampp\htdocs\ITSI\vendor\codeigniter4\framework\system\Boot.php(334): CodeIgniter\CodeIgniter->run()
#10 C:\xampp\htdocs\ITSI\vendor\codeigniter4\framework\system\Boot.php(67): CodeIgniter\Boot::runCodeIgniter(Object(CodeIgniter\CodeIgniter))
#11 C:\xampp\htdocs\ITSI\public\index.php(59): CodeIgniter\Boot::bootWeb(Object(Config\Paths))
#12 {main}
ERROR - 2026-03-02 20:05:29 --> Error al obtener estadísticas: Table 'itsi.practicas_preprofesionales' doesn't exist
ERROR - 2026-03-02 20:05:29 --> mysqli_sql_exception: Table 'itsi.practicas_preprofesionales' doesn't exist in C:\xampp\htdocs\ITSI\vendor\codeigniter4\framework\system\Database\MySQLi\Connection.php:327
Stack trace:
#0 C:\xampp\htdocs\ITSI\vendor\codeigniter4\framework\system\Database\MySQLi\Connection.php(327): mysqli->query('SELECT `pp`.*, ...', 0)
#1 C:\xampp\htdocs\ITSI\vendor\codeigniter4\framework\system\Database\BaseConnection.php(738): CodeIgniter\Database\MySQLi\Connection->execute('SELECT `pp`.*, ...')
#2 C:\xampp\htdocs\ITSI\vendor\codeigniter4\framework\system\Database\BaseConnection.php(652): CodeIgniter\Database\BaseConnection->simpleQuery('SELECT `pp`.*, ...')
#3 C:\xampp\htdocs\ITSI\vendor\codeigniter4\framework\system\Database\BaseBuilder.php(1649): CodeIgniter\Database\BaseConnection->query('SELECT `pp`.*, ...', Array, false)
#4 C:\xampp\htdocs\ITSI\app\Controllers\estudiante\PracticasEstudianteController.php(409): CodeIgniter\Database\BaseBuilder->get()
#5 C:\xampp\htdocs\ITSI\app\Controllers\estudiante\PracticasEstudianteController.php(44): App\Controllers\estudiante\PracticasEstudianteController->obtenerPracticasPreprofesionales('3')
#6 C:\xampp\htdocs\ITSI\vendor\codeigniter4\framework\system\CodeIgniter.php(933): App\Controllers\estudiante\PracticasEstudianteController->index()
#7 C:\xampp\htdocs\ITSI\vendor\codeigniter4\framework\system\CodeIgniter.php(507): CodeIgniter\CodeIgniter->runController(Object(App\Controllers\estudiante\PracticasEstudianteController))
#8 C:\xampp\htdocs\ITSI\vendor\codeigniter4\framework\system\CodeIgniter.php(354): CodeIgniter\CodeIgniter->handleRequest(NULL, Object(Config\Cache), false)
#9 C:\xampp\htdocs\ITSI\vendor\codeigniter4\framework\system\Boot.php(334): CodeIgniter\CodeIgniter->run()
#10 C:\xampp\htdocs\ITSI\vendor\codeigniter4\framework\system\Boot.php(67): CodeIgniter\Boot::runCodeIgniter(Object(CodeIgniter\CodeIgniter))
#11 C:\xampp\htdocs\ITSI\public\index.php(59): CodeIgniter\Boot::bootWeb(Object(Config\Paths))
#12 {main}
ERROR - 2026-03-02 20:05:29 --> Error al obtener prácticas preprofesionales: Table 'itsi.practicas_preprofesionales' doesn't exist
ERROR - 2026-03-02 20:05:29 --> mysqli_sql_exception: Table 'itsi.servicios_comunitarios' doesn't exist in C:\xampp\htdocs\ITSI\vendor\codeigniter4\framework\system\Database\MySQLi\Connection.php:327
Stack trace:
#0 C:\xampp\htdocs\ITSI\vendor\codeigniter4\framework\system\Database\MySQLi\Connection.php(327): mysqli->query('SELECT `sc`.*, ...', 0)
#1 C:\xampp\htdocs\ITSI\vendor\codeigniter4\framework\system\Database\BaseConnection.php(738): CodeIgniter\Database\MySQLi\Connection->execute('SELECT `sc`.*, ...')
#2 C:\xampp\htdocs\ITSI\vendor\codeigniter4\framework\system\Database\BaseConnection.php(652): CodeIgniter\Database\BaseConnection->simpleQuery('SELECT `sc`.*, ...')
#3 C:\xampp\htdocs\ITSI\vendor\codeigniter4\framework\system\Database\BaseBuilder.php(1649): CodeIgniter\Database\BaseConnection->query('SELECT `sc`.*, ...', Array, false)
#4 C:\xampp\htdocs\ITSI\app\Controllers\estudiante\PracticasEstudianteController.php(428): CodeIgniter\Database\BaseBuilder->get()
#5 C:\xampp\htdocs\ITSI\app\Controllers\estudiante\PracticasEstudianteController.php(47): App\Controllers\estudiante\PracticasEstudianteController->obtenerServiciosComunitarios('3')
#6 C:\xampp\htdocs\ITSI\vendor\codeigniter4\framework\system\CodeIgniter.php(933): App\Controllers\estudiante\PracticasEstudianteController->index()
#7 C:\xampp\htdocs\ITSI\vendor\codeigniter4\framework\system\CodeIgniter.php(507): CodeIgniter\CodeIgniter->runController(Object(App\Controllers\estudiante\PracticasEstudianteController))
#8 C:\xampp\htdocs\ITSI\vendor\codeigniter4\framework\system\CodeIgniter.php(354): CodeIgniter\CodeIgniter->handleRequest(NULL, Object(Config\Cache), false)
#9 C:\xampp\htdocs\ITSI\vendor\codeigniter4\framework\system\Boot.php(334): CodeIgniter\CodeIgniter->run()
#10 C:\xampp\htdocs\ITSI\vendor\codeigniter4\framework\system\Boot.php(67): CodeIgniter\Boot::runCodeIgniter(Object(CodeIgniter\CodeIgniter))
#11 C:\xampp\htdocs\ITSI\public\index.php(59): CodeIgniter\Boot::bootWeb(Object(Config\Paths))
#12 {main}
ERROR - 2026-03-02 20:05:29 --> Error al obtener servicios comunitarios: Table 'itsi.servicios_comunitarios' doesn't exist
DEBUG - 2026-03-02 20:15:54 --> Session: Class initialized using 'CodeIgniter\Session\Handlers\FileHandler' driver.
ERROR - 2026-03-02 20:15:54 --> mysqli_sql_exception: Table 'itsi.practicas_preprofesionales' doesn't exist in C:\xampp\htdocs\ITSI\vendor\codeigniter4\framework\system\Database\MySQLi\Connection.php:327
Stack trace:
#0 C:\xampp\htdocs\ITSI\vendor\codeigniter4\framework\system\Database\MySQLi\Connection.php(327): mysqli->query('SELECT COUNT(*)...', 0)
#1 C:\xampp\htdocs\ITSI\vendor\codeigniter4\framework\system\Database\BaseConnection.php(738): CodeIgniter\Database\MySQLi\Connection->execute('SELECT COUNT(*)...')
#2 C:\xampp\htdocs\ITSI\vendor\codeigniter4\framework\system\Database\BaseConnection.php(652): CodeIgniter\Database\BaseConnection->simpleQuery('SELECT COUNT(*)...')
#3 C:\xampp\htdocs\ITSI\vendor\codeigniter4\framework\system\Database\BaseBuilder.php(1733): CodeIgniter\Database\BaseConnection->query('SELECT COUNT(*)...', Array, false)
#4 C:\xampp\htdocs\ITSI\app\Controllers\estudiante\PracticasEstudianteController.php(270): CodeIgniter\Database\BaseBuilder->countAllResults()
#5 C:\xampp\htdocs\ITSI\app\Controllers\estudiante\PracticasEstudianteController.php(41): App\Controllers\estudiante\PracticasEstudianteController->obtenerEstadisticasEstudiante('3')
#6 C:\xampp\htdocs\ITSI\vendor\codeigniter4\framework\system\CodeIgniter.php(933): App\Controllers\estudiante\PracticasEstudianteController->index()
#7 C:\xampp\htdocs\ITSI\vendor\codeigniter4\framework\system\CodeIgniter.php(507): CodeIgniter\CodeIgniter->runController(Object(App\Controllers\estudiante\PracticasEstudianteController))
#8 C:\xampp\htdocs\ITSI\vendor\codeigniter4\framework\system\CodeIgniter.php(354): CodeIgniter\CodeIgniter->handleRequest(NULL, Object(Config\Cache), false)
#9 C:\xampp\htdocs\ITSI\vendor\codeigniter4\framework\system\Boot.php(334): CodeIgniter\CodeIgniter->run()
#10 C:\xampp\htdocs\ITSI\vendor\codeigniter4\framework\system\Boot.php(67): CodeIgniter\Boot::runCodeIgniter(Object(CodeIgniter\CodeIgniter))
#11 C:\xampp\htdocs\ITSI\public\index.php(59): CodeIgniter\Boot::bootWeb(Object(Config\Paths))
#12 {main}
ERROR - 2026-03-02 20:15:54 --> Error al obtener estadísticas: Table 'itsi.practicas_preprofesionales' doesn't exist
ERROR - 2026-03-02 20:15:54 --> mysqli_sql_exception: Table 'itsi.practicas_preprofesionales' doesn't exist in C:\xampp\htdocs\ITSI\vendor\codeigniter4\framework\system\Database\MySQLi\Connection.php:327
Stack trace:
#0 C:\xampp\htdocs\ITSI\vendor\codeigniter4\framework\system\Database\MySQLi\Connection.php(327): mysqli->query('SELECT `pp`.*, ...', 0)
#1 C:\xampp\htdocs\ITSI\vendor\codeigniter4\framework\system\Database\BaseConnection.php(738): CodeIgniter\Database\MySQLi\Connection->execute('SELECT `pp`.*, ...')
#2 C:\xampp\htdocs\ITSI\vendor\codeigniter4\framework\system\Database\BaseConnection.php(652): CodeIgniter\Database\BaseConnection->simpleQuery('SELECT `pp`.*, ...')
#3 C:\xampp\htdocs\ITSI\vendor\codeigniter4\framework\system\Database\BaseBuilder.php(1649): CodeIgniter\Database\BaseConnection->query('SELECT `pp`.*, ...', Array, false)
#4 C:\xampp\htdocs\ITSI\app\Controllers\estudiante\PracticasEstudianteController.php(409): CodeIgniter\Database\BaseBuilder->get()
#5 C:\xampp\htdocs\ITSI\app\Controllers\estudiante\PracticasEstudianteController.php(44): App\Controllers\estudiante\PracticasEstudianteController->obtenerPracticasPreprofesionales('3')
#6 C:\xampp\htdocs\ITSI\vendor\codeigniter4\framework\system\CodeIgniter.php(933): App\Controllers\estudiante\PracticasEstudianteController->index()
#7 C:\xampp\htdocs\ITSI\vendor\codeigniter4\framework\system\CodeIgniter.php(507): CodeIgniter\CodeIgniter->runController(Object(App\Controllers\estudiante\PracticasEstudianteController))
#8 C:\xampp\htdocs\ITSI\vendor\codeigniter4\framework\system\CodeIgniter.php(354): CodeIgniter\CodeIgniter->handleRequest(NULL, Object(Config\Cache), false)
#9 C:\xampp\htdocs\ITSI\vendor\codeigniter4\framework\system\Boot.php(334): CodeIgniter\CodeIgniter->run()
#10 C:\xampp\htdocs\ITSI\vendor\codeigniter4\framework\system\Boot.php(67): CodeIgniter\Boot::runCodeIgniter(Object(CodeIgniter\CodeIgniter))
#11 C:\xampp\htdocs\ITSI\public\index.php(59): CodeIgniter\Boot::bootWeb(Object(Config\Paths))
#12 {main}
ERROR - 2026-03-02 20:15:54 --> Error al obtener prácticas preprofesionales: Table 'itsi.practicas_preprofesionales' doesn't exist
ERROR - 2026-03-02 20:15:54 --> mysqli_sql_exception: Table 'itsi.servicios_comunitarios' doesn't exist in C:\xampp\htdocs\ITSI\vendor\codeigniter4\framework\system\Database\MySQLi\Connection.php:327
Stack trace:
#0 C:\xampp\htdocs\ITSI\vendor\codeigniter4\framework\system\Database\MySQLi\Connection.php(327): mysqli->query('SELECT `sc`.*, ...', 0)
#1 C:\xampp\htdocs\ITSI\vendor\codeigniter4\framework\system\Database\BaseConnection.php(738): CodeIgniter\Database\MySQLi\Connection->execute('SELECT `sc`.*, ...')
#2 C:\xampp\htdocs\ITSI\vendor\codeigniter4\framework\system\Database\BaseConnection.php(652): CodeIgniter\Database\BaseConnection->simpleQuery('SELECT `sc`.*, ...')
#3 C:\xampp\htdocs\ITSI\vendor\codeigniter4\framework\system\Database\BaseBuilder.php(1649): CodeIgniter\Database\BaseConnection->query('SELECT `sc`.*, ...', Array, false)
#4 C:\xampp\htdocs\ITSI\app\Controllers\estudiante\PracticasEstudianteController.php(428): CodeIgniter\Database\BaseBuilder->get()
#5 C:\xampp\htdocs\ITSI\app\Controllers\estudiante\PracticasEstudianteController.php(47): App\Controllers\estudiante\PracticasEstudianteController->obtenerServiciosComunitarios('3')
#6 C:\xampp\htdocs\ITSI\vendor\codeigniter4\framework\system\CodeIgniter.php(933): App\Controllers\estudiante\PracticasEstudianteController->index()
#7 C:\xampp\htdocs\ITSI\vendor\codeigniter4\framework\system\CodeIgniter.php(507): CodeIgniter\CodeIgniter->runController(Object(App\Controllers\estudiante\PracticasEstudianteController))
#8 C:\xampp\htdocs\ITSI\vendor\codeigniter4\framework\system\CodeIgniter.php(354): CodeIgniter\CodeIgniter->handleRequest(NULL, Object(Config\Cache), false)
#9 C:\xampp\htdocs\ITSI\vendor\codeigniter4\framework\system\Boot.php(334): CodeIgniter\CodeIgniter->run()
#10 C:\xampp\htdocs\ITSI\vendor\codeigniter4\framework\system\Boot.php(67): CodeIgniter\Boot::runCodeIgniter(Object(CodeIgniter\CodeIgniter))
#11 C:\xampp\htdocs\ITSI\public\index.php(59): CodeIgniter\Boot::bootWeb(Object(Config\Paths))
#12 {main}
ERROR - 2026-03-02 20:15:54 --> Error al obtener servicios comunitarios: Table 'itsi.servicios_comunitarios' doesn't exist
DEBUG - 2026-03-02 20:17:26 --> Session: Class initialized using 'CodeIgniter\Session\Handlers\FileHandler' driver.
ERROR - 2026-03-02 20:17:26 --> mysqli_sql_exception: Table 'itsi.servicios_comunitarios' doesn't exist in C:\xampp\htdocs\ITSI\vendor\codeigniter4\framework\system\Database\MySQLi\Connection.php:327
Stack trace:
#0 C:\xampp\htdocs\ITSI\vendor\codeigniter4\framework\system\Database\MySQLi\Connection.php(327): mysqli->query('SELECT COUNT(*)...', 0)
#1 C:\xampp\htdocs\ITSI\vendor\codeigniter4\framework\system\Database\BaseConnection.php(738): CodeIgniter\Database\MySQLi\Connection->execute('SELECT COUNT(*)...')
#2 C:\xampp\htdocs\ITSI\vendor\codeigniter4\framework\system\Database\BaseConnection.php(652): CodeIgniter\Database\BaseConnection->simpleQuery('SELECT COUNT(*)...')
#3 C:\xampp\htdocs\ITSI\vendor\codeigniter4\framework\system\Database\BaseBuilder.php(1733): CodeIgniter\Database\BaseConnection->query('SELECT COUNT(*)...', Array, false)
#4 C:\xampp\htdocs\ITSI\app\Controllers\estudiante\PracticasEstudianteController.php(323): CodeIgniter\Database\BaseBuilder->countAllResults()
#5 C:\xampp\htdocs\ITSI\app\Controllers\estudiante\PracticasEstudianteController.php(73): App\Controllers\estudiante\PracticasEstudianteController->obtenerEstadisticasServicioComunitario('3')
#6 C:\xampp\htdocs\ITSI\vendor\codeigniter4\framework\system\CodeIgniter.php(933): App\Controllers\estudiante\PracticasEstudianteController->servicioComunitario()
#7 C:\xampp\htdocs\ITSI\vendor\codeigniter4\framework\system\CodeIgniter.php(507): CodeIgniter\CodeIgniter->runController(Object(App\Controllers\estudiante\PracticasEstudianteController))
#8 C:\xampp\htdocs\ITSI\vendor\codeigniter4\framework\system\CodeIgniter.php(354): CodeIgniter\CodeIgniter->handleRequest(NULL, Object(Config\Cache), false)
#9 C:\xampp\htdocs\ITSI\vendor\codeigniter4\framework\system\Boot.php(334): CodeIgniter\CodeIgniter->run()
#10 C:\xampp\htdocs\ITSI\vendor\codeigniter4\framework\system\Boot.php(67): CodeIgniter\Boot::runCodeIgniter(Object(CodeIgniter\CodeIgniter))
#11 C:\xampp\htdocs\ITSI\public\index.php(59): CodeIgniter\Boot::bootWeb(Object(Config\Paths))
#12 {main}
ERROR - 2026-03-02 20:17:26 --> Error al obtener estadísticas servicio comunitario: Table 'itsi.servicios_comunitarios' doesn't exist
ERROR - 2026-03-02 20:17:26 --> mysqli_sql_exception: Table 'itsi.servicios_comunitarios' doesn't exist in C:\xampp\htdocs\ITSI\vendor\codeigniter4\framework\system\Database\MySQLi\Connection.php:327
Stack trace:
#0 C:\xampp\htdocs\ITSI\vendor\codeigniter4\framework\system\Database\MySQLi\Connection.php(327): mysqli->query('SELECT `sc`.*, ...', 0)
#1 C:\xampp\htdocs\ITSI\vendor\codeigniter4\framework\system\Database\BaseConnection.php(738): CodeIgniter\Database\MySQLi\Connection->execute('SELECT `sc`.*, ...')
#2 C:\xampp\htdocs\ITSI\vendor\codeigniter4\framework\system\Database\BaseConnection.php(652): CodeIgniter\Database\BaseConnection->simpleQuery('SELECT `sc`.*, ...')
#3 C:\xampp\htdocs\ITSI\vendor\codeigniter4\framework\system\Database\BaseBuilder.php(1649): CodeIgniter\Database\BaseConnection->query('SELECT `sc`.*, ...', Array, false)
#4 C:\xampp\htdocs\ITSI\app\Controllers\estudiante\PracticasEstudianteController.php(428): CodeIgniter\Database\BaseBuilder->get()
#5 C:\xampp\htdocs\ITSI\app\Controllers\estudiante\PracticasEstudianteController.php(74): App\Controllers\estudiante\PracticasEstudianteController->obtenerServiciosComunitarios('3')
#6 C:\xampp\htdocs\ITSI\vendor\codeigniter4\framework\system\CodeIgniter.php(933): App\Controllers\estudiante\PracticasEstudianteController->servicioComunitario()
#7 C:\xampp\htdocs\ITSI\vendor\codeigniter4\framework\system\CodeIgniter.php(507): CodeIgniter\CodeIgniter->runController(Object(App\Controllers\estudiante\PracticasEstudianteController))
#8 C:\xampp\htdocs\ITSI\vendor\codeigniter4\framework\system\CodeIgniter.php(354): CodeIgniter\CodeIgniter->handleRequest(NULL, Object(Config\Cache), false)
#9 C:\xampp\htdocs\ITSI\vendor\codeigniter4\framework\system\Boot.php(334): CodeIgniter\CodeIgniter->run()
#10 C:\xampp\htdocs\ITSI\vendor\codeigniter4\framework\system\Boot.php(67): CodeIgniter\Boot::runCodeIgniter(Object(CodeIgniter\CodeIgniter))
#11 C:\xampp\htdocs\ITSI\public\index.php(59): CodeIgniter\Boot::bootWeb(Object(Config\Paths))
#12 {main}
ERROR - 2026-03-02 20:17:26 --> Error al obtener servicios comunitarios: Table 'itsi.servicios_comunitarios' doesn't exist
DEBUG - 2026-03-02 20:17:35 --> Session: Class initialized using 'CodeIgniter\Session\Handlers\FileHandler' driver.
ERROR - 2026-03-02 20:17:35 --> mysqli_sql_exception: Table 'itsi.practicas_preprofesionales' doesn't exist in C:\xampp\htdocs\ITSI\vendor\codeigniter4\framework\system\Database\MySQLi\Connection.php:327
Stack trace:
#0 C:\xampp\htdocs\ITSI\vendor\codeigniter4\framework\system\Database\MySQLi\Connection.php(327): mysqli->query('SELECT COUNT(*)...', 0)
#1 C:\xampp\htdocs\ITSI\vendor\codeigniter4\framework\system\Database\BaseConnection.php(738): CodeIgniter\Database\MySQLi\Connection->execute('SELECT COUNT(*)...')
#2 C:\xampp\htdocs\ITSI\vendor\codeigniter4\framework\system\Database\BaseConnection.php(652): CodeIgniter\Database\BaseConnection->simpleQuery('SELECT COUNT(*)...')
#3 C:\xampp\htdocs\ITSI\vendor\codeigniter4\framework\system\Database\BaseBuilder.php(1733): CodeIgniter\Database\BaseConnection->query('SELECT COUNT(*)...', Array, false)
#4 C:\xampp\htdocs\ITSI\app\Controllers\estudiante\PracticasEstudianteController.php(270): CodeIgniter\Database\BaseBuilder->countAllResults()
#5 C:\xampp\htdocs\ITSI\app\Controllers\estudiante\PracticasEstudianteController.php(41): App\Controllers\estudiante\PracticasEstudianteController->obtenerEstadisticasEstudiante('3')
#6 C:\xampp\htdocs\ITSI\vendor\codeigniter4\framework\system\CodeIgniter.php(933): App\Controllers\estudiante\PracticasEstudianteController->index()
#7 C:\xampp\htdocs\ITSI\vendor\codeigniter4\framework\system\CodeIgniter.php(507): CodeIgniter\CodeIgniter->runController(Object(App\Controllers\estudiante\PracticasEstudianteController))
#8 C:\xampp\htdocs\ITSI\vendor\codeigniter4\framework\system\CodeIgniter.php(354): CodeIgniter\CodeIgniter->handleRequest(NULL, Object(Config\Cache), false)
#9 C:\xampp\htdocs\ITSI\vendor\codeigniter4\framework\system\Boot.php(334): CodeIgniter\CodeIgniter->run()
#10 C:\xampp\htdocs\ITSI\vendor\codeigniter4\framework\system\Boot.php(67): CodeIgniter\Boot::runCodeIgniter(Object(CodeIgniter\CodeIgniter))
#11 C:\xampp\htdocs\ITSI\public\index.php(59): CodeIgniter\Boot::bootWeb(Object(Config\Paths))
#12 {main}
ERROR - 2026-03-02 20:17:35 --> Error al obtener estadísticas: Table 'itsi.practicas_preprofesionales' doesn't exist
ERROR - 2026-03-02 20:17:35 --> mysqli_sql_exception: Table 'itsi.practicas_preprofesionales' doesn't exist in C:\xampp\htdocs\ITSI\vendor\codeigniter4\framework\system\Database\MySQLi\Connection.php:327
Stack trace:
#0 C:\xampp\htdocs\ITSI\vendor\codeigniter4\framework\system\Database\MySQLi\Connection.php(327): mysqli->query('SELECT `pp`.*, ...', 0)
#1 C:\xampp\htdocs\ITSI\vendor\codeigniter4\framework\system\Database\BaseConnection.php(738): CodeIgniter\Database\MySQLi\Connection->execute('SELECT `pp`.*, ...')
#2 C:\xampp\htdocs\ITSI\vendor\codeigniter4\framework\system\Database\BaseConnection.php(652): CodeIgniter\Database\BaseConnection->simpleQuery('SELECT `pp`.*, ...')
#3 C:\xampp\htdocs\ITSI\vendor\codeigniter4\framework\system\Database\BaseBuilder.php(1649): CodeIgniter\Database\BaseConnection->query('SELECT `pp`.*, ...', Array, false)
#4 C:\xampp\htdocs\ITSI\app\Controllers\estudiante\PracticasEstudianteController.php(409): CodeIgniter\Database\BaseBuilder->get()
#5 C:\xampp\htdocs\ITSI\app\Controllers\estudiante\PracticasEstudianteController.php(44): App\Controllers\estudiante\PracticasEstudianteController->obtenerPracticasPreprofesionales('3')
#6 C:\xampp\htdocs\ITSI\vendor\codeigniter4\framework\system\CodeIgniter.php(933): App\Controllers\estudiante\PracticasEstudianteController->index()
#7 C:\xampp\htdocs\ITSI\vendor\codeigniter4\framework\system\CodeIgniter.php(507): CodeIgniter\CodeIgniter->runController(Object(App\Controllers\estudiante\PracticasEstudianteController))
#8 C:\xampp\htdocs\ITSI\vendor\codeigniter4\framework\system\CodeIgniter.php(354): CodeIgniter\CodeIgniter->handleRequest(NULL, Object(Config\Cache), false)
#9 C:\xampp\htdocs\ITSI\vendor\codeigniter4\framework\system\Boot.php(334): CodeIgniter\CodeIgniter->run()
#10 C:\xampp\htdocs\ITSI\vendor\codeigniter4\framework\system\Boot.php(67): CodeIgniter\Boot::runCodeIgniter(Object(CodeIgniter\CodeIgniter))
#11 C:\xampp\htdocs\ITSI\public\index.php(59): CodeIgniter\Boot::bootWeb(Object(Config\Paths))
#12 {main}
ERROR - 2026-03-02 20:17:35 --> Error al obtener prácticas preprofesionales: Table 'itsi.practicas_preprofesionales' doesn't exist
ERROR - 2026-03-02 20:17:35 --> mysqli_sql_exception: Table 'itsi.servicios_comunitarios' doesn't exist in C:\xampp\htdocs\ITSI\vendor\codeigniter4\framework\system\Database\MySQLi\Connection.php:327
Stack trace:
#0 C:\xampp\htdocs\ITSI\vendor\codeigniter4\framework\system\Database\MySQLi\Connection.php(327): mysqli->query('SELECT `sc`.*, ...', 0)
#1 C:\xampp\htdocs\ITSI\vendor\codeigniter4\framework\system\Database\BaseConnection.php(738): CodeIgniter\Database\MySQLi\Connection->execute('SELECT `sc`.*, ...')
#2 C:\xampp\htdocs\ITSI\vendor\codeigniter4\framework\system\Database\BaseConnection.php(652): CodeIgniter\Database\BaseConnection->simpleQuery('SELECT `sc`.*, ...')
#3 C:\xampp\htdocs\ITSI\vendor\codeigniter4\framework\system\Database\BaseBuilder.php(1649): CodeIgniter\Database\BaseConnection->query('SELECT `sc`.*, ...', Array, false)
#4 C:\xampp\htdocs\ITSI\app\Controllers\estudiante\PracticasEstudianteController.php(428): CodeIgniter\Database\BaseBuilder->get()
#5 C:\xampp\htdocs\ITSI\app\Controllers\estudiante\PracticasEstudianteController.php(47): App\Controllers\estudiante\PracticasEstudianteController->obtenerServiciosComunitarios('3')
#6 C:\xampp\htdocs\ITSI\vendor\codeigniter4\framework\system\CodeIgniter.php(933): App\Controllers\estudiante\PracticasEstudianteController->index()
#7 C:\xampp\htdocs\ITSI\vendor\codeigniter4\framework\system\CodeIgniter.php(507): CodeIgniter\CodeIgniter->runController(Object(App\Controllers\estudiante\PracticasEstudianteController))
#8 C:\xampp\htdocs\ITSI\vendor\codeigniter4\framework\system\CodeIgniter.php(354): CodeIgniter\CodeIgniter->handleRequest(NULL, Object(Config\Cache), false)
#9 C:\xampp\htdocs\ITSI\vendor\codeigniter4\framework\system\Boot.php(334): CodeIgniter\CodeIgniter->run()
#10 C:\xampp\htdocs\ITSI\vendor\codeigniter4\framework\system\Boot.php(67): CodeIgniter\Boot::runCodeIgniter(Object(CodeIgniter\CodeIgniter))
#11 C:\xampp\htdocs\ITSI\public\index.php(59): CodeIgniter\Boot::bootWeb(Object(Config\Paths))
#12 {main}
ERROR - 2026-03-02 20:17:35 --> Error al obtener servicios comunitarios: Table 'itsi.servicios_comunitarios' doesn't exist
DEBUG - 2026-03-02 20:24:30 --> Session: Class initialized using 'CodeIgniter\Session\Handlers\FileHandler' driver.
ERROR - 2026-03-02 20:24:30 --> mysqli_sql_exception: Table 'itsi.practicas_preprofesionales' doesn't exist in C:\xampp\htdocs\ITSI\vendor\codeigniter4\framework\system\Database\MySQLi\Connection.php:327
Stack trace:
#0 C:\xampp\htdocs\ITSI\vendor\codeigniter4\framework\system\Database\MySQLi\Connection.php(327): mysqli->query('SELECT COUNT(*)...', 0)
#1 C:\xampp\htdocs\ITSI\vendor\codeigniter4\framework\system\Database\BaseConnection.php(738): CodeIgniter\Database\MySQLi\Connection->execute('SELECT COUNT(*)...')
#2 C:\xampp\htdocs\ITSI\vendor\codeigniter4\framework\system\Database\BaseConnection.php(652): CodeIgniter\Database\BaseConnection->simpleQuery('SELECT COUNT(*)...')
#3 C:\xampp\htdocs\ITSI\vendor\codeigniter4\framework\system\Database\BaseBuilder.php(1733): CodeIgniter\Database\BaseConnection->query('SELECT COUNT(*)...', Array, false)
#4 C:\xampp\htdocs\ITSI\app\Controllers\estudiante\PracticasEstudianteController.php(270): CodeIgniter\Database\BaseBuilder->countAllResults()
#5 C:\xampp\htdocs\ITSI\app\Controllers\estudiante\PracticasEstudianteController.php(41): App\Controllers\estudiante\PracticasEstudianteController->obtenerEstadisticasEstudiante('3')
#6 C:\xampp\htdocs\ITSI\vendor\codeigniter4\framework\system\CodeIgniter.php(933): App\Controllers\estudiante\PracticasEstudianteController->index()
#7 C:\xampp\htdocs\ITSI\vendor\codeigniter4\framework\system\CodeIgniter.php(507): CodeIgniter\CodeIgniter->runController(Object(App\Controllers\estudiante\PracticasEstudianteController))
#8 C:\xampp\htdocs\ITSI\vendor\codeigniter4\framework\system\CodeIgniter.php(354): CodeIgniter\CodeIgniter->handleRequest(NULL, Object(Config\Cache), false)
#9 C:\xampp\htdocs\ITSI\vendor\codeigniter4\framework\system\Boot.php(334): CodeIgniter\CodeIgniter->run()
#10 C:\xampp\htdocs\ITSI\vendor\codeigniter4\framework\system\Boot.php(67): CodeIgniter\Boot::runCodeIgniter(Object(CodeIgniter\CodeIgniter))
#11 C:\xampp\htdocs\ITSI\public\index.php(59): CodeIgniter\Boot::bootWeb(Object(Config\Paths))
#12 {main}
ERROR - 2026-03-02 20:24:30 --> Error al obtener estadísticas: Table 'itsi.practicas_preprofesionales' doesn't exist
ERROR - 2026-03-02 20:24:30 --> mysqli_sql_exception: Table 'itsi.practicas_preprofesionales' doesn't exist in C:\xampp\htdocs\ITSI\vendor\codeigniter4\framework\system\Database\MySQLi\Connection.php:327
Stack trace:
#0 C:\xampp\htdocs\ITSI\vendor\codeigniter4\framework\system\Database\MySQLi\Connection.php(327): mysqli->query('SELECT `pp`.*, ...', 0)
#1 C:\xampp\htdocs\ITSI\vendor\codeigniter4\framework\system\Database\BaseConnection.php(738): CodeIgniter\Database\MySQLi\Connection->execute('SELECT `pp`.*, ...')
#2 C:\xampp\htdocs\ITSI\vendor\codeigniter4\framework\system\Database\BaseConnection.php(652): CodeIgniter\Database\BaseConnection->simpleQuery('SELECT `pp`.*, ...')
#3 C:\xampp\htdocs\ITSI\vendor\codeigniter4\framework\system\Database\BaseBuilder.php(1649): CodeIgniter\Database\BaseConnection->query('SELECT `pp`.*, ...', Array, false)
#4 C:\xampp\htdocs\ITSI\app\Controllers\estudiante\PracticasEstudianteController.php(409): CodeIgniter\Database\BaseBuilder->get()
#5 C:\xampp\htdocs\ITSI\app\Controllers\estudiante\PracticasEstudianteController.php(44): App\Controllers\estudiante\PracticasEstudianteController->obtenerPracticasPreprofesionales('3')
#6 C:\xampp\htdocs\ITSI\vendor\codeigniter4\framework\system\CodeIgniter.php(933): App\Controllers\estudiante\PracticasEstudianteController->index()
#7 C:\xampp\htdocs\ITSI\vendor\codeigniter4\framework\system\CodeIgniter.php(507): CodeIgniter\CodeIgniter->runController(Object(App\Controllers\estudiante\PracticasEstudianteController))
#8 C:\xampp\htdocs\ITSI\vendor\codeigniter4\framework\system\CodeIgniter.php(354): CodeIgniter\CodeIgniter->handleRequest(NULL, Object(Config\Cache), false)
#9 C:\xampp\htdocs\ITSI\vendor\codeigniter4\framework\system\Boot.php(334): CodeIgniter\CodeIgniter->run()
#10 C:\xampp\htdocs\ITSI\vendor\codeigniter4\framework\system\Boot.php(67): CodeIgniter\Boot::runCodeIgniter(Object(CodeIgniter\CodeIgniter))
#11 C:\xampp\htdocs\ITSI\public\index.php(59): CodeIgniter\Boot::bootWeb(Object(Config\Paths))
#12 {main}
ERROR - 2026-03-02 20:24:30 --> Error al obtener prácticas preprofesionales: Table 'itsi.practicas_preprofesionales' doesn't exist
ERROR - 2026-03-02 20:24:30 --> mysqli_sql_exception: Table 'itsi.servicios_comunitarios' doesn't exist in C:\xampp\htdocs\ITSI\vendor\codeigniter4\framework\system\Database\MySQLi\Connection.php:327
Stack trace:
#0 C:\xampp\htdocs\ITSI\vendor\codeigniter4\framework\system\Database\MySQLi\Connection.php(327): mysqli->query('SELECT `sc`.*, ...', 0)
#1 C:\xampp\htdocs\ITSI\vendor\codeigniter4\framework\system\Database\BaseConnection.php(738): CodeIgniter\Database\MySQLi\Connection->execute('SELECT `sc`.*, ...')
#2 C:\xampp\htdocs\ITSI\vendor\codeigniter4\framework\system\Database\BaseConnection.php(652): CodeIgniter\Database\BaseConnection->simpleQuery('SELECT `sc`.*, ...')
#3 C:\xampp\htdocs\ITSI\vendor\codeigniter4\framework\system\Database\BaseBuilder.php(1649): CodeIgniter\Database\BaseConnection->query('SELECT `sc`.*, ...', Array, false)
#4 C:\xampp\htdocs\ITSI\app\Controllers\estudiante\PracticasEstudianteController.php(428): CodeIgniter\Database\BaseBuilder->get()
#5 C:\xampp\htdocs\ITSI\app\Controllers\estudiante\PracticasEstudianteController.php(47): App\Controllers\estudiante\PracticasEstudianteController->obtenerServiciosComunitarios('3')
#6 C:\xampp\htdocs\ITSI\vendor\codeigniter4\framework\system\CodeIgniter.php(933): App\Controllers\estudiante\PracticasEstudianteController->index()
#7 C:\xampp\htdocs\ITSI\vendor\codeigniter4\framework\system\CodeIgniter.php(507): CodeIgniter\CodeIgniter->runController(Object(App\Controllers\estudiante\PracticasEstudianteController))
#8 C:\xampp\htdocs\ITSI\vendor\codeigniter4\framework\system\CodeIgniter.php(354): CodeIgniter\CodeIgniter->handleRequest(NULL, Object(Config\Cache), false)
#9 C:\xampp\htdocs\ITSI\vendor\codeigniter4\framework\system\Boot.php(334): CodeIgniter\CodeIgniter->run()
#10 C:\xampp\htdocs\ITSI\vendor\codeigniter4\framework\system\Boot.php(67): CodeIgniter\Boot::runCodeIgniter(Object(CodeIgniter\CodeIgniter))
#11 C:\xampp\htdocs\ITSI\public\index.php(59): CodeIgniter\Boot::bootWeb(Object(Config\Paths))
#12 {main}
ERROR - 2026-03-02 20:24:30 --> Error al obtener servicios comunitarios: Table 'itsi.servicios_comunitarios' doesn't exist
DEBUG - 2026-03-02 20:24:33 --> Session: Class initialized using 'CodeIgniter\Session\Handlers\FileHandler' driver.
ERROR - 2026-03-02 20:24:33 --> mysqli_sql_exception: Table 'itsi.servicios_comunitarios' doesn't exist in C:\xampp\htdocs\ITSI\vendor\codeigniter4\framework\system\Database\MySQLi\Connection.php:327
Stack trace:
#0 C:\xampp\htdocs\ITSI\vendor\codeigniter4\framework\system\Database\MySQLi\Connection.php(327): mysqli->query('SELECT COUNT(*)...', 0)
#1 C:\xampp\htdocs\ITSI\vendor\codeigniter4\framework\system\Database\BaseConnection.php(738): CodeIgniter\Database\MySQLi\Connection->execute('SELECT COUNT(*)...')
#2 C:\xampp\htdocs\ITSI\vendor\codeigniter4\framework\system\Database\BaseConnection.php(652): CodeIgniter\Database\BaseConnection->simpleQuery('SELECT COUNT(*)...')
#3 C:\xampp\htdocs\ITSI\vendor\codeigniter4\framework\system\Database\BaseBuilder.php(1733): CodeIgniter\Database\BaseConnection->query('SELECT COUNT(*)...', Array, false)
#4 C:\xampp\htdocs\ITSI\app\Controllers\estudiante\PracticasEstudianteController.php(323): CodeIgniter\Database\BaseBuilder->countAllResults()
#5 C:\xampp\htdocs\ITSI\app\Controllers\estudiante\PracticasEstudianteController.php(73): App\Controllers\estudiante\PracticasEstudianteController->obtenerEstadisticasServicioComunitario('3')
#6 C:\xampp\htdocs\ITSI\vendor\codeigniter4\framework\system\CodeIgniter.php(933): App\Controllers\estudiante\PracticasEstudianteController->servicioComunitario()
#7 C:\xampp\htdocs\ITSI\vendor\codeigniter4\framework\system\CodeIgniter.php(507): CodeIgniter\CodeIgniter->runController(Object(App\Controllers\estudiante\PracticasEstudianteController))
#8 C:\xampp\htdocs\ITSI\vendor\codeigniter4\framework\system\CodeIgniter.php(354): CodeIgniter\CodeIgniter->handleRequest(NULL, Object(Config\Cache), false)
#9 C:\xampp\htdocs\ITSI\vendor\codeigniter4\framework\system\Boot.php(334): CodeIgniter\CodeIgniter->run()
#10 C:\xampp\htdocs\ITSI\vendor\codeigniter4\framework\system\Boot.php(67): CodeIgniter\Boot::runCodeIgniter(Object(CodeIgniter\CodeIgniter))
#11 C:\xampp\htdocs\ITSI\public\index.php(59): CodeIgniter\Boot::bootWeb(Object(Config\Paths))
#12 {main}
ERROR - 2026-03-02 20:24:33 --> Error al obtener estadísticas servicio comunitario: Table 'itsi.servicios_comunitarios' doesn't exist
ERROR - 2026-03-02 20:24:33 --> mysqli_sql_exception: Table 'itsi.servicios_comunitarios' doesn't exist in C:\xampp\htdocs\ITSI\vendor\codeigniter4\framework\system\Database\MySQLi\Connection.php:327
Stack trace:
#0 C:\xampp\htdocs\ITSI\vendor\codeigniter4\framework\system\Database\MySQLi\Connection.php(327): mysqli->query('SELECT `sc`.*, ...', 0)
#1 C:\xampp\htdocs\ITSI\vendor\codeigniter4\framework\system\Database\BaseConnection.php(738): CodeIgniter\Database\MySQLi\Connection->execute('SELECT `sc`.*, ...')
#2 C:\xampp\htdocs\ITSI\vendor\codeigniter4\framework\system\Database\BaseConnection.php(652): CodeIgniter\Database\BaseConnection->simpleQuery('SELECT `sc`.*, ...')
#3 C:\xampp\htdocs\ITSI\vendor\codeigniter4\framework\system\Database\BaseBuilder.php(1649): CodeIgniter\Database\BaseConnection->query('SELECT `sc`.*, ...', Array, false)
#4 C:\xampp\htdocs\ITSI\app\Controllers\estudiante\PracticasEstudianteController.php(428): CodeIgniter\Database\BaseBuilder->get()
#5 C:\xampp\htdocs\ITSI\app\Controllers\estudiante\PracticasEstudianteController.php(74): App\Controllers\estudiante\PracticasEstudianteController->obtenerServiciosComunitarios('3')
#6 C:\xampp\htdocs\ITSI\vendor\codeigniter4\framework\system\CodeIgniter.php(933): App\Controllers\estudiante\PracticasEstudianteController->servicioComunitario()
#7 C:\xampp\htdocs\ITSI\vendor\codeigniter4\framework\system\CodeIgniter.php(507): CodeIgniter\CodeIgniter->runController(Object(App\Controllers\estudiante\PracticasEstudianteController))
#8 C:\xampp\htdocs\ITSI\vendor\codeigniter4\framework\system\CodeIgniter.php(354): CodeIgniter\CodeIgniter->handleRequest(NULL, Object(Config\Cache), false)
#9 C:\xampp\htdocs\ITSI\vendor\codeigniter4\framework\system\Boot.php(334): CodeIgniter\CodeIgniter->run()
#10 C:\xampp\htdocs\ITSI\vendor\codeigniter4\framework\system\Boot.php(67): CodeIgniter\Boot::runCodeIgniter(Object(CodeIgniter\CodeIgniter))
#11 C:\xampp\htdocs\ITSI\public\index.php(59): CodeIgniter\Boot::bootWeb(Object(Config\Paths))
#12 {main}
ERROR - 2026-03-02 20:24:33 --> Error al obtener servicios comunitarios: Table 'itsi.servicios_comunitarios' doesn't exist
DEBUG - 2026-03-02 20:24:35 --> Session: Class initialized using 'CodeIgniter\Session\Handlers\FileHandler' driver.
ERROR - 2026-03-02 20:24:35 --> mysqli_sql_exception: Table 'itsi.practicas_preprofesionales' doesn't exist in C:\xampp\htdocs\ITSI\vendor\codeigniter4\framework\system\Database\MySQLi\Connection.php:327
Stack trace:
#0 C:\xampp\htdocs\ITSI\vendor\codeigniter4\framework\system\Database\MySQLi\Connection.php(327): mysqli->query('SELECT COUNT(*)...', 0)
#1 C:\xampp\htdocs\ITSI\vendor\codeigniter4\framework\system\Database\BaseConnection.php(738): CodeIgniter\Database\MySQLi\Connection->execute('SELECT COUNT(*)...')
#2 C:\xampp\htdocs\ITSI\vendor\codeigniter4\framework\system\Database\BaseConnection.php(652): CodeIgniter\Database\BaseConnection->simpleQuery('SELECT COUNT(*)...')
#3 C:\xampp\htdocs\ITSI\vendor\codeigniter4\framework\system\Database\BaseBuilder.php(1733): CodeIgniter\Database\BaseConnection->query('SELECT COUNT(*)...', Array, false)
#4 C:\xampp\htdocs\ITSI\app\Controllers\estudiante\PracticasEstudianteController.php(270): CodeIgniter\Database\BaseBuilder->countAllResults()
#5 C:\xampp\htdocs\ITSI\app\Controllers\estudiante\PracticasEstudianteController.php(41): App\Controllers\estudiante\PracticasEstudianteController->obtenerEstadisticasEstudiante('3')
#6 C:\xampp\htdocs\ITSI\vendor\codeigniter4\framework\system\CodeIgniter.php(933): App\Controllers\estudiante\PracticasEstudianteController->index()
#7 C:\xampp\htdocs\ITSI\vendor\codeigniter4\framework\system\CodeIgniter.php(507): CodeIgniter\CodeIgniter->runController(Object(App\Controllers\estudiante\PracticasEstudianteController))
#8 C:\xampp\htdocs\ITSI\vendor\codeigniter4\framework\system\CodeIgniter.php(354): CodeIgniter\CodeIgniter->handleRequest(NULL, Object(Config\Cache), false)
#9 C:\xampp\htdocs\ITSI\vendor\codeigniter4\framework\system\Boot.php(334): CodeIgniter\CodeIgniter->run()
#10 C:\xampp\htdocs\ITSI\vendor\codeigniter4\framework\system\Boot.php(67): CodeIgniter\Boot::runCodeIgniter(Object(CodeIgniter\CodeIgniter))
#11 C:\xampp\htdocs\ITSI\public\index.php(59): CodeIgniter\Boot::bootWeb(Object(Config\Paths))
#12 {main}
ERROR - 2026-03-02 20:24:35 --> Error al obtener estadísticas: Table 'itsi.practicas_preprofesionales' doesn't exist
ERROR - 2026-03-02 20:24:35 --> mysqli_sql_exception: Table 'itsi.practicas_preprofesionales' doesn't exist in C:\xampp\htdocs\ITSI\vendor\codeigniter4\framework\system\Database\MySQLi\Connection.php:327
Stack trace:
#0 C:\xampp\htdocs\ITSI\vendor\codeigniter4\framework\system\Database\MySQLi\Connection.php(327): mysqli->query('SELECT `pp`.*, ...', 0)
#1 C:\xampp\htdocs\ITSI\vendor\codeigniter4\framework\system\Database\BaseConnection.php(738): CodeIgniter\Database\MySQLi\Connection->execute('SELECT `pp`.*, ...')
#2 C:\xampp\htdocs\ITSI\vendor\codeigniter4\framework\system\Database\BaseConnection.php(652): CodeIgniter\Database\BaseConnection->simpleQuery('SELECT `pp`.*, ...')
#3 C:\xampp\htdocs\ITSI\vendor\codeigniter4\framework\system\Database\BaseBuilder.php(1649): CodeIgniter\Database\BaseConnection->query('SELECT `pp`.*, ...', Array, false)
#4 C:\xampp\htdocs\ITSI\app\Controllers\estudiante\PracticasEstudianteController.php(409): CodeIgniter\Database\BaseBuilder->get()
#5 C:\xampp\htdocs\ITSI\app\Controllers\estudiante\PracticasEstudianteController.php(44): App\Controllers\estudiante\PracticasEstudianteController->obtenerPracticasPreprofesionales('3')
#6 C:\xampp\htdocs\ITSI\vendor\codeigniter4\framework\system\CodeIgniter.php(933): App\Controllers\estudiante\PracticasEstudianteController->index()
#7 C:\xampp\htdocs\ITSI\vendor\codeigniter4\framework\system\CodeIgniter.php(507): CodeIgniter\CodeIgniter->runController(Object(App\Controllers\estudiante\PracticasEstudianteController))
#8 C:\xampp\htdocs\ITSI\vendor\codeigniter4\framework\system\CodeIgniter.php(354): CodeIgniter\CodeIgniter->handleRequest(NULL, Object(Config\Cache), false)
#9 C:\xampp\htdocs\ITSI\vendor\codeigniter4\framework\system\Boot.php(334): CodeIgniter\CodeIgniter->run()
#10 C:\xampp\htdocs\ITSI\vendor\codeigniter4\framework\system\Boot.php(67): CodeIgniter\Boot::runCodeIgniter(Object(CodeIgniter\CodeIgniter))
#11 C:\xampp\htdocs\ITSI\public\index.php(59): CodeIgniter\Boot::bootWeb(Object(Config\Paths))
#12 {main}
ERROR - 2026-03-02 20:24:35 --> Error al obtener prácticas preprofesionales: Table 'itsi.practicas_preprofesionales' doesn't exist
ERROR - 2026-03-02 20:24:35 --> mysqli_sql_exception: Table 'itsi.servicios_comunitarios' doesn't exist in C:\xampp\htdocs\ITSI\vendor\codeigniter4\framework\system\Database\MySQLi\Connection.php:327
Stack trace:
#0 C:\xampp\htdocs\ITSI\vendor\codeigniter4\framework\system\Database\MySQLi\Connection.php(327): mysqli->query('SELECT `sc`.*, ...', 0)
#1 C:\xampp\htdocs\ITSI\vendor\codeigniter4\framework\system\Database\BaseConnection.php(738): CodeIgniter\Database\MySQLi\Connection->execute('SELECT `sc`.*, ...')
#2 C:\xampp\htdocs\ITSI\vendor\codeigniter4\framework\system\Database\BaseConnection.php(652): CodeIgniter\Database\BaseConnection->simpleQuery('SELECT `sc`.*, ...')
#3 C:\xampp\htdocs\ITSI\vendor\codeigniter4\framework\system\Database\BaseBuilder.php(1649): CodeIgniter\Database\BaseConnection->query('SELECT `sc`.*, ...', Array, false)
#4 C:\xampp\htdocs\ITSI\app\Controllers\estudiante\PracticasEstudianteController.php(428): CodeIgniter\Database\BaseBuilder->get()
#5 C:\xampp\htdocs\ITSI\app\Controllers\estudiante\PracticasEstudianteController.php(47): App\Controllers\estudiante\PracticasEstudianteController->obtenerServiciosComunitarios('3')
#6 C:\xampp\htdocs\ITSI\vendor\codeigniter4\framework\system\CodeIgniter.php(933): App\Controllers\estudiante\PracticasEstudianteController->index()
#7 C:\xampp\htdocs\ITSI\vendor\codeigniter4\framework\system\CodeIgniter.php(507): CodeIgniter\CodeIgniter->runController(Object(App\Controllers\estudiante\PracticasEstudianteController))
#8 C:\xampp\htdocs\ITSI\vendor\codeigniter4\framework\system\CodeIgniter.php(354): CodeIgniter\CodeIgniter->handleRequest(NULL, Object(Config\Cache), false)
#9 C:\xampp\htdocs\ITSI\vendor\codeigniter4\framework\system\Boot.php(334): CodeIgniter\CodeIgniter->run()
#10 C:\xampp\htdocs\ITSI\vendor\codeigniter4\framework\system\Boot.php(67): CodeIgniter\Boot::runCodeIgniter(Object(CodeIgniter\CodeIgniter))
#11 C:\xampp\htdocs\ITSI\public\index.php(59): CodeIgniter\Boot::bootWeb(Object(Config\Paths))
#12 {main}
ERROR - 2026-03-02 20:24:35 --> Error al obtener servicios comunitarios: Table 'itsi.servicios_comunitarios' doesn't exist
DEBUG - 2026-03-02 20:24:52 --> Session: Class initialized using 'CodeIgniter\Session\Handlers\FileHandler' driver.
ERROR - 2026-03-02 20:24:52 --> mysqli_sql_exception: Table 'itsi.practicas_preprofesionales' doesn't exist in C:\xampp\htdocs\ITSI\vendor\codeigniter4\framework\system\Database\MySQLi\Connection.php:327
Stack trace:
#0 C:\xampp\htdocs\ITSI\vendor\codeigniter4\framework\system\Database\MySQLi\Connection.php(327): mysqli->query('SELECT COUNT(*)...', 0)
#1 C:\xampp\htdocs\ITSI\vendor\codeigniter4\framework\system\Database\BaseConnection.php(738): CodeIgniter\Database\MySQLi\Connection->execute('SELECT COUNT(*)...')
#2 C:\xampp\htdocs\ITSI\vendor\codeigniter4\framework\system\Database\BaseConnection.php(652): CodeIgniter\Database\BaseConnection->simpleQuery('SELECT COUNT(*)...')
#3 C:\xampp\htdocs\ITSI\vendor\codeigniter4\framework\system\Database\BaseBuilder.php(1733): CodeIgniter\Database\BaseConnection->query('SELECT COUNT(*)...', Array, false)
#4 C:\xampp\htdocs\ITSI\app\Controllers\estudiante\PracticasEstudianteController.php(270): CodeIgniter\Database\BaseBuilder->countAllResults()
#5 C:\xampp\htdocs\ITSI\app\Controllers\estudiante\PracticasEstudianteController.php(41): App\Controllers\estudiante\PracticasEstudianteController->obtenerEstadisticasEstudiante('3')
#6 C:\xampp\htdocs\ITSI\vendor\codeigniter4\framework\system\CodeIgniter.php(933): App\Controllers\estudiante\PracticasEstudianteController->index()
#7 C:\xampp\htdocs\ITSI\vendor\codeigniter4\framework\system\CodeIgniter.php(507): CodeIgniter\CodeIgniter->runController(Object(App\Controllers\estudiante\PracticasEstudianteController))
#8 C:\xampp\htdocs\ITSI\vendor\codeigniter4\framework\system\CodeIgniter.php(354): CodeIgniter\CodeIgniter->handleRequest(NULL, Object(Config\Cache), false)
#9 C:\xampp\htdocs\ITSI\vendor\codeigniter4\framework\system\Boot.php(334): CodeIgniter\CodeIgniter->run()
#10 C:\xampp\htdocs\ITSI\vendor\codeigniter4\framework\system\Boot.php(67): CodeIgniter\Boot::runCodeIgniter(Object(CodeIgniter\CodeIgniter))
#11 C:\xampp\htdocs\ITSI\public\index.php(59): CodeIgniter\Boot::bootWeb(Object(Config\Paths))
#12 {main}
ERROR - 2026-03-02 20:24:52 --> Error al obtener estadísticas: Table 'itsi.practicas_preprofesionales' doesn't exist
ERROR - 2026-03-02 20:24:52 --> mysqli_sql_exception: Table 'itsi.practicas_preprofesionales' doesn't exist in C:\xampp\htdocs\ITSI\vendor\codeigniter4\framework\system\Database\MySQLi\Connection.php:327
Stack trace:
#0 C:\xampp\htdocs\ITSI\vendor\codeigniter4\framework\system\Database\MySQLi\Connection.php(327): mysqli->query('SELECT `pp`.*, ...', 0)
#1 C:\xampp\htdocs\ITSI\vendor\codeigniter4\framework\system\Database\BaseConnection.php(738): CodeIgniter\Database\MySQLi\Connection->execute('SELECT `pp`.*, ...')
#2 C:\xampp\htdocs\ITSI\vendor\codeigniter4\framework\system\Database\BaseConnection.php(652): CodeIgniter\Database\BaseConnection->simpleQuery('SELECT `pp`.*, ...')
#3 C:\xampp\htdocs\ITSI\vendor\codeigniter4\framework\system\Database\BaseBuilder.php(1649): CodeIgniter\Database\BaseConnection->query('SELECT `pp`.*, ...', Array, false)
#4 C:\xampp\htdocs\ITSI\app\Controllers\estudiante\PracticasEstudianteController.php(409): CodeIgniter\Database\BaseBuilder->get()
#5 C:\xampp\htdocs\ITSI\app\Controllers\estudiante\PracticasEstudianteController.php(44): App\Controllers\estudiante\PracticasEstudianteController->obtenerPracticasPreprofesionales('3')
#6 C:\xampp\htdocs\ITSI\vendor\codeigniter4\framework\system\CodeIgniter.php(933): App\Controllers\estudiante\PracticasEstudianteController->index()
#7 C:\xampp\htdocs\ITSI\vendor\codeigniter4\framework\system\CodeIgniter.php(507): CodeIgniter\CodeIgniter->runController(Object(App\Controllers\estudiante\PracticasEstudianteController))
#8 C:\xampp\htdocs\ITSI\vendor\codeigniter4\framework\system\CodeIgniter.php(354): CodeIgniter\CodeIgniter->handleRequest(NULL, Object(Config\Cache), false)
#9 C:\xampp\htdocs\ITSI\vendor\codeigniter4\framework\system\Boot.php(334): CodeIgniter\CodeIgniter->run()
#10 C:\xampp\htdocs\ITSI\vendor\codeigniter4\framework\system\Boot.php(67): CodeIgniter\Boot::runCodeIgniter(Object(CodeIgniter\CodeIgniter))
#11 C:\xampp\htdocs\ITSI\public\index.php(59): CodeIgniter\Boot::bootWeb(Object(Config\Paths))
#12 {main}
ERROR - 2026-03-02 20:24:52 --> Error al obtener prácticas preprofesionales: Table 'itsi.practicas_preprofesionales' doesn't exist
ERROR - 2026-03-02 20:24:53 --> mysqli_sql_exception: Table 'itsi.servicios_comunitarios' doesn't exist in C:\xampp\htdocs\ITSI\vendor\codeigniter4\framework\system\Database\MySQLi\Connection.php:327
Stack trace:
#0 C:\xampp\htdocs\ITSI\vendor\codeigniter4\framework\system\Database\MySQLi\Connection.php(327): mysqli->query('SELECT `sc`.*, ...', 0)
#1 C:\xampp\htdocs\ITSI\vendor\codeigniter4\framework\system\Database\BaseConnection.php(738): CodeIgniter\Database\MySQLi\Connection->execute('SELECT `sc`.*, ...')
#2 C:\xampp\htdocs\ITSI\vendor\codeigniter4\framework\system\Database\BaseConnection.php(652): CodeIgniter\Database\BaseConnection->simpleQuery('SELECT `sc`.*, ...')
#3 C:\xampp\htdocs\ITSI\vendor\codeigniter4\framework\system\Database\BaseBuilder.php(1649): CodeIgniter\Database\BaseConnection->query('SELECT `sc`.*, ...', Array, false)
#4 C:\xampp\htdocs\ITSI\app\Controllers\estudiante\PracticasEstudianteController.php(428): CodeIgniter\Database\BaseBuilder->get()
#5 C:\xampp\htdocs\ITSI\app\Controllers\estudiante\PracticasEstudianteController.php(47): App\Controllers\estudiante\PracticasEstudianteController->obtenerServiciosComunitarios('3')
#6 C:\xampp\htdocs\ITSI\vendor\codeigniter4\framework\system\CodeIgniter.php(933): App\Controllers\estudiante\PracticasEstudianteController->index()
#7 C:\xampp\htdocs\ITSI\vendor\codeigniter4\framework\system\CodeIgniter.php(507): CodeIgniter\CodeIgniter->runController(Object(App\Controllers\estudiante\PracticasEstudianteController))
#8 C:\xampp\htdocs\ITSI\vendor\codeigniter4\framework\system\CodeIgniter.php(354): CodeIgniter\CodeIgniter->handleRequest(NULL, Object(Config\Cache), false)
#9 C:\xampp\htdocs\ITSI\vendor\codeigniter4\framework\system\Boot.php(334): CodeIgniter\CodeIgniter->run()
#10 C:\xampp\htdocs\ITSI\vendor\codeigniter4\framework\system\Boot.php(67): CodeIgniter\Boot::runCodeIgniter(Object(CodeIgniter\CodeIgniter))
#11 C:\xampp\htdocs\ITSI\public\index.php(59): CodeIgniter\Boot::bootWeb(Object(Config\Paths))
#12 {main}
ERROR - 2026-03-02 20:24:53 --> Error al obtener servicios comunitarios: Table 'itsi.servicios_comunitarios' doesn't exist
DEBUG - 2026-03-02 20:24:55 --> Session: Class initialized using 'CodeIgniter\Session\Handlers\FileHandler' driver.
ERROR - 2026-03-02 20:24:55 --> mysqli_sql_exception: Table 'itsi.servicios_comunitarios' doesn't exist in C:\xampp\htdocs\ITSI\vendor\codeigniter4\framework\system\Database\MySQLi\Connection.php:327
Stack trace:
#0 C:\xampp\htdocs\ITSI\vendor\codeigniter4\framework\system\Database\MySQLi\Connection.php(327): mysqli->query('SELECT COUNT(*)...', 0)
#1 C:\xampp\htdocs\ITSI\vendor\codeigniter4\framework\system\Database\BaseConnection.php(738): CodeIgniter\Database\MySQLi\Connection->execute('SELECT COUNT(*)...')
#2 C:\xampp\htdocs\ITSI\vendor\codeigniter4\framework\system\Database\BaseConnection.php(652): CodeIgniter\Database\BaseConnection->simpleQuery('SELECT COUNT(*)...')
#3 C:\xampp\htdocs\ITSI\vendor\codeigniter4\framework\system\Database\BaseBuilder.php(1733): CodeIgniter\Database\BaseConnection->query('SELECT COUNT(*)...', Array, false)
#4 C:\xampp\htdocs\ITSI\app\Controllers\estudiante\PracticasEstudianteController.php(323): CodeIgniter\Database\BaseBuilder->countAllResults()
#5 C:\xampp\htdocs\ITSI\app\Controllers\estudiante\PracticasEstudianteController.php(73): App\Controllers\estudiante\PracticasEstudianteController->obtenerEstadisticasServicioComunitario('3')
#6 C:\xampp\htdocs\ITSI\vendor\codeigniter4\framework\system\CodeIgniter.php(933): App\Controllers\estudiante\PracticasEstudianteController->servicioComunitario()
#7 C:\xampp\htdocs\ITSI\vendor\codeigniter4\framework\system\CodeIgniter.php(507): CodeIgniter\CodeIgniter->runController(Object(App\Controllers\estudiante\PracticasEstudianteController))
#8 C:\xampp\htdocs\ITSI\vendor\codeigniter4\framework\system\CodeIgniter.php(354): CodeIgniter\CodeIgniter->handleRequest(NULL, Object(Config\Cache), false)
#9 C:\xampp\htdocs\ITSI\vendor\codeigniter4\framework\system\Boot.php(334): CodeIgniter\CodeIgniter->run()
#10 C:\xampp\htdocs\ITSI\vendor\codeigniter4\framework\system\Boot.php(67): CodeIgniter\Boot::runCodeIgniter(Object(CodeIgniter\CodeIgniter))
#11 C:\xampp\htdocs\ITSI\public\index.php(59): CodeIgniter\Boot::bootWeb(Object(Config\Paths))
#12 {main}
ERROR - 2026-03-02 20:24:55 --> Error al obtener estadísticas servicio comunitario: Table 'itsi.servicios_comunitarios' doesn't exist
ERROR - 2026-03-02 20:24:55 --> mysqli_sql_exception: Table 'itsi.servicios_comunitarios' doesn't exist in C:\xampp\htdocs\ITSI\vendor\codeigniter4\framework\system\Database\MySQLi\Connection.php:327
Stack trace:
#0 C:\xampp\htdocs\ITSI\vendor\codeigniter4\framework\system\Database\MySQLi\Connection.php(327): mysqli->query('SELECT `sc`.*, ...', 0)
#1 C:\xampp\htdocs\ITSI\vendor\codeigniter4\framework\system\Database\BaseConnection.php(738): CodeIgniter\Database\MySQLi\Connection->execute('SELECT `sc`.*, ...')
#2 C:\xampp\htdocs\ITSI\vendor\codeigniter4\framework\system\Database\BaseConnection.php(652): CodeIgniter\Database\BaseConnection->simpleQuery('SELECT `sc`.*, ...')
#3 C:\xampp\htdocs\ITSI\vendor\codeigniter4\framework\system\Database\BaseBuilder.php(1649): CodeIgniter\Database\BaseConnection->query('SELECT `sc`.*, ...', Array, false)
#4 C:\xampp\htdocs\ITSI\app\Controllers\estudiante\PracticasEstudianteController.php(428): CodeIgniter\Database\BaseBuilder->get()
#5 C:\xampp\htdocs\ITSI\app\Controllers\estudiante\PracticasEstudianteController.php(74): App\Controllers\estudiante\PracticasEstudianteController->obtenerServiciosComunitarios('3')
#6 C:\xampp\htdocs\ITSI\vendor\codeigniter4\framework\system\CodeIgniter.php(933): App\Controllers\estudiante\PracticasEstudianteController->servicioComunitario()
#7 C:\xampp\htdocs\ITSI\vendor\codeigniter4\framework\system\CodeIgniter.php(507): CodeIgniter\CodeIgniter->runController(Object(App\Controllers\estudiante\PracticasEstudianteController))
#8 C:\xampp\htdocs\ITSI\vendor\codeigniter4\framework\system\CodeIgniter.php(354): CodeIgniter\CodeIgniter->handleRequest(NULL, Object(Config\Cache), false)
#9 C:\xampp\htdocs\ITSI\vendor\codeigniter4\framework\system\Boot.php(334): CodeIgniter\CodeIgniter->run()
#10 C:\xampp\htdocs\ITSI\vendor\codeigniter4\framework\system\Boot.php(67): CodeIgniter\Boot::runCodeIgniter(Object(CodeIgniter\CodeIgniter))
#11 C:\xampp\htdocs\ITSI\public\index.php(59): CodeIgniter\Boot::bootWeb(Object(Config\Paths))
#12 {main}
ERROR - 2026-03-02 20:24:55 --> Error al obtener servicios comunitarios: Table 'itsi.servicios_comunitarios' doesn't exist
DEBUG - 2026-03-02 20:24:57 --> Session: Class initialized using 'CodeIgniter\Session\Handlers\FileHandler' driver.
ERROR - 2026-03-02 20:24:57 --> mysqli_sql_exception: Table 'itsi.practicas_preprofesionales' doesn't exist in C:\xampp\htdocs\ITSI\vendor\codeigniter4\framework\system\Database\MySQLi\Connection.php:327
Stack trace:
#0 C:\xampp\htdocs\ITSI\vendor\codeigniter4\framework\system\Database\MySQLi\Connection.php(327): mysqli->query('SELECT COUNT(*)...', 0)
#1 C:\xampp\htdocs\ITSI\vendor\codeigniter4\framework\system\Database\BaseConnection.php(738): CodeIgniter\Database\MySQLi\Connection->execute('SELECT COUNT(*)...')
#2 C:\xampp\htdocs\ITSI\vendor\codeigniter4\framework\system\Database\BaseConnection.php(652): CodeIgniter\Database\BaseConnection->simpleQuery('SELECT COUNT(*)...')
#3 C:\xampp\htdocs\ITSI\vendor\codeigniter4\framework\system\Database\BaseBuilder.php(1733): CodeIgniter\Database\BaseConnection->query('SELECT COUNT(*)...', Array, false)
#4 C:\xampp\htdocs\ITSI\app\Controllers\estudiante\PracticasEstudianteController.php(270): CodeIgniter\Database\BaseBuilder->countAllResults()
#5 C:\xampp\htdocs\ITSI\app\Controllers\estudiante\PracticasEstudianteController.php(41): App\Controllers\estudiante\PracticasEstudianteController->obtenerEstadisticasEstudiante('3')
#6 C:\xampp\htdocs\ITSI\vendor\codeigniter4\framework\system\CodeIgniter.php(933): App\Controllers\estudiante\PracticasEstudianteController->index()
#7 C:\xampp\htdocs\ITSI\vendor\codeigniter4\framework\system\CodeIgniter.php(507): CodeIgniter\CodeIgniter->runController(Object(App\Controllers\estudiante\PracticasEstudianteController))
#8 C:\xampp\htdocs\ITSI\vendor\codeigniter4\framework\system\CodeIgniter.php(354): CodeIgniter\CodeIgniter->handleRequest(NULL, Object(Config\Cache), false)
#9 C:\xampp\htdocs\ITSI\vendor\codeigniter4\framework\system\Boot.php(334): CodeIgniter\CodeIgniter->run()
#10 C:\xampp\htdocs\ITSI\vendor\codeigniter4\framework\system\Boot.php(67): CodeIgniter\Boot::runCodeIgniter(Object(CodeIgniter\CodeIgniter))
#11 C:\xampp\htdocs\ITSI\public\index.php(59): CodeIgniter\Boot::bootWeb(Object(Config\Paths))
#12 {main}
ERROR - 2026-03-02 20:24:57 --> Error al obtener estadísticas: Table 'itsi.practicas_preprofesionales' doesn't exist
ERROR - 2026-03-02 20:24:57 --> mysqli_sql_exception: Table 'itsi.practicas_preprofesionales' doesn't exist in C:\xampp\htdocs\ITSI\vendor\codeigniter4\framework\system\Database\MySQLi\Connection.php:327
Stack trace:
#0 C:\xampp\htdocs\ITSI\vendor\codeigniter4\framework\system\Database\MySQLi\Connection.php(327): mysqli->query('SELECT `pp`.*, ...', 0)
#1 C:\xampp\htdocs\ITSI\vendor\codeigniter4\framework\system\Database\BaseConnection.php(738): CodeIgniter\Database\MySQLi\Connection->execute('SELECT `pp`.*, ...')
#2 C:\xampp\htdocs\ITSI\vendor\codeigniter4\framework\system\Database\BaseConnection.php(652): CodeIgniter\Database\BaseConnection->simpleQuery('SELECT `pp`.*, ...')
#3 C:\xampp\htdocs\ITSI\vendor\codeigniter4\framework\system\Database\BaseBuilder.php(1649): CodeIgniter\Database\BaseConnection->query('SELECT `pp`.*, ...', Array, false)
#4 C:\xampp\htdocs\ITSI\app\Controllers\estudiante\PracticasEstudianteController.php(409): CodeIgniter\Database\BaseBuilder->get()
#5 C:\xampp\htdocs\ITSI\app\Controllers\estudiante\PracticasEstudianteController.php(44): App\Controllers\estudiante\PracticasEstudianteController->obtenerPracticasPreprofesionales('3')
#6 C:\xampp\htdocs\ITSI\vendor\codeigniter4\framework\system\CodeIgniter.php(933): App\Controllers\estudiante\PracticasEstudianteController->index()
#7 C:\xampp\htdocs\ITSI\vendor\codeigniter4\framework\system\CodeIgniter.php(507): CodeIgniter\CodeIgniter->runController(Object(App\Controllers\estudiante\PracticasEstudianteController))
#8 C:\xampp\htdocs\ITSI\vendor\codeigniter4\framework\system\CodeIgniter.php(354): CodeIgniter\CodeIgniter->handleRequest(NULL, Object(Config\Cache), false)
#9 C:\xampp\htdocs\ITSI\vendor\codeigniter4\framework\system\Boot.php(334): CodeIgniter\CodeIgniter->run()
#10 C:\xampp\htdocs\ITSI\vendor\codeigniter4\framework\system\Boot.php(67): CodeIgniter\Boot::runCodeIgniter(Object(CodeIgniter\CodeIgniter))
#11 C:\xampp\htdocs\ITSI\public\index.php(59): CodeIgniter\Boot::bootWeb(Object(Config\Paths))
#12 {main}
ERROR - 2026-03-02 20:24:57 --> Error al obtener prácticas preprofesionales: Table 'itsi.practicas_preprofesionales' doesn't exist
ERROR - 2026-03-02 20:24:57 --> mysqli_sql_exception: Table 'itsi.servicios_comunitarios' doesn't exist in C:\xampp\htdocs\ITSI\vendor\codeigniter4\framework\system\Database\MySQLi\Connection.php:327
Stack trace:
#0 C:\xampp\htdocs\ITSI\vendor\codeigniter4\framework\system\Database\MySQLi\Connection.php(327): mysqli->query('SELECT `sc`.*, ...', 0)
#1 C:\xampp\htdocs\ITSI\vendor\codeigniter4\framework\system\Database\BaseConnection.php(738): CodeIgniter\Database\MySQLi\Connection->execute('SELECT `sc`.*, ...')
#2 C:\xampp\htdocs\ITSI\vendor\codeigniter4\framework\system\Database\BaseConnection.php(652): CodeIgniter\Database\BaseConnection->simpleQuery('SELECT `sc`.*, ...')
#3 C:\xampp\htdocs\ITSI\vendor\codeigniter4\framework\system\Database\BaseBuilder.php(1649): CodeIgniter\Database\BaseConnection->query('SELECT `sc`.*, ...', Array, false)
#4 C:\xampp\htdocs\ITSI\app\Controllers\estudiante\PracticasEstudianteController.php(428): CodeIgniter\Database\BaseBuilder->get()
#5 C:\xampp\htdocs\ITSI\app\Controllers\estudiante\PracticasEstudianteController.php(47): App\Controllers\estudiante\PracticasEstudianteController->obtenerServiciosComunitarios('3')
#6 C:\xampp\htdocs\ITSI\vendor\codeigniter4\framework\system\CodeIgniter.php(933): App\Controllers\estudiante\PracticasEstudianteController->index()
#7 C:\xampp\htdocs\ITSI\vendor\codeigniter4\framework\system\CodeIgniter.php(507): CodeIgniter\CodeIgniter->runController(Object(App\Controllers\estudiante\PracticasEstudianteController))
#8 C:\xampp\htdocs\ITSI\vendor\codeigniter4\framework\system\CodeIgniter.php(354): CodeIgniter\CodeIgniter->handleRequest(NULL, Object(Config\Cache), false)
#9 C:\xampp\htdocs\ITSI\vendor\codeigniter4\framework\system\Boot.php(334): CodeIgniter\CodeIgniter->run()
#10 C:\xampp\htdocs\ITSI\vendor\codeigniter4\framework\system\Boot.php(67): CodeIgniter\Boot::runCodeIgniter(Object(CodeIgniter\CodeIgniter))
#11 C:\xampp\htdocs\ITSI\public\index.php(59): CodeIgniter\Boot::bootWeb(Object(Config\Paths))
#12 {main}
ERROR - 2026-03-02 20:24:57 --> Error al obtener servicios comunitarios: Table 'itsi.servicios_comunitarios' doesn't exist
DEBUG - 2026-03-02 20:28:59 --> Session: Class initialized using 'CodeIgniter\Session\Handlers\FileHandler' driver.
ERROR - 2026-03-02 20:28:59 --> mysqli_sql_exception: Table 'itsi.practicas_preprofesionales' doesn't exist in C:\xampp\htdocs\ITSI\vendor\codeigniter4\framework\system\Database\MySQLi\Connection.php:327
Stack trace:
#0 C:\xampp\htdocs\ITSI\vendor\codeigniter4\framework\system\Database\MySQLi\Connection.php(327): mysqli->query('SELECT COUNT(*)...', 0)
#1 C:\xampp\htdocs\ITSI\vendor\codeigniter4\framework\system\Database\BaseConnection.php(738): CodeIgniter\Database\MySQLi\Connection->execute('SELECT COUNT(*)...')
#2 C:\xampp\htdocs\ITSI\vendor\codeigniter4\framework\system\Database\BaseConnection.php(652): CodeIgniter\Database\BaseConnection->simpleQuery('SELECT COUNT(*)...')
#3 C:\xampp\htdocs\ITSI\vendor\codeigniter4\framework\system\Database\BaseBuilder.php(1733): CodeIgniter\Database\BaseConnection->query('SELECT COUNT(*)...', Array, false)
#4 C:\xampp\htdocs\ITSI\app\Controllers\estudiante\PracticasEstudianteController.php(281): CodeIgniter\Database\BaseBuilder->countAllResults()
#5 C:\xampp\htdocs\ITSI\app\Controllers\estudiante\PracticasEstudianteController.php(44): App\Controllers\estudiante\PracticasEstudianteController->obtenerEstadisticasEstudiante('3')
#6 C:\xampp\htdocs\ITSI\vendor\codeigniter4\framework\system\CodeIgniter.php(933): App\Controllers\estudiante\PracticasEstudianteController->index()
#7 C:\xampp\htdocs\ITSI\vendor\codeigniter4\framework\system\CodeIgniter.php(507): CodeIgniter\CodeIgniter->runController(Object(App\Controllers\estudiante\PracticasEstudianteController))
#8 C:\xampp\htdocs\ITSI\vendor\codeigniter4\framework\system\CodeIgniter.php(354): CodeIgniter\CodeIgniter->handleRequest(NULL, Object(Config\Cache), false)
#9 C:\xampp\htdocs\ITSI\vendor\codeigniter4\framework\system\Boot.php(334): CodeIgniter\CodeIgniter->run()
#10 C:\xampp\htdocs\ITSI\vendor\codeigniter4\framework\system\Boot.php(67): CodeIgniter\Boot::runCodeIgniter(Object(CodeIgniter\CodeIgniter))
#11 C:\xampp\htdocs\ITSI\public\index.php(59): CodeIgniter\Boot::bootWeb(Object(Config\Paths))
#12 {main}
ERROR - 2026-03-02 20:28:59 --> Error al obtener estadísticas: Table 'itsi.practicas_preprofesionales' doesn't exist
ERROR - 2026-03-02 20:28:59 --> mysqli_sql_exception: Table 'itsi.practicas_preprofesionales' doesn't exist in C:\xampp\htdocs\ITSI\vendor\codeigniter4\framework\system\Database\MySQLi\Connection.php:327
Stack trace:
#0 C:\xampp\htdocs\ITSI\vendor\codeigniter4\framework\system\Database\MySQLi\Connection.php(327): mysqli->query('SELECT `pp`.*, ...', 0)
#1 C:\xampp\htdocs\ITSI\vendor\codeigniter4\framework\system\Database\BaseConnection.php(738): CodeIgniter\Database\MySQLi\Connection->execute('SELECT `pp`.*, ...')
#2 C:\xampp\htdocs\ITSI\vendor\codeigniter4\framework\system\Database\BaseConnection.php(652): CodeIgniter\Database\BaseConnection->simpleQuery('SELECT `pp`.*, ...')
#3 C:\xampp\htdocs\ITSI\vendor\codeigniter4\framework\system\Database\BaseBuilder.php(1649): CodeIgniter\Database\BaseConnection->query('SELECT `pp`.*, ...', Array, false)
#4 C:\xampp\htdocs\ITSI\app\Controllers\estudiante\PracticasEstudianteController.php(453): CodeIgniter\Database\BaseBuilder->get()
#5 C:\xampp\htdocs\ITSI\app\Controllers\estudiante\PracticasEstudianteController.php(47): App\Controllers\estudiante\PracticasEstudianteController->obtenerPracticasPreprofesionales('3')
#6 C:\xampp\htdocs\ITSI\vendor\codeigniter4\framework\system\CodeIgniter.php(933): App\Controllers\estudiante\PracticasEstudianteController->index()
#7 C:\xampp\htdocs\ITSI\vendor\codeigniter4\framework\system\CodeIgniter.php(507): CodeIgniter\CodeIgniter->runController(Object(App\Controllers\estudiante\PracticasEstudianteController))
#8 C:\xampp\htdocs\ITSI\vendor\codeigniter4\framework\system\CodeIgniter.php(354): CodeIgniter\CodeIgniter->handleRequest(NULL, Object(Config\Cache), false)
#9 C:\xampp\htdocs\ITSI\vendor\codeigniter4\framework\system\Boot.php(334): CodeIgniter\CodeIgniter->run()
#10 C:\xampp\htdocs\ITSI\vendor\codeigniter4\framework\system\Boot.php(67): CodeIgniter\Boot::runCodeIgniter(Object(CodeIgniter\CodeIgniter))
#11 C:\xampp\htdocs\ITSI\public\index.php(59): CodeIgniter\Boot::bootWeb(Object(Config\Paths))
#12 {main}
ERROR - 2026-03-02 20:28:59 --> Error al obtener prácticas preprofesionales: Table 'itsi.practicas_preprofesionales' doesn't exist
ERROR - 2026-03-02 20:28:59 --> mysqli_sql_exception: Table 'itsi.servicios_comunitarios' doesn't exist in C:\xampp\htdocs\ITSI\vendor\codeigniter4\framework\system\Database\MySQLi\Connection.php:327
Stack trace:
#0 C:\xampp\htdocs\ITSI\vendor\codeigniter4\framework\system\Database\MySQLi\Connection.php(327): mysqli->query('SELECT `sc`.*, ...', 0)
#1 C:\xampp\htdocs\ITSI\vendor\codeigniter4\framework\system\Database\BaseConnection.php(738): CodeIgniter\Database\MySQLi\Connection->execute('SELECT `sc`.*, ...')
#2 C:\xampp\htdocs\ITSI\vendor\codeigniter4\framework\system\Database\BaseConnection.php(652): CodeIgniter\Database\BaseConnection->simpleQuery('SELECT `sc`.*, ...')
#3 C:\xampp\htdocs\ITSI\vendor\codeigniter4\framework\system\Database\BaseBuilder.php(1649): CodeIgniter\Database\BaseConnection->query('SELECT `sc`.*, ...', Array, false)
#4 C:\xampp\htdocs\ITSI\app\Controllers\estudiante\PracticasEstudianteController.php(472): CodeIgniter\Database\BaseBuilder->get()
#5 C:\xampp\htdocs\ITSI\app\Controllers\estudiante\PracticasEstudianteController.php(50): App\Controllers\estudiante\PracticasEstudianteController->obtenerServiciosComunitarios('3')
#6 C:\xampp\htdocs\ITSI\vendor\codeigniter4\framework\system\CodeIgniter.php(933): App\Controllers\estudiante\PracticasEstudianteController->index()
#7 C:\xampp\htdocs\ITSI\vendor\codeigniter4\framework\system\CodeIgniter.php(507): CodeIgniter\CodeIgniter->runController(Object(App\Controllers\estudiante\PracticasEstudianteController))
#8 C:\xampp\htdocs\ITSI\vendor\codeigniter4\framework\system\CodeIgniter.php(354): CodeIgniter\CodeIgniter->handleRequest(NULL, Object(Config\Cache), false)
#9 C:\xampp\htdocs\ITSI\vendor\codeigniter4\framework\system\Boot.php(334): CodeIgniter\CodeIgniter->run()
#10 C:\xampp\htdocs\ITSI\vendor\codeigniter4\framework\system\Boot.php(67): CodeIgniter\Boot::runCodeIgniter(Object(CodeIgniter\CodeIgniter))
#11 C:\xampp\htdocs\ITSI\public\index.php(59): CodeIgniter\Boot::bootWeb(Object(Config\Paths))
#12 {main}
ERROR - 2026-03-02 20:28:59 --> Error al obtener servicios comunitarios: Table 'itsi.servicios_comunitarios' doesn't exist
ERROR - 2026-03-02 20:28:59 --> mysqli_sql_exception: Unknown column 'er.ESTADO' in 'field list' in C:\xampp\htdocs\ITSI\vendor\codeigniter4\framework\system\Database\MySQLi\Connection.php:327
Stack trace:
#0 C:\xampp\htdocs\ITSI\vendor\codeigniter4\framework\system\Database\MySQLi\Connection.php(327): mysqli->query('SELECT `tdp`.`I...', 0)
#1 C:\xampp\htdocs\ITSI\vendor\codeigniter4\framework\system\Database\BaseConnection.php(738): CodeIgniter\Database\MySQLi\Connection->execute('SELECT `tdp`.`I...')
#2 C:\xampp\htdocs\ITSI\vendor\codeigniter4\framework\system\Database\BaseConnection.php(652): CodeIgniter\Database\BaseConnection->simpleQuery('SELECT `tdp`.`I...')
#3 C:\xampp\htdocs\ITSI\vendor\codeigniter4\framework\system\Database\BaseBuilder.php(1649): CodeIgniter\Database\BaseConnection->query('SELECT `tdp`.`I...', Array, false)
#4 C:\xampp\htdocs\ITSI\app\Models\DocumentosPracticasModel.php(372): CodeIgniter\Database\BaseBuilder->get()
#5 C:\xampp\htdocs\ITSI\app\Controllers\estudiante\PracticasEstudianteController.php(57): App\Models\DocumentosPracticasModel->getProgresoEstudiante('3')
#6 C:\xampp\htdocs\ITSI\vendor\codeigniter4\framework\system\CodeIgniter.php(933): App\Controllers\estudiante\PracticasEstudianteController->index()
#7 C:\xampp\htdocs\ITSI\vendor\codeigniter4\framework\system\CodeIgniter.php(507): CodeIgniter\CodeIgniter->runController(Object(App\Controllers\estudiante\PracticasEstudianteController))
#8 C:\xampp\htdocs\ITSI\vendor\codeigniter4\framework\system\CodeIgniter.php(354): CodeIgniter\CodeIgniter->handleRequest(NULL, Object(Config\Cache), false)
#9 C:\xampp\htdocs\ITSI\vendor\codeigniter4\framework\system\Boot.php(334): CodeIgniter\CodeIgniter->run()
#10 C:\xampp\htdocs\ITSI\vendor\codeigniter4\framework\system\Boot.php(67): CodeIgniter\Boot::runCodeIgniter(Object(CodeIgniter\CodeIgniter))
#11 C:\xampp\htdocs\ITSI\public\index.php(59): CodeIgniter\Boot::bootWeb(Object(Config\Paths))
#12 {main}
CRITICAL - 2026-03-02 20:28:59 --> CodeIgniter\Database\Exceptions\DatabaseException: Unknown column 'er.ESTADO' in 'field list'
[Method: GET, Route: estudiante/practicas]
in SYSTEMPATH\Database\BaseConnection.php on line 692.
 1 SYSTEMPATH\Database\BaseBuilder.php(1649): CodeIgniter\Database\BaseConnection->query('SELECT `tdp`.`ID_TIPO_DOCUMENTO_PREPROFESIONAL`, `tdp`.`CODIGO`, `tdp`.`NOMBRE` as `TIPO_DOCUMENTO_NOMBRE`, `dp`.`ID_DOCUMENTO_PREPROFESIONAL`, `dp`.`FECHA_SUBIDA`, `er`.`ESTADO` as `ESTADO_REVISION`, `dp`.`OBSERVACIONES_REVISOR`
FROM `TAB_DOCUMENTOS_PRACTICAS_PREPROFESIONALES` `dp`
RIGHT JOIN `TAB_TIPOS_DOCUMENTOS_PREPROFESIONALES` `tdp` ON `dp`.`ID_TIPO_DOCUMENTO` = `tdp`.`ID_TIPO_DOCUMENTO_PREPROFESIONAL`
WHERE `dp`.`ID_USUARIO` = :dp.ID_USUARIO:
OR `dp`.`ID_USUARIO` IS NULL
ORDER BY `tdp`.`CODIGO` ASC', [...], false)
 2 APPPATH\Models\DocumentosPracticasModel.php(372): CodeIgniter\Database\BaseBuilder->get()
 3 APPPATH\Controllers\estudiante\PracticasEstudianteController.php(57): App\Models\DocumentosPracticasModel->getProgresoEstudiante('3')
 4 SYSTEMPATH\CodeIgniter.php(933): App\Controllers\estudiante\PracticasEstudianteController->index()
 5 SYSTEMPATH\CodeIgniter.php(507): CodeIgniter\CodeIgniter->runController(Object(App\Controllers\estudiante\PracticasEstudianteController))
 6 SYSTEMPATH\CodeIgniter.php(354): CodeIgniter\CodeIgniter->handleRequest(null, Object(Config\Cache), false)
 7 SYSTEMPATH\Boot.php(334): CodeIgniter\CodeIgniter->run()
 8 SYSTEMPATH\Boot.php(67): CodeIgniter\Boot::runCodeIgniter(Object(CodeIgniter\CodeIgniter))
 9 FCPATH\index.php(59): CodeIgniter\Boot::bootWeb(Object(Config\Paths))
CRITICAL - 2026-03-02 20:28:59 --> [Caused by] CodeIgniter\Database\Exceptions\DatabaseException: Unknown column 'er.ESTADO' in 'field list'
in SYSTEMPATH\Database\MySQLi\Connection.php on line 332.
 1 SYSTEMPATH\Database\BaseConnection.php(738): CodeIgniter\Database\MySQLi\Connection->execute('SELECT `tdp`.`ID_TIPO_DOCUMENTO_PREPROFESIONAL`, `tdp`.`CODIGO`, `tdp`.`NOMBRE` as `TIPO_DOCUMENTO_NOMBRE`, `dp`.`ID_DOCUMENTO_PREPROFESIONAL`, `dp`.`FECHA_SUBIDA`, `er`.`ESTADO` as `ESTADO_REVISION`, `dp`.`OBSERVACIONES_REVISOR`
FROM `TAB_DOCUMENTOS_PRACTICAS_PREPROFESIONALES` `dp`
RIGHT JOIN `TAB_TIPOS_DOCUMENTOS_PREPROFESIONALES` `tdp` ON `dp`.`ID_TIPO_DOCUMENTO` = `tdp`.`ID_TIPO_DOCUMENTO_PREPROFESIONAL`
WHERE `dp`.`ID_USUARIO` = \'3\'
OR `dp`.`ID_USUARIO` IS NULL
ORDER BY `tdp`.`CODIGO` ASC')
 2 SYSTEMPATH\Database\BaseConnection.php(652): CodeIgniter\Database\BaseConnection->simpleQuery('SELECT `tdp`.`ID_TIPO_DOCUMENTO_PREPROFESIONAL`, `tdp`.`CODIGO`, `tdp`.`NOMBRE` as `TIPO_DOCUMENTO_NOMBRE`, `dp`.`ID_DOCUMENTO_PREPROFESIONAL`, `dp`.`FECHA_SUBIDA`, `er`.`ESTADO` as `ESTADO_REVISION`, `dp`.`OBSERVACIONES_REVISOR`
FROM `TAB_DOCUMENTOS_PRACTICAS_PREPROFESIONALES` `dp`
RIGHT JOIN `TAB_TIPOS_DOCUMENTOS_PREPROFESIONALES` `tdp` ON `dp`.`ID_TIPO_DOCUMENTO` = `tdp`.`ID_TIPO_DOCUMENTO_PREPROFESIONAL`
WHERE `dp`.`ID_USUARIO` = \'3\'
OR `dp`.`ID_USUARIO` IS NULL
ORDER BY `tdp`.`CODIGO` ASC')
 3 SYSTEMPATH\Database\BaseBuilder.php(1649): CodeIgniter\Database\BaseConnection->query('SELECT `tdp`.`ID_TIPO_DOCUMENTO_PREPROFESIONAL`, `tdp`.`CODIGO`, `tdp`.`NOMBRE` as `TIPO_DOCUMENTO_NOMBRE`, `dp`.`ID_DOCUMENTO_PREPROFESIONAL`, `dp`.`FECHA_SUBIDA`, `er`.`ESTADO` as `ESTADO_REVISION`, `dp`.`OBSERVACIONES_REVISOR`
FROM `TAB_DOCUMENTOS_PRACTICAS_PREPROFESIONALES` `dp`
RIGHT JOIN `TAB_TIPOS_DOCUMENTOS_PREPROFESIONALES` `tdp` ON `dp`.`ID_TIPO_DOCUMENTO` = `tdp`.`ID_TIPO_DOCUMENTO_PREPROFESIONAL`
WHERE `dp`.`ID_USUARIO` = :dp.ID_USUARIO:
OR `dp`.`ID_USUARIO` IS NULL
ORDER BY `tdp`.`CODIGO` ASC', [...], false)
 4 APPPATH\Models\DocumentosPracticasModel.php(372): CodeIgniter\Database\BaseBuilder->get()
 5 APPPATH\Controllers\estudiante\PracticasEstudianteController.php(57): App\Models\DocumentosPracticasModel->getProgresoEstudiante('3')
 6 SYSTEMPATH\CodeIgniter.php(933): App\Controllers\estudiante\PracticasEstudianteController->index()
 7 SYSTEMPATH\CodeIgniter.php(507): CodeIgniter\CodeIgniter->runController(Object(App\Controllers\estudiante\PracticasEstudianteController))
 8 SYSTEMPATH\CodeIgniter.php(354): CodeIgniter\CodeIgniter->handleRequest(null, Object(Config\Cache), false)
 9 SYSTEMPATH\Boot.php(334): CodeIgniter\CodeIgniter->run()
10 SYSTEMPATH\Boot.php(67): CodeIgniter\Boot::runCodeIgniter(Object(CodeIgniter\CodeIgniter))
11 FCPATH\index.php(59): CodeIgniter\Boot::bootWeb(Object(Config\Paths))
CRITICAL - 2026-03-02 20:28:59 --> [Caused by] mysqli_sql_exception: Unknown column 'er.ESTADO' in 'field list'
in SYSTEMPATH\Database\MySQLi\Connection.php on line 327.
 1 SYSTEMPATH\Database\MySQLi\Connection.php(327): mysqli->query('SELECT `tdp`.`ID_TIPO_DOCUMENTO_PREPROFESIONAL`, `tdp`.`CODIGO`, `tdp`.`NOMBRE` as `TIPO_DOCUMENTO_NOMBRE`, `dp`.`ID_DOCUMENTO_PREPROFESIONAL`, `dp`.`FECHA_SUBIDA`, `er`.`ESTADO` as `ESTADO_REVISION`, `dp`.`OBSERVACIONES_REVISOR`
FROM `TAB_DOCUMENTOS_PRACTICAS_PREPROFESIONALES` `dp`
RIGHT JOIN `TAB_TIPOS_DOCUMENTOS_PREPROFESIONALES` `tdp` ON `dp`.`ID_TIPO_DOCUMENTO` = `tdp`.`ID_TIPO_DOCUMENTO_PREPROFESIONAL`
WHERE `dp`.`ID_USUARIO` = \'3\'
OR `dp`.`ID_USUARIO` IS NULL
ORDER BY `tdp`.`CODIGO` ASC', 0)
 2 SYSTEMPATH\Database\BaseConnection.php(738): CodeIgniter\Database\MySQLi\Connection->execute('SELECT `tdp`.`ID_TIPO_DOCUMENTO_PREPROFESIONAL`, `tdp`.`CODIGO`, `tdp`.`NOMBRE` as `TIPO_DOCUMENTO_NOMBRE`, `dp`.`ID_DOCUMENTO_PREPROFESIONAL`, `dp`.`FECHA_SUBIDA`, `er`.`ESTADO` as `ESTADO_REVISION`, `dp`.`OBSERVACIONES_REVISOR`
FROM `TAB_DOCUMENTOS_PRACTICAS_PREPROFESIONALES` `dp`
RIGHT JOIN `TAB_TIPOS_DOCUMENTOS_PREPROFESIONALES` `tdp` ON `dp`.`ID_TIPO_DOCUMENTO` = `tdp`.`ID_TIPO_DOCUMENTO_PREPROFESIONAL`
WHERE `dp`.`ID_USUARIO` = \'3\'
OR `dp`.`ID_USUARIO` IS NULL
ORDER BY `tdp`.`CODIGO` ASC')
 3 SYSTEMPATH\Database\BaseConnection.php(652): CodeIgniter\Database\BaseConnection->simpleQuery('SELECT `tdp`.`ID_TIPO_DOCUMENTO_PREPROFESIONAL`, `tdp`.`CODIGO`, `tdp`.`NOMBRE` as `TIPO_DOCUMENTO_NOMBRE`, `dp`.`ID_DOCUMENTO_PREPROFESIONAL`, `dp`.`FECHA_SUBIDA`, `er`.`ESTADO` as `ESTADO_REVISION`, `dp`.`OBSERVACIONES_REVISOR`
FROM `TAB_DOCUMENTOS_PRACTICAS_PREPROFESIONALES` `dp`
RIGHT JOIN `TAB_TIPOS_DOCUMENTOS_PREPROFESIONALES` `tdp` ON `dp`.`ID_TIPO_DOCUMENTO` = `tdp`.`ID_TIPO_DOCUMENTO_PREPROFESIONAL`
WHERE `dp`.`ID_USUARIO` = \'3\'
OR `dp`.`ID_USUARIO` IS NULL
ORDER BY `tdp`.`CODIGO` ASC')
 4 SYSTEMPATH\Database\BaseBuilder.php(1649): CodeIgniter\Database\BaseConnection->query('SELECT `tdp`.`ID_TIPO_DOCUMENTO_PREPROFESIONAL`, `tdp`.`CODIGO`, `tdp`.`NOMBRE` as `TIPO_DOCUMENTO_NOMBRE`, `dp`.`ID_DOCUMENTO_PREPROFESIONAL`, `dp`.`FECHA_SUBIDA`, `er`.`ESTADO` as `ESTADO_REVISION`, `dp`.`OBSERVACIONES_REVISOR`
FROM `TAB_DOCUMENTOS_PRACTICAS_PREPROFESIONALES` `dp`
RIGHT JOIN `TAB_TIPOS_DOCUMENTOS_PREPROFESIONALES` `tdp` ON `dp`.`ID_TIPO_DOCUMENTO` = `tdp`.`ID_TIPO_DOCUMENTO_PREPROFESIONAL`
WHERE `dp`.`ID_USUARIO` = :dp.ID_USUARIO:
OR `dp`.`ID_USUARIO` IS NULL
ORDER BY `tdp`.`CODIGO` ASC', [...], false)
 5 APPPATH\Models\DocumentosPracticasModel.php(372): CodeIgniter\Database\BaseBuilder->get()
 6 APPPATH\Controllers\estudiante\PracticasEstudianteController.php(57): App\Models\DocumentosPracticasModel->getProgresoEstudiante('3')
 7 SYSTEMPATH\CodeIgniter.php(933): App\Controllers\estudiante\PracticasEstudianteController->index()
 8 SYSTEMPATH\CodeIgniter.php(507): CodeIgniter\CodeIgniter->runController(Object(App\Controllers\estudiante\PracticasEstudianteController))
 9 SYSTEMPATH\CodeIgniter.php(354): CodeIgniter\CodeIgniter->handleRequest(null, Object(Config\Cache), false)
10 SYSTEMPATH\Boot.php(334): CodeIgniter\CodeIgniter->run()
11 SYSTEMPATH\Boot.php(67): CodeIgniter\Boot::runCodeIgniter(Object(CodeIgniter\CodeIgniter))
12 FCPATH\index.php(59): CodeIgniter\Boot::bootWeb(Object(Config\Paths))
DEBUG - 2026-03-02 20:30:37 --> Session: Class initialized using 'CodeIgniter\Session\Handlers\FileHandler' driver.
ERROR - 2026-03-02 20:30:37 --> mysqli_sql_exception: Table 'itsi.practicas_preprofesionales' doesn't exist in C:\xampp\htdocs\ITSI\vendor\codeigniter4\framework\system\Database\MySQLi\Connection.php:327
Stack trace:
#0 C:\xampp\htdocs\ITSI\vendor\codeigniter4\framework\system\Database\MySQLi\Connection.php(327): mysqli->query('SELECT COUNT(*)...', 0)
#1 C:\xampp\htdocs\ITSI\vendor\codeigniter4\framework\system\Database\BaseConnection.php(738): CodeIgniter\Database\MySQLi\Connection->execute('SELECT COUNT(*)...')
#2 C:\xampp\htdocs\ITSI\vendor\codeigniter4\framework\system\Database\BaseConnection.php(652): CodeIgniter\Database\BaseConnection->simpleQuery('SELECT COUNT(*)...')
#3 C:\xampp\htdocs\ITSI\vendor\codeigniter4\framework\system\Database\BaseBuilder.php(1733): CodeIgniter\Database\BaseConnection->query('SELECT COUNT(*)...', Array, false)
#4 C:\xampp\htdocs\ITSI\app\Controllers\estudiante\PracticasEstudianteController.php(281): CodeIgniter\Database\BaseBuilder->countAllResults()
#5 C:\xampp\htdocs\ITSI\app\Controllers\estudiante\PracticasEstudianteController.php(44): App\Controllers\estudiante\PracticasEstudianteController->obtenerEstadisticasEstudiante('3')
#6 C:\xampp\htdocs\ITSI\vendor\codeigniter4\framework\system\CodeIgniter.php(933): App\Controllers\estudiante\PracticasEstudianteController->index()
#7 C:\xampp\htdocs\ITSI\vendor\codeigniter4\framework\system\CodeIgniter.php(507): CodeIgniter\CodeIgniter->runController(Object(App\Controllers\estudiante\PracticasEstudianteController))
#8 C:\xampp\htdocs\ITSI\vendor\codeigniter4\framework\system\CodeIgniter.php(354): CodeIgniter\CodeIgniter->handleRequest(NULL, Object(Config\Cache), false)
#9 C:\xampp\htdocs\ITSI\vendor\codeigniter4\framework\system\Boot.php(334): CodeIgniter\CodeIgniter->run()
#10 C:\xampp\htdocs\ITSI\vendor\codeigniter4\framework\system\Boot.php(67): CodeIgniter\Boot::runCodeIgniter(Object(CodeIgniter\CodeIgniter))
#11 C:\xampp\htdocs\ITSI\public\index.php(59): CodeIgniter\Boot::bootWeb(Object(Config\Paths))
#12 {main}
ERROR - 2026-03-02 20:30:37 --> Error al obtener estadísticas: Table 'itsi.practicas_preprofesionales' doesn't exist
ERROR - 2026-03-02 20:30:37 --> mysqli_sql_exception: Table 'itsi.practicas_preprofesionales' doesn't exist in C:\xampp\htdocs\ITSI\vendor\codeigniter4\framework\system\Database\MySQLi\Connection.php:327
Stack trace:
#0 C:\xampp\htdocs\ITSI\vendor\codeigniter4\framework\system\Database\MySQLi\Connection.php(327): mysqli->query('SELECT `pp`.*, ...', 0)
#1 C:\xampp\htdocs\ITSI\vendor\codeigniter4\framework\system\Database\BaseConnection.php(738): CodeIgniter\Database\MySQLi\Connection->execute('SELECT `pp`.*, ...')
#2 C:\xampp\htdocs\ITSI\vendor\codeigniter4\framework\system\Database\BaseConnection.php(652): CodeIgniter\Database\BaseConnection->simpleQuery('SELECT `pp`.*, ...')
#3 C:\xampp\htdocs\ITSI\vendor\codeigniter4\framework\system\Database\BaseBuilder.php(1649): CodeIgniter\Database\BaseConnection->query('SELECT `pp`.*, ...', Array, false)
#4 C:\xampp\htdocs\ITSI\app\Controllers\estudiante\PracticasEstudianteController.php(453): CodeIgniter\Database\BaseBuilder->get()
#5 C:\xampp\htdocs\ITSI\app\Controllers\estudiante\PracticasEstudianteController.php(47): App\Controllers\estudiante\PracticasEstudianteController->obtenerPracticasPreprofesionales('3')
#6 C:\xampp\htdocs\ITSI\vendor\codeigniter4\framework\system\CodeIgniter.php(933): App\Controllers\estudiante\PracticasEstudianteController->index()
#7 C:\xampp\htdocs\ITSI\vendor\codeigniter4\framework\system\CodeIgniter.php(507): CodeIgniter\CodeIgniter->runController(Object(App\Controllers\estudiante\PracticasEstudianteController))
#8 C:\xampp\htdocs\ITSI\vendor\codeigniter4\framework\system\CodeIgniter.php(354): CodeIgniter\CodeIgniter->handleRequest(NULL, Object(Config\Cache), false)
#9 C:\xampp\htdocs\ITSI\vendor\codeigniter4\framework\system\Boot.php(334): CodeIgniter\CodeIgniter->run()
#10 C:\xampp\htdocs\ITSI\vendor\codeigniter4\framework\system\Boot.php(67): CodeIgniter\Boot::runCodeIgniter(Object(CodeIgniter\CodeIgniter))
#11 C:\xampp\htdocs\ITSI\public\index.php(59): CodeIgniter\Boot::bootWeb(Object(Config\Paths))
#12 {main}
ERROR - 2026-03-02 20:30:37 --> Error al obtener prácticas preprofesionales: Table 'itsi.practicas_preprofesionales' doesn't exist
ERROR - 2026-03-02 20:30:37 --> mysqli_sql_exception: Table 'itsi.servicios_comunitarios' doesn't exist in C:\xampp\htdocs\ITSI\vendor\codeigniter4\framework\system\Database\MySQLi\Connection.php:327
Stack trace:
#0 C:\xampp\htdocs\ITSI\vendor\codeigniter4\framework\system\Database\MySQLi\Connection.php(327): mysqli->query('SELECT `sc`.*, ...', 0)
#1 C:\xampp\htdocs\ITSI\vendor\codeigniter4\framework\system\Database\BaseConnection.php(738): CodeIgniter\Database\MySQLi\Connection->execute('SELECT `sc`.*, ...')
#2 C:\xampp\htdocs\ITSI\vendor\codeigniter4\framework\system\Database\BaseConnection.php(652): CodeIgniter\Database\BaseConnection->simpleQuery('SELECT `sc`.*, ...')
#3 C:\xampp\htdocs\ITSI\vendor\codeigniter4\framework\system\Database\BaseBuilder.php(1649): CodeIgniter\Database\BaseConnection->query('SELECT `sc`.*, ...', Array, false)
#4 C:\xampp\htdocs\ITSI\app\Controllers\estudiante\PracticasEstudianteController.php(472): CodeIgniter\Database\BaseBuilder->get()
#5 C:\xampp\htdocs\ITSI\app\Controllers\estudiante\PracticasEstudianteController.php(50): App\Controllers\estudiante\PracticasEstudianteController->obtenerServiciosComunitarios('3')
#6 C:\xampp\htdocs\ITSI\vendor\codeigniter4\framework\system\CodeIgniter.php(933): App\Controllers\estudiante\PracticasEstudianteController->index()
#7 C:\xampp\htdocs\ITSI\vendor\codeigniter4\framework\system\CodeIgniter.php(507): CodeIgniter\CodeIgniter->runController(Object(App\Controllers\estudiante\PracticasEstudianteController))
#8 C:\xampp\htdocs\ITSI\vendor\codeigniter4\framework\system\CodeIgniter.php(354): CodeIgniter\CodeIgniter->handleRequest(NULL, Object(Config\Cache), false)
#9 C:\xampp\htdocs\ITSI\vendor\codeigniter4\framework\system\Boot.php(334): CodeIgniter\CodeIgniter->run()
#10 C:\xampp\htdocs\ITSI\vendor\codeigniter4\framework\system\Boot.php(67): CodeIgniter\Boot::runCodeIgniter(Object(CodeIgniter\CodeIgniter))
#11 C:\xampp\htdocs\ITSI\public\index.php(59): CodeIgniter\Boot::bootWeb(Object(Config\Paths))
#12 {main}
ERROR - 2026-03-02 20:30:37 --> Error al obtener servicios comunitarios: Table 'itsi.servicios_comunitarios' doesn't exist
ERROR - 2026-03-02 20:30:37 --> mysqli_sql_exception: Unknown column 'er.ESTADO' in 'field list' in C:\xampp\htdocs\ITSI\vendor\codeigniter4\framework\system\Database\MySQLi\Connection.php:327
Stack trace:
#0 C:\xampp\htdocs\ITSI\vendor\codeigniter4\framework\system\Database\MySQLi\Connection.php(327): mysqli->query('SELECT `tdp`.`I...', 0)
#1 C:\xampp\htdocs\ITSI\vendor\codeigniter4\framework\system\Database\BaseConnection.php(738): CodeIgniter\Database\MySQLi\Connection->execute('SELECT `tdp`.`I...')
#2 C:\xampp\htdocs\ITSI\vendor\codeigniter4\framework\system\Database\BaseConnection.php(652): CodeIgniter\Database\BaseConnection->simpleQuery('SELECT `tdp`.`I...')
#3 C:\xampp\htdocs\ITSI\vendor\codeigniter4\framework\system\Database\BaseBuilder.php(1649): CodeIgniter\Database\BaseConnection->query('SELECT `tdp`.`I...', Array, false)
#4 C:\xampp\htdocs\ITSI\app\Models\DocumentosPracticasModel.php(372): CodeIgniter\Database\BaseBuilder->get()
#5 C:\xampp\htdocs\ITSI\app\Controllers\estudiante\PracticasEstudianteController.php(57): App\Models\DocumentosPracticasModel->getProgresoEstudiante('3')
#6 C:\xampp\htdocs\ITSI\vendor\codeigniter4\framework\system\CodeIgniter.php(933): App\Controllers\estudiante\PracticasEstudianteController->index()
#7 C:\xampp\htdocs\ITSI\vendor\codeigniter4\framework\system\CodeIgniter.php(507): CodeIgniter\CodeIgniter->runController(Object(App\Controllers\estudiante\PracticasEstudianteController))
#8 C:\xampp\htdocs\ITSI\vendor\codeigniter4\framework\system\CodeIgniter.php(354): CodeIgniter\CodeIgniter->handleRequest(NULL, Object(Config\Cache), false)
#9 C:\xampp\htdocs\ITSI\vendor\codeigniter4\framework\system\Boot.php(334): CodeIgniter\CodeIgniter->run()
#10 C:\xampp\htdocs\ITSI\vendor\codeigniter4\framework\system\Boot.php(67): CodeIgniter\Boot::runCodeIgniter(Object(CodeIgniter\CodeIgniter))
#11 C:\xampp\htdocs\ITSI\public\index.php(59): CodeIgniter\Boot::bootWeb(Object(Config\Paths))
#12 {main}
CRITICAL - 2026-03-02 20:30:37 --> CodeIgniter\Database\Exceptions\DatabaseException: Unknown column 'er.ESTADO' in 'field list'
[Method: GET, Route: estudiante/practicas]
in SYSTEMPATH\Database\BaseConnection.php on line 692.
 1 SYSTEMPATH\Database\BaseBuilder.php(1649): CodeIgniter\Database\BaseConnection->query('SELECT `tdp`.`ID_TIPO_DOCUMENTO_PREPROFESIONAL`, `tdp`.`CODIGO`, `tdp`.`NOMBRE` as `TIPO_DOCUMENTO_NOMBRE`, `dp`.`ID_DOCUMENTO_PREPROFESIONAL`, `dp`.`FECHA_SUBIDA`, `er`.`ESTADO` as `ESTADO_REVISION`, `dp`.`OBSERVACIONES_REVISOR`
FROM `TAB_DOCUMENTOS_PRACTICAS_PREPROFESIONALES` `dp`
RIGHT JOIN `TAB_TIPOS_DOCUMENTOS_PREPROFESIONALES` `tdp` ON `dp`.`ID_TIPO_DOCUMENTO` = `tdp`.`ID_TIPO_DOCUMENTO_PREPROFESIONAL`
WHERE `dp`.`ID_USUARIO` = :dp.ID_USUARIO:
OR `dp`.`ID_USUARIO` IS NULL
ORDER BY `tdp`.`CODIGO` ASC', [...], false)
 2 APPPATH\Models\DocumentosPracticasModel.php(372): CodeIgniter\Database\BaseBuilder->get()
 3 APPPATH\Controllers\estudiante\PracticasEstudianteController.php(57): App\Models\DocumentosPracticasModel->getProgresoEstudiante('3')
 4 SYSTEMPATH\CodeIgniter.php(933): App\Controllers\estudiante\PracticasEstudianteController->index()
 5 SYSTEMPATH\CodeIgniter.php(507): CodeIgniter\CodeIgniter->runController(Object(App\Controllers\estudiante\PracticasEstudianteController))
 6 SYSTEMPATH\CodeIgniter.php(354): CodeIgniter\CodeIgniter->handleRequest(null, Object(Config\Cache), false)
 7 SYSTEMPATH\Boot.php(334): CodeIgniter\CodeIgniter->run()
 8 SYSTEMPATH\Boot.php(67): CodeIgniter\Boot::runCodeIgniter(Object(CodeIgniter\CodeIgniter))
 9 FCPATH\index.php(59): CodeIgniter\Boot::bootWeb(Object(Config\Paths))
CRITICAL - 2026-03-02 20:30:37 --> [Caused by] CodeIgniter\Database\Exceptions\DatabaseException: Unknown column 'er.ESTADO' in 'field list'
in SYSTEMPATH\Database\MySQLi\Connection.php on line 332.
 1 SYSTEMPATH\Database\BaseConnection.php(738): CodeIgniter\Database\MySQLi\Connection->execute('SELECT `tdp`.`ID_TIPO_DOCUMENTO_PREPROFESIONAL`, `tdp`.`CODIGO`, `tdp`.`NOMBRE` as `TIPO_DOCUMENTO_NOMBRE`, `dp`.`ID_DOCUMENTO_PREPROFESIONAL`, `dp`.`FECHA_SUBIDA`, `er`.`ESTADO` as `ESTADO_REVISION`, `dp`.`OBSERVACIONES_REVISOR`
FROM `TAB_DOCUMENTOS_PRACTICAS_PREPROFESIONALES` `dp`
RIGHT JOIN `TAB_TIPOS_DOCUMENTOS_PREPROFESIONALES` `tdp` ON `dp`.`ID_TIPO_DOCUMENTO` = `tdp`.`ID_TIPO_DOCUMENTO_PREPROFESIONAL`
WHERE `dp`.`ID_USUARIO` = \'3\'
OR `dp`.`ID_USUARIO` IS NULL
ORDER BY `tdp`.`CODIGO` ASC')
 2 SYSTEMPATH\Database\BaseConnection.php(652): CodeIgniter\Database\BaseConnection->simpleQuery('SELECT `tdp`.`ID_TIPO_DOCUMENTO_PREPROFESIONAL`, `tdp`.`CODIGO`, `tdp`.`NOMBRE` as `TIPO_DOCUMENTO_NOMBRE`, `dp`.`ID_DOCUMENTO_PREPROFESIONAL`, `dp`.`FECHA_SUBIDA`, `er`.`ESTADO` as `ESTADO_REVISION`, `dp`.`OBSERVACIONES_REVISOR`
FROM `TAB_DOCUMENTOS_PRACTICAS_PREPROFESIONALES` `dp`
RIGHT JOIN `TAB_TIPOS_DOCUMENTOS_PREPROFESIONALES` `tdp` ON `dp`.`ID_TIPO_DOCUMENTO` = `tdp`.`ID_TIPO_DOCUMENTO_PREPROFESIONAL`
WHERE `dp`.`ID_USUARIO` = \'3\'
OR `dp`.`ID_USUARIO` IS NULL
ORDER BY `tdp`.`CODIGO` ASC')
 3 SYSTEMPATH\Database\BaseBuilder.php(1649): CodeIgniter\Database\BaseConnection->query('SELECT `tdp`.`ID_TIPO_DOCUMENTO_PREPROFESIONAL`, `tdp`.`CODIGO`, `tdp`.`NOMBRE` as `TIPO_DOCUMENTO_NOMBRE`, `dp`.`ID_DOCUMENTO_PREPROFESIONAL`, `dp`.`FECHA_SUBIDA`, `er`.`ESTADO` as `ESTADO_REVISION`, `dp`.`OBSERVACIONES_REVISOR`
FROM `TAB_DOCUMENTOS_PRACTICAS_PREPROFESIONALES` `dp`
RIGHT JOIN `TAB_TIPOS_DOCUMENTOS_PREPROFESIONALES` `tdp` ON `dp`.`ID_TIPO_DOCUMENTO` = `tdp`.`ID_TIPO_DOCUMENTO_PREPROFESIONAL`
WHERE `dp`.`ID_USUARIO` = :dp.ID_USUARIO:
OR `dp`.`ID_USUARIO` IS NULL
ORDER BY `tdp`.`CODIGO` ASC', [...], false)
 4 APPPATH\Models\DocumentosPracticasModel.php(372): CodeIgniter\Database\BaseBuilder->get()
 5 APPPATH\Controllers\estudiante\PracticasEstudianteController.php(57): App\Models\DocumentosPracticasModel->getProgresoEstudiante('3')
 6 SYSTEMPATH\CodeIgniter.php(933): App\Controllers\estudiante\PracticasEstudianteController->index()
 7 SYSTEMPATH\CodeIgniter.php(507): CodeIgniter\CodeIgniter->runController(Object(App\Controllers\estudiante\PracticasEstudianteController))
 8 SYSTEMPATH\CodeIgniter.php(354): CodeIgniter\CodeIgniter->handleRequest(null, Object(Config\Cache), false)
 9 SYSTEMPATH\Boot.php(334): CodeIgniter\CodeIgniter->run()
10 SYSTEMPATH\Boot.php(67): CodeIgniter\Boot::runCodeIgniter(Object(CodeIgniter\CodeIgniter))
11 FCPATH\index.php(59): CodeIgniter\Boot::bootWeb(Object(Config\Paths))
CRITICAL - 2026-03-02 20:30:37 --> [Caused by] mysqli_sql_exception: Unknown column 'er.ESTADO' in 'field list'
in SYSTEMPATH\Database\MySQLi\Connection.php on line 327.
 1 SYSTEMPATH\Database\MySQLi\Connection.php(327): mysqli->query('SELECT `tdp`.`ID_TIPO_DOCUMENTO_PREPROFESIONAL`, `tdp`.`CODIGO`, `tdp`.`NOMBRE` as `TIPO_DOCUMENTO_NOMBRE`, `dp`.`ID_DOCUMENTO_PREPROFESIONAL`, `dp`.`FECHA_SUBIDA`, `er`.`ESTADO` as `ESTADO_REVISION`, `dp`.`OBSERVACIONES_REVISOR`
FROM `TAB_DOCUMENTOS_PRACTICAS_PREPROFESIONALES` `dp`
RIGHT JOIN `TAB_TIPOS_DOCUMENTOS_PREPROFESIONALES` `tdp` ON `dp`.`ID_TIPO_DOCUMENTO` = `tdp`.`ID_TIPO_DOCUMENTO_PREPROFESIONAL`
WHERE `dp`.`ID_USUARIO` = \'3\'
OR `dp`.`ID_USUARIO` IS NULL
ORDER BY `tdp`.`CODIGO` ASC', 0)
 2 SYSTEMPATH\Database\BaseConnection.php(738): CodeIgniter\Database\MySQLi\Connection->execute('SELECT `tdp`.`ID_TIPO_DOCUMENTO_PREPROFESIONAL`, `tdp`.`CODIGO`, `tdp`.`NOMBRE` as `TIPO_DOCUMENTO_NOMBRE`, `dp`.`ID_DOCUMENTO_PREPROFESIONAL`, `dp`.`FECHA_SUBIDA`, `er`.`ESTADO` as `ESTADO_REVISION`, `dp`.`OBSERVACIONES_REVISOR`
FROM `TAB_DOCUMENTOS_PRACTICAS_PREPROFESIONALES` `dp`
RIGHT JOIN `TAB_TIPOS_DOCUMENTOS_PREPROFESIONALES` `tdp` ON `dp`.`ID_TIPO_DOCUMENTO` = `tdp`.`ID_TIPO_DOCUMENTO_PREPROFESIONAL`
WHERE `dp`.`ID_USUARIO` = \'3\'
OR `dp`.`ID_USUARIO` IS NULL
ORDER BY `tdp`.`CODIGO` ASC')
 3 SYSTEMPATH\Database\BaseConnection.php(652): CodeIgniter\Database\BaseConnection->simpleQuery('SELECT `tdp`.`ID_TIPO_DOCUMENTO_PREPROFESIONAL`, `tdp`.`CODIGO`, `tdp`.`NOMBRE` as `TIPO_DOCUMENTO_NOMBRE`, `dp`.`ID_DOCUMENTO_PREPROFESIONAL`, `dp`.`FECHA_SUBIDA`, `er`.`ESTADO` as `ESTADO_REVISION`, `dp`.`OBSERVACIONES_REVISOR`
FROM `TAB_DOCUMENTOS_PRACTICAS_PREPROFESIONALES` `dp`
RIGHT JOIN `TAB_TIPOS_DOCUMENTOS_PREPROFESIONALES` `tdp` ON `dp`.`ID_TIPO_DOCUMENTO` = `tdp`.`ID_TIPO_DOCUMENTO_PREPROFESIONAL`
WHERE `dp`.`ID_USUARIO` = \'3\'
OR `dp`.`ID_USUARIO` IS NULL
ORDER BY `tdp`.`CODIGO` ASC')
 4 SYSTEMPATH\Database\BaseBuilder.php(1649): CodeIgniter\Database\BaseConnection->query('SELECT `tdp`.`ID_TIPO_DOCUMENTO_PREPROFESIONAL`, `tdp`.`CODIGO`, `tdp`.`NOMBRE` as `TIPO_DOCUMENTO_NOMBRE`, `dp`.`ID_DOCUMENTO_PREPROFESIONAL`, `dp`.`FECHA_SUBIDA`, `er`.`ESTADO` as `ESTADO_REVISION`, `dp`.`OBSERVACIONES_REVISOR`
FROM `TAB_DOCUMENTOS_PRACTICAS_PREPROFESIONALES` `dp`
RIGHT JOIN `TAB_TIPOS_DOCUMENTOS_PREPROFESIONALES` `tdp` ON `dp`.`ID_TIPO_DOCUMENTO` = `tdp`.`ID_TIPO_DOCUMENTO_PREPROFESIONAL`
WHERE `dp`.`ID_USUARIO` = :dp.ID_USUARIO:
OR `dp`.`ID_USUARIO` IS NULL
ORDER BY `tdp`.`CODIGO` ASC', [...], false)
 5 APPPATH\Models\DocumentosPracticasModel.php(372): CodeIgniter\Database\BaseBuilder->get()
 6 APPPATH\Controllers\estudiante\PracticasEstudianteController.php(57): App\Models\DocumentosPracticasModel->getProgresoEstudiante('3')
 7 SYSTEMPATH\CodeIgniter.php(933): App\Controllers\estudiante\PracticasEstudianteController->index()
 8 SYSTEMPATH\CodeIgniter.php(507): CodeIgniter\CodeIgniter->runController(Object(App\Controllers\estudiante\PracticasEstudianteController))
 9 SYSTEMPATH\CodeIgniter.php(354): CodeIgniter\CodeIgniter->handleRequest(null, Object(Config\Cache), false)
10 SYSTEMPATH\Boot.php(334): CodeIgniter\CodeIgniter->run()
11 SYSTEMPATH\Boot.php(67): CodeIgniter\Boot::runCodeIgniter(Object(CodeIgniter\CodeIgniter))
12 FCPATH\index.php(59): CodeIgniter\Boot::bootWeb(Object(Config\Paths))
DEBUG - 2026-03-02 20:30:39 --> Session: Class initialized using 'CodeIgniter\Session\Handlers\FileHandler' driver.
ERROR - 2026-03-02 20:30:39 --> mysqli_sql_exception: Table 'itsi.practicas_preprofesionales' doesn't exist in C:\xampp\htdocs\ITSI\vendor\codeigniter4\framework\system\Database\MySQLi\Connection.php:327
Stack trace:
#0 C:\xampp\htdocs\ITSI\vendor\codeigniter4\framework\system\Database\MySQLi\Connection.php(327): mysqli->query('SELECT COUNT(*)...', 0)
#1 C:\xampp\htdocs\ITSI\vendor\codeigniter4\framework\system\Database\BaseConnection.php(738): CodeIgniter\Database\MySQLi\Connection->execute('SELECT COUNT(*)...')
#2 C:\xampp\htdocs\ITSI\vendor\codeigniter4\framework\system\Database\BaseConnection.php(652): CodeIgniter\Database\BaseConnection->simpleQuery('SELECT COUNT(*)...')
#3 C:\xampp\htdocs\ITSI\vendor\codeigniter4\framework\system\Database\BaseBuilder.php(1733): CodeIgniter\Database\BaseConnection->query('SELECT COUNT(*)...', Array, false)
#4 C:\xampp\htdocs\ITSI\app\Controllers\estudiante\PracticasEstudianteController.php(281): CodeIgniter\Database\BaseBuilder->countAllResults()
#5 C:\xampp\htdocs\ITSI\app\Controllers\estudiante\PracticasEstudianteController.php(44): App\Controllers\estudiante\PracticasEstudianteController->obtenerEstadisticasEstudiante('3')
#6 C:\xampp\htdocs\ITSI\vendor\codeigniter4\framework\system\CodeIgniter.php(933): App\Controllers\estudiante\PracticasEstudianteController->index()
#7 C:\xampp\htdocs\ITSI\vendor\codeigniter4\framework\system\CodeIgniter.php(507): CodeIgniter\CodeIgniter->runController(Object(App\Controllers\estudiante\PracticasEstudianteController))
#8 C:\xampp\htdocs\ITSI\vendor\codeigniter4\framework\system\CodeIgniter.php(354): CodeIgniter\CodeIgniter->handleRequest(NULL, Object(Config\Cache), false)
#9 C:\xampp\htdocs\ITSI\vendor\codeigniter4\framework\system\Boot.php(334): CodeIgniter\CodeIgniter->run()
#10 C:\xampp\htdocs\ITSI\vendor\codeigniter4\framework\system\Boot.php(67): CodeIgniter\Boot::runCodeIgniter(Object(CodeIgniter\CodeIgniter))
#11 C:\xampp\htdocs\ITSI\public\index.php(59): CodeIgniter\Boot::bootWeb(Object(Config\Paths))
#12 {main}
ERROR - 2026-03-02 20:30:39 --> Error al obtener estadísticas: Table 'itsi.practicas_preprofesionales' doesn't exist
ERROR - 2026-03-02 20:30:39 --> mysqli_sql_exception: Table 'itsi.practicas_preprofesionales' doesn't exist in C:\xampp\htdocs\ITSI\vendor\codeigniter4\framework\system\Database\MySQLi\Connection.php:327
Stack trace:
#0 C:\xampp\htdocs\ITSI\vendor\codeigniter4\framework\system\Database\MySQLi\Connection.php(327): mysqli->query('SELECT `pp`.*, ...', 0)
#1 C:\xampp\htdocs\ITSI\vendor\codeigniter4\framework\system\Database\BaseConnection.php(738): CodeIgniter\Database\MySQLi\Connection->execute('SELECT `pp`.*, ...')
#2 C:\xampp\htdocs\ITSI\vendor\codeigniter4\framework\system\Database\BaseConnection.php(652): CodeIgniter\Database\BaseConnection->simpleQuery('SELECT `pp`.*, ...')
#3 C:\xampp\htdocs\ITSI\vendor\codeigniter4\framework\system\Database\BaseBuilder.php(1649): CodeIgniter\Database\BaseConnection->query('SELECT `pp`.*, ...', Array, false)
#4 C:\xampp\htdocs\ITSI\app\Controllers\estudiante\PracticasEstudianteController.php(453): CodeIgniter\Database\BaseBuilder->get()
#5 C:\xampp\htdocs\ITSI\app\Controllers\estudiante\PracticasEstudianteController.php(47): App\Controllers\estudiante\PracticasEstudianteController->obtenerPracticasPreprofesionales('3')
#6 C:\xampp\htdocs\ITSI\vendor\codeigniter4\framework\system\CodeIgniter.php(933): App\Controllers\estudiante\PracticasEstudianteController->index()
#7 C:\xampp\htdocs\ITSI\vendor\codeigniter4\framework\system\CodeIgniter.php(507): CodeIgniter\CodeIgniter->runController(Object(App\Controllers\estudiante\PracticasEstudianteController))
#8 C:\xampp\htdocs\ITSI\vendor\codeigniter4\framework\system\CodeIgniter.php(354): CodeIgniter\CodeIgniter->handleRequest(NULL, Object(Config\Cache), false)
#9 C:\xampp\htdocs\ITSI\vendor\codeigniter4\framework\system\Boot.php(334): CodeIgniter\CodeIgniter->run()
#10 C:\xampp\htdocs\ITSI\vendor\codeigniter4\framework\system\Boot.php(67): CodeIgniter\Boot::runCodeIgniter(Object(CodeIgniter\CodeIgniter))
#11 C:\xampp\htdocs\ITSI\public\index.php(59): CodeIgniter\Boot::bootWeb(Object(Config\Paths))
#12 {main}
ERROR - 2026-03-02 20:30:39 --> Error al obtener prácticas preprofesionales: Table 'itsi.practicas_preprofesionales' doesn't exist
ERROR - 2026-03-02 20:30:39 --> mysqli_sql_exception: Table 'itsi.servicios_comunitarios' doesn't exist in C:\xampp\htdocs\ITSI\vendor\codeigniter4\framework\system\Database\MySQLi\Connection.php:327
Stack trace:
#0 C:\xampp\htdocs\ITSI\vendor\codeigniter4\framework\system\Database\MySQLi\Connection.php(327): mysqli->query('SELECT `sc`.*, ...', 0)
#1 C:\xampp\htdocs\ITSI\vendor\codeigniter4\framework\system\Database\BaseConnection.php(738): CodeIgniter\Database\MySQLi\Connection->execute('SELECT `sc`.*, ...')
#2 C:\xampp\htdocs\ITSI\vendor\codeigniter4\framework\system\Database\BaseConnection.php(652): CodeIgniter\Database\BaseConnection->simpleQuery('SELECT `sc`.*, ...')
#3 C:\xampp\htdocs\ITSI\vendor\codeigniter4\framework\system\Database\BaseBuilder.php(1649): CodeIgniter\Database\BaseConnection->query('SELECT `sc`.*, ...', Array, false)
#4 C:\xampp\htdocs\ITSI\app\Controllers\estudiante\PracticasEstudianteController.php(472): CodeIgniter\Database\BaseBuilder->get()
#5 C:\xampp\htdocs\ITSI\app\Controllers\estudiante\PracticasEstudianteController.php(50): App\Controllers\estudiante\PracticasEstudianteController->obtenerServiciosComunitarios('3')
#6 C:\xampp\htdocs\ITSI\vendor\codeigniter4\framework\system\CodeIgniter.php(933): App\Controllers\estudiante\PracticasEstudianteController->index()
#7 C:\xampp\htdocs\ITSI\vendor\codeigniter4\framework\system\CodeIgniter.php(507): CodeIgniter\CodeIgniter->runController(Object(App\Controllers\estudiante\PracticasEstudianteController))
#8 C:\xampp\htdocs\ITSI\vendor\codeigniter4\framework\system\CodeIgniter.php(354): CodeIgniter\CodeIgniter->handleRequest(NULL, Object(Config\Cache), false)
#9 C:\xampp\htdocs\ITSI\vendor\codeigniter4\framework\system\Boot.php(334): CodeIgniter\CodeIgniter->run()
#10 C:\xampp\htdocs\ITSI\vendor\codeigniter4\framework\system\Boot.php(67): CodeIgniter\Boot::runCodeIgniter(Object(CodeIgniter\CodeIgniter))
#11 C:\xampp\htdocs\ITSI\public\index.php(59): CodeIgniter\Boot::bootWeb(Object(Config\Paths))
#12 {main}
ERROR - 2026-03-02 20:30:39 --> Error al obtener servicios comunitarios: Table 'itsi.servicios_comunitarios' doesn't exist
ERROR - 2026-03-02 20:30:39 --> mysqli_sql_exception: Unknown column 'er.ESTADO' in 'field list' in C:\xampp\htdocs\ITSI\vendor\codeigniter4\framework\system\Database\MySQLi\Connection.php:327
Stack trace:
#0 C:\xampp\htdocs\ITSI\vendor\codeigniter4\framework\system\Database\MySQLi\Connection.php(327): mysqli->query('SELECT `tdp`.`I...', 0)
#1 C:\xampp\htdocs\ITSI\vendor\codeigniter4\framework\system\Database\BaseConnection.php(738): CodeIgniter\Database\MySQLi\Connection->execute('SELECT `tdp`.`I...')
#2 C:\xampp\htdocs\ITSI\vendor\codeigniter4\framework\system\Database\BaseConnection.php(652): CodeIgniter\Database\BaseConnection->simpleQuery('SELECT `tdp`.`I...')
#3 C:\xampp\htdocs\ITSI\vendor\codeigniter4\framework\system\Database\BaseBuilder.php(1649): CodeIgniter\Database\BaseConnection->query('SELECT `tdp`.`I...', Array, false)
#4 C:\xampp\htdocs\ITSI\app\Models\DocumentosPracticasModel.php(372): CodeIgniter\Database\BaseBuilder->get()
#5 C:\xampp\htdocs\ITSI\app\Controllers\estudiante\PracticasEstudianteController.php(57): App\Models\DocumentosPracticasModel->getProgresoEstudiante('3')
#6 C:\xampp\htdocs\ITSI\vendor\codeigniter4\framework\system\CodeIgniter.php(933): App\Controllers\estudiante\PracticasEstudianteController->index()
#7 C:\xampp\htdocs\ITSI\vendor\codeigniter4\framework\system\CodeIgniter.php(507): CodeIgniter\CodeIgniter->runController(Object(App\Controllers\estudiante\PracticasEstudianteController))
#8 C:\xampp\htdocs\ITSI\vendor\codeigniter4\framework\system\CodeIgniter.php(354): CodeIgniter\CodeIgniter->handleRequest(NULL, Object(Config\Cache), false)
#9 C:\xampp\htdocs\ITSI\vendor\codeigniter4\framework\system\Boot.php(334): CodeIgniter\CodeIgniter->run()
#10 C:\xampp\htdocs\ITSI\vendor\codeigniter4\framework\system\Boot.php(67): CodeIgniter\Boot::runCodeIgniter(Object(CodeIgniter\CodeIgniter))
#11 C:\xampp\htdocs\ITSI\public\index.php(59): CodeIgniter\Boot::bootWeb(Object(Config\Paths))
#12 {main}
CRITICAL - 2026-03-02 20:30:39 --> CodeIgniter\Database\Exceptions\DatabaseException: Unknown column 'er.ESTADO' in 'field list'
[Method: GET, Route: estudiante/practicas]
in SYSTEMPATH\Database\BaseConnection.php on line 692.
 1 SYSTEMPATH\Database\BaseBuilder.php(1649): CodeIgniter\Database\BaseConnection->query('SELECT `tdp`.`ID_TIPO_DOCUMENTO_PREPROFESIONAL`, `tdp`.`CODIGO`, `tdp`.`NOMBRE` as `TIPO_DOCUMENTO_NOMBRE`, `dp`.`ID_DOCUMENTO_PREPROFESIONAL`, `dp`.`FECHA_SUBIDA`, `er`.`ESTADO` as `ESTADO_REVISION`, `dp`.`OBSERVACIONES_REVISOR`
FROM `TAB_DOCUMENTOS_PRACTICAS_PREPROFESIONALES` `dp`
RIGHT JOIN `TAB_TIPOS_DOCUMENTOS_PREPROFESIONALES` `tdp` ON `dp`.`ID_TIPO_DOCUMENTO` = `tdp`.`ID_TIPO_DOCUMENTO_PREPROFESIONAL`
WHERE `dp`.`ID_USUARIO` = :dp.ID_USUARIO:
OR `dp`.`ID_USUARIO` IS NULL
ORDER BY `tdp`.`CODIGO` ASC', [...], false)
 2 APPPATH\Models\DocumentosPracticasModel.php(372): CodeIgniter\Database\BaseBuilder->get()
 3 APPPATH\Controllers\estudiante\PracticasEstudianteController.php(57): App\Models\DocumentosPracticasModel->getProgresoEstudiante('3')
 4 SYSTEMPATH\CodeIgniter.php(933): App\Controllers\estudiante\PracticasEstudianteController->index()
 5 SYSTEMPATH\CodeIgniter.php(507): CodeIgniter\CodeIgniter->runController(Object(App\Controllers\estudiante\PracticasEstudianteController))
 6 SYSTEMPATH\CodeIgniter.php(354): CodeIgniter\CodeIgniter->handleRequest(null, Object(Config\Cache), false)
 7 SYSTEMPATH\Boot.php(334): CodeIgniter\CodeIgniter->run()
 8 SYSTEMPATH\Boot.php(67): CodeIgniter\Boot::runCodeIgniter(Object(CodeIgniter\CodeIgniter))
 9 FCPATH\index.php(59): CodeIgniter\Boot::bootWeb(Object(Config\Paths))
CRITICAL - 2026-03-02 20:30:39 --> [Caused by] CodeIgniter\Database\Exceptions\DatabaseException: Unknown column 'er.ESTADO' in 'field list'
in SYSTEMPATH\Database\MySQLi\Connection.php on line 332.
 1 SYSTEMPATH\Database\BaseConnection.php(738): CodeIgniter\Database\MySQLi\Connection->execute('SELECT `tdp`.`ID_TIPO_DOCUMENTO_PREPROFESIONAL`, `tdp`.`CODIGO`, `tdp`.`NOMBRE` as `TIPO_DOCUMENTO_NOMBRE`, `dp`.`ID_DOCUMENTO_PREPROFESIONAL`, `dp`.`FECHA_SUBIDA`, `er`.`ESTADO` as `ESTADO_REVISION`, `dp`.`OBSERVACIONES_REVISOR`
FROM `TAB_DOCUMENTOS_PRACTICAS_PREPROFESIONALES` `dp`
RIGHT JOIN `TAB_TIPOS_DOCUMENTOS_PREPROFESIONALES` `tdp` ON `dp`.`ID_TIPO_DOCUMENTO` = `tdp`.`ID_TIPO_DOCUMENTO_PREPROFESIONAL`
WHERE `dp`.`ID_USUARIO` = \'3\'
OR `dp`.`ID_USUARIO` IS NULL
ORDER BY `tdp`.`CODIGO` ASC')
 2 SYSTEMPATH\Database\BaseConnection.php(652): CodeIgniter\Database\BaseConnection->simpleQuery('SELECT `tdp`.`ID_TIPO_DOCUMENTO_PREPROFESIONAL`, `tdp`.`CODIGO`, `tdp`.`NOMBRE` as `TIPO_DOCUMENTO_NOMBRE`, `dp`.`ID_DOCUMENTO_PREPROFESIONAL`, `dp`.`FECHA_SUBIDA`, `er`.`ESTADO` as `ESTADO_REVISION`, `dp`.`OBSERVACIONES_REVISOR`
FROM `TAB_DOCUMENTOS_PRACTICAS_PREPROFESIONALES` `dp`
RIGHT JOIN `TAB_TIPOS_DOCUMENTOS_PREPROFESIONALES` `tdp` ON `dp`.`ID_TIPO_DOCUMENTO` = `tdp`.`ID_TIPO_DOCUMENTO_PREPROFESIONAL`
WHERE `dp`.`ID_USUARIO` = \'3\'
OR `dp`.`ID_USUARIO` IS NULL
ORDER BY `tdp`.`CODIGO` ASC')
 3 SYSTEMPATH\Database\BaseBuilder.php(1649): CodeIgniter\Database\BaseConnection->query('SELECT `tdp`.`ID_TIPO_DOCUMENTO_PREPROFESIONAL`, `tdp`.`CODIGO`, `tdp`.`NOMBRE` as `TIPO_DOCUMENTO_NOMBRE`, `dp`.`ID_DOCUMENTO_PREPROFESIONAL`, `dp`.`FECHA_SUBIDA`, `er`.`ESTADO` as `ESTADO_REVISION`, `dp`.`OBSERVACIONES_REVISOR`
FROM `TAB_DOCUMENTOS_PRACTICAS_PREPROFESIONALES` `dp`
RIGHT JOIN `TAB_TIPOS_DOCUMENTOS_PREPROFESIONALES` `tdp` ON `dp`.`ID_TIPO_DOCUMENTO` = `tdp`.`ID_TIPO_DOCUMENTO_PREPROFESIONAL`
WHERE `dp`.`ID_USUARIO` = :dp.ID_USUARIO:
OR `dp`.`ID_USUARIO` IS NULL
ORDER BY `tdp`.`CODIGO` ASC', [...], false)
 4 APPPATH\Models\DocumentosPracticasModel.php(372): CodeIgniter\Database\BaseBuilder->get()
 5 APPPATH\Controllers\estudiante\PracticasEstudianteController.php(57): App\Models\DocumentosPracticasModel->getProgresoEstudiante('3')
 6 SYSTEMPATH\CodeIgniter.php(933): App\Controllers\estudiante\PracticasEstudianteController->index()
 7 SYSTEMPATH\CodeIgniter.php(507): CodeIgniter\CodeIgniter->runController(Object(App\Controllers\estudiante\PracticasEstudianteController))
 8 SYSTEMPATH\CodeIgniter.php(354): CodeIgniter\CodeIgniter->handleRequest(null, Object(Config\Cache), false)
 9 SYSTEMPATH\Boot.php(334): CodeIgniter\CodeIgniter->run()
10 SYSTEMPATH\Boot.php(67): CodeIgniter\Boot::runCodeIgniter(Object(CodeIgniter\CodeIgniter))
11 FCPATH\index.php(59): CodeIgniter\Boot::bootWeb(Object(Config\Paths))
CRITICAL - 2026-03-02 20:30:39 --> [Caused by] mysqli_sql_exception: Unknown column 'er.ESTADO' in 'field list'
in SYSTEMPATH\Database\MySQLi\Connection.php on line 327.
 1 SYSTEMPATH\Database\MySQLi\Connection.php(327): mysqli->query('SELECT `tdp`.`ID_TIPO_DOCUMENTO_PREPROFESIONAL`, `tdp`.`CODIGO`, `tdp`.`NOMBRE` as `TIPO_DOCUMENTO_NOMBRE`, `dp`.`ID_DOCUMENTO_PREPROFESIONAL`, `dp`.`FECHA_SUBIDA`, `er`.`ESTADO` as `ESTADO_REVISION`, `dp`.`OBSERVACIONES_REVISOR`
FROM `TAB_DOCUMENTOS_PRACTICAS_PREPROFESIONALES` `dp`
RIGHT JOIN `TAB_TIPOS_DOCUMENTOS_PREPROFESIONALES` `tdp` ON `dp`.`ID_TIPO_DOCUMENTO` = `tdp`.`ID_TIPO_DOCUMENTO_PREPROFESIONAL`
WHERE `dp`.`ID_USUARIO` = \'3\'
OR `dp`.`ID_USUARIO` IS NULL
ORDER BY `tdp`.`CODIGO` ASC', 0)
 2 SYSTEMPATH\Database\BaseConnection.php(738): CodeIgniter\Database\MySQLi\Connection->execute('SELECT `tdp`.`ID_TIPO_DOCUMENTO_PREPROFESIONAL`, `tdp`.`CODIGO`, `tdp`.`NOMBRE` as `TIPO_DOCUMENTO_NOMBRE`, `dp`.`ID_DOCUMENTO_PREPROFESIONAL`, `dp`.`FECHA_SUBIDA`, `er`.`ESTADO` as `ESTADO_REVISION`, `dp`.`OBSERVACIONES_REVISOR`
FROM `TAB_DOCUMENTOS_PRACTICAS_PREPROFESIONALES` `dp`
RIGHT JOIN `TAB_TIPOS_DOCUMENTOS_PREPROFESIONALES` `tdp` ON `dp`.`ID_TIPO_DOCUMENTO` = `tdp`.`ID_TIPO_DOCUMENTO_PREPROFESIONAL`
WHERE `dp`.`ID_USUARIO` = \'3\'
OR `dp`.`ID_USUARIO` IS NULL
ORDER BY `tdp`.`CODIGO` ASC')
 3 SYSTEMPATH\Database\BaseConnection.php(652): CodeIgniter\Database\BaseConnection->simpleQuery('SELECT `tdp`.`ID_TIPO_DOCUMENTO_PREPROFESIONAL`, `tdp`.`CODIGO`, `tdp`.`NOMBRE` as `TIPO_DOCUMENTO_NOMBRE`, `dp`.`ID_DOCUMENTO_PREPROFESIONAL`, `dp`.`FECHA_SUBIDA`, `er`.`ESTADO` as `ESTADO_REVISION`, `dp`.`OBSERVACIONES_REVISOR`
FROM `TAB_DOCUMENTOS_PRACTICAS_PREPROFESIONALES` `dp`
RIGHT JOIN `TAB_TIPOS_DOCUMENTOS_PREPROFESIONALES` `tdp` ON `dp`.`ID_TIPO_DOCUMENTO` = `tdp`.`ID_TIPO_DOCUMENTO_PREPROFESIONAL`
WHERE `dp`.`ID_USUARIO` = \'3\'
OR `dp`.`ID_USUARIO` IS NULL
ORDER BY `tdp`.`CODIGO` ASC')
 4 SYSTEMPATH\Database\BaseBuilder.php(1649): CodeIgniter\Database\BaseConnection->query('SELECT `tdp`.`ID_TIPO_DOCUMENTO_PREPROFESIONAL`, `tdp`.`CODIGO`, `tdp`.`NOMBRE` as `TIPO_DOCUMENTO_NOMBRE`, `dp`.`ID_DOCUMENTO_PREPROFESIONAL`, `dp`.`FECHA_SUBIDA`, `er`.`ESTADO` as `ESTADO_REVISION`, `dp`.`OBSERVACIONES_REVISOR`
FROM `TAB_DOCUMENTOS_PRACTICAS_PREPROFESIONALES` `dp`
RIGHT JOIN `TAB_TIPOS_DOCUMENTOS_PREPROFESIONALES` `tdp` ON `dp`.`ID_TIPO_DOCUMENTO` = `tdp`.`ID_TIPO_DOCUMENTO_PREPROFESIONAL`
WHERE `dp`.`ID_USUARIO` = :dp.ID_USUARIO:
OR `dp`.`ID_USUARIO` IS NULL
ORDER BY `tdp`.`CODIGO` ASC', [...], false)
 5 APPPATH\Models\DocumentosPracticasModel.php(372): CodeIgniter\Database\BaseBuilder->get()
 6 APPPATH\Controllers\estudiante\PracticasEstudianteController.php(57): App\Models\DocumentosPracticasModel->getProgresoEstudiante('3')
 7 SYSTEMPATH\CodeIgniter.php(933): App\Controllers\estudiante\PracticasEstudianteController->index()
 8 SYSTEMPATH\CodeIgniter.php(507): CodeIgniter\CodeIgniter->runController(Object(App\Controllers\estudiante\PracticasEstudianteController))
 9 SYSTEMPATH\CodeIgniter.php(354): CodeIgniter\CodeIgniter->handleRequest(null, Object(Config\Cache), false)
10 SYSTEMPATH\Boot.php(334): CodeIgniter\CodeIgniter->run()
11 SYSTEMPATH\Boot.php(67): CodeIgniter\Boot::runCodeIgniter(Object(CodeIgniter\CodeIgniter))
12 FCPATH\index.php(59): CodeIgniter\Boot::bootWeb(Object(Config\Paths))
DEBUG - 2026-03-02 20:30:41 --> Session: Class initialized using 'CodeIgniter\Session\Handlers\FileHandler' driver.
ERROR - 2026-03-02 20:30:41 --> mysqli_sql_exception: Table 'itsi.servicios_comunitarios' doesn't exist in C:\xampp\htdocs\ITSI\vendor\codeigniter4\framework\system\Database\MySQLi\Connection.php:327
Stack trace:
#0 C:\xampp\htdocs\ITSI\vendor\codeigniter4\framework\system\Database\MySQLi\Connection.php(327): mysqli->query('SELECT COUNT(*)...', 0)
#1 C:\xampp\htdocs\ITSI\vendor\codeigniter4\framework\system\Database\BaseConnection.php(738): CodeIgniter\Database\MySQLi\Connection->execute('SELECT COUNT(*)...')
#2 C:\xampp\htdocs\ITSI\vendor\codeigniter4\framework\system\Database\BaseConnection.php(652): CodeIgniter\Database\BaseConnection->simpleQuery('SELECT COUNT(*)...')
#3 C:\xampp\htdocs\ITSI\vendor\codeigniter4\framework\system\Database\BaseBuilder.php(1733): CodeIgniter\Database\BaseConnection->query('SELECT COUNT(*)...', Array, false)
#4 C:\xampp\htdocs\ITSI\app\Controllers\estudiante\PracticasEstudianteController.php(334): CodeIgniter\Database\BaseBuilder->countAllResults()
#5 C:\xampp\htdocs\ITSI\app\Controllers\estudiante\PracticasEstudianteController.php(84): App\Controllers\estudiante\PracticasEstudianteController->obtenerEstadisticasServicioComunitario('3')
#6 C:\xampp\htdocs\ITSI\vendor\codeigniter4\framework\system\CodeIgniter.php(933): App\Controllers\estudiante\PracticasEstudianteController->servicioComunitario()
#7 C:\xampp\htdocs\ITSI\vendor\codeigniter4\framework\system\CodeIgniter.php(507): CodeIgniter\CodeIgniter->runController(Object(App\Controllers\estudiante\PracticasEstudianteController))
#8 C:\xampp\htdocs\ITSI\vendor\codeigniter4\framework\system\CodeIgniter.php(354): CodeIgniter\CodeIgniter->handleRequest(NULL, Object(Config\Cache), false)
#9 C:\xampp\htdocs\ITSI\vendor\codeigniter4\framework\system\Boot.php(334): CodeIgniter\CodeIgniter->run()
#10 C:\xampp\htdocs\ITSI\vendor\codeigniter4\framework\system\Boot.php(67): CodeIgniter\Boot::runCodeIgniter(Object(CodeIgniter\CodeIgniter))
#11 C:\xampp\htdocs\ITSI\public\index.php(59): CodeIgniter\Boot::bootWeb(Object(Config\Paths))
#12 {main}
ERROR - 2026-03-02 20:30:41 --> Error al obtener estadísticas servicio comunitario: Table 'itsi.servicios_comunitarios' doesn't exist
ERROR - 2026-03-02 20:30:41 --> mysqli_sql_exception: Table 'itsi.servicios_comunitarios' doesn't exist in C:\xampp\htdocs\ITSI\vendor\codeigniter4\framework\system\Database\MySQLi\Connection.php:327
Stack trace:
#0 C:\xampp\htdocs\ITSI\vendor\codeigniter4\framework\system\Database\MySQLi\Connection.php(327): mysqli->query('SELECT `sc`.*, ...', 0)
#1 C:\xampp\htdocs\ITSI\vendor\codeigniter4\framework\system\Database\BaseConnection.php(738): CodeIgniter\Database\MySQLi\Connection->execute('SELECT `sc`.*, ...')
#2 C:\xampp\htdocs\ITSI\vendor\codeigniter4\framework\system\Database\BaseConnection.php(652): CodeIgniter\Database\BaseConnection->simpleQuery('SELECT `sc`.*, ...')
#3 C:\xampp\htdocs\ITSI\vendor\codeigniter4\framework\system\Database\BaseBuilder.php(1649): CodeIgniter\Database\BaseConnection->query('SELECT `sc`.*, ...', Array, false)
#4 C:\xampp\htdocs\ITSI\app\Controllers\estudiante\PracticasEstudianteController.php(472): CodeIgniter\Database\BaseBuilder->get()
#5 C:\xampp\htdocs\ITSI\app\Controllers\estudiante\PracticasEstudianteController.php(85): App\Controllers\estudiante\PracticasEstudianteController->obtenerServiciosComunitarios('3')
#6 C:\xampp\htdocs\ITSI\vendor\codeigniter4\framework\system\CodeIgniter.php(933): App\Controllers\estudiante\PracticasEstudianteController->servicioComunitario()
#7 C:\xampp\htdocs\ITSI\vendor\codeigniter4\framework\system\CodeIgniter.php(507): CodeIgniter\CodeIgniter->runController(Object(App\Controllers\estudiante\PracticasEstudianteController))
#8 C:\xampp\htdocs\ITSI\vendor\codeigniter4\framework\system\CodeIgniter.php(354): CodeIgniter\CodeIgniter->handleRequest(NULL, Object(Config\Cache), false)
#9 C:\xampp\htdocs\ITSI\vendor\codeigniter4\framework\system\Boot.php(334): CodeIgniter\CodeIgniter->run()
#10 C:\xampp\htdocs\ITSI\vendor\codeigniter4\framework\system\Boot.php(67): CodeIgniter\Boot::runCodeIgniter(Object(CodeIgniter\CodeIgniter))
#11 C:\xampp\htdocs\ITSI\public\index.php(59): CodeIgniter\Boot::bootWeb(Object(Config\Paths))
#12 {main}
ERROR - 2026-03-02 20:30:41 --> Error al obtener servicios comunitarios: Table 'itsi.servicios_comunitarios' doesn't exist
DEBUG - 2026-03-02 20:30:44 --> Session: Class initialized using 'CodeIgniter\Session\Handlers\FileHandler' driver.
ERROR - 2026-03-02 20:30:44 --> mysqli_sql_exception: Table 'itsi.practicas_preprofesionales' doesn't exist in C:\xampp\htdocs\ITSI\vendor\codeigniter4\framework\system\Database\MySQLi\Connection.php:327
Stack trace:
#0 C:\xampp\htdocs\ITSI\vendor\codeigniter4\framework\system\Database\MySQLi\Connection.php(327): mysqli->query('SELECT COUNT(*)...', 0)
#1 C:\xampp\htdocs\ITSI\vendor\codeigniter4\framework\system\Database\BaseConnection.php(738): CodeIgniter\Database\MySQLi\Connection->execute('SELECT COUNT(*)...')
#2 C:\xampp\htdocs\ITSI\vendor\codeigniter4\framework\system\Database\BaseConnection.php(652): CodeIgniter\Database\BaseConnection->simpleQuery('SELECT COUNT(*)...')
#3 C:\xampp\htdocs\ITSI\vendor\codeigniter4\framework\system\Database\BaseBuilder.php(1733): CodeIgniter\Database\BaseConnection->query('SELECT COUNT(*)...', Array, false)
#4 C:\xampp\htdocs\ITSI\app\Controllers\estudiante\PracticasEstudianteController.php(281): CodeIgniter\Database\BaseBuilder->countAllResults()
#5 C:\xampp\htdocs\ITSI\app\Controllers\estudiante\PracticasEstudianteController.php(44): App\Controllers\estudiante\PracticasEstudianteController->obtenerEstadisticasEstudiante('3')
#6 C:\xampp\htdocs\ITSI\vendor\codeigniter4\framework\system\CodeIgniter.php(933): App\Controllers\estudiante\PracticasEstudianteController->index()
#7 C:\xampp\htdocs\ITSI\vendor\codeigniter4\framework\system\CodeIgniter.php(507): CodeIgniter\CodeIgniter->runController(Object(App\Controllers\estudiante\PracticasEstudianteController))
#8 C:\xampp\htdocs\ITSI\vendor\codeigniter4\framework\system\CodeIgniter.php(354): CodeIgniter\CodeIgniter->handleRequest(NULL, Object(Config\Cache), false)
#9 C:\xampp\htdocs\ITSI\vendor\codeigniter4\framework\system\Boot.php(334): CodeIgniter\CodeIgniter->run()
#10 C:\xampp\htdocs\ITSI\vendor\codeigniter4\framework\system\Boot.php(67): CodeIgniter\Boot::runCodeIgniter(Object(CodeIgniter\CodeIgniter))
#11 C:\xampp\htdocs\ITSI\public\index.php(59): CodeIgniter\Boot::bootWeb(Object(Config\Paths))
#12 {main}
ERROR - 2026-03-02 20:30:44 --> Error al obtener estadísticas: Table 'itsi.practicas_preprofesionales' doesn't exist
ERROR - 2026-03-02 20:30:44 --> mysqli_sql_exception: Table 'itsi.practicas_preprofesionales' doesn't exist in C:\xampp\htdocs\ITSI\vendor\codeigniter4\framework\system\Database\MySQLi\Connection.php:327
Stack trace:
#0 C:\xampp\htdocs\ITSI\vendor\codeigniter4\framework\system\Database\MySQLi\Connection.php(327): mysqli->query('SELECT `pp`.*, ...', 0)
#1 C:\xampp\htdocs\ITSI\vendor\codeigniter4\framework\system\Database\BaseConnection.php(738): CodeIgniter\Database\MySQLi\Connection->execute('SELECT `pp`.*, ...')
#2 C:\xampp\htdocs\ITSI\vendor\codeigniter4\framework\system\Database\BaseConnection.php(652): CodeIgniter\Database\BaseConnection->simpleQuery('SELECT `pp`.*, ...')
#3 C:\xampp\htdocs\ITSI\vendor\codeigniter4\framework\system\Database\BaseBuilder.php(1649): CodeIgniter\Database\BaseConnection->query('SELECT `pp`.*, ...', Array, false)
#4 C:\xampp\htdocs\ITSI\app\Controllers\estudiante\PracticasEstudianteController.php(453): CodeIgniter\Database\BaseBuilder->get()
#5 C:\xampp\htdocs\ITSI\app\Controllers\estudiante\PracticasEstudianteController.php(47): App\Controllers\estudiante\PracticasEstudianteController->obtenerPracticasPreprofesionales('3')
#6 C:\xampp\htdocs\ITSI\vendor\codeigniter4\framework\system\CodeIgniter.php(933): App\Controllers\estudiante\PracticasEstudianteController->index()
#7 C:\xampp\htdocs\ITSI\vendor\codeigniter4\framework\system\CodeIgniter.php(507): CodeIgniter\CodeIgniter->runController(Object(App\Controllers\estudiante\PracticasEstudianteController))
#8 C:\xampp\htdocs\ITSI\vendor\codeigniter4\framework\system\CodeIgniter.php(354): CodeIgniter\CodeIgniter->handleRequest(NULL, Object(Config\Cache), false)
#9 C:\xampp\htdocs\ITSI\vendor\codeigniter4\framework\system\Boot.php(334): CodeIgniter\CodeIgniter->run()
#10 C:\xampp\htdocs\ITSI\vendor\codeigniter4\framework\system\Boot.php(67): CodeIgniter\Boot::runCodeIgniter(Object(CodeIgniter\CodeIgniter))
#11 C:\xampp\htdocs\ITSI\public\index.php(59): CodeIgniter\Boot::bootWeb(Object(Config\Paths))
#12 {main}
ERROR - 2026-03-02 20:30:44 --> Error al obtener prácticas preprofesionales: Table 'itsi.practicas_preprofesionales' doesn't exist
ERROR - 2026-03-02 20:30:44 --> mysqli_sql_exception: Table 'itsi.servicios_comunitarios' doesn't exist in C:\xampp\htdocs\ITSI\vendor\codeigniter4\framework\system\Database\MySQLi\Connection.php:327
Stack trace:
#0 C:\xampp\htdocs\ITSI\vendor\codeigniter4\framework\system\Database\MySQLi\Connection.php(327): mysqli->query('SELECT `sc`.*, ...', 0)
#1 C:\xampp\htdocs\ITSI\vendor\codeigniter4\framework\system\Database\BaseConnection.php(738): CodeIgniter\Database\MySQLi\Connection->execute('SELECT `sc`.*, ...')
#2 C:\xampp\htdocs\ITSI\vendor\codeigniter4\framework\system\Database\BaseConnection.php(652): CodeIgniter\Database\BaseConnection->simpleQuery('SELECT `sc`.*, ...')
#3 C:\xampp\htdocs\ITSI\vendor\codeigniter4\framework\system\Database\BaseBuilder.php(1649): CodeIgniter\Database\BaseConnection->query('SELECT `sc`.*, ...', Array, false)
#4 C:\xampp\htdocs\ITSI\app\Controllers\estudiante\PracticasEstudianteController.php(472): CodeIgniter\Database\BaseBuilder->get()
#5 C:\xampp\htdocs\ITSI\app\Controllers\estudiante\PracticasEstudianteController.php(50): App\Controllers\estudiante\PracticasEstudianteController->obtenerServiciosComunitarios('3')
#6 C:\xampp\htdocs\ITSI\vendor\codeigniter4\framework\system\CodeIgniter.php(933): App\Controllers\estudiante\PracticasEstudianteController->index()
#7 C:\xampp\htdocs\ITSI\vendor\codeigniter4\framework\system\CodeIgniter.php(507): CodeIgniter\CodeIgniter->runController(Object(App\Controllers\estudiante\PracticasEstudianteController))
#8 C:\xampp\htdocs\ITSI\vendor\codeigniter4\framework\system\CodeIgniter.php(354): CodeIgniter\CodeIgniter->handleRequest(NULL, Object(Config\Cache), false)
#9 C:\xampp\htdocs\ITSI\vendor\codeigniter4\framework\system\Boot.php(334): CodeIgniter\CodeIgniter->run()
#10 C:\xampp\htdocs\ITSI\vendor\codeigniter4\framework\system\Boot.php(67): CodeIgniter\Boot::runCodeIgniter(Object(CodeIgniter\CodeIgniter))
#11 C:\xampp\htdocs\ITSI\public\index.php(59): CodeIgniter\Boot::bootWeb(Object(Config\Paths))
#12 {main}
ERROR - 2026-03-02 20:30:44 --> Error al obtener servicios comunitarios: Table 'itsi.servicios_comunitarios' doesn't exist
ERROR - 2026-03-02 20:30:44 --> mysqli_sql_exception: Unknown column 'er.ESTADO' in 'field list' in C:\xampp\htdocs\ITSI\vendor\codeigniter4\framework\system\Database\MySQLi\Connection.php:327
Stack trace:
#0 C:\xampp\htdocs\ITSI\vendor\codeigniter4\framework\system\Database\MySQLi\Connection.php(327): mysqli->query('SELECT `tdp`.`I...', 0)
#1 C:\xampp\htdocs\ITSI\vendor\codeigniter4\framework\system\Database\BaseConnection.php(738): CodeIgniter\Database\MySQLi\Connection->execute('SELECT `tdp`.`I...')
#2 C:\xampp\htdocs\ITSI\vendor\codeigniter4\framework\system\Database\BaseConnection.php(652): CodeIgniter\Database\BaseConnection->simpleQuery('SELECT `tdp`.`I...')
#3 C:\xampp\htdocs\ITSI\vendor\codeigniter4\framework\system\Database\BaseBuilder.php(1649): CodeIgniter\Database\BaseConnection->query('SELECT `tdp`.`I...', Array, false)
#4 C:\xampp\htdocs\ITSI\app\Models\DocumentosPracticasModel.php(372): CodeIgniter\Database\BaseBuilder->get()
#5 C:\xampp\htdocs\ITSI\app\Controllers\estudiante\PracticasEstudianteController.php(57): App\Models\DocumentosPracticasModel->getProgresoEstudiante('3')
#6 C:\xampp\htdocs\ITSI\vendor\codeigniter4\framework\system\CodeIgniter.php(933): App\Controllers\estudiante\PracticasEstudianteController->index()
#7 C:\xampp\htdocs\ITSI\vendor\codeigniter4\framework\system\CodeIgniter.php(507): CodeIgniter\CodeIgniter->runController(Object(App\Controllers\estudiante\PracticasEstudianteController))
#8 C:\xampp\htdocs\ITSI\vendor\codeigniter4\framework\system\CodeIgniter.php(354): CodeIgniter\CodeIgniter->handleRequest(NULL, Object(Config\Cache), false)
#9 C:\xampp\htdocs\ITSI\vendor\codeigniter4\framework\system\Boot.php(334): CodeIgniter\CodeIgniter->run()
#10 C:\xampp\htdocs\ITSI\vendor\codeigniter4\framework\system\Boot.php(67): CodeIgniter\Boot::runCodeIgniter(Object(CodeIgniter\CodeIgniter))
#11 C:\xampp\htdocs\ITSI\public\index.php(59): CodeIgniter\Boot::bootWeb(Object(Config\Paths))
#12 {main}
CRITICAL - 2026-03-02 20:30:44 --> CodeIgniter\Database\Exceptions\DatabaseException: Unknown column 'er.ESTADO' in 'field list'
[Method: GET, Route: estudiante/practicas]
in SYSTEMPATH\Database\BaseConnection.php on line 692.
 1 SYSTEMPATH\Database\BaseBuilder.php(1649): CodeIgniter\Database\BaseConnection->query('SELECT `tdp`.`ID_TIPO_DOCUMENTO_PREPROFESIONAL`, `tdp`.`CODIGO`, `tdp`.`NOMBRE` as `TIPO_DOCUMENTO_NOMBRE`, `dp`.`ID_DOCUMENTO_PREPROFESIONAL`, `dp`.`FECHA_SUBIDA`, `er`.`ESTADO` as `ESTADO_REVISION`, `dp`.`OBSERVACIONES_REVISOR`
FROM `TAB_DOCUMENTOS_PRACTICAS_PREPROFESIONALES` `dp`
RIGHT JOIN `TAB_TIPOS_DOCUMENTOS_PREPROFESIONALES` `tdp` ON `dp`.`ID_TIPO_DOCUMENTO` = `tdp`.`ID_TIPO_DOCUMENTO_PREPROFESIONAL`
WHERE `dp`.`ID_USUARIO` = :dp.ID_USUARIO:
OR `dp`.`ID_USUARIO` IS NULL
ORDER BY `tdp`.`CODIGO` ASC', [...], false)
 2 APPPATH\Models\DocumentosPracticasModel.php(372): CodeIgniter\Database\BaseBuilder->get()
 3 APPPATH\Controllers\estudiante\PracticasEstudianteController.php(57): App\Models\DocumentosPracticasModel->getProgresoEstudiante('3')
 4 SYSTEMPATH\CodeIgniter.php(933): App\Controllers\estudiante\PracticasEstudianteController->index()
 5 SYSTEMPATH\CodeIgniter.php(507): CodeIgniter\CodeIgniter->runController(Object(App\Controllers\estudiante\PracticasEstudianteController))
 6 SYSTEMPATH\CodeIgniter.php(354): CodeIgniter\CodeIgniter->handleRequest(null, Object(Config\Cache), false)
 7 SYSTEMPATH\Boot.php(334): CodeIgniter\CodeIgniter->run()
 8 SYSTEMPATH\Boot.php(67): CodeIgniter\Boot::runCodeIgniter(Object(CodeIgniter\CodeIgniter))
 9 FCPATH\index.php(59): CodeIgniter\Boot::bootWeb(Object(Config\Paths))
CRITICAL - 2026-03-02 20:30:44 --> [Caused by] CodeIgniter\Database\Exceptions\DatabaseException: Unknown column 'er.ESTADO' in 'field list'
in SYSTEMPATH\Database\MySQLi\Connection.php on line 332.
 1 SYSTEMPATH\Database\BaseConnection.php(738): CodeIgniter\Database\MySQLi\Connection->execute('SELECT `tdp`.`ID_TIPO_DOCUMENTO_PREPROFESIONAL`, `tdp`.`CODIGO`, `tdp`.`NOMBRE` as `TIPO_DOCUMENTO_NOMBRE`, `dp`.`ID_DOCUMENTO_PREPROFESIONAL`, `dp`.`FECHA_SUBIDA`, `er`.`ESTADO` as `ESTADO_REVISION`, `dp`.`OBSERVACIONES_REVISOR`
FROM `TAB_DOCUMENTOS_PRACTICAS_PREPROFESIONALES` `dp`
RIGHT JOIN `TAB_TIPOS_DOCUMENTOS_PREPROFESIONALES` `tdp` ON `dp`.`ID_TIPO_DOCUMENTO` = `tdp`.`ID_TIPO_DOCUMENTO_PREPROFESIONAL`
WHERE `dp`.`ID_USUARIO` = \'3\'
OR `dp`.`ID_USUARIO` IS NULL
ORDER BY `tdp`.`CODIGO` ASC')
 2 SYSTEMPATH\Database\BaseConnection.php(652): CodeIgniter\Database\BaseConnection->simpleQuery('SELECT `tdp`.`ID_TIPO_DOCUMENTO_PREPROFESIONAL`, `tdp`.`CODIGO`, `tdp`.`NOMBRE` as `TIPO_DOCUMENTO_NOMBRE`, `dp`.`ID_DOCUMENTO_PREPROFESIONAL`, `dp`.`FECHA_SUBIDA`, `er`.`ESTADO` as `ESTADO_REVISION`, `dp`.`OBSERVACIONES_REVISOR`
FROM `TAB_DOCUMENTOS_PRACTICAS_PREPROFESIONALES` `dp`
RIGHT JOIN `TAB_TIPOS_DOCUMENTOS_PREPROFESIONALES` `tdp` ON `dp`.`ID_TIPO_DOCUMENTO` = `tdp`.`ID_TIPO_DOCUMENTO_PREPROFESIONAL`
WHERE `dp`.`ID_USUARIO` = \'3\'
OR `dp`.`ID_USUARIO` IS NULL
ORDER BY `tdp`.`CODIGO` ASC')
 3 SYSTEMPATH\Database\BaseBuilder.php(1649): CodeIgniter\Database\BaseConnection->query('SELECT `tdp`.`ID_TIPO_DOCUMENTO_PREPROFESIONAL`, `tdp`.`CODIGO`, `tdp`.`NOMBRE` as `TIPO_DOCUMENTO_NOMBRE`, `dp`.`ID_DOCUMENTO_PREPROFESIONAL`, `dp`.`FECHA_SUBIDA`, `er`.`ESTADO` as `ESTADO_REVISION`, `dp`.`OBSERVACIONES_REVISOR`
FROM `TAB_DOCUMENTOS_PRACTICAS_PREPROFESIONALES` `dp`
RIGHT JOIN `TAB_TIPOS_DOCUMENTOS_PREPROFESIONALES` `tdp` ON `dp`.`ID_TIPO_DOCUMENTO` = `tdp`.`ID_TIPO_DOCUMENTO_PREPROFESIONAL`
WHERE `dp`.`ID_USUARIO` = :dp.ID_USUARIO:
OR `dp`.`ID_USUARIO` IS NULL
ORDER BY `tdp`.`CODIGO` ASC', [...], false)
 4 APPPATH\Models\DocumentosPracticasModel.php(372): CodeIgniter\Database\BaseBuilder->get()
 5 APPPATH\Controllers\estudiante\PracticasEstudianteController.php(57): App\Models\DocumentosPracticasModel->getProgresoEstudiante('3')
 6 SYSTEMPATH\CodeIgniter.php(933): App\Controllers\estudiante\PracticasEstudianteController->index()
 7 SYSTEMPATH\CodeIgniter.php(507): CodeIgniter\CodeIgniter->runController(Object(App\Controllers\estudiante\PracticasEstudianteController))
 8 SYSTEMPATH\CodeIgniter.php(354): CodeIgniter\CodeIgniter->handleRequest(null, Object(Config\Cache), false)
 9 SYSTEMPATH\Boot.php(334): CodeIgniter\CodeIgniter->run()
10 SYSTEMPATH\Boot.php(67): CodeIgniter\Boot::runCodeIgniter(Object(CodeIgniter\CodeIgniter))
11 FCPATH\index.php(59): CodeIgniter\Boot::bootWeb(Object(Config\Paths))
CRITICAL - 2026-03-02 20:30:44 --> [Caused by] mysqli_sql_exception: Unknown column 'er.ESTADO' in 'field list'
in SYSTEMPATH\Database\MySQLi\Connection.php on line 327.
 1 SYSTEMPATH\Database\MySQLi\Connection.php(327): mysqli->query('SELECT `tdp`.`ID_TIPO_DOCUMENTO_PREPROFESIONAL`, `tdp`.`CODIGO`, `tdp`.`NOMBRE` as `TIPO_DOCUMENTO_NOMBRE`, `dp`.`ID_DOCUMENTO_PREPROFESIONAL`, `dp`.`FECHA_SUBIDA`, `er`.`ESTADO` as `ESTADO_REVISION`, `dp`.`OBSERVACIONES_REVISOR`
FROM `TAB_DOCUMENTOS_PRACTICAS_PREPROFESIONALES` `dp`
RIGHT JOIN `TAB_TIPOS_DOCUMENTOS_PREPROFESIONALES` `tdp` ON `dp`.`ID_TIPO_DOCUMENTO` = `tdp`.`ID_TIPO_DOCUMENTO_PREPROFESIONAL`
WHERE `dp`.`ID_USUARIO` = \'3\'
OR `dp`.`ID_USUARIO` IS NULL
ORDER BY `tdp`.`CODIGO` ASC', 0)
 2 SYSTEMPATH\Database\BaseConnection.php(738): CodeIgniter\Database\MySQLi\Connection->execute('SELECT `tdp`.`ID_TIPO_DOCUMENTO_PREPROFESIONAL`, `tdp`.`CODIGO`, `tdp`.`NOMBRE` as `TIPO_DOCUMENTO_NOMBRE`, `dp`.`ID_DOCUMENTO_PREPROFESIONAL`, `dp`.`FECHA_SUBIDA`, `er`.`ESTADO` as `ESTADO_REVISION`, `dp`.`OBSERVACIONES_REVISOR`
FROM `TAB_DOCUMENTOS_PRACTICAS_PREPROFESIONALES` `dp`
RIGHT JOIN `TAB_TIPOS_DOCUMENTOS_PREPROFESIONALES` `tdp` ON `dp`.`ID_TIPO_DOCUMENTO` = `tdp`.`ID_TIPO_DOCUMENTO_PREPROFESIONAL`
WHERE `dp`.`ID_USUARIO` = \'3\'
OR `dp`.`ID_USUARIO` IS NULL
ORDER BY `tdp`.`CODIGO` ASC')
 3 SYSTEMPATH\Database\BaseConnection.php(652): CodeIgniter\Database\BaseConnection->simpleQuery('SELECT `tdp`.`ID_TIPO_DOCUMENTO_PREPROFESIONAL`, `tdp`.`CODIGO`, `tdp`.`NOMBRE` as `TIPO_DOCUMENTO_NOMBRE`, `dp`.`ID_DOCUMENTO_PREPROFESIONAL`, `dp`.`FECHA_SUBIDA`, `er`.`ESTADO` as `ESTADO_REVISION`, `dp`.`OBSERVACIONES_REVISOR`
FROM `TAB_DOCUMENTOS_PRACTICAS_PREPROFESIONALES` `dp`
RIGHT JOIN `TAB_TIPOS_DOCUMENTOS_PREPROFESIONALES` `tdp` ON `dp`.`ID_TIPO_DOCUMENTO` = `tdp`.`ID_TIPO_DOCUMENTO_PREPROFESIONAL`
WHERE `dp`.`ID_USUARIO` = \'3\'
OR `dp`.`ID_USUARIO` IS NULL
ORDER BY `tdp`.`CODIGO` ASC')
 4 SYSTEMPATH\Database\BaseBuilder.php(1649): CodeIgniter\Database\BaseConnection->query('SELECT `tdp`.`ID_TIPO_DOCUMENTO_PREPROFESIONAL`, `tdp`.`CODIGO`, `tdp`.`NOMBRE` as `TIPO_DOCUMENTO_NOMBRE`, `dp`.`ID_DOCUMENTO_PREPROFESIONAL`, `dp`.`FECHA_SUBIDA`, `er`.`ESTADO` as `ESTADO_REVISION`, `dp`.`OBSERVACIONES_REVISOR`
FROM `TAB_DOCUMENTOS_PRACTICAS_PREPROFESIONALES` `dp`
RIGHT JOIN `TAB_TIPOS_DOCUMENTOS_PREPROFESIONALES` `tdp` ON `dp`.`ID_TIPO_DOCUMENTO` = `tdp`.`ID_TIPO_DOCUMENTO_PREPROFESIONAL`
WHERE `dp`.`ID_USUARIO` = :dp.ID_USUARIO:
OR `dp`.`ID_USUARIO` IS NULL
ORDER BY `tdp`.`CODIGO` ASC', [...], false)
 5 APPPATH\Models\DocumentosPracticasModel.php(372): CodeIgniter\Database\BaseBuilder->get()
 6 APPPATH\Controllers\estudiante\PracticasEstudianteController.php(57): App\Models\DocumentosPracticasModel->getProgresoEstudiante('3')
 7 SYSTEMPATH\CodeIgniter.php(933): App\Controllers\estudiante\PracticasEstudianteController->index()
 8 SYSTEMPATH\CodeIgniter.php(507): CodeIgniter\CodeIgniter->runController(Object(App\Controllers\estudiante\PracticasEstudianteController))
 9 SYSTEMPATH\CodeIgniter.php(354): CodeIgniter\CodeIgniter->handleRequest(null, Object(Config\Cache), false)
10 SYSTEMPATH\Boot.php(334): CodeIgniter\CodeIgniter->run()
11 SYSTEMPATH\Boot.php(67): CodeIgniter\Boot::runCodeIgniter(Object(CodeIgniter\CodeIgniter))
12 FCPATH\index.php(59): CodeIgniter\Boot::bootWeb(Object(Config\Paths))
DEBUG - 2026-03-02 20:43:25 --> Session: Class initialized using 'CodeIgniter\Session\Handlers\FileHandler' driver.
ERROR - 2026-03-02 20:43:25 --> mysqli_sql_exception: Table 'itsi.practicas_preprofesionales' doesn't exist in C:\xampp\htdocs\ITSI\vendor\codeigniter4\framework\system\Database\MySQLi\Connection.php:327
Stack trace:
#0 C:\xampp\htdocs\ITSI\vendor\codeigniter4\framework\system\Database\MySQLi\Connection.php(327): mysqli->query('SELECT COUNT(*)...', 0)
#1 C:\xampp\htdocs\ITSI\vendor\codeigniter4\framework\system\Database\BaseConnection.php(738): CodeIgniter\Database\MySQLi\Connection->execute('SELECT COUNT(*)...')
#2 C:\xampp\htdocs\ITSI\vendor\codeigniter4\framework\system\Database\BaseConnection.php(652): CodeIgniter\Database\BaseConnection->simpleQuery('SELECT COUNT(*)...')
#3 C:\xampp\htdocs\ITSI\vendor\codeigniter4\framework\system\Database\BaseBuilder.php(1733): CodeIgniter\Database\BaseConnection->query('SELECT COUNT(*)...', Array, false)
#4 C:\xampp\htdocs\ITSI\app\Controllers\estudiante\PracticasEstudianteController.php(281): CodeIgniter\Database\BaseBuilder->countAllResults()
#5 C:\xampp\htdocs\ITSI\app\Controllers\estudiante\PracticasEstudianteController.php(44): App\Controllers\estudiante\PracticasEstudianteController->obtenerEstadisticasEstudiante('3')
#6 C:\xampp\htdocs\ITSI\vendor\codeigniter4\framework\system\CodeIgniter.php(933): App\Controllers\estudiante\PracticasEstudianteController->index()
#7 C:\xampp\htdocs\ITSI\vendor\codeigniter4\framework\system\CodeIgniter.php(507): CodeIgniter\CodeIgniter->runController(Object(App\Controllers\estudiante\PracticasEstudianteController))
#8 C:\xampp\htdocs\ITSI\vendor\codeigniter4\framework\system\CodeIgniter.php(354): CodeIgniter\CodeIgniter->handleRequest(NULL, Object(Config\Cache), false)
#9 C:\xampp\htdocs\ITSI\vendor\codeigniter4\framework\system\Boot.php(334): CodeIgniter\CodeIgniter->run()
#10 C:\xampp\htdocs\ITSI\vendor\codeigniter4\framework\system\Boot.php(67): CodeIgniter\Boot::runCodeIgniter(Object(CodeIgniter\CodeIgniter))
#11 C:\xampp\htdocs\ITSI\public\index.php(59): CodeIgniter\Boot::bootWeb(Object(Config\Paths))
#12 {main}
ERROR - 2026-03-02 20:43:25 --> Error al obtener estadísticas: Table 'itsi.practicas_preprofesionales' doesn't exist
ERROR - 2026-03-02 20:43:25 --> mysqli_sql_exception: Table 'itsi.practicas_preprofesionales' doesn't exist in C:\xampp\htdocs\ITSI\vendor\codeigniter4\framework\system\Database\MySQLi\Connection.php:327
Stack trace:
#0 C:\xampp\htdocs\ITSI\vendor\codeigniter4\framework\system\Database\MySQLi\Connection.php(327): mysqli->query('SELECT `pp`.*, ...', 0)
#1 C:\xampp\htdocs\ITSI\vendor\codeigniter4\framework\system\Database\BaseConnection.php(738): CodeIgniter\Database\MySQLi\Connection->execute('SELECT `pp`.*, ...')
#2 C:\xampp\htdocs\ITSI\vendor\codeigniter4\framework\system\Database\BaseConnection.php(652): CodeIgniter\Database\BaseConnection->simpleQuery('SELECT `pp`.*, ...')
#3 C:\xampp\htdocs\ITSI\vendor\codeigniter4\framework\system\Database\BaseBuilder.php(1649): CodeIgniter\Database\BaseConnection->query('SELECT `pp`.*, ...', Array, false)
#4 C:\xampp\htdocs\ITSI\app\Controllers\estudiante\PracticasEstudianteController.php(453): CodeIgniter\Database\BaseBuilder->get()
#5 C:\xampp\htdocs\ITSI\app\Controllers\estudiante\PracticasEstudianteController.php(47): App\Controllers\estudiante\PracticasEstudianteController->obtenerPracticasPreprofesionales('3')
#6 C:\xampp\htdocs\ITSI\vendor\codeigniter4\framework\system\CodeIgniter.php(933): App\Controllers\estudiante\PracticasEstudianteController->index()
#7 C:\xampp\htdocs\ITSI\vendor\codeigniter4\framework\system\CodeIgniter.php(507): CodeIgniter\CodeIgniter->runController(Object(App\Controllers\estudiante\PracticasEstudianteController))
#8 C:\xampp\htdocs\ITSI\vendor\codeigniter4\framework\system\CodeIgniter.php(354): CodeIgniter\CodeIgniter->handleRequest(NULL, Object(Config\Cache), false)
#9 C:\xampp\htdocs\ITSI\vendor\codeigniter4\framework\system\Boot.php(334): CodeIgniter\CodeIgniter->run()
#10 C:\xampp\htdocs\ITSI\vendor\codeigniter4\framework\system\Boot.php(67): CodeIgniter\Boot::runCodeIgniter(Object(CodeIgniter\CodeIgniter))
#11 C:\xampp\htdocs\ITSI\public\index.php(59): CodeIgniter\Boot::bootWeb(Object(Config\Paths))
#12 {main}
ERROR - 2026-03-02 20:43:25 --> Error al obtener prácticas preprofesionales: Table 'itsi.practicas_preprofesionales' doesn't exist
ERROR - 2026-03-02 20:43:25 --> mysqli_sql_exception: Table 'itsi.servicios_comunitarios' doesn't exist in C:\xampp\htdocs\ITSI\vendor\codeigniter4\framework\system\Database\MySQLi\Connection.php:327
Stack trace:
#0 C:\xampp\htdocs\ITSI\vendor\codeigniter4\framework\system\Database\MySQLi\Connection.php(327): mysqli->query('SELECT `sc`.*, ...', 0)
#1 C:\xampp\htdocs\ITSI\vendor\codeigniter4\framework\system\Database\BaseConnection.php(738): CodeIgniter\Database\MySQLi\Connection->execute('SELECT `sc`.*, ...')
#2 C:\xampp\htdocs\ITSI\vendor\codeigniter4\framework\system\Database\BaseConnection.php(652): CodeIgniter\Database\BaseConnection->simpleQuery('SELECT `sc`.*, ...')
#3 C:\xampp\htdocs\ITSI\vendor\codeigniter4\framework\system\Database\BaseBuilder.php(1649): CodeIgniter\Database\BaseConnection->query('SELECT `sc`.*, ...', Array, false)
#4 C:\xampp\htdocs\ITSI\app\Controllers\estudiante\PracticasEstudianteController.php(472): CodeIgniter\Database\BaseBuilder->get()
#5 C:\xampp\htdocs\ITSI\app\Controllers\estudiante\PracticasEstudianteController.php(50): App\Controllers\estudiante\PracticasEstudianteController->obtenerServiciosComunitarios('3')
#6 C:\xampp\htdocs\ITSI\vendor\codeigniter4\framework\system\CodeIgniter.php(933): App\Controllers\estudiante\PracticasEstudianteController->index()
#7 C:\xampp\htdocs\ITSI\vendor\codeigniter4\framework\system\CodeIgniter.php(507): CodeIgniter\CodeIgniter->runController(Object(App\Controllers\estudiante\PracticasEstudianteController))
#8 C:\xampp\htdocs\ITSI\vendor\codeigniter4\framework\system\CodeIgniter.php(354): CodeIgniter\CodeIgniter->handleRequest(NULL, Object(Config\Cache), false)
#9 C:\xampp\htdocs\ITSI\vendor\codeigniter4\framework\system\Boot.php(334): CodeIgniter\CodeIgniter->run()
#10 C:\xampp\htdocs\ITSI\vendor\codeigniter4\framework\system\Boot.php(67): CodeIgniter\Boot::runCodeIgniter(Object(CodeIgniter\CodeIgniter))
#11 C:\xampp\htdocs\ITSI\public\index.php(59): CodeIgniter\Boot::bootWeb(Object(Config\Paths))
#12 {main}
ERROR - 2026-03-02 20:43:25 --> Error al obtener servicios comunitarios: Table 'itsi.servicios_comunitarios' doesn't exist
ERROR - 2026-03-02 20:43:25 --> mysqli_sql_exception: Unknown column 'dp.ESTADO_REVISION' in 'field list' in C:\xampp\htdocs\ITSI\vendor\codeigniter4\framework\system\Database\MySQLi\Connection.php:327
Stack trace:
#0 C:\xampp\htdocs\ITSI\vendor\codeigniter4\framework\system\Database\MySQLi\Connection.php(327): mysqli->query('SELECT `tdp`.`I...', 0)
#1 C:\xampp\htdocs\ITSI\vendor\codeigniter4\framework\system\Database\BaseConnection.php(738): CodeIgniter\Database\MySQLi\Connection->execute('SELECT `tdp`.`I...')
#2 C:\xampp\htdocs\ITSI\vendor\codeigniter4\framework\system\Database\BaseConnection.php(652): CodeIgniter\Database\BaseConnection->simpleQuery('SELECT `tdp`.`I...')
#3 C:\xampp\htdocs\ITSI\vendor\codeigniter4\framework\system\Database\BaseBuilder.php(1649): CodeIgniter\Database\BaseConnection->query('SELECT `tdp`.`I...', Array, false)
#4 C:\xampp\htdocs\ITSI\app\Models\DocumentosPracticasModel.php(371): CodeIgniter\Database\BaseBuilder->get()
#5 C:\xampp\htdocs\ITSI\app\Controllers\estudiante\PracticasEstudianteController.php(57): App\Models\DocumentosPracticasModel->getProgresoEstudiante('3')
#6 C:\xampp\htdocs\ITSI\vendor\codeigniter4\framework\system\CodeIgniter.php(933): App\Controllers\estudiante\PracticasEstudianteController->index()
#7 C:\xampp\htdocs\ITSI\vendor\codeigniter4\framework\system\CodeIgniter.php(507): CodeIgniter\CodeIgniter->runController(Object(App\Controllers\estudiante\PracticasEstudianteController))
#8 C:\xampp\htdocs\ITSI\vendor\codeigniter4\framework\system\CodeIgniter.php(354): CodeIgniter\CodeIgniter->handleRequest(NULL, Object(Config\Cache), false)
#9 C:\xampp\htdocs\ITSI\vendor\codeigniter4\framework\system\Boot.php(334): CodeIgniter\CodeIgniter->run()
#10 C:\xampp\htdocs\ITSI\vendor\codeigniter4\framework\system\Boot.php(67): CodeIgniter\Boot::runCodeIgniter(Object(CodeIgniter\CodeIgniter))
#11 C:\xampp\htdocs\ITSI\public\index.php(59): CodeIgniter\Boot::bootWeb(Object(Config\Paths))
#12 {main}
CRITICAL - 2026-03-02 20:43:25 --> CodeIgniter\Database\Exceptions\DatabaseException: Unknown column 'dp.ESTADO_REVISION' in 'field list'
[Method: GET, Route: estudiante/practicas]
in SYSTEMPATH\Database\BaseConnection.php on line 692.
 1 SYSTEMPATH\Database\BaseBuilder.php(1649): CodeIgniter\Database\BaseConnection->query('SELECT `tdp`.`ID_TIPO_DOCUMENTO_PREPROFESIONAL`, `tdp`.`CODIGO`, `tdp`.`NOMBRE` as `TIPO_DOCUMENTO_NOMBRE`, `dp`.`ID_DOCUMENTO_PREPROFESIONAL`, `dp`.`FECHA_SUBIDA`, `dp`.`ESTADO_REVISION` as `ESTADO_REVISION`, `dp`.`OBSERVACIONES_REVISOR`
FROM `TAB_DOCUMENTOS_PRACTICAS_PREPROFESIONALES` `dp`
RIGHT JOIN `TAB_TIPOS_DOCUMENTOS_PREPROFESIONALES` `tdp` ON `dp`.`ID_TIPO_DOCUMENTO` = `tdp`.`ID_TIPO_DOCUMENTO_PREPROFESIONAL`
WHERE `dp`.`ID_USUARIO` = :dp.ID_USUARIO:
OR `dp`.`ID_USUARIO` IS NULL
ORDER BY `tdp`.`CODIGO` ASC', [...], false)
 2 APPPATH\Models\DocumentosPracticasModel.php(371): CodeIgniter\Database\BaseBuilder->get()
 3 APPPATH\Controllers\estudiante\PracticasEstudianteController.php(57): App\Models\DocumentosPracticasModel->getProgresoEstudiante('3')
 4 SYSTEMPATH\CodeIgniter.php(933): App\Controllers\estudiante\PracticasEstudianteController->index()
 5 SYSTEMPATH\CodeIgniter.php(507): CodeIgniter\CodeIgniter->runController(Object(App\Controllers\estudiante\PracticasEstudianteController))
 6 SYSTEMPATH\CodeIgniter.php(354): CodeIgniter\CodeIgniter->handleRequest(null, Object(Config\Cache), false)
 7 SYSTEMPATH\Boot.php(334): CodeIgniter\CodeIgniter->run()
 8 SYSTEMPATH\Boot.php(67): CodeIgniter\Boot::runCodeIgniter(Object(CodeIgniter\CodeIgniter))
 9 FCPATH\index.php(59): CodeIgniter\Boot::bootWeb(Object(Config\Paths))
CRITICAL - 2026-03-02 20:43:25 --> [Caused by] CodeIgniter\Database\Exceptions\DatabaseException: Unknown column 'dp.ESTADO_REVISION' in 'field list'
in SYSTEMPATH\Database\MySQLi\Connection.php on line 332.
 1 SYSTEMPATH\Database\BaseConnection.php(738): CodeIgniter\Database\MySQLi\Connection->execute('SELECT `tdp`.`ID_TIPO_DOCUMENTO_PREPROFESIONAL`, `tdp`.`CODIGO`, `tdp`.`NOMBRE` as `TIPO_DOCUMENTO_NOMBRE`, `dp`.`ID_DOCUMENTO_PREPROFESIONAL`, `dp`.`FECHA_SUBIDA`, `dp`.`ESTADO_REVISION` as `ESTADO_REVISION`, `dp`.`OBSERVACIONES_REVISOR`
FROM `TAB_DOCUMENTOS_PRACTICAS_PREPROFESIONALES` `dp`
RIGHT JOIN `TAB_TIPOS_DOCUMENTOS_PREPROFESIONALES` `tdp` ON `dp`.`ID_TIPO_DOCUMENTO` = `tdp`.`ID_TIPO_DOCUMENTO_PREPROFESIONAL`
WHERE `dp`.`ID_USUARIO` = \'3\'
OR `dp`.`ID_USUARIO` IS NULL
ORDER BY `tdp`.`CODIGO` ASC')
 2 SYSTEMPATH\Database\BaseConnection.php(652): CodeIgniter\Database\BaseConnection->simpleQuery('SELECT `tdp`.`ID_TIPO_DOCUMENTO_PREPROFESIONAL`, `tdp`.`CODIGO`, `tdp`.`NOMBRE` as `TIPO_DOCUMENTO_NOMBRE`, `dp`.`ID_DOCUMENTO_PREPROFESIONAL`, `dp`.`FECHA_SUBIDA`, `dp`.`ESTADO_REVISION` as `ESTADO_REVISION`, `dp`.`OBSERVACIONES_REVISOR`
FROM `TAB_DOCUMENTOS_PRACTICAS_PREPROFESIONALES` `dp`
RIGHT JOIN `TAB_TIPOS_DOCUMENTOS_PREPROFESIONALES` `tdp` ON `dp`.`ID_TIPO_DOCUMENTO` = `tdp`.`ID_TIPO_DOCUMENTO_PREPROFESIONAL`
WHERE `dp`.`ID_USUARIO` = \'3\'
OR `dp`.`ID_USUARIO` IS NULL
ORDER BY `tdp`.`CODIGO` ASC')
 3 SYSTEMPATH\Database\BaseBuilder.php(1649): CodeIgniter\Database\BaseConnection->query('SELECT `tdp`.`ID_TIPO_DOCUMENTO_PREPROFESIONAL`, `tdp`.`CODIGO`, `tdp`.`NOMBRE` as `TIPO_DOCUMENTO_NOMBRE`, `dp`.`ID_DOCUMENTO_PREPROFESIONAL`, `dp`.`FECHA_SUBIDA`, `dp`.`ESTADO_REVISION` as `ESTADO_REVISION`, `dp`.`OBSERVACIONES_REVISOR`
FROM `TAB_DOCUMENTOS_PRACTICAS_PREPROFESIONALES` `dp`
RIGHT JOIN `TAB_TIPOS_DOCUMENTOS_PREPROFESIONALES` `tdp` ON `dp`.`ID_TIPO_DOCUMENTO` = `tdp`.`ID_TIPO_DOCUMENTO_PREPROFESIONAL`
WHERE `dp`.`ID_USUARIO` = :dp.ID_USUARIO:
OR `dp`.`ID_USUARIO` IS NULL
ORDER BY `tdp`.`CODIGO` ASC', [...], false)
 4 APPPATH\Models\DocumentosPracticasModel.php(371): CodeIgniter\Database\BaseBuilder->get()
 5 APPPATH\Controllers\estudiante\PracticasEstudianteController.php(57): App\Models\DocumentosPracticasModel->getProgresoEstudiante('3')
 6 SYSTEMPATH\CodeIgniter.php(933): App\Controllers\estudiante\PracticasEstudianteController->index()
 7 SYSTEMPATH\CodeIgniter.php(507): CodeIgniter\CodeIgniter->runController(Object(App\Controllers\estudiante\PracticasEstudianteController))
 8 SYSTEMPATH\CodeIgniter.php(354): CodeIgniter\CodeIgniter->handleRequest(null, Object(Config\Cache), false)
 9 SYSTEMPATH\Boot.php(334): CodeIgniter\CodeIgniter->run()
10 SYSTEMPATH\Boot.php(67): CodeIgniter\Boot::runCodeIgniter(Object(CodeIgniter\CodeIgniter))
11 FCPATH\index.php(59): CodeIgniter\Boot::bootWeb(Object(Config\Paths))
CRITICAL - 2026-03-02 20:43:25 --> [Caused by] mysqli_sql_exception: Unknown column 'dp.ESTADO_REVISION' in 'field list'
in SYSTEMPATH\Database\MySQLi\Connection.php on line 327.
 1 SYSTEMPATH\Database\MySQLi\Connection.php(327): mysqli->query('SELECT `tdp`.`ID_TIPO_DOCUMENTO_PREPROFESIONAL`, `tdp`.`CODIGO`, `tdp`.`NOMBRE` as `TIPO_DOCUMENTO_NOMBRE`, `dp`.`ID_DOCUMENTO_PREPROFESIONAL`, `dp`.`FECHA_SUBIDA`, `dp`.`ESTADO_REVISION` as `ESTADO_REVISION`, `dp`.`OBSERVACIONES_REVISOR`
FROM `TAB_DOCUMENTOS_PRACTICAS_PREPROFESIONALES` `dp`
RIGHT JOIN `TAB_TIPOS_DOCUMENTOS_PREPROFESIONALES` `tdp` ON `dp`.`ID_TIPO_DOCUMENTO` = `tdp`.`ID_TIPO_DOCUMENTO_PREPROFESIONAL`
WHERE `dp`.`ID_USUARIO` = \'3\'
OR `dp`.`ID_USUARIO` IS NULL
ORDER BY `tdp`.`CODIGO` ASC', 0)
 2 SYSTEMPATH\Database\BaseConnection.php(738): CodeIgniter\Database\MySQLi\Connection->execute('SELECT `tdp`.`ID_TIPO_DOCUMENTO_PREPROFESIONAL`, `tdp`.`CODIGO`, `tdp`.`NOMBRE` as `TIPO_DOCUMENTO_NOMBRE`, `dp`.`ID_DOCUMENTO_PREPROFESIONAL`, `dp`.`FECHA_SUBIDA`, `dp`.`ESTADO_REVISION` as `ESTADO_REVISION`, `dp`.`OBSERVACIONES_REVISOR`
FROM `TAB_DOCUMENTOS_PRACTICAS_PREPROFESIONALES` `dp`
RIGHT JOIN `TAB_TIPOS_DOCUMENTOS_PREPROFESIONALES` `tdp` ON `dp`.`ID_TIPO_DOCUMENTO` = `tdp`.`ID_TIPO_DOCUMENTO_PREPROFESIONAL`
WHERE `dp`.`ID_USUARIO` = \'3\'
OR `dp`.`ID_USUARIO` IS NULL
ORDER BY `tdp`.`CODIGO` ASC')
 3 SYSTEMPATH\Database\BaseConnection.php(652): CodeIgniter\Database\BaseConnection->simpleQuery('SELECT `tdp`.`ID_TIPO_DOCUMENTO_PREPROFESIONAL`, `tdp`.`CODIGO`, `tdp`.`NOMBRE` as `TIPO_DOCUMENTO_NOMBRE`, `dp`.`ID_DOCUMENTO_PREPROFESIONAL`, `dp`.`FECHA_SUBIDA`, `dp`.`ESTADO_REVISION` as `ESTADO_REVISION`, `dp`.`OBSERVACIONES_REVISOR`
FROM `TAB_DOCUMENTOS_PRACTICAS_PREPROFESIONALES` `dp`
RIGHT JOIN `TAB_TIPOS_DOCUMENTOS_PREPROFESIONALES` `tdp` ON `dp`.`ID_TIPO_DOCUMENTO` = `tdp`.`ID_TIPO_DOCUMENTO_PREPROFESIONAL`
WHERE `dp`.`ID_USUARIO` = \'3\'
OR `dp`.`ID_USUARIO` IS NULL
ORDER BY `tdp`.`CODIGO` ASC')
 4 SYSTEMPATH\Database\BaseBuilder.php(1649): CodeIgniter\Database\BaseConnection->query('SELECT `tdp`.`ID_TIPO_DOCUMENTO_PREPROFESIONAL`, `tdp`.`CODIGO`, `tdp`.`NOMBRE` as `TIPO_DOCUMENTO_NOMBRE`, `dp`.`ID_DOCUMENTO_PREPROFESIONAL`, `dp`.`FECHA_SUBIDA`, `dp`.`ESTADO_REVISION` as `ESTADO_REVISION`, `dp`.`OBSERVACIONES_REVISOR`
FROM `TAB_DOCUMENTOS_PRACTICAS_PREPROFESIONALES` `dp`
RIGHT JOIN `TAB_TIPOS_DOCUMENTOS_PREPROFESIONALES` `tdp` ON `dp`.`ID_TIPO_DOCUMENTO` = `tdp`.`ID_TIPO_DOCUMENTO_PREPROFESIONAL`
WHERE `dp`.`ID_USUARIO` = :dp.ID_USUARIO:
OR `dp`.`ID_USUARIO` IS NULL
ORDER BY `tdp`.`CODIGO` ASC', [...], false)
 5 APPPATH\Models\DocumentosPracticasModel.php(371): CodeIgniter\Database\BaseBuilder->get()
 6 APPPATH\Controllers\estudiante\PracticasEstudianteController.php(57): App\Models\DocumentosPracticasModel->getProgresoEstudiante('3')
 7 SYSTEMPATH\CodeIgniter.php(933): App\Controllers\estudiante\PracticasEstudianteController->index()
 8 SYSTEMPATH\CodeIgniter.php(507): CodeIgniter\CodeIgniter->runController(Object(App\Controllers\estudiante\PracticasEstudianteController))
 9 SYSTEMPATH\CodeIgniter.php(354): CodeIgniter\CodeIgniter->handleRequest(null, Object(Config\Cache), false)
10 SYSTEMPATH\Boot.php(334): CodeIgniter\CodeIgniter->run()
11 SYSTEMPATH\Boot.php(67): CodeIgniter\Boot::runCodeIgniter(Object(CodeIgniter\CodeIgniter))
12 FCPATH\index.php(59): CodeIgniter\Boot::bootWeb(Object(Config\Paths))
DEBUG - 2026-03-02 20:43:27 --> Session: Class initialized using 'CodeIgniter\Session\Handlers\FileHandler' driver.
ERROR - 2026-03-02 20:43:27 --> mysqli_sql_exception: Table 'itsi.practicas_preprofesionales' doesn't exist in C:\xampp\htdocs\ITSI\vendor\codeigniter4\framework\system\Database\MySQLi\Connection.php:327
Stack trace:
#0 C:\xampp\htdocs\ITSI\vendor\codeigniter4\framework\system\Database\MySQLi\Connection.php(327): mysqli->query('SELECT COUNT(*)...', 0)
#1 C:\xampp\htdocs\ITSI\vendor\codeigniter4\framework\system\Database\BaseConnection.php(738): CodeIgniter\Database\MySQLi\Connection->execute('SELECT COUNT(*)...')
#2 C:\xampp\htdocs\ITSI\vendor\codeigniter4\framework\system\Database\BaseConnection.php(652): CodeIgniter\Database\BaseConnection->simpleQuery('SELECT COUNT(*)...')
#3 C:\xampp\htdocs\ITSI\vendor\codeigniter4\framework\system\Database\BaseBuilder.php(1733): CodeIgniter\Database\BaseConnection->query('SELECT COUNT(*)...', Array, false)
#4 C:\xampp\htdocs\ITSI\app\Controllers\estudiante\PracticasEstudianteController.php(281): CodeIgniter\Database\BaseBuilder->countAllResults()
#5 C:\xampp\htdocs\ITSI\app\Controllers\estudiante\PracticasEstudianteController.php(44): App\Controllers\estudiante\PracticasEstudianteController->obtenerEstadisticasEstudiante('3')
#6 C:\xampp\htdocs\ITSI\vendor\codeigniter4\framework\system\CodeIgniter.php(933): App\Controllers\estudiante\PracticasEstudianteController->index()
#7 C:\xampp\htdocs\ITSI\vendor\codeigniter4\framework\system\CodeIgniter.php(507): CodeIgniter\CodeIgniter->runController(Object(App\Controllers\estudiante\PracticasEstudianteController))
#8 C:\xampp\htdocs\ITSI\vendor\codeigniter4\framework\system\CodeIgniter.php(354): CodeIgniter\CodeIgniter->handleRequest(NULL, Object(Config\Cache), false)
#9 C:\xampp\htdocs\ITSI\vendor\codeigniter4\framework\system\Boot.php(334): CodeIgniter\CodeIgniter->run()
#10 C:\xampp\htdocs\ITSI\vendor\codeigniter4\framework\system\Boot.php(67): CodeIgniter\Boot::runCodeIgniter(Object(CodeIgniter\CodeIgniter))
#11 C:\xampp\htdocs\ITSI\public\index.php(59): CodeIgniter\Boot::bootWeb(Object(Config\Paths))
#12 {main}
ERROR - 2026-03-02 20:43:27 --> Error al obtener estadísticas: Table 'itsi.practicas_preprofesionales' doesn't exist
ERROR - 2026-03-02 20:43:27 --> mysqli_sql_exception: Table 'itsi.practicas_preprofesionales' doesn't exist in C:\xampp\htdocs\ITSI\vendor\codeigniter4\framework\system\Database\MySQLi\Connection.php:327
Stack trace:
#0 C:\xampp\htdocs\ITSI\vendor\codeigniter4\framework\system\Database\MySQLi\Connection.php(327): mysqli->query('SELECT `pp`.*, ...', 0)
#1 C:\xampp\htdocs\ITSI\vendor\codeigniter4\framework\system\Database\BaseConnection.php(738): CodeIgniter\Database\MySQLi\Connection->execute('SELECT `pp`.*, ...')
#2 C:\xampp\htdocs\ITSI\vendor\codeigniter4\framework\system\Database\BaseConnection.php(652): CodeIgniter\Database\BaseConnection->simpleQuery('SELECT `pp`.*, ...')
#3 C:\xampp\htdocs\ITSI\vendor\codeigniter4\framework\system\Database\BaseBuilder.php(1649): CodeIgniter\Database\BaseConnection->query('SELECT `pp`.*, ...', Array, false)
#4 C:\xampp\htdocs\ITSI\app\Controllers\estudiante\PracticasEstudianteController.php(453): CodeIgniter\Database\BaseBuilder->get()
#5 C:\xampp\htdocs\ITSI\app\Controllers\estudiante\PracticasEstudianteController.php(47): App\Controllers\estudiante\PracticasEstudianteController->obtenerPracticasPreprofesionales('3')
#6 C:\xampp\htdocs\ITSI\vendor\codeigniter4\framework\system\CodeIgniter.php(933): App\Controllers\estudiante\PracticasEstudianteController->index()
#7 C:\xampp\htdocs\ITSI\vendor\codeigniter4\framework\system\CodeIgniter.php(507): CodeIgniter\CodeIgniter->runController(Object(App\Controllers\estudiante\PracticasEstudianteController))
#8 C:\xampp\htdocs\ITSI\vendor\codeigniter4\framework\system\CodeIgniter.php(354): CodeIgniter\CodeIgniter->handleRequest(NULL, Object(Config\Cache), false)
#9 C:\xampp\htdocs\ITSI\vendor\codeigniter4\framework\system\Boot.php(334): CodeIgniter\CodeIgniter->run()
#10 C:\xampp\htdocs\ITSI\vendor\codeigniter4\framework\system\Boot.php(67): CodeIgniter\Boot::runCodeIgniter(Object(CodeIgniter\CodeIgniter))
#11 C:\xampp\htdocs\ITSI\public\index.php(59): CodeIgniter\Boot::bootWeb(Object(Config\Paths))
#12 {main}
ERROR - 2026-03-02 20:43:27 --> Error al obtener prácticas preprofesionales: Table 'itsi.practicas_preprofesionales' doesn't exist
ERROR - 2026-03-02 20:43:27 --> mysqli_sql_exception: Table 'itsi.servicios_comunitarios' doesn't exist in C:\xampp\htdocs\ITSI\vendor\codeigniter4\framework\system\Database\MySQLi\Connection.php:327
Stack trace:
#0 C:\xampp\htdocs\ITSI\vendor\codeigniter4\framework\system\Database\MySQLi\Connection.php(327): mysqli->query('SELECT `sc`.*, ...', 0)
#1 C:\xampp\htdocs\ITSI\vendor\codeigniter4\framework\system\Database\BaseConnection.php(738): CodeIgniter\Database\MySQLi\Connection->execute('SELECT `sc`.*, ...')
#2 C:\xampp\htdocs\ITSI\vendor\codeigniter4\framework\system\Database\BaseConnection.php(652): CodeIgniter\Database\BaseConnection->simpleQuery('SELECT `sc`.*, ...')
#3 C:\xampp\htdocs\ITSI\vendor\codeigniter4\framework\system\Database\BaseBuilder.php(1649): CodeIgniter\Database\BaseConnection->query('SELECT `sc`.*, ...', Array, false)
#4 C:\xampp\htdocs\ITSI\app\Controllers\estudiante\PracticasEstudianteController.php(472): CodeIgniter\Database\BaseBuilder->get()
#5 C:\xampp\htdocs\ITSI\app\Controllers\estudiante\PracticasEstudianteController.php(50): App\Controllers\estudiante\PracticasEstudianteController->obtenerServiciosComunitarios('3')
#6 C:\xampp\htdocs\ITSI\vendor\codeigniter4\framework\system\CodeIgniter.php(933): App\Controllers\estudiante\PracticasEstudianteController->index()
#7 C:\xampp\htdocs\ITSI\vendor\codeigniter4\framework\system\CodeIgniter.php(507): CodeIgniter\CodeIgniter->runController(Object(App\Controllers\estudiante\PracticasEstudianteController))
#8 C:\xampp\htdocs\ITSI\vendor\codeigniter4\framework\system\CodeIgniter.php(354): CodeIgniter\CodeIgniter->handleRequest(NULL, Object(Config\Cache), false)
#9 C:\xampp\htdocs\ITSI\vendor\codeigniter4\framework\system\Boot.php(334): CodeIgniter\CodeIgniter->run()
#10 C:\xampp\htdocs\ITSI\vendor\codeigniter4\framework\system\Boot.php(67): CodeIgniter\Boot::runCodeIgniter(Object(CodeIgniter\CodeIgniter))
#11 C:\xampp\htdocs\ITSI\public\index.php(59): CodeIgniter\Boot::bootWeb(Object(Config\Paths))
#12 {main}
ERROR - 2026-03-02 20:43:27 --> Error al obtener servicios comunitarios: Table 'itsi.servicios_comunitarios' doesn't exist
ERROR - 2026-03-02 20:43:27 --> mysqli_sql_exception: Unknown column 'dp.ESTADO_REVISION' in 'field list' in C:\xampp\htdocs\ITSI\vendor\codeigniter4\framework\system\Database\MySQLi\Connection.php:327
Stack trace:
#0 C:\xampp\htdocs\ITSI\vendor\codeigniter4\framework\system\Database\MySQLi\Connection.php(327): mysqli->query('SELECT `tdp`.`I...', 0)
#1 C:\xampp\htdocs\ITSI\vendor\codeigniter4\framework\system\Database\BaseConnection.php(738): CodeIgniter\Database\MySQLi\Connection->execute('SELECT `tdp`.`I...')
#2 C:\xampp\htdocs\ITSI\vendor\codeigniter4\framework\system\Database\BaseConnection.php(652): CodeIgniter\Database\BaseConnection->simpleQuery('SELECT `tdp`.`I...')
#3 C:\xampp\htdocs\ITSI\vendor\codeigniter4\framework\system\Database\BaseBuilder.php(1649): CodeIgniter\Database\BaseConnection->query('SELECT `tdp`.`I...', Array, false)
#4 C:\xampp\htdocs\ITSI\app\Models\DocumentosPracticasModel.php(371): CodeIgniter\Database\BaseBuilder->get()
#5 C:\xampp\htdocs\ITSI\app\Controllers\estudiante\PracticasEstudianteController.php(57): App\Models\DocumentosPracticasModel->getProgresoEstudiante('3')
#6 C:\xampp\htdocs\ITSI\vendor\codeigniter4\framework\system\CodeIgniter.php(933): App\Controllers\estudiante\PracticasEstudianteController->index()
#7 C:\xampp\htdocs\ITSI\vendor\codeigniter4\framework\system\CodeIgniter.php(507): CodeIgniter\CodeIgniter->runController(Object(App\Controllers\estudiante\PracticasEstudianteController))
#8 C:\xampp\htdocs\ITSI\vendor\codeigniter4\framework\system\CodeIgniter.php(354): CodeIgniter\CodeIgniter->handleRequest(NULL, Object(Config\Cache), false)
#9 C:\xampp\htdocs\ITSI\vendor\codeigniter4\framework\system\Boot.php(334): CodeIgniter\CodeIgniter->run()
#10 C:\xampp\htdocs\ITSI\vendor\codeigniter4\framework\system\Boot.php(67): CodeIgniter\Boot::runCodeIgniter(Object(CodeIgniter\CodeIgniter))
#11 C:\xampp\htdocs\ITSI\public\index.php(59): CodeIgniter\Boot::bootWeb(Object(Config\Paths))
#12 {main}
CRITICAL - 2026-03-02 20:43:27 --> CodeIgniter\Database\Exceptions\DatabaseException: Unknown column 'dp.ESTADO_REVISION' in 'field list'
[Method: GET, Route: estudiante/practicas]
in SYSTEMPATH\Database\BaseConnection.php on line 692.
 1 SYSTEMPATH\Database\BaseBuilder.php(1649): CodeIgniter\Database\BaseConnection->query('SELECT `tdp`.`ID_TIPO_DOCUMENTO_PREPROFESIONAL`, `tdp`.`CODIGO`, `tdp`.`NOMBRE` as `TIPO_DOCUMENTO_NOMBRE`, `dp`.`ID_DOCUMENTO_PREPROFESIONAL`, `dp`.`FECHA_SUBIDA`, `dp`.`ESTADO_REVISION` as `ESTADO_REVISION`, `dp`.`OBSERVACIONES_REVISOR`
FROM `TAB_DOCUMENTOS_PRACTICAS_PREPROFESIONALES` `dp`
RIGHT JOIN `TAB_TIPOS_DOCUMENTOS_PREPROFESIONALES` `tdp` ON `dp`.`ID_TIPO_DOCUMENTO` = `tdp`.`ID_TIPO_DOCUMENTO_PREPROFESIONAL`
WHERE `dp`.`ID_USUARIO` = :dp.ID_USUARIO:
OR `dp`.`ID_USUARIO` IS NULL
ORDER BY `tdp`.`CODIGO` ASC', [...], false)
 2 APPPATH\Models\DocumentosPracticasModel.php(371): CodeIgniter\Database\BaseBuilder->get()
 3 APPPATH\Controllers\estudiante\PracticasEstudianteController.php(57): App\Models\DocumentosPracticasModel->getProgresoEstudiante('3')
 4 SYSTEMPATH\CodeIgniter.php(933): App\Controllers\estudiante\PracticasEstudianteController->index()
 5 SYSTEMPATH\CodeIgniter.php(507): CodeIgniter\CodeIgniter->runController(Object(App\Controllers\estudiante\PracticasEstudianteController))
 6 SYSTEMPATH\CodeIgniter.php(354): CodeIgniter\CodeIgniter->handleRequest(null, Object(Config\Cache), false)
 7 SYSTEMPATH\Boot.php(334): CodeIgniter\CodeIgniter->run()
 8 SYSTEMPATH\Boot.php(67): CodeIgniter\Boot::runCodeIgniter(Object(CodeIgniter\CodeIgniter))
 9 FCPATH\index.php(59): CodeIgniter\Boot::bootWeb(Object(Config\Paths))
CRITICAL - 2026-03-02 20:43:27 --> [Caused by] CodeIgniter\Database\Exceptions\DatabaseException: Unknown column 'dp.ESTADO_REVISION' in 'field list'
in SYSTEMPATH\Database\MySQLi\Connection.php on line 332.
 1 SYSTEMPATH\Database\BaseConnection.php(738): CodeIgniter\Database\MySQLi\Connection->execute('SELECT `tdp`.`ID_TIPO_DOCUMENTO_PREPROFESIONAL`, `tdp`.`CODIGO`, `tdp`.`NOMBRE` as `TIPO_DOCUMENTO_NOMBRE`, `dp`.`ID_DOCUMENTO_PREPROFESIONAL`, `dp`.`FECHA_SUBIDA`, `dp`.`ESTADO_REVISION` as `ESTADO_REVISION`, `dp`.`OBSERVACIONES_REVISOR`
FROM `TAB_DOCUMENTOS_PRACTICAS_PREPROFESIONALES` `dp`
RIGHT JOIN `TAB_TIPOS_DOCUMENTOS_PREPROFESIONALES` `tdp` ON `dp`.`ID_TIPO_DOCUMENTO` = `tdp`.`ID_TIPO_DOCUMENTO_PREPROFESIONAL`
WHERE `dp`.`ID_USUARIO` = \'3\'
OR `dp`.`ID_USUARIO` IS NULL
ORDER BY `tdp`.`CODIGO` ASC')
 2 SYSTEMPATH\Database\BaseConnection.php(652): CodeIgniter\Database\BaseConnection->simpleQuery('SELECT `tdp`.`ID_TIPO_DOCUMENTO_PREPROFESIONAL`, `tdp`.`CODIGO`, `tdp`.`NOMBRE` as `TIPO_DOCUMENTO_NOMBRE`, `dp`.`ID_DOCUMENTO_PREPROFESIONAL`, `dp`.`FECHA_SUBIDA`, `dp`.`ESTADO_REVISION` as `ESTADO_REVISION`, `dp`.`OBSERVACIONES_REVISOR`
FROM `TAB_DOCUMENTOS_PRACTICAS_PREPROFESIONALES` `dp`
RIGHT JOIN `TAB_TIPOS_DOCUMENTOS_PREPROFESIONALES` `tdp` ON `dp`.`ID_TIPO_DOCUMENTO` = `tdp`.`ID_TIPO_DOCUMENTO_PREPROFESIONAL`
WHERE `dp`.`ID_USUARIO` = \'3\'
OR `dp`.`ID_USUARIO` IS NULL
ORDER BY `tdp`.`CODIGO` ASC')
 3 SYSTEMPATH\Database\BaseBuilder.php(1649): CodeIgniter\Database\BaseConnection->query('SELECT `tdp`.`ID_TIPO_DOCUMENTO_PREPROFESIONAL`, `tdp`.`CODIGO`, `tdp`.`NOMBRE` as `TIPO_DOCUMENTO_NOMBRE`, `dp`.`ID_DOCUMENTO_PREPROFESIONAL`, `dp`.`FECHA_SUBIDA`, `dp`.`ESTADO_REVISION` as `ESTADO_REVISION`, `dp`.`OBSERVACIONES_REVISOR`
FROM `TAB_DOCUMENTOS_PRACTICAS_PREPROFESIONALES` `dp`
RIGHT JOIN `TAB_TIPOS_DOCUMENTOS_PREPROFESIONALES` `tdp` ON `dp`.`ID_TIPO_DOCUMENTO` = `tdp`.`ID_TIPO_DOCUMENTO_PREPROFESIONAL`
WHERE `dp`.`ID_USUARIO` = :dp.ID_USUARIO:
OR `dp`.`ID_USUARIO` IS NULL
ORDER BY `tdp`.`CODIGO` ASC', [...], false)
 4 APPPATH\Models\DocumentosPracticasModel.php(371): CodeIgniter\Database\BaseBuilder->get()
 5 APPPATH\Controllers\estudiante\PracticasEstudianteController.php(57): App\Models\DocumentosPracticasModel->getProgresoEstudiante('3')
 6 SYSTEMPATH\CodeIgniter.php(933): App\Controllers\estudiante\PracticasEstudianteController->index()
 7 SYSTEMPATH\CodeIgniter.php(507): CodeIgniter\CodeIgniter->runController(Object(App\Controllers\estudiante\PracticasEstudianteController))
 8 SYSTEMPATH\CodeIgniter.php(354): CodeIgniter\CodeIgniter->handleRequest(null, Object(Config\Cache), false)
 9 SYSTEMPATH\Boot.php(334): CodeIgniter\CodeIgniter->run()
10 SYSTEMPATH\Boot.php(67): CodeIgniter\Boot::runCodeIgniter(Object(CodeIgniter\CodeIgniter))
11 FCPATH\index.php(59): CodeIgniter\Boot::bootWeb(Object(Config\Paths))
CRITICAL - 2026-03-02 20:43:27 --> [Caused by] mysqli_sql_exception: Unknown column 'dp.ESTADO_REVISION' in 'field list'
in SYSTEMPATH\Database\MySQLi\Connection.php on line 327.
 1 SYSTEMPATH\Database\MySQLi\Connection.php(327): mysqli->query('SELECT `tdp`.`ID_TIPO_DOCUMENTO_PREPROFESIONAL`, `tdp`.`CODIGO`, `tdp`.`NOMBRE` as `TIPO_DOCUMENTO_NOMBRE`, `dp`.`ID_DOCUMENTO_PREPROFESIONAL`, `dp`.`FECHA_SUBIDA`, `dp`.`ESTADO_REVISION` as `ESTADO_REVISION`, `dp`.`OBSERVACIONES_REVISOR`
FROM `TAB_DOCUMENTOS_PRACTICAS_PREPROFESIONALES` `dp`
RIGHT JOIN `TAB_TIPOS_DOCUMENTOS_PREPROFESIONALES` `tdp` ON `dp`.`ID_TIPO_DOCUMENTO` = `tdp`.`ID_TIPO_DOCUMENTO_PREPROFESIONAL`
WHERE `dp`.`ID_USUARIO` = \'3\'
OR `dp`.`ID_USUARIO` IS NULL
ORDER BY `tdp`.`CODIGO` ASC', 0)
 2 SYSTEMPATH\Database\BaseConnection.php(738): CodeIgniter\Database\MySQLi\Connection->execute('SELECT `tdp`.`ID_TIPO_DOCUMENTO_PREPROFESIONAL`, `tdp`.`CODIGO`, `tdp`.`NOMBRE` as `TIPO_DOCUMENTO_NOMBRE`, `dp`.`ID_DOCUMENTO_PREPROFESIONAL`, `dp`.`FECHA_SUBIDA`, `dp`.`ESTADO_REVISION` as `ESTADO_REVISION`, `dp`.`OBSERVACIONES_REVISOR`
FROM `TAB_DOCUMENTOS_PRACTICAS_PREPROFESIONALES` `dp`
RIGHT JOIN `TAB_TIPOS_DOCUMENTOS_PREPROFESIONALES` `tdp` ON `dp`.`ID_TIPO_DOCUMENTO` = `tdp`.`ID_TIPO_DOCUMENTO_PREPROFESIONAL`
WHERE `dp`.`ID_USUARIO` = \'3\'
OR `dp`.`ID_USUARIO` IS NULL
ORDER BY `tdp`.`CODIGO` ASC')
 3 SYSTEMPATH\Database\BaseConnection.php(652): CodeIgniter\Database\BaseConnection->simpleQuery('SELECT `tdp`.`ID_TIPO_DOCUMENTO_PREPROFESIONAL`, `tdp`.`CODIGO`, `tdp`.`NOMBRE` as `TIPO_DOCUMENTO_NOMBRE`, `dp`.`ID_DOCUMENTO_PREPROFESIONAL`, `dp`.`FECHA_SUBIDA`, `dp`.`ESTADO_REVISION` as `ESTADO_REVISION`, `dp`.`OBSERVACIONES_REVISOR`
FROM `TAB_DOCUMENTOS_PRACTICAS_PREPROFESIONALES` `dp`
RIGHT JOIN `TAB_TIPOS_DOCUMENTOS_PREPROFESIONALES` `tdp` ON `dp`.`ID_TIPO_DOCUMENTO` = `tdp`.`ID_TIPO_DOCUMENTO_PREPROFESIONAL`
WHERE `dp`.`ID_USUARIO` = \'3\'
OR `dp`.`ID_USUARIO` IS NULL
ORDER BY `tdp`.`CODIGO` ASC')
 4 SYSTEMPATH\Database\BaseBuilder.php(1649): CodeIgniter\Database\BaseConnection->query('SELECT `tdp`.`ID_TIPO_DOCUMENTO_PREPROFESIONAL`, `tdp`.`CODIGO`, `tdp`.`NOMBRE` as `TIPO_DOCUMENTO_NOMBRE`, `dp`.`ID_DOCUMENTO_PREPROFESIONAL`, `dp`.`FECHA_SUBIDA`, `dp`.`ESTADO_REVISION` as `ESTADO_REVISION`, `dp`.`OBSERVACIONES_REVISOR`
FROM `TAB_DOCUMENTOS_PRACTICAS_PREPROFESIONALES` `dp`
RIGHT JOIN `TAB_TIPOS_DOCUMENTOS_PREPROFESIONALES` `tdp` ON `dp`.`ID_TIPO_DOCUMENTO` = `tdp`.`ID_TIPO_DOCUMENTO_PREPROFESIONAL`
WHERE `dp`.`ID_USUARIO` = :dp.ID_USUARIO:
OR `dp`.`ID_USUARIO` IS NULL
ORDER BY `tdp`.`CODIGO` ASC', [...], false)
 5 APPPATH\Models\DocumentosPracticasModel.php(371): CodeIgniter\Database\BaseBuilder->get()
 6 APPPATH\Controllers\estudiante\PracticasEstudianteController.php(57): App\Models\DocumentosPracticasModel->getProgresoEstudiante('3')
 7 SYSTEMPATH\CodeIgniter.php(933): App\Controllers\estudiante\PracticasEstudianteController->index()
 8 SYSTEMPATH\CodeIgniter.php(507): CodeIgniter\CodeIgniter->runController(Object(App\Controllers\estudiante\PracticasEstudianteController))
 9 SYSTEMPATH\CodeIgniter.php(354): CodeIgniter\CodeIgniter->handleRequest(null, Object(Config\Cache), false)
10 SYSTEMPATH\Boot.php(334): CodeIgniter\CodeIgniter->run()
11 SYSTEMPATH\Boot.php(67): CodeIgniter\Boot::runCodeIgniter(Object(CodeIgniter\CodeIgniter))
12 FCPATH\index.php(59): CodeIgniter\Boot::bootWeb(Object(Config\Paths))
DEBUG - 2026-03-02 20:45:00 --> Session: Class initialized using 'CodeIgniter\Session\Handlers\FileHandler' driver.
ERROR - 2026-03-02 20:45:00 --> mysqli_sql_exception: Table 'itsi.practicas_preprofesionales' doesn't exist in C:\xampp\htdocs\ITSI\vendor\codeigniter4\framework\system\Database\MySQLi\Connection.php:327
Stack trace:
#0 C:\xampp\htdocs\ITSI\vendor\codeigniter4\framework\system\Database\MySQLi\Connection.php(327): mysqli->query('SELECT COUNT(*)...', 0)
#1 C:\xampp\htdocs\ITSI\vendor\codeigniter4\framework\system\Database\BaseConnection.php(738): CodeIgniter\Database\MySQLi\Connection->execute('SELECT COUNT(*)...')
#2 C:\xampp\htdocs\ITSI\vendor\codeigniter4\framework\system\Database\BaseConnection.php(652): CodeIgniter\Database\BaseConnection->simpleQuery('SELECT COUNT(*)...')
#3 C:\xampp\htdocs\ITSI\vendor\codeigniter4\framework\system\Database\BaseBuilder.php(1733): CodeIgniter\Database\BaseConnection->query('SELECT COUNT(*)...', Array, false)
#4 C:\xampp\htdocs\ITSI\app\Controllers\estudiante\PracticasEstudianteController.php(281): CodeIgniter\Database\BaseBuilder->countAllResults()
#5 C:\xampp\htdocs\ITSI\app\Controllers\estudiante\PracticasEstudianteController.php(44): App\Controllers\estudiante\PracticasEstudianteController->obtenerEstadisticasEstudiante('3')
#6 C:\xampp\htdocs\ITSI\vendor\codeigniter4\framework\system\CodeIgniter.php(933): App\Controllers\estudiante\PracticasEstudianteController->index()
#7 C:\xampp\htdocs\ITSI\vendor\codeigniter4\framework\system\CodeIgniter.php(507): CodeIgniter\CodeIgniter->runController(Object(App\Controllers\estudiante\PracticasEstudianteController))
#8 C:\xampp\htdocs\ITSI\vendor\codeigniter4\framework\system\CodeIgniter.php(354): CodeIgniter\CodeIgniter->handleRequest(NULL, Object(Config\Cache), false)
#9 C:\xampp\htdocs\ITSI\vendor\codeigniter4\framework\system\Boot.php(334): CodeIgniter\CodeIgniter->run()
#10 C:\xampp\htdocs\ITSI\vendor\codeigniter4\framework\system\Boot.php(67): CodeIgniter\Boot::runCodeIgniter(Object(CodeIgniter\CodeIgniter))
#11 C:\xampp\htdocs\ITSI\public\index.php(59): CodeIgniter\Boot::bootWeb(Object(Config\Paths))
#12 {main}
ERROR - 2026-03-02 20:45:00 --> Error al obtener estadísticas: Table 'itsi.practicas_preprofesionales' doesn't exist
ERROR - 2026-03-02 20:45:00 --> mysqli_sql_exception: Table 'itsi.practicas_preprofesionales' doesn't exist in C:\xampp\htdocs\ITSI\vendor\codeigniter4\framework\system\Database\MySQLi\Connection.php:327
Stack trace:
#0 C:\xampp\htdocs\ITSI\vendor\codeigniter4\framework\system\Database\MySQLi\Connection.php(327): mysqli->query('SELECT `pp`.*, ...', 0)
#1 C:\xampp\htdocs\ITSI\vendor\codeigniter4\framework\system\Database\BaseConnection.php(738): CodeIgniter\Database\MySQLi\Connection->execute('SELECT `pp`.*, ...')
#2 C:\xampp\htdocs\ITSI\vendor\codeigniter4\framework\system\Database\BaseConnection.php(652): CodeIgniter\Database\BaseConnection->simpleQuery('SELECT `pp`.*, ...')
#3 C:\xampp\htdocs\ITSI\vendor\codeigniter4\framework\system\Database\BaseBuilder.php(1649): CodeIgniter\Database\BaseConnection->query('SELECT `pp`.*, ...', Array, false)
#4 C:\xampp\htdocs\ITSI\app\Controllers\estudiante\PracticasEstudianteController.php(453): CodeIgniter\Database\BaseBuilder->get()
#5 C:\xampp\htdocs\ITSI\app\Controllers\estudiante\PracticasEstudianteController.php(47): App\Controllers\estudiante\PracticasEstudianteController->obtenerPracticasPreprofesionales('3')
#6 C:\xampp\htdocs\ITSI\vendor\codeigniter4\framework\system\CodeIgniter.php(933): App\Controllers\estudiante\PracticasEstudianteController->index()
#7 C:\xampp\htdocs\ITSI\vendor\codeigniter4\framework\system\CodeIgniter.php(507): CodeIgniter\CodeIgniter->runController(Object(App\Controllers\estudiante\PracticasEstudianteController))
#8 C:\xampp\htdocs\ITSI\vendor\codeigniter4\framework\system\CodeIgniter.php(354): CodeIgniter\CodeIgniter->handleRequest(NULL, Object(Config\Cache), false)
#9 C:\xampp\htdocs\ITSI\vendor\codeigniter4\framework\system\Boot.php(334): CodeIgniter\CodeIgniter->run()
#10 C:\xampp\htdocs\ITSI\vendor\codeigniter4\framework\system\Boot.php(67): CodeIgniter\Boot::runCodeIgniter(Object(CodeIgniter\CodeIgniter))
#11 C:\xampp\htdocs\ITSI\public\index.php(59): CodeIgniter\Boot::bootWeb(Object(Config\Paths))
#12 {main}
ERROR - 2026-03-02 20:45:00 --> Error al obtener prácticas preprofesionales: Table 'itsi.practicas_preprofesionales' doesn't exist
ERROR - 2026-03-02 20:45:00 --> mysqli_sql_exception: Table 'itsi.servicios_comunitarios' doesn't exist in C:\xampp\htdocs\ITSI\vendor\codeigniter4\framework\system\Database\MySQLi\Connection.php:327
Stack trace:
#0 C:\xampp\htdocs\ITSI\vendor\codeigniter4\framework\system\Database\MySQLi\Connection.php(327): mysqli->query('SELECT `sc`.*, ...', 0)
#1 C:\xampp\htdocs\ITSI\vendor\codeigniter4\framework\system\Database\BaseConnection.php(738): CodeIgniter\Database\MySQLi\Connection->execute('SELECT `sc`.*, ...')
#2 C:\xampp\htdocs\ITSI\vendor\codeigniter4\framework\system\Database\BaseConnection.php(652): CodeIgniter\Database\BaseConnection->simpleQuery('SELECT `sc`.*, ...')
#3 C:\xampp\htdocs\ITSI\vendor\codeigniter4\framework\system\Database\BaseBuilder.php(1649): CodeIgniter\Database\BaseConnection->query('SELECT `sc`.*, ...', Array, false)
#4 C:\xampp\htdocs\ITSI\app\Controllers\estudiante\PracticasEstudianteController.php(472): CodeIgniter\Database\BaseBuilder->get()
#5 C:\xampp\htdocs\ITSI\app\Controllers\estudiante\PracticasEstudianteController.php(50): App\Controllers\estudiante\PracticasEstudianteController->obtenerServiciosComunitarios('3')
#6 C:\xampp\htdocs\ITSI\vendor\codeigniter4\framework\system\CodeIgniter.php(933): App\Controllers\estudiante\PracticasEstudianteController->index()
#7 C:\xampp\htdocs\ITSI\vendor\codeigniter4\framework\system\CodeIgniter.php(507): CodeIgniter\CodeIgniter->runController(Object(App\Controllers\estudiante\PracticasEstudianteController))
#8 C:\xampp\htdocs\ITSI\vendor\codeigniter4\framework\system\CodeIgniter.php(354): CodeIgniter\CodeIgniter->handleRequest(NULL, Object(Config\Cache), false)
#9 C:\xampp\htdocs\ITSI\vendor\codeigniter4\framework\system\Boot.php(334): CodeIgniter\CodeIgniter->run()
#10 C:\xampp\htdocs\ITSI\vendor\codeigniter4\framework\system\Boot.php(67): CodeIgniter\Boot::runCodeIgniter(Object(CodeIgniter\CodeIgniter))
#11 C:\xampp\htdocs\ITSI\public\index.php(59): CodeIgniter\Boot::bootWeb(Object(Config\Paths))
#12 {main}
ERROR - 2026-03-02 20:45:00 --> Error al obtener servicios comunitarios: Table 'itsi.servicios_comunitarios' doesn't exist
ERROR - 2026-03-02 20:45:00 --> mysqli_sql_exception: Unknown column 'dp.ID_USUARIO' in 'where clause' in C:\xampp\htdocs\ITSI\vendor\codeigniter4\framework\system\Database\MySQLi\Connection.php:327
Stack trace:
#0 C:\xampp\htdocs\ITSI\vendor\codeigniter4\framework\system\Database\MySQLi\Connection.php(327): mysqli->query('SELECT `tdp`.`I...', 0)
#1 C:\xampp\htdocs\ITSI\vendor\codeigniter4\framework\system\Database\BaseConnection.php(738): CodeIgniter\Database\MySQLi\Connection->execute('SELECT `tdp`.`I...')
#2 C:\xampp\htdocs\ITSI\vendor\codeigniter4\framework\system\Database\BaseConnection.php(652): CodeIgniter\Database\BaseConnection->simpleQuery('SELECT `tdp`.`I...')
#3 C:\xampp\htdocs\ITSI\vendor\codeigniter4\framework\system\Database\BaseBuilder.php(1649): CodeIgniter\Database\BaseConnection->query('SELECT `tdp`.`I...', Array, false)
#4 C:\xampp\htdocs\ITSI\app\Models\DocumentosPracticasModel.php(378): CodeIgniter\Database\BaseBuilder->get()
#5 C:\xampp\htdocs\ITSI\app\Controllers\estudiante\PracticasEstudianteController.php(57): App\Models\DocumentosPracticasModel->getProgresoEstudiante('3')
#6 C:\xampp\htdocs\ITSI\vendor\codeigniter4\framework\system\CodeIgniter.php(933): App\Controllers\estudiante\PracticasEstudianteController->index()
#7 C:\xampp\htdocs\ITSI\vendor\codeigniter4\framework\system\CodeIgniter.php(507): CodeIgniter\CodeIgniter->runController(Object(App\Controllers\estudiante\PracticasEstudianteController))
#8 C:\xampp\htdocs\ITSI\vendor\codeigniter4\framework\system\CodeIgniter.php(354): CodeIgniter\CodeIgniter->handleRequest(NULL, Object(Config\Cache), false)
#9 C:\xampp\htdocs\ITSI\vendor\codeigniter4\framework\system\Boot.php(334): CodeIgniter\CodeIgniter->run()
#10 C:\xampp\htdocs\ITSI\vendor\codeigniter4\framework\system\Boot.php(67): CodeIgniter\Boot::runCodeIgniter(Object(CodeIgniter\CodeIgniter))
#11 C:\xampp\htdocs\ITSI\public\index.php(59): CodeIgniter\Boot::bootWeb(Object(Config\Paths))
#12 {main}
CRITICAL - 2026-03-02 20:45:00 --> CodeIgniter\Database\Exceptions\DatabaseException: Unknown column 'dp.ID_USUARIO' in 'where clause'
[Method: GET, Route: estudiante/practicas]
in SYSTEMPATH\Database\BaseConnection.php on line 692.
 1 SYSTEMPATH\Database\BaseBuilder.php(1649): CodeIgniter\Database\BaseConnection->query('SELECT `tdp`.`ID_TIPO_DOCUMENTO_PREPROFESIONAL`, `tdp`.`CODIGO`, `tdp`.`NOMBRE` as `TIPO_DOCUMENTO_NOMBRE`, `dp`.`ID_DOCUMENTO_PREPROFESIONAL`, `dp`.`FECHA_SUBIDA`, CASE dp.ID_ESTADO_REVISION
                WHEN 1 THEN \'Pendiente\'
                WHEN 2 THEN \'Aprobado\'
                WHEN 3 THEN \'Rechazado\'
                WHEN 4 THEN \'En Revisión\'
                WHEN 5 THEN \'Requiere Corrección\'
                ELSE \'Pendiente\'
            END as ESTADO_REVISION, `dp`.`OBSERVACIONES_REVISOR`
FROM `TAB_DOCUMENTOS_PRACTICAS_PREPROFESIONALES` `dp`
RIGHT JOIN `TAB_TIPOS_DOCUMENTOS_PREPROFESIONALES` `tdp` ON `dp`.`ID_TIPO_DOCUMENTO` = `tdp`.`ID_TIPO_DOCUMENTO_PREPROFESIONAL`
WHERE `dp`.`ID_USUARIO` = :dp.ID_USUARIO:
OR `dp`.`ID_USUARIO` IS NULL
ORDER BY `tdp`.`CODIGO` ASC', [...], false)
 2 APPPATH\Models\DocumentosPracticasModel.php(378): CodeIgniter\Database\BaseBuilder->get()
 3 APPPATH\Controllers\estudiante\PracticasEstudianteController.php(57): App\Models\DocumentosPracticasModel->getProgresoEstudiante('3')
 4 SYSTEMPATH\CodeIgniter.php(933): App\Controllers\estudiante\PracticasEstudianteController->index()
 5 SYSTEMPATH\CodeIgniter.php(507): CodeIgniter\CodeIgniter->runController(Object(App\Controllers\estudiante\PracticasEstudianteController))
 6 SYSTEMPATH\CodeIgniter.php(354): CodeIgniter\CodeIgniter->handleRequest(null, Object(Config\Cache), false)
 7 SYSTEMPATH\Boot.php(334): CodeIgniter\CodeIgniter->run()
 8 SYSTEMPATH\Boot.php(67): CodeIgniter\Boot::runCodeIgniter(Object(CodeIgniter\CodeIgniter))
 9 FCPATH\index.php(59): CodeIgniter\Boot::bootWeb(Object(Config\Paths))
CRITICAL - 2026-03-02 20:45:00 --> [Caused by] CodeIgniter\Database\Exceptions\DatabaseException: Unknown column 'dp.ID_USUARIO' in 'where clause'
in SYSTEMPATH\Database\MySQLi\Connection.php on line 332.
 1 SYSTEMPATH\Database\BaseConnection.php(738): CodeIgniter\Database\MySQLi\Connection->execute('SELECT `tdp`.`ID_TIPO_DOCUMENTO_PREPROFESIONAL`, `tdp`.`CODIGO`, `tdp`.`NOMBRE` as `TIPO_DOCUMENTO_NOMBRE`, `dp`.`ID_DOCUMENTO_PREPROFESIONAL`, `dp`.`FECHA_SUBIDA`, CASE dp.ID_ESTADO_REVISION
                WHEN 1 THEN \'Pendiente\'
                WHEN 2 THEN \'Aprobado\'
                WHEN 3 THEN \'Rechazado\'
                WHEN 4 THEN \'En Revisión\'
                WHEN 5 THEN \'Requiere Corrección\'
                ELSE \'Pendiente\'
            END as ESTADO_REVISION, `dp`.`OBSERVACIONES_REVISOR`
FROM `TAB_DOCUMENTOS_PRACTICAS_PREPROFESIONALES` `dp`
RIGHT JOIN `TAB_TIPOS_DOCUMENTOS_PREPROFESIONALES` `tdp` ON `dp`.`ID_TIPO_DOCUMENTO` = `tdp`.`ID_TIPO_DOCUMENTO_PREPROFESIONAL`
WHERE `dp`.`ID_USUARIO` = \'3\'
OR `dp`.`ID_USUARIO` IS NULL
ORDER BY `tdp`.`CODIGO` ASC')
 2 SYSTEMPATH\Database\BaseConnection.php(652): CodeIgniter\Database\BaseConnection->simpleQuery('SELECT `tdp`.`ID_TIPO_DOCUMENTO_PREPROFESIONAL`, `tdp`.`CODIGO`, `tdp`.`NOMBRE` as `TIPO_DOCUMENTO_NOMBRE`, `dp`.`ID_DOCUMENTO_PREPROFESIONAL`, `dp`.`FECHA_SUBIDA`, CASE dp.ID_ESTADO_REVISION
                WHEN 1 THEN \'Pendiente\'
                WHEN 2 THEN \'Aprobado\'
                WHEN 3 THEN \'Rechazado\'
                WHEN 4 THEN \'En Revisión\'
                WHEN 5 THEN \'Requiere Corrección\'
                ELSE \'Pendiente\'
            END as ESTADO_REVISION, `dp`.`OBSERVACIONES_REVISOR`
FROM `TAB_DOCUMENTOS_PRACTICAS_PREPROFESIONALES` `dp`
RIGHT JOIN `TAB_TIPOS_DOCUMENTOS_PREPROFESIONALES` `tdp` ON `dp`.`ID_TIPO_DOCUMENTO` = `tdp`.`ID_TIPO_DOCUMENTO_PREPROFESIONAL`
WHERE `dp`.`ID_USUARIO` = \'3\'
OR `dp`.`ID_USUARIO` IS NULL
ORDER BY `tdp`.`CODIGO` ASC')
 3 SYSTEMPATH\Database\BaseBuilder.php(1649): CodeIgniter\Database\BaseConnection->query('SELECT `tdp`.`ID_TIPO_DOCUMENTO_PREPROFESIONAL`, `tdp`.`CODIGO`, `tdp`.`NOMBRE` as `TIPO_DOCUMENTO_NOMBRE`, `dp`.`ID_DOCUMENTO_PREPROFESIONAL`, `dp`.`FECHA_SUBIDA`, CASE dp.ID_ESTADO_REVISION
                WHEN 1 THEN \'Pendiente\'
                WHEN 2 THEN \'Aprobado\'
                WHEN 3 THEN \'Rechazado\'
                WHEN 4 THEN \'En Revisión\'
                WHEN 5 THEN \'Requiere Corrección\'
                ELSE \'Pendiente\'
            END as ESTADO_REVISION, `dp`.`OBSERVACIONES_REVISOR`
FROM `TAB_DOCUMENTOS_PRACTICAS_PREPROFESIONALES` `dp`
RIGHT JOIN `TAB_TIPOS_DOCUMENTOS_PREPROFESIONALES` `tdp` ON `dp`.`ID_TIPO_DOCUMENTO` = `tdp`.`ID_TIPO_DOCUMENTO_PREPROFESIONAL`
WHERE `dp`.`ID_USUARIO` = :dp.ID_USUARIO:
OR `dp`.`ID_USUARIO` IS NULL
ORDER BY `tdp`.`CODIGO` ASC', [...], false)
 4 APPPATH\Models\DocumentosPracticasModel.php(378): CodeIgniter\Database\BaseBuilder->get()
 5 APPPATH\Controllers\estudiante\PracticasEstudianteController.php(57): App\Models\DocumentosPracticasModel->getProgresoEstudiante('3')
 6 SYSTEMPATH\CodeIgniter.php(933): App\Controllers\estudiante\PracticasEstudianteController->index()
 7 SYSTEMPATH\CodeIgniter.php(507): CodeIgniter\CodeIgniter->runController(Object(App\Controllers\estudiante\PracticasEstudianteController))
 8 SYSTEMPATH\CodeIgniter.php(354): CodeIgniter\CodeIgniter->handleRequest(null, Object(Config\Cache), false)
 9 SYSTEMPATH\Boot.php(334): CodeIgniter\CodeIgniter->run()
10 SYSTEMPATH\Boot.php(67): CodeIgniter\Boot::runCodeIgniter(Object(CodeIgniter\CodeIgniter))
11 FCPATH\index.php(59): CodeIgniter\Boot::bootWeb(Object(Config\Paths))
CRITICAL - 2026-03-02 20:45:00 --> [Caused by] mysqli_sql_exception: Unknown column 'dp.ID_USUARIO' in 'where clause'
in SYSTEMPATH\Database\MySQLi\Connection.php on line 327.
 1 SYSTEMPATH\Database\MySQLi\Connection.php(327): mysqli->query('SELECT `tdp`.`ID_TIPO_DOCUMENTO_PREPROFESIONAL`, `tdp`.`CODIGO`, `tdp`.`NOMBRE` as `TIPO_DOCUMENTO_NOMBRE`, `dp`.`ID_DOCUMENTO_PREPROFESIONAL`, `dp`.`FECHA_SUBIDA`, CASE dp.ID_ESTADO_REVISION
                WHEN 1 THEN \'Pendiente\'
                WHEN 2 THEN \'Aprobado\'
                WHEN 3 THEN \'Rechazado\'
                WHEN 4 THEN \'En Revisión\'
                WHEN 5 THEN \'Requiere Corrección\'
                ELSE \'Pendiente\'
            END as ESTADO_REVISION, `dp`.`OBSERVACIONES_REVISOR`
FROM `TAB_DOCUMENTOS_PRACTICAS_PREPROFESIONALES` `dp`
RIGHT JOIN `TAB_TIPOS_DOCUMENTOS_PREPROFESIONALES` `tdp` ON `dp`.`ID_TIPO_DOCUMENTO` = `tdp`.`ID_TIPO_DOCUMENTO_PREPROFESIONAL`
WHERE `dp`.`ID_USUARIO` = \'3\'
OR `dp`.`ID_USUARIO` IS NULL
ORDER BY `tdp`.`CODIGO` ASC', 0)
 2 SYSTEMPATH\Database\BaseConnection.php(738): CodeIgniter\Database\MySQLi\Connection->execute('SELECT `tdp`.`ID_TIPO_DOCUMENTO_PREPROFESIONAL`, `tdp`.`CODIGO`, `tdp`.`NOMBRE` as `TIPO_DOCUMENTO_NOMBRE`, `dp`.`ID_DOCUMENTO_PREPROFESIONAL`, `dp`.`FECHA_SUBIDA`, CASE dp.ID_ESTADO_REVISION
                WHEN 1 THEN \'Pendiente\'
                WHEN 2 THEN \'Aprobado\'
                WHEN 3 THEN \'Rechazado\'
                WHEN 4 THEN \'En Revisión\'
                WHEN 5 THEN \'Requiere Corrección\'
                ELSE \'Pendiente\'
            END as ESTADO_REVISION, `dp`.`OBSERVACIONES_REVISOR`
FROM `TAB_DOCUMENTOS_PRACTICAS_PREPROFESIONALES` `dp`
RIGHT JOIN `TAB_TIPOS_DOCUMENTOS_PREPROFESIONALES` `tdp` ON `dp`.`ID_TIPO_DOCUMENTO` = `tdp`.`ID_TIPO_DOCUMENTO_PREPROFESIONAL`
WHERE `dp`.`ID_USUARIO` = \'3\'
OR `dp`.`ID_USUARIO` IS NULL
ORDER BY `tdp`.`CODIGO` ASC')
 3 SYSTEMPATH\Database\BaseConnection.php(652): CodeIgniter\Database\BaseConnection->simpleQuery('SELECT `tdp`.`ID_TIPO_DOCUMENTO_PREPROFESIONAL`, `tdp`.`CODIGO`, `tdp`.`NOMBRE` as `TIPO_DOCUMENTO_NOMBRE`, `dp`.`ID_DOCUMENTO_PREPROFESIONAL`, `dp`.`FECHA_SUBIDA`, CASE dp.ID_ESTADO_REVISION
                WHEN 1 THEN \'Pendiente\'
                WHEN 2 THEN \'Aprobado\'
                WHEN 3 THEN \'Rechazado\'
                WHEN 4 THEN \'En Revisión\'
                WHEN 5 THEN \'Requiere Corrección\'
                ELSE \'Pendiente\'
            END as ESTADO_REVISION, `dp`.`OBSERVACIONES_REVISOR`
FROM `TAB_DOCUMENTOS_PRACTICAS_PREPROFESIONALES` `dp`
RIGHT JOIN `TAB_TIPOS_DOCUMENTOS_PREPROFESIONALES` `tdp` ON `dp`.`ID_TIPO_DOCUMENTO` = `tdp`.`ID_TIPO_DOCUMENTO_PREPROFESIONAL`
WHERE `dp`.`ID_USUARIO` = \'3\'
OR `dp`.`ID_USUARIO` IS NULL
ORDER BY `tdp`.`CODIGO` ASC')
 4 SYSTEMPATH\Database\BaseBuilder.php(1649): CodeIgniter\Database\BaseConnection->query('SELECT `tdp`.`ID_TIPO_DOCUMENTO_PREPROFESIONAL`, `tdp`.`CODIGO`, `tdp`.`NOMBRE` as `TIPO_DOCUMENTO_NOMBRE`, `dp`.`ID_DOCUMENTO_PREPROFESIONAL`, `dp`.`FECHA_SUBIDA`, CASE dp.ID_ESTADO_REVISION
                WHEN 1 THEN \'Pendiente\'
                WHEN 2 THEN \'Aprobado\'
                WHEN 3 THEN \'Rechazado\'
                WHEN 4 THEN \'En Revisión\'
                WHEN 5 THEN \'Requiere Corrección\'
                ELSE \'Pendiente\'
            END as ESTADO_REVISION, `dp`.`OBSERVACIONES_REVISOR`
FROM `TAB_DOCUMENTOS_PRACTICAS_PREPROFESIONALES` `dp`
RIGHT JOIN `TAB_TIPOS_DOCUMENTOS_PREPROFESIONALES` `tdp` ON `dp`.`ID_TIPO_DOCUMENTO` = `tdp`.`ID_TIPO_DOCUMENTO_PREPROFESIONAL`
WHERE `dp`.`ID_USUARIO` = :dp.ID_USUARIO:
OR `dp`.`ID_USUARIO` IS NULL
ORDER BY `tdp`.`CODIGO` ASC', [...], false)
 5 APPPATH\Models\DocumentosPracticasModel.php(378): CodeIgniter\Database\BaseBuilder->get()
 6 APPPATH\Controllers\estudiante\PracticasEstudianteController.php(57): App\Models\DocumentosPracticasModel->getProgresoEstudiante('3')
 7 SYSTEMPATH\CodeIgniter.php(933): App\Controllers\estudiante\PracticasEstudianteController->index()
 8 SYSTEMPATH\CodeIgniter.php(507): CodeIgniter\CodeIgniter->runController(Object(App\Controllers\estudiante\PracticasEstudianteController))
 9 SYSTEMPATH\CodeIgniter.php(354): CodeIgniter\CodeIgniter->handleRequest(null, Object(Config\Cache), false)
10 SYSTEMPATH\Boot.php(334): CodeIgniter\CodeIgniter->run()
11 SYSTEMPATH\Boot.php(67): CodeIgniter\Boot::runCodeIgniter(Object(CodeIgniter\CodeIgniter))
12 FCPATH\index.php(59): CodeIgniter\Boot::bootWeb(Object(Config\Paths))
DEBUG - 2026-03-02 20:45:52 --> Session: Class initialized using 'CodeIgniter\Session\Handlers\FileHandler' driver.
ERROR - 2026-03-02 20:45:52 --> mysqli_sql_exception: Table 'itsi.practicas_preprofesionales' doesn't exist in C:\xampp\htdocs\ITSI\vendor\codeigniter4\framework\system\Database\MySQLi\Connection.php:327
Stack trace:
#0 C:\xampp\htdocs\ITSI\vendor\codeigniter4\framework\system\Database\MySQLi\Connection.php(327): mysqli->query('SELECT COUNT(*)...', 0)
#1 C:\xampp\htdocs\ITSI\vendor\codeigniter4\framework\system\Database\BaseConnection.php(738): CodeIgniter\Database\MySQLi\Connection->execute('SELECT COUNT(*)...')
#2 C:\xampp\htdocs\ITSI\vendor\codeigniter4\framework\system\Database\BaseConnection.php(652): CodeIgniter\Database\BaseConnection->simpleQuery('SELECT COUNT(*)...')
#3 C:\xampp\htdocs\ITSI\vendor\codeigniter4\framework\system\Database\BaseBuilder.php(1733): CodeIgniter\Database\BaseConnection->query('SELECT COUNT(*)...', Array, false)
#4 C:\xampp\htdocs\ITSI\app\Controllers\estudiante\PracticasEstudianteController.php(281): CodeIgniter\Database\BaseBuilder->countAllResults()
#5 C:\xampp\htdocs\ITSI\app\Controllers\estudiante\PracticasEstudianteController.php(44): App\Controllers\estudiante\PracticasEstudianteController->obtenerEstadisticasEstudiante('3')
#6 C:\xampp\htdocs\ITSI\vendor\codeigniter4\framework\system\CodeIgniter.php(933): App\Controllers\estudiante\PracticasEstudianteController->index()
#7 C:\xampp\htdocs\ITSI\vendor\codeigniter4\framework\system\CodeIgniter.php(507): CodeIgniter\CodeIgniter->runController(Object(App\Controllers\estudiante\PracticasEstudianteController))
#8 C:\xampp\htdocs\ITSI\vendor\codeigniter4\framework\system\CodeIgniter.php(354): CodeIgniter\CodeIgniter->handleRequest(NULL, Object(Config\Cache), false)
#9 C:\xampp\htdocs\ITSI\vendor\codeigniter4\framework\system\Boot.php(334): CodeIgniter\CodeIgniter->run()
#10 C:\xampp\htdocs\ITSI\vendor\codeigniter4\framework\system\Boot.php(67): CodeIgniter\Boot::runCodeIgniter(Object(CodeIgniter\CodeIgniter))
#11 C:\xampp\htdocs\ITSI\public\index.php(59): CodeIgniter\Boot::bootWeb(Object(Config\Paths))
#12 {main}
ERROR - 2026-03-02 20:45:52 --> Error al obtener estadísticas: Table 'itsi.practicas_preprofesionales' doesn't exist
ERROR - 2026-03-02 20:45:52 --> mysqli_sql_exception: Table 'itsi.practicas_preprofesionales' doesn't exist in C:\xampp\htdocs\ITSI\vendor\codeigniter4\framework\system\Database\MySQLi\Connection.php:327
Stack trace:
#0 C:\xampp\htdocs\ITSI\vendor\codeigniter4\framework\system\Database\MySQLi\Connection.php(327): mysqli->query('SELECT `pp`.*, ...', 0)
#1 C:\xampp\htdocs\ITSI\vendor\codeigniter4\framework\system\Database\BaseConnection.php(738): CodeIgniter\Database\MySQLi\Connection->execute('SELECT `pp`.*, ...')
#2 C:\xampp\htdocs\ITSI\vendor\codeigniter4\framework\system\Database\BaseConnection.php(652): CodeIgniter\Database\BaseConnection->simpleQuery('SELECT `pp`.*, ...')
#3 C:\xampp\htdocs\ITSI\vendor\codeigniter4\framework\system\Database\BaseBuilder.php(1649): CodeIgniter\Database\BaseConnection->query('SELECT `pp`.*, ...', Array, false)
#4 C:\xampp\htdocs\ITSI\app\Controllers\estudiante\PracticasEstudianteController.php(453): CodeIgniter\Database\BaseBuilder->get()
#5 C:\xampp\htdocs\ITSI\app\Controllers\estudiante\PracticasEstudianteController.php(47): App\Controllers\estudiante\PracticasEstudianteController->obtenerPracticasPreprofesionales('3')
#6 C:\xampp\htdocs\ITSI\vendor\codeigniter4\framework\system\CodeIgniter.php(933): App\Controllers\estudiante\PracticasEstudianteController->index()
#7 C:\xampp\htdocs\ITSI\vendor\codeigniter4\framework\system\CodeIgniter.php(507): CodeIgniter\CodeIgniter->runController(Object(App\Controllers\estudiante\PracticasEstudianteController))
#8 C:\xampp\htdocs\ITSI\vendor\codeigniter4\framework\system\CodeIgniter.php(354): CodeIgniter\CodeIgniter->handleRequest(NULL, Object(Config\Cache), false)
#9 C:\xampp\htdocs\ITSI\vendor\codeigniter4\framework\system\Boot.php(334): CodeIgniter\CodeIgniter->run()
#10 C:\xampp\htdocs\ITSI\vendor\codeigniter4\framework\system\Boot.php(67): CodeIgniter\Boot::runCodeIgniter(Object(CodeIgniter\CodeIgniter))
#11 C:\xampp\htdocs\ITSI\public\index.php(59): CodeIgniter\Boot::bootWeb(Object(Config\Paths))
#12 {main}
ERROR - 2026-03-02 20:45:52 --> Error al obtener prácticas preprofesionales: Table 'itsi.practicas_preprofesionales' doesn't exist
ERROR - 2026-03-02 20:45:52 --> mysqli_sql_exception: Table 'itsi.servicios_comunitarios' doesn't exist in C:\xampp\htdocs\ITSI\vendor\codeigniter4\framework\system\Database\MySQLi\Connection.php:327
Stack trace:
#0 C:\xampp\htdocs\ITSI\vendor\codeigniter4\framework\system\Database\MySQLi\Connection.php(327): mysqli->query('SELECT `sc`.*, ...', 0)
#1 C:\xampp\htdocs\ITSI\vendor\codeigniter4\framework\system\Database\BaseConnection.php(738): CodeIgniter\Database\MySQLi\Connection->execute('SELECT `sc`.*, ...')
#2 C:\xampp\htdocs\ITSI\vendor\codeigniter4\framework\system\Database\BaseConnection.php(652): CodeIgniter\Database\BaseConnection->simpleQuery('SELECT `sc`.*, ...')
#3 C:\xampp\htdocs\ITSI\vendor\codeigniter4\framework\system\Database\BaseBuilder.php(1649): CodeIgniter\Database\BaseConnection->query('SELECT `sc`.*, ...', Array, false)
#4 C:\xampp\htdocs\ITSI\app\Controllers\estudiante\PracticasEstudianteController.php(472): CodeIgniter\Database\BaseBuilder->get()
#5 C:\xampp\htdocs\ITSI\app\Controllers\estudiante\PracticasEstudianteController.php(50): App\Controllers\estudiante\PracticasEstudianteController->obtenerServiciosComunitarios('3')
#6 C:\xampp\htdocs\ITSI\vendor\codeigniter4\framework\system\CodeIgniter.php(933): App\Controllers\estudiante\PracticasEstudianteController->index()
#7 C:\xampp\htdocs\ITSI\vendor\codeigniter4\framework\system\CodeIgniter.php(507): CodeIgniter\CodeIgniter->runController(Object(App\Controllers\estudiante\PracticasEstudianteController))
#8 C:\xampp\htdocs\ITSI\vendor\codeigniter4\framework\system\CodeIgniter.php(354): CodeIgniter\CodeIgniter->handleRequest(NULL, Object(Config\Cache), false)
#9 C:\xampp\htdocs\ITSI\vendor\codeigniter4\framework\system\Boot.php(334): CodeIgniter\CodeIgniter->run()
#10 C:\xampp\htdocs\ITSI\vendor\codeigniter4\framework\system\Boot.php(67): CodeIgniter\Boot::runCodeIgniter(Object(CodeIgniter\CodeIgniter))
#11 C:\xampp\htdocs\ITSI\public\index.php(59): CodeIgniter\Boot::bootWeb(Object(Config\Paths))
#12 {main}
ERROR - 2026-03-02 20:45:52 --> Error al obtener servicios comunitarios: Table 'itsi.servicios_comunitarios' doesn't exist
ERROR - 2026-03-02 20:45:52 --> mysqli_sql_exception: Unknown column 'dp.ID_USUARIO' in 'where clause' in C:\xampp\htdocs\ITSI\vendor\codeigniter4\framework\system\Database\MySQLi\Connection.php:327
Stack trace:
#0 C:\xampp\htdocs\ITSI\vendor\codeigniter4\framework\system\Database\MySQLi\Connection.php(327): mysqli->query('SELECT `tdp`.`I...', 0)
#1 C:\xampp\htdocs\ITSI\vendor\codeigniter4\framework\system\Database\BaseConnection.php(738): CodeIgniter\Database\MySQLi\Connection->execute('SELECT `tdp`.`I...')
#2 C:\xampp\htdocs\ITSI\vendor\codeigniter4\framework\system\Database\BaseConnection.php(652): CodeIgniter\Database\BaseConnection->simpleQuery('SELECT `tdp`.`I...')
#3 C:\xampp\htdocs\ITSI\vendor\codeigniter4\framework\system\Database\BaseBuilder.php(1649): CodeIgniter\Database\BaseConnection->query('SELECT `tdp`.`I...', Array, false)
#4 C:\xampp\htdocs\ITSI\app\Models\DocumentosPracticasModel.php(378): CodeIgniter\Database\BaseBuilder->get()
#5 C:\xampp\htdocs\ITSI\app\Controllers\estudiante\PracticasEstudianteController.php(57): App\Models\DocumentosPracticasModel->getProgresoEstudiante('3')
#6 C:\xampp\htdocs\ITSI\vendor\codeigniter4\framework\system\CodeIgniter.php(933): App\Controllers\estudiante\PracticasEstudianteController->index()
#7 C:\xampp\htdocs\ITSI\vendor\codeigniter4\framework\system\CodeIgniter.php(507): CodeIgniter\CodeIgniter->runController(Object(App\Controllers\estudiante\PracticasEstudianteController))
#8 C:\xampp\htdocs\ITSI\vendor\codeigniter4\framework\system\CodeIgniter.php(354): CodeIgniter\CodeIgniter->handleRequest(NULL, Object(Config\Cache), false)
#9 C:\xampp\htdocs\ITSI\vendor\codeigniter4\framework\system\Boot.php(334): CodeIgniter\CodeIgniter->run()
#10 C:\xampp\htdocs\ITSI\vendor\codeigniter4\framework\system\Boot.php(67): CodeIgniter\Boot::runCodeIgniter(Object(CodeIgniter\CodeIgniter))
#11 C:\xampp\htdocs\ITSI\public\index.php(59): CodeIgniter\Boot::bootWeb(Object(Config\Paths))
#12 {main}
CRITICAL - 2026-03-02 20:45:52 --> CodeIgniter\Database\Exceptions\DatabaseException: Unknown column 'dp.ID_USUARIO' in 'where clause'
[Method: GET, Route: estudiante/practicas]
in SYSTEMPATH\Database\BaseConnection.php on line 692.
 1 SYSTEMPATH\Database\BaseBuilder.php(1649): CodeIgniter\Database\BaseConnection->query('SELECT `tdp`.`ID_TIPO_DOCUMENTO_PREPROFESIONAL`, `tdp`.`CODIGO`, `tdp`.`NOMBRE` as `TIPO_DOCUMENTO_NOMBRE`, `dp`.`ID_DOCUMENTO_PREPROFESIONAL`, `dp`.`FECHA_SUBIDA`, CASE dp.ID_ESTADO_REVISION
                WHEN 1 THEN \'Pendiente\'
                WHEN 2 THEN \'Aprobado\'
                WHEN 3 THEN \'Rechazado\'
                WHEN 4 THEN \'En Revisión\'
                WHEN 5 THEN \'Requiere Corrección\'
                ELSE \'Pendiente\'
            END as ESTADO_REVISION, `dp`.`OBSERVACIONES_REVISOR`
FROM `TAB_DOCUMENTOS_PRACTICAS_PREPROFESIONALES` `dp`
RIGHT JOIN `TAB_TIPOS_DOCUMENTOS_PREPROFESIONALES` `tdp` ON `dp`.`ID_TIPO_DOCUMENTO` = `tdp`.`ID_TIPO_DOCUMENTO_PREPROFESIONAL`
WHERE `dp`.`ID_USUARIO` = :dp.ID_USUARIO:
OR `dp`.`ID_USUARIO` IS NULL
ORDER BY `tdp`.`CODIGO` ASC', [...], false)
 2 APPPATH\Models\DocumentosPracticasModel.php(378): CodeIgniter\Database\BaseBuilder->get()
 3 APPPATH\Controllers\estudiante\PracticasEstudianteController.php(57): App\Models\DocumentosPracticasModel->getProgresoEstudiante('3')
 4 SYSTEMPATH\CodeIgniter.php(933): App\Controllers\estudiante\PracticasEstudianteController->index()
 5 SYSTEMPATH\CodeIgniter.php(507): CodeIgniter\CodeIgniter->runController(Object(App\Controllers\estudiante\PracticasEstudianteController))
 6 SYSTEMPATH\CodeIgniter.php(354): CodeIgniter\CodeIgniter->handleRequest(null, Object(Config\Cache), false)
 7 SYSTEMPATH\Boot.php(334): CodeIgniter\CodeIgniter->run()
 8 SYSTEMPATH\Boot.php(67): CodeIgniter\Boot::runCodeIgniter(Object(CodeIgniter\CodeIgniter))
 9 FCPATH\index.php(59): CodeIgniter\Boot::bootWeb(Object(Config\Paths))
CRITICAL - 2026-03-02 20:45:52 --> [Caused by] CodeIgniter\Database\Exceptions\DatabaseException: Unknown column 'dp.ID_USUARIO' in 'where clause'
in SYSTEMPATH\Database\MySQLi\Connection.php on line 332.
 1 SYSTEMPATH\Database\BaseConnection.php(738): CodeIgniter\Database\MySQLi\Connection->execute('SELECT `tdp`.`ID_TIPO_DOCUMENTO_PREPROFESIONAL`, `tdp`.`CODIGO`, `tdp`.`NOMBRE` as `TIPO_DOCUMENTO_NOMBRE`, `dp`.`ID_DOCUMENTO_PREPROFESIONAL`, `dp`.`FECHA_SUBIDA`, CASE dp.ID_ESTADO_REVISION
                WHEN 1 THEN \'Pendiente\'
                WHEN 2 THEN \'Aprobado\'
                WHEN 3 THEN \'Rechazado\'
                WHEN 4 THEN \'En Revisión\'
                WHEN 5 THEN \'Requiere Corrección\'
                ELSE \'Pendiente\'
            END as ESTADO_REVISION, `dp`.`OBSERVACIONES_REVISOR`
FROM `TAB_DOCUMENTOS_PRACTICAS_PREPROFESIONALES` `dp`
RIGHT JOIN `TAB_TIPOS_DOCUMENTOS_PREPROFESIONALES` `tdp` ON `dp`.`ID_TIPO_DOCUMENTO` = `tdp`.`ID_TIPO_DOCUMENTO_PREPROFESIONAL`
WHERE `dp`.`ID_USUARIO` = \'3\'
OR `dp`.`ID_USUARIO` IS NULL
ORDER BY `tdp`.`CODIGO` ASC')
 2 SYSTEMPATH\Database\BaseConnection.php(652): CodeIgniter\Database\BaseConnection->simpleQuery('SELECT `tdp`.`ID_TIPO_DOCUMENTO_PREPROFESIONAL`, `tdp`.`CODIGO`, `tdp`.`NOMBRE` as `TIPO_DOCUMENTO_NOMBRE`, `dp`.`ID_DOCUMENTO_PREPROFESIONAL`, `dp`.`FECHA_SUBIDA`, CASE dp.ID_ESTADO_REVISION
                WHEN 1 THEN \'Pendiente\'
                WHEN 2 THEN \'Aprobado\'
                WHEN 3 THEN \'Rechazado\'
                WHEN 4 THEN \'En Revisión\'
                WHEN 5 THEN \'Requiere Corrección\'
                ELSE \'Pendiente\'
            END as ESTADO_REVISION, `dp`.`OBSERVACIONES_REVISOR`
FROM `TAB_DOCUMENTOS_PRACTICAS_PREPROFESIONALES` `dp`
RIGHT JOIN `TAB_TIPOS_DOCUMENTOS_PREPROFESIONALES` `tdp` ON `dp`.`ID_TIPO_DOCUMENTO` = `tdp`.`ID_TIPO_DOCUMENTO_PREPROFESIONAL`
WHERE `dp`.`ID_USUARIO` = \'3\'
OR `dp`.`ID_USUARIO` IS NULL
ORDER BY `tdp`.`CODIGO` ASC')
 3 SYSTEMPATH\Database\BaseBuilder.php(1649): CodeIgniter\Database\BaseConnection->query('SELECT `tdp`.`ID_TIPO_DOCUMENTO_PREPROFESIONAL`, `tdp`.`CODIGO`, `tdp`.`NOMBRE` as `TIPO_DOCUMENTO_NOMBRE`, `dp`.`ID_DOCUMENTO_PREPROFESIONAL`, `dp`.`FECHA_SUBIDA`, CASE dp.ID_ESTADO_REVISION
                WHEN 1 THEN \'Pendiente\'
                WHEN 2 THEN \'Aprobado\'
                WHEN 3 THEN \'Rechazado\'
                WHEN 4 THEN \'En Revisión\'
                WHEN 5 THEN \'Requiere Corrección\'
                ELSE \'Pendiente\'
            END as ESTADO_REVISION, `dp`.`OBSERVACIONES_REVISOR`
FROM `TAB_DOCUMENTOS_PRACTICAS_PREPROFESIONALES` `dp`
RIGHT JOIN `TAB_TIPOS_DOCUMENTOS_PREPROFESIONALES` `tdp` ON `dp`.`ID_TIPO_DOCUMENTO` = `tdp`.`ID_TIPO_DOCUMENTO_PREPROFESIONAL`
WHERE `dp`.`ID_USUARIO` = :dp.ID_USUARIO:
OR `dp`.`ID_USUARIO` IS NULL
ORDER BY `tdp`.`CODIGO` ASC', [...], false)
 4 APPPATH\Models\DocumentosPracticasModel.php(378): CodeIgniter\Database\BaseBuilder->get()
 5 APPPATH\Controllers\estudiante\PracticasEstudianteController.php(57): App\Models\DocumentosPracticasModel->getProgresoEstudiante('3')
 6 SYSTEMPATH\CodeIgniter.php(933): App\Controllers\estudiante\PracticasEstudianteController->index()
 7 SYSTEMPATH\CodeIgniter.php(507): CodeIgniter\CodeIgniter->runController(Object(App\Controllers\estudiante\PracticasEstudianteController))
 8 SYSTEMPATH\CodeIgniter.php(354): CodeIgniter\CodeIgniter->handleRequest(null, Object(Config\Cache), false)
 9 SYSTEMPATH\Boot.php(334): CodeIgniter\CodeIgniter->run()
10 SYSTEMPATH\Boot.php(67): CodeIgniter\Boot::runCodeIgniter(Object(CodeIgniter\CodeIgniter))
11 FCPATH\index.php(59): CodeIgniter\Boot::bootWeb(Object(Config\Paths))
CRITICAL - 2026-03-02 20:45:52 --> [Caused by] mysqli_sql_exception: Unknown column 'dp.ID_USUARIO' in 'where clause'
in SYSTEMPATH\Database\MySQLi\Connection.php on line 327.
 1 SYSTEMPATH\Database\MySQLi\Connection.php(327): mysqli->query('SELECT `tdp`.`ID_TIPO_DOCUMENTO_PREPROFESIONAL`, `tdp`.`CODIGO`, `tdp`.`NOMBRE` as `TIPO_DOCUMENTO_NOMBRE`, `dp`.`ID_DOCUMENTO_PREPROFESIONAL`, `dp`.`FECHA_SUBIDA`, CASE dp.ID_ESTADO_REVISION
                WHEN 1 THEN \'Pendiente\'
                WHEN 2 THEN \'Aprobado\'
                WHEN 3 THEN \'Rechazado\'
                WHEN 4 THEN \'En Revisión\'
                WHEN 5 THEN \'Requiere Corrección\'
                ELSE \'Pendiente\'
            END as ESTADO_REVISION, `dp`.`OBSERVACIONES_REVISOR`
FROM `TAB_DOCUMENTOS_PRACTICAS_PREPROFESIONALES` `dp`
RIGHT JOIN `TAB_TIPOS_DOCUMENTOS_PREPROFESIONALES` `tdp` ON `dp`.`ID_TIPO_DOCUMENTO` = `tdp`.`ID_TIPO_DOCUMENTO_PREPROFESIONAL`
WHERE `dp`.`ID_USUARIO` = \'3\'
OR `dp`.`ID_USUARIO` IS NULL
ORDER BY `tdp`.`CODIGO` ASC', 0)
 2 SYSTEMPATH\Database\BaseConnection.php(738): CodeIgniter\Database\MySQLi\Connection->execute('SELECT `tdp`.`ID_TIPO_DOCUMENTO_PREPROFESIONAL`, `tdp`.`CODIGO`, `tdp`.`NOMBRE` as `TIPO_DOCUMENTO_NOMBRE`, `dp`.`ID_DOCUMENTO_PREPROFESIONAL`, `dp`.`FECHA_SUBIDA`, CASE dp.ID_ESTADO_REVISION
                WHEN 1 THEN \'Pendiente\'
                WHEN 2 THEN \'Aprobado\'
                WHEN 3 THEN \'Rechazado\'
                WHEN 4 THEN \'En Revisión\'
                WHEN 5 THEN \'Requiere Corrección\'
                ELSE \'Pendiente\'
            END as ESTADO_REVISION, `dp`.`OBSERVACIONES_REVISOR`
FROM `TAB_DOCUMENTOS_PRACTICAS_PREPROFESIONALES` `dp`
RIGHT JOIN `TAB_TIPOS_DOCUMENTOS_PREPROFESIONALES` `tdp` ON `dp`.`ID_TIPO_DOCUMENTO` = `tdp`.`ID_TIPO_DOCUMENTO_PREPROFESIONAL`
WHERE `dp`.`ID_USUARIO` = \'3\'
OR `dp`.`ID_USUARIO` IS NULL
ORDER BY `tdp`.`CODIGO` ASC')
 3 SYSTEMPATH\Database\BaseConnection.php(652): CodeIgniter\Database\BaseConnection->simpleQuery('SELECT `tdp`.`ID_TIPO_DOCUMENTO_PREPROFESIONAL`, `tdp`.`CODIGO`, `tdp`.`NOMBRE` as `TIPO_DOCUMENTO_NOMBRE`, `dp`.`ID_DOCUMENTO_PREPROFESIONAL`, `dp`.`FECHA_SUBIDA`, CASE dp.ID_ESTADO_REVISION
                WHEN 1 THEN \'Pendiente\'
                WHEN 2 THEN \'Aprobado\'
                WHEN 3 THEN \'Rechazado\'
                WHEN 4 THEN \'En Revisión\'
                WHEN 5 THEN \'Requiere Corrección\'
                ELSE \'Pendiente\'
            END as ESTADO_REVISION, `dp`.`OBSERVACIONES_REVISOR`
FROM `TAB_DOCUMENTOS_PRACTICAS_PREPROFESIONALES` `dp`
RIGHT JOIN `TAB_TIPOS_DOCUMENTOS_PREPROFESIONALES` `tdp` ON `dp`.`ID_TIPO_DOCUMENTO` = `tdp`.`ID_TIPO_DOCUMENTO_PREPROFESIONAL`
WHERE `dp`.`ID_USUARIO` = \'3\'
OR `dp`.`ID_USUARIO` IS NULL
ORDER BY `tdp`.`CODIGO` ASC')
 4 SYSTEMPATH\Database\BaseBuilder.php(1649): CodeIgniter\Database\BaseConnection->query('SELECT `tdp`.`ID_TIPO_DOCUMENTO_PREPROFESIONAL`, `tdp`.`CODIGO`, `tdp`.`NOMBRE` as `TIPO_DOCUMENTO_NOMBRE`, `dp`.`ID_DOCUMENTO_PREPROFESIONAL`, `dp`.`FECHA_SUBIDA`, CASE dp.ID_ESTADO_REVISION
                WHEN 1 THEN \'Pendiente\'
                WHEN 2 THEN \'Aprobado\'
                WHEN 3 THEN \'Rechazado\'
                WHEN 4 THEN \'En Revisión\'
                WHEN 5 THEN \'Requiere Corrección\'
                ELSE \'Pendiente\'
            END as ESTADO_REVISION, `dp`.`OBSERVACIONES_REVISOR`
FROM `TAB_DOCUMENTOS_PRACTICAS_PREPROFESIONALES` `dp`
RIGHT JOIN `TAB_TIPOS_DOCUMENTOS_PREPROFESIONALES` `tdp` ON `dp`.`ID_TIPO_DOCUMENTO` = `tdp`.`ID_TIPO_DOCUMENTO_PREPROFESIONAL`
WHERE `dp`.`ID_USUARIO` = :dp.ID_USUARIO:
OR `dp`.`ID_USUARIO` IS NULL
ORDER BY `tdp`.`CODIGO` ASC', [...], false)
 5 APPPATH\Models\DocumentosPracticasModel.php(378): CodeIgniter\Database\BaseBuilder->get()
 6 APPPATH\Controllers\estudiante\PracticasEstudianteController.php(57): App\Models\DocumentosPracticasModel->getProgresoEstudiante('3')
 7 SYSTEMPATH\CodeIgniter.php(933): App\Controllers\estudiante\PracticasEstudianteController->index()
 8 SYSTEMPATH\CodeIgniter.php(507): CodeIgniter\CodeIgniter->runController(Object(App\Controllers\estudiante\PracticasEstudianteController))
 9 SYSTEMPATH\CodeIgniter.php(354): CodeIgniter\CodeIgniter->handleRequest(null, Object(Config\Cache), false)
10 SYSTEMPATH\Boot.php(334): CodeIgniter\CodeIgniter->run()
11 SYSTEMPATH\Boot.php(67): CodeIgniter\Boot::runCodeIgniter(Object(CodeIgniter\CodeIgniter))
12 FCPATH\index.php(59): CodeIgniter\Boot::bootWeb(Object(Config\Paths))
DEBUG - 2026-03-02 20:50:33 --> Session: Class initialized using 'CodeIgniter\Session\Handlers\FileHandler' driver.
ERROR - 2026-03-02 20:50:33 --> mysqli_sql_exception: Table 'itsi.practicas_preprofesionales' doesn't exist in C:\xampp\htdocs\ITSI\vendor\codeigniter4\framework\system\Database\MySQLi\Connection.php:327
Stack trace:
#0 C:\xampp\htdocs\ITSI\vendor\codeigniter4\framework\system\Database\MySQLi\Connection.php(327): mysqli->query('SELECT COUNT(*)...', 0)
#1 C:\xampp\htdocs\ITSI\vendor\codeigniter4\framework\system\Database\BaseConnection.php(738): CodeIgniter\Database\MySQLi\Connection->execute('SELECT COUNT(*)...')
#2 C:\xampp\htdocs\ITSI\vendor\codeigniter4\framework\system\Database\BaseConnection.php(652): CodeIgniter\Database\BaseConnection->simpleQuery('SELECT COUNT(*)...')
#3 C:\xampp\htdocs\ITSI\vendor\codeigniter4\framework\system\Database\BaseBuilder.php(1733): CodeIgniter\Database\BaseConnection->query('SELECT COUNT(*)...', Array, false)
#4 C:\xampp\htdocs\ITSI\app\Controllers\estudiante\PracticasEstudianteController.php(281): CodeIgniter\Database\BaseBuilder->countAllResults()
#5 C:\xampp\htdocs\ITSI\app\Controllers\estudiante\PracticasEstudianteController.php(44): App\Controllers\estudiante\PracticasEstudianteController->obtenerEstadisticasEstudiante('3')
#6 C:\xampp\htdocs\ITSI\vendor\codeigniter4\framework\system\CodeIgniter.php(933): App\Controllers\estudiante\PracticasEstudianteController->index()
#7 C:\xampp\htdocs\ITSI\vendor\codeigniter4\framework\system\CodeIgniter.php(507): CodeIgniter\CodeIgniter->runController(Object(App\Controllers\estudiante\PracticasEstudianteController))
#8 C:\xampp\htdocs\ITSI\vendor\codeigniter4\framework\system\CodeIgniter.php(354): CodeIgniter\CodeIgniter->handleRequest(NULL, Object(Config\Cache), false)
#9 C:\xampp\htdocs\ITSI\vendor\codeigniter4\framework\system\Boot.php(334): CodeIgniter\CodeIgniter->run()
#10 C:\xampp\htdocs\ITSI\vendor\codeigniter4\framework\system\Boot.php(67): CodeIgniter\Boot::runCodeIgniter(Object(CodeIgniter\CodeIgniter))
#11 C:\xampp\htdocs\ITSI\public\index.php(59): CodeIgniter\Boot::bootWeb(Object(Config\Paths))
#12 {main}
ERROR - 2026-03-02 20:50:33 --> Error al obtener estadísticas: Table 'itsi.practicas_preprofesionales' doesn't exist
ERROR - 2026-03-02 20:50:33 --> mysqli_sql_exception: Table 'itsi.practicas_preprofesionales' doesn't exist in C:\xampp\htdocs\ITSI\vendor\codeigniter4\framework\system\Database\MySQLi\Connection.php:327
Stack trace:
#0 C:\xampp\htdocs\ITSI\vendor\codeigniter4\framework\system\Database\MySQLi\Connection.php(327): mysqli->query('SELECT `pp`.*, ...', 0)
#1 C:\xampp\htdocs\ITSI\vendor\codeigniter4\framework\system\Database\BaseConnection.php(738): CodeIgniter\Database\MySQLi\Connection->execute('SELECT `pp`.*, ...')
#2 C:\xampp\htdocs\ITSI\vendor\codeigniter4\framework\system\Database\BaseConnection.php(652): CodeIgniter\Database\BaseConnection->simpleQuery('SELECT `pp`.*, ...')
#3 C:\xampp\htdocs\ITSI\vendor\codeigniter4\framework\system\Database\BaseBuilder.php(1649): CodeIgniter\Database\BaseConnection->query('SELECT `pp`.*, ...', Array, false)
#4 C:\xampp\htdocs\ITSI\app\Controllers\estudiante\PracticasEstudianteController.php(453): CodeIgniter\Database\BaseBuilder->get()
#5 C:\xampp\htdocs\ITSI\app\Controllers\estudiante\PracticasEstudianteController.php(47): App\Controllers\estudiante\PracticasEstudianteController->obtenerPracticasPreprofesionales('3')
#6 C:\xampp\htdocs\ITSI\vendor\codeigniter4\framework\system\CodeIgniter.php(933): App\Controllers\estudiante\PracticasEstudianteController->index()
#7 C:\xampp\htdocs\ITSI\vendor\codeigniter4\framework\system\CodeIgniter.php(507): CodeIgniter\CodeIgniter->runController(Object(App\Controllers\estudiante\PracticasEstudianteController))
#8 C:\xampp\htdocs\ITSI\vendor\codeigniter4\framework\system\CodeIgniter.php(354): CodeIgniter\CodeIgniter->handleRequest(NULL, Object(Config\Cache), false)
#9 C:\xampp\htdocs\ITSI\vendor\codeigniter4\framework\system\Boot.php(334): CodeIgniter\CodeIgniter->run()
#10 C:\xampp\htdocs\ITSI\vendor\codeigniter4\framework\system\Boot.php(67): CodeIgniter\Boot::runCodeIgniter(Object(CodeIgniter\CodeIgniter))
#11 C:\xampp\htdocs\ITSI\public\index.php(59): CodeIgniter\Boot::bootWeb(Object(Config\Paths))
#12 {main}
ERROR - 2026-03-02 20:50:33 --> Error al obtener prácticas preprofesionales: Table 'itsi.practicas_preprofesionales' doesn't exist
ERROR - 2026-03-02 20:50:33 --> mysqli_sql_exception: Table 'itsi.servicios_comunitarios' doesn't exist in C:\xampp\htdocs\ITSI\vendor\codeigniter4\framework\system\Database\MySQLi\Connection.php:327
Stack trace:
#0 C:\xampp\htdocs\ITSI\vendor\codeigniter4\framework\system\Database\MySQLi\Connection.php(327): mysqli->query('SELECT `sc`.*, ...', 0)
#1 C:\xampp\htdocs\ITSI\vendor\codeigniter4\framework\system\Database\BaseConnection.php(738): CodeIgniter\Database\MySQLi\Connection->execute('SELECT `sc`.*, ...')
#2 C:\xampp\htdocs\ITSI\vendor\codeigniter4\framework\system\Database\BaseConnection.php(652): CodeIgniter\Database\BaseConnection->simpleQuery('SELECT `sc`.*, ...')
#3 C:\xampp\htdocs\ITSI\vendor\codeigniter4\framework\system\Database\BaseBuilder.php(1649): CodeIgniter\Database\BaseConnection->query('SELECT `sc`.*, ...', Array, false)
#4 C:\xampp\htdocs\ITSI\app\Controllers\estudiante\PracticasEstudianteController.php(472): CodeIgniter\Database\BaseBuilder->get()
#5 C:\xampp\htdocs\ITSI\app\Controllers\estudiante\PracticasEstudianteController.php(50): App\Controllers\estudiante\PracticasEstudianteController->obtenerServiciosComunitarios('3')
#6 C:\xampp\htdocs\ITSI\vendor\codeigniter4\framework\system\CodeIgniter.php(933): App\Controllers\estudiante\PracticasEstudianteController->index()
#7 C:\xampp\htdocs\ITSI\vendor\codeigniter4\framework\system\CodeIgniter.php(507): CodeIgniter\CodeIgniter->runController(Object(App\Controllers\estudiante\PracticasEstudianteController))
#8 C:\xampp\htdocs\ITSI\vendor\codeigniter4\framework\system\CodeIgniter.php(354): CodeIgniter\CodeIgniter->handleRequest(NULL, Object(Config\Cache), false)
#9 C:\xampp\htdocs\ITSI\vendor\codeigniter4\framework\system\Boot.php(334): CodeIgniter\CodeIgniter->run()
#10 C:\xampp\htdocs\ITSI\vendor\codeigniter4\framework\system\Boot.php(67): CodeIgniter\Boot::runCodeIgniter(Object(CodeIgniter\CodeIgniter))
#11 C:\xampp\htdocs\ITSI\public\index.php(59): CodeIgniter\Boot::bootWeb(Object(Config\Paths))
#12 {main}
ERROR - 2026-03-02 20:50:33 --> Error al obtener servicios comunitarios: Table 'itsi.servicios_comunitarios' doesn't exist
DEBUG - 2026-03-02 20:58:02 --> Session: Class initialized using 'CodeIgniter\Session\Handlers\FileHandler' driver.
ERROR - 2026-03-02 20:58:02 --> mysqli_sql_exception: Table 'itsi.practicas_preprofesionales' doesn't exist in C:\xampp\htdocs\ITSI\vendor\codeigniter4\framework\system\Database\MySQLi\Connection.php:327
Stack trace:
#0 C:\xampp\htdocs\ITSI\vendor\codeigniter4\framework\system\Database\MySQLi\Connection.php(327): mysqli->query('SELECT COUNT(*)...', 0)
#1 C:\xampp\htdocs\ITSI\vendor\codeigniter4\framework\system\Database\BaseConnection.php(738): CodeIgniter\Database\MySQLi\Connection->execute('SELECT COUNT(*)...')
#2 C:\xampp\htdocs\ITSI\vendor\codeigniter4\framework\system\Database\BaseConnection.php(652): CodeIgniter\Database\BaseConnection->simpleQuery('SELECT COUNT(*)...')
#3 C:\xampp\htdocs\ITSI\vendor\codeigniter4\framework\system\Database\BaseBuilder.php(1733): CodeIgniter\Database\BaseConnection->query('SELECT COUNT(*)...', Array, false)
#4 C:\xampp\htdocs\ITSI\app\Controllers\estudiante\PracticasEstudianteController.php(281): CodeIgniter\Database\BaseBuilder->countAllResults()
#5 C:\xampp\htdocs\ITSI\app\Controllers\estudiante\PracticasEstudianteController.php(44): App\Controllers\estudiante\PracticasEstudianteController->obtenerEstadisticasEstudiante('3')
#6 C:\xampp\htdocs\ITSI\vendor\codeigniter4\framework\system\CodeIgniter.php(933): App\Controllers\estudiante\PracticasEstudianteController->index()
#7 C:\xampp\htdocs\ITSI\vendor\codeigniter4\framework\system\CodeIgniter.php(507): CodeIgniter\CodeIgniter->runController(Object(App\Controllers\estudiante\PracticasEstudianteController))
#8 C:\xampp\htdocs\ITSI\vendor\codeigniter4\framework\system\CodeIgniter.php(354): CodeIgniter\CodeIgniter->handleRequest(NULL, Object(Config\Cache), false)
#9 C:\xampp\htdocs\ITSI\vendor\codeigniter4\framework\system\Boot.php(334): CodeIgniter\CodeIgniter->run()
#10 C:\xampp\htdocs\ITSI\vendor\codeigniter4\framework\system\Boot.php(67): CodeIgniter\Boot::runCodeIgniter(Object(CodeIgniter\CodeIgniter))
#11 C:\xampp\htdocs\ITSI\public\index.php(59): CodeIgniter\Boot::bootWeb(Object(Config\Paths))
#12 {main}
ERROR - 2026-03-02 20:58:02 --> Error al obtener estadísticas: Table 'itsi.practicas_preprofesionales' doesn't exist
ERROR - 2026-03-02 20:58:02 --> mysqli_sql_exception: Table 'itsi.practicas_preprofesionales' doesn't exist in C:\xampp\htdocs\ITSI\vendor\codeigniter4\framework\system\Database\MySQLi\Connection.php:327
Stack trace:
#0 C:\xampp\htdocs\ITSI\vendor\codeigniter4\framework\system\Database\MySQLi\Connection.php(327): mysqli->query('SELECT `pp`.*, ...', 0)
#1 C:\xampp\htdocs\ITSI\vendor\codeigniter4\framework\system\Database\BaseConnection.php(738): CodeIgniter\Database\MySQLi\Connection->execute('SELECT `pp`.*, ...')
#2 C:\xampp\htdocs\ITSI\vendor\codeigniter4\framework\system\Database\BaseConnection.php(652): CodeIgniter\Database\BaseConnection->simpleQuery('SELECT `pp`.*, ...')
#3 C:\xampp\htdocs\ITSI\vendor\codeigniter4\framework\system\Database\BaseBuilder.php(1649): CodeIgniter\Database\BaseConnection->query('SELECT `pp`.*, ...', Array, false)
#4 C:\xampp\htdocs\ITSI\app\Controllers\estudiante\PracticasEstudianteController.php(453): CodeIgniter\Database\BaseBuilder->get()
#5 C:\xampp\htdocs\ITSI\app\Controllers\estudiante\PracticasEstudianteController.php(47): App\Controllers\estudiante\PracticasEstudianteController->obtenerPracticasPreprofesionales('3')
#6 C:\xampp\htdocs\ITSI\vendor\codeigniter4\framework\system\CodeIgniter.php(933): App\Controllers\estudiante\PracticasEstudianteController->index()
#7 C:\xampp\htdocs\ITSI\vendor\codeigniter4\framework\system\CodeIgniter.php(507): CodeIgniter\CodeIgniter->runController(Object(App\Controllers\estudiante\PracticasEstudianteController))
#8 C:\xampp\htdocs\ITSI\vendor\codeigniter4\framework\system\CodeIgniter.php(354): CodeIgniter\CodeIgniter->handleRequest(NULL, Object(Config\Cache), false)
#9 C:\xampp\htdocs\ITSI\vendor\codeigniter4\framework\system\Boot.php(334): CodeIgniter\CodeIgniter->run()
#10 C:\xampp\htdocs\ITSI\vendor\codeigniter4\framework\system\Boot.php(67): CodeIgniter\Boot::runCodeIgniter(Object(CodeIgniter\CodeIgniter))
#11 C:\xampp\htdocs\ITSI\public\index.php(59): CodeIgniter\Boot::bootWeb(Object(Config\Paths))
#12 {main}
ERROR - 2026-03-02 20:58:02 --> Error al obtener prácticas preprofesionales: Table 'itsi.practicas_preprofesionales' doesn't exist
ERROR - 2026-03-02 20:58:02 --> mysqli_sql_exception: Table 'itsi.servicios_comunitarios' doesn't exist in C:\xampp\htdocs\ITSI\vendor\codeigniter4\framework\system\Database\MySQLi\Connection.php:327
Stack trace:
#0 C:\xampp\htdocs\ITSI\vendor\codeigniter4\framework\system\Database\MySQLi\Connection.php(327): mysqli->query('SELECT `sc`.*, ...', 0)
#1 C:\xampp\htdocs\ITSI\vendor\codeigniter4\framework\system\Database\BaseConnection.php(738): CodeIgniter\Database\MySQLi\Connection->execute('SELECT `sc`.*, ...')
#2 C:\xampp\htdocs\ITSI\vendor\codeigniter4\framework\system\Database\BaseConnection.php(652): CodeIgniter\Database\BaseConnection->simpleQuery('SELECT `sc`.*, ...')
#3 C:\xampp\htdocs\ITSI\vendor\codeigniter4\framework\system\Database\BaseBuilder.php(1649): CodeIgniter\Database\BaseConnection->query('SELECT `sc`.*, ...', Array, false)
#4 C:\xampp\htdocs\ITSI\app\Controllers\estudiante\PracticasEstudianteController.php(472): CodeIgniter\Database\BaseBuilder->get()
#5 C:\xampp\htdocs\ITSI\app\Controllers\estudiante\PracticasEstudianteController.php(50): App\Controllers\estudiante\PracticasEstudianteController->obtenerServiciosComunitarios('3')
#6 C:\xampp\htdocs\ITSI\vendor\codeigniter4\framework\system\CodeIgniter.php(933): App\Controllers\estudiante\PracticasEstudianteController->index()
#7 C:\xampp\htdocs\ITSI\vendor\codeigniter4\framework\system\CodeIgniter.php(507): CodeIgniter\CodeIgniter->runController(Object(App\Controllers\estudiante\PracticasEstudianteController))
#8 C:\xampp\htdocs\ITSI\vendor\codeigniter4\framework\system\CodeIgniter.php(354): CodeIgniter\CodeIgniter->handleRequest(NULL, Object(Config\Cache), false)
#9 C:\xampp\htdocs\ITSI\vendor\codeigniter4\framework\system\Boot.php(334): CodeIgniter\CodeIgniter->run()
#10 C:\xampp\htdocs\ITSI\vendor\codeigniter4\framework\system\Boot.php(67): CodeIgniter\Boot::runCodeIgniter(Object(CodeIgniter\CodeIgniter))
#11 C:\xampp\htdocs\ITSI\public\index.php(59): CodeIgniter\Boot::bootWeb(Object(Config\Paths))
#12 {main}
ERROR - 2026-03-02 20:58:02 --> Error al obtener servicios comunitarios: Table 'itsi.servicios_comunitarios' doesn't exist
DEBUG - 2026-03-02 21:05:49 --> Session: Class initialized using 'CodeIgniter\Session\Handlers\FileHandler' driver.
ERROR - 2026-03-02 21:05:49 --> mysqli_sql_exception: Table 'itsi.practicas_preprofesionales' doesn't exist in C:\xampp\htdocs\ITSI\vendor\codeigniter4\framework\system\Database\MySQLi\Connection.php:327
Stack trace:
#0 C:\xampp\htdocs\ITSI\vendor\codeigniter4\framework\system\Database\MySQLi\Connection.php(327): mysqli->query('SELECT COUNT(*)...', 0)
#1 C:\xampp\htdocs\ITSI\vendor\codeigniter4\framework\system\Database\BaseConnection.php(738): CodeIgniter\Database\MySQLi\Connection->execute('SELECT COUNT(*)...')
#2 C:\xampp\htdocs\ITSI\vendor\codeigniter4\framework\system\Database\BaseConnection.php(652): CodeIgniter\Database\BaseConnection->simpleQuery('SELECT COUNT(*)...')
#3 C:\xampp\htdocs\ITSI\vendor\codeigniter4\framework\system\Database\BaseBuilder.php(1733): CodeIgniter\Database\BaseConnection->query('SELECT COUNT(*)...', Array, false)
#4 C:\xampp\htdocs\ITSI\app\Controllers\estudiante\PracticasEstudianteController.php(281): CodeIgniter\Database\BaseBuilder->countAllResults()
#5 C:\xampp\htdocs\ITSI\app\Controllers\estudiante\PracticasEstudianteController.php(44): App\Controllers\estudiante\PracticasEstudianteController->obtenerEstadisticasEstudiante('3')
#6 C:\xampp\htdocs\ITSI\vendor\codeigniter4\framework\system\CodeIgniter.php(933): App\Controllers\estudiante\PracticasEstudianteController->index()
#7 C:\xampp\htdocs\ITSI\vendor\codeigniter4\framework\system\CodeIgniter.php(507): CodeIgniter\CodeIgniter->runController(Object(App\Controllers\estudiante\PracticasEstudianteController))
#8 C:\xampp\htdocs\ITSI\vendor\codeigniter4\framework\system\CodeIgniter.php(354): CodeIgniter\CodeIgniter->handleRequest(NULL, Object(Config\Cache), false)
#9 C:\xampp\htdocs\ITSI\vendor\codeigniter4\framework\system\Boot.php(334): CodeIgniter\CodeIgniter->run()
#10 C:\xampp\htdocs\ITSI\vendor\codeigniter4\framework\system\Boot.php(67): CodeIgniter\Boot::runCodeIgniter(Object(CodeIgniter\CodeIgniter))
#11 C:\xampp\htdocs\ITSI\public\index.php(59): CodeIgniter\Boot::bootWeb(Object(Config\Paths))
#12 {main}
ERROR - 2026-03-02 21:05:49 --> Error al obtener estadísticas: Table 'itsi.practicas_preprofesionales' doesn't exist
ERROR - 2026-03-02 21:05:49 --> mysqli_sql_exception: Table 'itsi.practicas_preprofesionales' doesn't exist in C:\xampp\htdocs\ITSI\vendor\codeigniter4\framework\system\Database\MySQLi\Connection.php:327
Stack trace:
#0 C:\xampp\htdocs\ITSI\vendor\codeigniter4\framework\system\Database\MySQLi\Connection.php(327): mysqli->query('SELECT `pp`.*, ...', 0)
#1 C:\xampp\htdocs\ITSI\vendor\codeigniter4\framework\system\Database\BaseConnection.php(738): CodeIgniter\Database\MySQLi\Connection->execute('SELECT `pp`.*, ...')
#2 C:\xampp\htdocs\ITSI\vendor\codeigniter4\framework\system\Database\BaseConnection.php(652): CodeIgniter\Database\BaseConnection->simpleQuery('SELECT `pp`.*, ...')
#3 C:\xampp\htdocs\ITSI\vendor\codeigniter4\framework\system\Database\BaseBuilder.php(1649): CodeIgniter\Database\BaseConnection->query('SELECT `pp`.*, ...', Array, false)
#4 C:\xampp\htdocs\ITSI\app\Controllers\estudiante\PracticasEstudianteController.php(453): CodeIgniter\Database\BaseBuilder->get()
#5 C:\xampp\htdocs\ITSI\app\Controllers\estudiante\PracticasEstudianteController.php(47): App\Controllers\estudiante\PracticasEstudianteController->obtenerPracticasPreprofesionales('3')
#6 C:\xampp\htdocs\ITSI\vendor\codeigniter4\framework\system\CodeIgniter.php(933): App\Controllers\estudiante\PracticasEstudianteController->index()
#7 C:\xampp\htdocs\ITSI\vendor\codeigniter4\framework\system\CodeIgniter.php(507): CodeIgniter\CodeIgniter->runController(Object(App\Controllers\estudiante\PracticasEstudianteController))
#8 C:\xampp\htdocs\ITSI\vendor\codeigniter4\framework\system\CodeIgniter.php(354): CodeIgniter\CodeIgniter->handleRequest(NULL, Object(Config\Cache), false)
#9 C:\xampp\htdocs\ITSI\vendor\codeigniter4\framework\system\Boot.php(334): CodeIgniter\CodeIgniter->run()
#10 C:\xampp\htdocs\ITSI\vendor\codeigniter4\framework\system\Boot.php(67): CodeIgniter\Boot::runCodeIgniter(Object(CodeIgniter\CodeIgniter))
#11 C:\xampp\htdocs\ITSI\public\index.php(59): CodeIgniter\Boot::bootWeb(Object(Config\Paths))
#12 {main}
ERROR - 2026-03-02 21:05:49 --> Error al obtener prácticas preprofesionales: Table 'itsi.practicas_preprofesionales' doesn't exist
ERROR - 2026-03-02 21:05:49 --> mysqli_sql_exception: Table 'itsi.servicios_comunitarios' doesn't exist in C:\xampp\htdocs\ITSI\vendor\codeigniter4\framework\system\Database\MySQLi\Connection.php:327
Stack trace:
#0 C:\xampp\htdocs\ITSI\vendor\codeigniter4\framework\system\Database\MySQLi\Connection.php(327): mysqli->query('SELECT `sc`.*, ...', 0)
#1 C:\xampp\htdocs\ITSI\vendor\codeigniter4\framework\system\Database\BaseConnection.php(738): CodeIgniter\Database\MySQLi\Connection->execute('SELECT `sc`.*, ...')
#2 C:\xampp\htdocs\ITSI\vendor\codeigniter4\framework\system\Database\BaseConnection.php(652): CodeIgniter\Database\BaseConnection->simpleQuery('SELECT `sc`.*, ...')
#3 C:\xampp\htdocs\ITSI\vendor\codeigniter4\framework\system\Database\BaseBuilder.php(1649): CodeIgniter\Database\BaseConnection->query('SELECT `sc`.*, ...', Array, false)
#4 C:\xampp\htdocs\ITSI\app\Controllers\estudiante\PracticasEstudianteController.php(472): CodeIgniter\Database\BaseBuilder->get()
#5 C:\xampp\htdocs\ITSI\app\Controllers\estudiante\PracticasEstudianteController.php(50): App\Controllers\estudiante\PracticasEstudianteController->obtenerServiciosComunitarios('3')
#6 C:\xampp\htdocs\ITSI\vendor\codeigniter4\framework\system\CodeIgniter.php(933): App\Controllers\estudiante\PracticasEstudianteController->index()
#7 C:\xampp\htdocs\ITSI\vendor\codeigniter4\framework\system\CodeIgniter.php(507): CodeIgniter\CodeIgniter->runController(Object(App\Controllers\estudiante\PracticasEstudianteController))
#8 C:\xampp\htdocs\ITSI\vendor\codeigniter4\framework\system\CodeIgniter.php(354): CodeIgniter\CodeIgniter->handleRequest(NULL, Object(Config\Cache), false)
#9 C:\xampp\htdocs\ITSI\vendor\codeigniter4\framework\system\Boot.php(334): CodeIgniter\CodeIgniter->run()
#10 C:\xampp\htdocs\ITSI\vendor\codeigniter4\framework\system\Boot.php(67): CodeIgniter\Boot::runCodeIgniter(Object(CodeIgniter\CodeIgniter))
#11 C:\xampp\htdocs\ITSI\public\index.php(59): CodeIgniter\Boot::bootWeb(Object(Config\Paths))
#12 {main}
ERROR - 2026-03-02 21:05:49 --> Error al obtener servicios comunitarios: Table 'itsi.servicios_comunitarios' doesn't exist
CRITICAL - 2026-03-02 21:08:54 --> ErrorException: ini_set(): Session ini settings cannot be changed after headers have already been sent
[Method: POST, Route: estudiante/documentos-practicas/subir]
in SYSTEMPATH\Session\Handlers\FileHandler.php on line 74.
 1 [internal function]: CodeIgniter\Debug\Exceptions->errorHandler(2, 'ini_set(): Session ini settings cannot be changed after headers have already been sent', 'C:\\xampp\\htdocs\\ITSI\\vendor\\codeigniter4\\framework\\system\\Session\\Handlers\\FileHandler.php', 74)
 2 SYSTEMPATH\Session\Handlers\FileHandler.php(74): ini_set('session.save_path', 'C:\\xampp\\htdocs\\ITSI\\writable\\session')
 3 SYSTEMPATH\Config\Services.php(697): CodeIgniter\Session\Handlers\FileHandler->__construct(Object(Config\Session), '::1')
 4 SYSTEMPATH\Config\BaseService.php(312): CodeIgniter\Config\Services::session(Object(Config\Session), false)
 5 SYSTEMPATH\Config\BaseService.php(251): CodeIgniter\Config\BaseService::__callStatic('session', [...])
 6 SYSTEMPATH\Config\Services.php(668): CodeIgniter\Config\BaseService::getSharedInstance('session', null)
 7 SYSTEMPATH\Config\BaseService.php(321): CodeIgniter\Config\Services::session()
 8 SYSTEMPATH\Config\BaseService.php(202): CodeIgniter\Config\BaseService::__callStatic('session', [])
 9 SYSTEMPATH\Common.php(1000): CodeIgniter\Config\BaseService::get('session')
10 SYSTEMPATH\Common.php(973): service('session')
11 APPPATH\Controllers\estudiante\DocumentosPracticasEstudianteController.php(19): session()
12 SYSTEMPATH\CodeIgniter.php(903): App\Controllers\estudiante\DocumentosPracticasEstudianteController->__construct()
13 SYSTEMPATH\CodeIgniter.php(498): CodeIgniter\CodeIgniter->createController()
14 SYSTEMPATH\CodeIgniter.php(354): CodeIgniter\CodeIgniter->handleRequest(null, Object(Config\Cache), false)
15 SYSTEMPATH\Boot.php(334): CodeIgniter\CodeIgniter->run()
16 SYSTEMPATH\Boot.php(67): CodeIgniter\Boot::runCodeIgniter(Object(CodeIgniter\CodeIgniter))
17 FCPATH\index.php(59): CodeIgniter\Boot::bootWeb(Object(Config\Paths))
DEBUG - 2026-03-02 21:18:55 --> Session: Class initialized using 'CodeIgniter\Session\Handlers\FileHandler' driver.
ERROR - 2026-03-02 21:18:55 --> mysqli_sql_exception: Table 'itsi.practicas_preprofesionales' doesn't exist in C:\xampp\htdocs\ITSI\vendor\codeigniter4\framework\system\Database\MySQLi\Connection.php:327
Stack trace:
#0 C:\xampp\htdocs\ITSI\vendor\codeigniter4\framework\system\Database\MySQLi\Connection.php(327): mysqli->query('SELECT COUNT(*)...', 0)
#1 C:\xampp\htdocs\ITSI\vendor\codeigniter4\framework\system\Database\BaseConnection.php(738): CodeIgniter\Database\MySQLi\Connection->execute('SELECT COUNT(*)...')
#2 C:\xampp\htdocs\ITSI\vendor\codeigniter4\framework\system\Database\BaseConnection.php(652): CodeIgniter\Database\BaseConnection->simpleQuery('SELECT COUNT(*)...')
#3 C:\xampp\htdocs\ITSI\vendor\codeigniter4\framework\system\Database\BaseBuilder.php(1733): CodeIgniter\Database\BaseConnection->query('SELECT COUNT(*)...', Array, false)
#4 C:\xampp\htdocs\ITSI\app\Controllers\estudiante\PracticasEstudianteController.php(281): CodeIgniter\Database\BaseBuilder->countAllResults()
#5 C:\xampp\htdocs\ITSI\app\Controllers\estudiante\PracticasEstudianteController.php(44): App\Controllers\estudiante\PracticasEstudianteController->obtenerEstadisticasEstudiante('3')
#6 C:\xampp\htdocs\ITSI\vendor\codeigniter4\framework\system\CodeIgniter.php(933): App\Controllers\estudiante\PracticasEstudianteController->index()
#7 C:\xampp\htdocs\ITSI\vendor\codeigniter4\framework\system\CodeIgniter.php(507): CodeIgniter\CodeIgniter->runController(Object(App\Controllers\estudiante\PracticasEstudianteController))
#8 C:\xampp\htdocs\ITSI\vendor\codeigniter4\framework\system\CodeIgniter.php(354): CodeIgniter\CodeIgniter->handleRequest(NULL, Object(Config\Cache), false)
#9 C:\xampp\htdocs\ITSI\vendor\codeigniter4\framework\system\Boot.php(334): CodeIgniter\CodeIgniter->run()
#10 C:\xampp\htdocs\ITSI\vendor\codeigniter4\framework\system\Boot.php(67): CodeIgniter\Boot::runCodeIgniter(Object(CodeIgniter\CodeIgniter))
#11 C:\xampp\htdocs\ITSI\public\index.php(59): CodeIgniter\Boot::bootWeb(Object(Config\Paths))
#12 {main}
ERROR - 2026-03-02 21:18:55 --> Error al obtener estadísticas: Table 'itsi.practicas_preprofesionales' doesn't exist
ERROR - 2026-03-02 21:18:55 --> mysqli_sql_exception: Table 'itsi.practicas_preprofesionales' doesn't exist in C:\xampp\htdocs\ITSI\vendor\codeigniter4\framework\system\Database\MySQLi\Connection.php:327
Stack trace:
#0 C:\xampp\htdocs\ITSI\vendor\codeigniter4\framework\system\Database\MySQLi\Connection.php(327): mysqli->query('SELECT `pp`.*, ...', 0)
#1 C:\xampp\htdocs\ITSI\vendor\codeigniter4\framework\system\Database\BaseConnection.php(738): CodeIgniter\Database\MySQLi\Connection->execute('SELECT `pp`.*, ...')
#2 C:\xampp\htdocs\ITSI\vendor\codeigniter4\framework\system\Database\BaseConnection.php(652): CodeIgniter\Database\BaseConnection->simpleQuery('SELECT `pp`.*, ...')
#3 C:\xampp\htdocs\ITSI\vendor\codeigniter4\framework\system\Database\BaseBuilder.php(1649): CodeIgniter\Database\BaseConnection->query('SELECT `pp`.*, ...', Array, false)
#4 C:\xampp\htdocs\ITSI\app\Controllers\estudiante\PracticasEstudianteController.php(456): CodeIgniter\Database\BaseBuilder->get()
#5 C:\xampp\htdocs\ITSI\app\Controllers\estudiante\PracticasEstudianteController.php(47): App\Controllers\estudiante\PracticasEstudianteController->obtenerPracticasPreprofesionales('3')
#6 C:\xampp\htdocs\ITSI\vendor\codeigniter4\framework\system\CodeIgniter.php(933): App\Controllers\estudiante\PracticasEstudianteController->index()
#7 C:\xampp\htdocs\ITSI\vendor\codeigniter4\framework\system\CodeIgniter.php(507): CodeIgniter\CodeIgniter->runController(Object(App\Controllers\estudiante\PracticasEstudianteController))
#8 C:\xampp\htdocs\ITSI\vendor\codeigniter4\framework\system\CodeIgniter.php(354): CodeIgniter\CodeIgniter->handleRequest(NULL, Object(Config\Cache), false)
#9 C:\xampp\htdocs\ITSI\vendor\codeigniter4\framework\system\Boot.php(334): CodeIgniter\CodeIgniter->run()
#10 C:\xampp\htdocs\ITSI\vendor\codeigniter4\framework\system\Boot.php(67): CodeIgniter\Boot::runCodeIgniter(Object(CodeIgniter\CodeIgniter))
#11 C:\xampp\htdocs\ITSI\public\index.php(59): CodeIgniter\Boot::bootWeb(Object(Config\Paths))
#12 {main}
ERROR - 2026-03-02 21:18:55 --> Error al obtener prácticas preprofesionales: Table 'itsi.practicas_preprofesionales' doesn't exist
ERROR - 2026-03-02 21:18:55 --> mysqli_sql_exception: Table 'itsi.servicios_comunitarios' doesn't exist in C:\xampp\htdocs\ITSI\vendor\codeigniter4\framework\system\Database\MySQLi\Connection.php:327
Stack trace:
#0 C:\xampp\htdocs\ITSI\vendor\codeigniter4\framework\system\Database\MySQLi\Connection.php(327): mysqli->query('SELECT `sc`.*, ...', 0)
#1 C:\xampp\htdocs\ITSI\vendor\codeigniter4\framework\system\Database\BaseConnection.php(738): CodeIgniter\Database\MySQLi\Connection->execute('SELECT `sc`.*, ...')
#2 C:\xampp\htdocs\ITSI\vendor\codeigniter4\framework\system\Database\BaseConnection.php(652): CodeIgniter\Database\BaseConnection->simpleQuery('SELECT `sc`.*, ...')
#3 C:\xampp\htdocs\ITSI\vendor\codeigniter4\framework\system\Database\BaseBuilder.php(1649): CodeIgniter\Database\BaseConnection->query('SELECT `sc`.*, ...', Array, false)
#4 C:\xampp\htdocs\ITSI\app\Controllers\estudiante\PracticasEstudianteController.php(475): CodeIgniter\Database\BaseBuilder->get()
#5 C:\xampp\htdocs\ITSI\app\Controllers\estudiante\PracticasEstudianteController.php(50): App\Controllers\estudiante\PracticasEstudianteController->obtenerServiciosComunitarios('3')
#6 C:\xampp\htdocs\ITSI\vendor\codeigniter4\framework\system\CodeIgniter.php(933): App\Controllers\estudiante\PracticasEstudianteController->index()
#7 C:\xampp\htdocs\ITSI\vendor\codeigniter4\framework\system\CodeIgniter.php(507): CodeIgniter\CodeIgniter->runController(Object(App\Controllers\estudiante\PracticasEstudianteController))
#8 C:\xampp\htdocs\ITSI\vendor\codeigniter4\framework\system\CodeIgniter.php(354): CodeIgniter\CodeIgniter->handleRequest(NULL, Object(Config\Cache), false)
#9 C:\xampp\htdocs\ITSI\vendor\codeigniter4\framework\system\Boot.php(334): CodeIgniter\CodeIgniter->run()
#10 C:\xampp\htdocs\ITSI\vendor\codeigniter4\framework\system\Boot.php(67): CodeIgniter\Boot::runCodeIgniter(Object(CodeIgniter\CodeIgniter))
#11 C:\xampp\htdocs\ITSI\public\index.php(59): CodeIgniter\Boot::bootWeb(Object(Config\Paths))
#12 {main}
ERROR - 2026-03-02 21:18:55 --> Error al obtener servicios comunitarios: Table 'itsi.servicios_comunitarios' doesn't exist
DEBUG - 2026-03-02 22:35:41 --> Session: Class initialized using 'CodeIgniter\Session\Handlers\FileHandler' driver.
DEBUG - 2026-03-02 22:35:47 --> Session: Class initialized using 'CodeIgniter\Session\Handlers\FileHandler' driver.
INFO - 2026-03-02 22:35:47 --> Iniciando proceso de cierre de sesión para usuario: paguirre
INFO - 2026-03-02 22:35:47 --> Sesión cerrada exitosamente
DEBUG - 2026-03-02 22:35:47 --> Session: Class initialized using 'CodeIgniter\Session\Handlers\FileHandler' driver.
