DEBUG - 2026-03-24 15:24:35 --> Session: Class initialized using 'CodeIgniter\Session\Handlers\FileHandler' driver.
CRITICAL - 2026-03-24 15:24:35 --> Error: Call to a member function getAllTipos() on null
[Method: GET, Route: estudiante/documentos-practicas]
in APPPATH\Controllers\estudiante\DocumentosPracticasEstudianteController.php on line 36.
 1 SYSTEMPATH\CodeIgniter.php(933): App\Controllers\estudiante\DocumentosPracticasEstudianteController->index()
 2 SYSTEMPATH\CodeIgniter.php(507): CodeIgniter\CodeIgniter->runController(Object(App\Controllers\estudiante\DocumentosPracticasEstudianteController))
 3 SYSTEMPATH\CodeIgniter.php(354): CodeIgniter\CodeIgniter->handleRequest(null, Object(Config\Cache), false)
 4 SYSTEMPATH\Boot.php(334): CodeIgniter\CodeIgniter->run()
 5 SYSTEMPATH\Boot.php(67): CodeIgniter\Boot::runCodeIgniter(Object(CodeIgniter\CodeIgniter))
 6 FCPATH\index.php(59): CodeIgniter\Boot::bootWeb(Object(Config\Paths))
DEBUG - 2026-03-24 15:30:26 --> Session: Class initialized using 'CodeIgniter\Session\Handlers\FileHandler' driver.
DEBUG - 2026-03-24 15:30:26 --> Session: Class initialized using 'CodeIgniter\Session\Handlers\FileHandler' driver.
DEBUG - 2026-03-24 15:30:28 --> Session: Class initialized using 'CodeIgniter\Session\Handlers\FileHandler' driver.
DEBUG - 2026-03-24 15:30:28 --> Session: Class initialized using 'CodeIgniter\Session\Handlers\FileHandler' driver.
DEBUG - 2026-03-24 15:30:38 --> Session: Class initialized using 'CodeIgniter\Session\Handlers\FileHandler' driver.
INFO - 2026-03-24 15:30:39 --> Usuario autenticado: paguirre con rol: 3 - requiere cambio password: no
DEBUG - 2026-03-24 15:30:39 --> Session: Class initialized using 'CodeIgniter\Session\Handlers\FileHandler' driver.
ERROR - 2026-03-24 15:30:39 --> mysqli_sql_exception: Table 'itsi.instituciones_convenios' doesn't exist in C:\xampp\htdocs\ITSI\vendor\codeigniter4\framework\system\Database\MySQLi\Connection.php:327
Stack trace:
#0 C:\xampp\htdocs\ITSI\vendor\codeigniter4\framework\system\Database\MySQLi\Connection.php(327): mysqli->query('SELECT `pp`.*, ...', 0)
#1 C:\xampp\htdocs\ITSI\vendor\codeigniter4\framework\system\Database\BaseConnection.php(738): CodeIgniter\Database\MySQLi\Connection->execute('SELECT `pp`.*, ...')
#2 C:\xampp\htdocs\ITSI\vendor\codeigniter4\framework\system\Database\BaseConnection.php(652): CodeIgniter\Database\BaseConnection->simpleQuery('SELECT `pp`.*, ...')
#3 C:\xampp\htdocs\ITSI\vendor\codeigniter4\framework\system\Database\BaseBuilder.php(1649): CodeIgniter\Database\BaseConnection->query('SELECT `pp`.*, ...', Array, false)
#4 C:\xampp\htdocs\ITSI\app\Controllers\estudiante\DashboardEstudianteController.php(96): CodeIgniter\Database\BaseBuilder->get()
#5 C:\xampp\htdocs\ITSI\vendor\codeigniter4\framework\system\CodeIgniter.php(933): App\Controllers\estudiante\DashboardEstudianteController->index()
#6 C:\xampp\htdocs\ITSI\vendor\codeigniter4\framework\system\CodeIgniter.php(507): CodeIgniter\CodeIgniter->runController(Object(App\Controllers\estudiante\DashboardEstudianteController))
#7 C:\xampp\htdocs\ITSI\vendor\codeigniter4\framework\system\CodeIgniter.php(354): CodeIgniter\CodeIgniter->handleRequest(NULL, Object(Config\Cache), false)
#8 C:\xampp\htdocs\ITSI\vendor\codeigniter4\framework\system\Boot.php(334): CodeIgniter\CodeIgniter->run()
#9 C:\xampp\htdocs\ITSI\vendor\codeigniter4\framework\system\Boot.php(67): CodeIgniter\Boot::runCodeIgniter(Object(CodeIgniter\CodeIgniter))
#10 C:\xampp\htdocs\ITSI\public\index.php(59): CodeIgniter\Boot::bootWeb(Object(Config\Paths))
#11 {main}
ERROR - 2026-03-24 15:30:40 --> Dashboard preprofesionales: Table 'itsi.instituciones_convenios' doesn't exist
ERROR - 2026-03-24 15:30:40 --> mysqli_sql_exception: Table 'itsi.instituciones_convenios' doesn't exist in C:\xampp\htdocs\ITSI\vendor\codeigniter4\framework\system\Database\MySQLi\Connection.php:327
Stack trace:
#0 C:\xampp\htdocs\ITSI\vendor\codeigniter4\framework\system\Database\MySQLi\Connection.php(327): mysqli->query('SELECT `sc`.*, ...', 0)
#1 C:\xampp\htdocs\ITSI\vendor\codeigniter4\framework\system\Database\BaseConnection.php(738): CodeIgniter\Database\MySQLi\Connection->execute('SELECT `sc`.*, ...')
#2 C:\xampp\htdocs\ITSI\vendor\codeigniter4\framework\system\Database\BaseConnection.php(652): CodeIgniter\Database\BaseConnection->simpleQuery('SELECT `sc`.*, ...')
#3 C:\xampp\htdocs\ITSI\vendor\codeigniter4\framework\system\Database\BaseBuilder.php(1649): CodeIgniter\Database\BaseConnection->query('SELECT `sc`.*, ...', Array, false)
#4 C:\xampp\htdocs\ITSI\app\Controllers\estudiante\DashboardEstudianteController.php(123): CodeIgniter\Database\BaseBuilder->get()
#5 C:\xampp\htdocs\ITSI\vendor\codeigniter4\framework\system\CodeIgniter.php(933): App\Controllers\estudiante\DashboardEstudianteController->index()
#6 C:\xampp\htdocs\ITSI\vendor\codeigniter4\framework\system\CodeIgniter.php(507): CodeIgniter\CodeIgniter->runController(Object(App\Controllers\estudiante\DashboardEstudianteController))
#7 C:\xampp\htdocs\ITSI\vendor\codeigniter4\framework\system\CodeIgniter.php(354): CodeIgniter\CodeIgniter->handleRequest(NULL, Object(Config\Cache), false)
#8 C:\xampp\htdocs\ITSI\vendor\codeigniter4\framework\system\Boot.php(334): CodeIgniter\CodeIgniter->run()
#9 C:\xampp\htdocs\ITSI\vendor\codeigniter4\framework\system\Boot.php(67): CodeIgniter\Boot::runCodeIgniter(Object(CodeIgniter\CodeIgniter))
#10 C:\xampp\htdocs\ITSI\public\index.php(59): CodeIgniter\Boot::bootWeb(Object(Config\Paths))
#11 {main}
ERROR - 2026-03-24 15:30:40 --> Dashboard servicio comunitario: Table 'itsi.instituciones_convenios' doesn't exist
DEBUG - 2026-03-24 15:31:10 --> Session: Class initialized using 'CodeIgniter\Session\Handlers\FileHandler' driver.
DEBUG - 2026-03-24 15:31:14 --> Session: Class initialized using 'CodeIgniter\Session\Handlers\FileHandler' driver.
DEBUG - 2026-03-24 15:31:26 --> Session: Class initialized using 'CodeIgniter\Session\Handlers\FileHandler' driver.
DEBUG - 2026-03-24 15:35:13 --> Session: Class initialized using 'CodeIgniter\Session\Handlers\FileHandler' driver.
DEBUG - 2026-03-24 15:35:18 --> Session: Class initialized using 'CodeIgniter\Session\Handlers\FileHandler' driver.
ERROR - 2026-03-24 15:35:18 --> mysqli_sql_exception: Table 'itsi.instituciones_convenios' doesn't exist in C:\xampp\htdocs\ITSI\vendor\codeigniter4\framework\system\Database\MySQLi\Connection.php:327
Stack trace:
#0 C:\xampp\htdocs\ITSI\vendor\codeigniter4\framework\system\Database\MySQLi\Connection.php(327): mysqli->query('SELECT `pp`.*, ...', 0)
#1 C:\xampp\htdocs\ITSI\vendor\codeigniter4\framework\system\Database\BaseConnection.php(738): CodeIgniter\Database\MySQLi\Connection->execute('SELECT `pp`.*, ...')
#2 C:\xampp\htdocs\ITSI\vendor\codeigniter4\framework\system\Database\BaseConnection.php(652): CodeIgniter\Database\BaseConnection->simpleQuery('SELECT `pp`.*, ...')
#3 C:\xampp\htdocs\ITSI\vendor\codeigniter4\framework\system\Database\BaseBuilder.php(1649): CodeIgniter\Database\BaseConnection->query('SELECT `pp`.*, ...', Array, false)
#4 C:\xampp\htdocs\ITSI\app\Controllers\estudiante\DashboardEstudianteController.php(96): CodeIgniter\Database\BaseBuilder->get()
#5 C:\xampp\htdocs\ITSI\vendor\codeigniter4\framework\system\CodeIgniter.php(933): App\Controllers\estudiante\DashboardEstudianteController->index()
#6 C:\xampp\htdocs\ITSI\vendor\codeigniter4\framework\system\CodeIgniter.php(507): CodeIgniter\CodeIgniter->runController(Object(App\Controllers\estudiante\DashboardEstudianteController))
#7 C:\xampp\htdocs\ITSI\vendor\codeigniter4\framework\system\CodeIgniter.php(354): CodeIgniter\CodeIgniter->handleRequest(NULL, Object(Config\Cache), false)
#8 C:\xampp\htdocs\ITSI\vendor\codeigniter4\framework\system\Boot.php(334): CodeIgniter\CodeIgniter->run()
#9 C:\xampp\htdocs\ITSI\vendor\codeigniter4\framework\system\Boot.php(67): CodeIgniter\Boot::runCodeIgniter(Object(CodeIgniter\CodeIgniter))
#10 C:\xampp\htdocs\ITSI\public\index.php(59): CodeIgniter\Boot::bootWeb(Object(Config\Paths))
#11 {main}
ERROR - 2026-03-24 15:35:18 --> Dashboard preprofesionales: Table 'itsi.instituciones_convenios' doesn't exist
ERROR - 2026-03-24 15:35:18 --> mysqli_sql_exception: Table 'itsi.instituciones_convenios' doesn't exist in C:\xampp\htdocs\ITSI\vendor\codeigniter4\framework\system\Database\MySQLi\Connection.php:327
Stack trace:
#0 C:\xampp\htdocs\ITSI\vendor\codeigniter4\framework\system\Database\MySQLi\Connection.php(327): mysqli->query('SELECT `sc`.*, ...', 0)
#1 C:\xampp\htdocs\ITSI\vendor\codeigniter4\framework\system\Database\BaseConnection.php(738): CodeIgniter\Database\MySQLi\Connection->execute('SELECT `sc`.*, ...')
#2 C:\xampp\htdocs\ITSI\vendor\codeigniter4\framework\system\Database\BaseConnection.php(652): CodeIgniter\Database\BaseConnection->simpleQuery('SELECT `sc`.*, ...')
#3 C:\xampp\htdocs\ITSI\vendor\codeigniter4\framework\system\Database\BaseBuilder.php(1649): CodeIgniter\Database\BaseConnection->query('SELECT `sc`.*, ...', Array, false)
#4 C:\xampp\htdocs\ITSI\app\Controllers\estudiante\DashboardEstudianteController.php(123): CodeIgniter\Database\BaseBuilder->get()
#5 C:\xampp\htdocs\ITSI\vendor\codeigniter4\framework\system\CodeIgniter.php(933): App\Controllers\estudiante\DashboardEstudianteController->index()
#6 C:\xampp\htdocs\ITSI\vendor\codeigniter4\framework\system\CodeIgniter.php(507): CodeIgniter\CodeIgniter->runController(Object(App\Controllers\estudiante\DashboardEstudianteController))
#7 C:\xampp\htdocs\ITSI\vendor\codeigniter4\framework\system\CodeIgniter.php(354): CodeIgniter\CodeIgniter->handleRequest(NULL, Object(Config\Cache), false)
#8 C:\xampp\htdocs\ITSI\vendor\codeigniter4\framework\system\Boot.php(334): CodeIgniter\CodeIgniter->run()
#9 C:\xampp\htdocs\ITSI\vendor\codeigniter4\framework\system\Boot.php(67): CodeIgniter\Boot::runCodeIgniter(Object(CodeIgniter\CodeIgniter))
#10 C:\xampp\htdocs\ITSI\public\index.php(59): CodeIgniter\Boot::bootWeb(Object(Config\Paths))
#11 {main}
ERROR - 2026-03-24 15:35:18 --> Dashboard servicio comunitario: Table 'itsi.instituciones_convenios' doesn't exist
DEBUG - 2026-03-24 15:35:27 --> Session: Class initialized using 'CodeIgniter\Session\Handlers\FileHandler' driver.
ERROR - 2026-03-24 15:35:27 --> mysqli_sql_exception: Table 'itsi.instituciones_convenios' doesn't exist in C:\xampp\htdocs\ITSI\vendor\codeigniter4\framework\system\Database\MySQLi\Connection.php:327
Stack trace:
#0 C:\xampp\htdocs\ITSI\vendor\codeigniter4\framework\system\Database\MySQLi\Connection.php(327): mysqli->query('SELECT `pp`.*, ...', 0)
#1 C:\xampp\htdocs\ITSI\vendor\codeigniter4\framework\system\Database\BaseConnection.php(738): CodeIgniter\Database\MySQLi\Connection->execute('SELECT `pp`.*, ...')
#2 C:\xampp\htdocs\ITSI\vendor\codeigniter4\framework\system\Database\BaseConnection.php(652): CodeIgniter\Database\BaseConnection->simpleQuery('SELECT `pp`.*, ...')
#3 C:\xampp\htdocs\ITSI\vendor\codeigniter4\framework\system\Database\BaseBuilder.php(1649): CodeIgniter\Database\BaseConnection->query('SELECT `pp`.*, ...', Array, false)
#4 C:\xampp\htdocs\ITSI\app\Controllers\estudiante\DashboardEstudianteController.php(96): CodeIgniter\Database\BaseBuilder->get()
#5 C:\xampp\htdocs\ITSI\vendor\codeigniter4\framework\system\CodeIgniter.php(933): App\Controllers\estudiante\DashboardEstudianteController->index()
#6 C:\xampp\htdocs\ITSI\vendor\codeigniter4\framework\system\CodeIgniter.php(507): CodeIgniter\CodeIgniter->runController(Object(App\Controllers\estudiante\DashboardEstudianteController))
#7 C:\xampp\htdocs\ITSI\vendor\codeigniter4\framework\system\CodeIgniter.php(354): CodeIgniter\CodeIgniter->handleRequest(NULL, Object(Config\Cache), false)
#8 C:\xampp\htdocs\ITSI\vendor\codeigniter4\framework\system\Boot.php(334): CodeIgniter\CodeIgniter->run()
#9 C:\xampp\htdocs\ITSI\vendor\codeigniter4\framework\system\Boot.php(67): CodeIgniter\Boot::runCodeIgniter(Object(CodeIgniter\CodeIgniter))
#10 C:\xampp\htdocs\ITSI\public\index.php(59): CodeIgniter\Boot::bootWeb(Object(Config\Paths))
#11 {main}
ERROR - 2026-03-24 15:35:27 --> Dashboard preprofesionales: Table 'itsi.instituciones_convenios' doesn't exist
ERROR - 2026-03-24 15:35:27 --> mysqli_sql_exception: Table 'itsi.instituciones_convenios' doesn't exist in C:\xampp\htdocs\ITSI\vendor\codeigniter4\framework\system\Database\MySQLi\Connection.php:327
Stack trace:
#0 C:\xampp\htdocs\ITSI\vendor\codeigniter4\framework\system\Database\MySQLi\Connection.php(327): mysqli->query('SELECT `sc`.*, ...', 0)
#1 C:\xampp\htdocs\ITSI\vendor\codeigniter4\framework\system\Database\BaseConnection.php(738): CodeIgniter\Database\MySQLi\Connection->execute('SELECT `sc`.*, ...')
#2 C:\xampp\htdocs\ITSI\vendor\codeigniter4\framework\system\Database\BaseConnection.php(652): CodeIgniter\Database\BaseConnection->simpleQuery('SELECT `sc`.*, ...')
#3 C:\xampp\htdocs\ITSI\vendor\codeigniter4\framework\system\Database\BaseBuilder.php(1649): CodeIgniter\Database\BaseConnection->query('SELECT `sc`.*, ...', Array, false)
#4 C:\xampp\htdocs\ITSI\app\Controllers\estudiante\DashboardEstudianteController.php(123): CodeIgniter\Database\BaseBuilder->get()
#5 C:\xampp\htdocs\ITSI\vendor\codeigniter4\framework\system\CodeIgniter.php(933): App\Controllers\estudiante\DashboardEstudianteController->index()
#6 C:\xampp\htdocs\ITSI\vendor\codeigniter4\framework\system\CodeIgniter.php(507): CodeIgniter\CodeIgniter->runController(Object(App\Controllers\estudiante\DashboardEstudianteController))
#7 C:\xampp\htdocs\ITSI\vendor\codeigniter4\framework\system\CodeIgniter.php(354): CodeIgniter\CodeIgniter->handleRequest(NULL, Object(Config\Cache), false)
#8 C:\xampp\htdocs\ITSI\vendor\codeigniter4\framework\system\Boot.php(334): CodeIgniter\CodeIgniter->run()
#9 C:\xampp\htdocs\ITSI\vendor\codeigniter4\framework\system\Boot.php(67): CodeIgniter\Boot::runCodeIgniter(Object(CodeIgniter\CodeIgniter))
#10 C:\xampp\htdocs\ITSI\public\index.php(59): CodeIgniter\Boot::bootWeb(Object(Config\Paths))
#11 {main}
ERROR - 2026-03-24 15:35:27 --> Dashboard servicio comunitario: Table 'itsi.instituciones_convenios' doesn't exist
DEBUG - 2026-03-24 15:35:39 --> Session: Class initialized using 'CodeIgniter\Session\Handlers\FileHandler' driver.
ERROR - 2026-03-24 15:35:39 --> mysqli_sql_exception: Table 'itsi.instituciones_convenios' doesn't exist in C:\xampp\htdocs\ITSI\vendor\codeigniter4\framework\system\Database\MySQLi\Connection.php:327
Stack trace:
#0 C:\xampp\htdocs\ITSI\vendor\codeigniter4\framework\system\Database\MySQLi\Connection.php(327): mysqli->query('SELECT `pp`.*, ...', 0)
#1 C:\xampp\htdocs\ITSI\vendor\codeigniter4\framework\system\Database\BaseConnection.php(738): CodeIgniter\Database\MySQLi\Connection->execute('SELECT `pp`.*, ...')
#2 C:\xampp\htdocs\ITSI\vendor\codeigniter4\framework\system\Database\BaseConnection.php(652): CodeIgniter\Database\BaseConnection->simpleQuery('SELECT `pp`.*, ...')
#3 C:\xampp\htdocs\ITSI\vendor\codeigniter4\framework\system\Database\BaseBuilder.php(1649): CodeIgniter\Database\BaseConnection->query('SELECT `pp`.*, ...', Array, false)
#4 C:\xampp\htdocs\ITSI\app\Controllers\estudiante\DashboardEstudianteController.php(96): CodeIgniter\Database\BaseBuilder->get()
#5 C:\xampp\htdocs\ITSI\vendor\codeigniter4\framework\system\CodeIgniter.php(933): App\Controllers\estudiante\DashboardEstudianteController->index()
#6 C:\xampp\htdocs\ITSI\vendor\codeigniter4\framework\system\CodeIgniter.php(507): CodeIgniter\CodeIgniter->runController(Object(App\Controllers\estudiante\DashboardEstudianteController))
#7 C:\xampp\htdocs\ITSI\vendor\codeigniter4\framework\system\CodeIgniter.php(354): CodeIgniter\CodeIgniter->handleRequest(NULL, Object(Config\Cache), false)
#8 C:\xampp\htdocs\ITSI\vendor\codeigniter4\framework\system\Boot.php(334): CodeIgniter\CodeIgniter->run()
#9 C:\xampp\htdocs\ITSI\vendor\codeigniter4\framework\system\Boot.php(67): CodeIgniter\Boot::runCodeIgniter(Object(CodeIgniter\CodeIgniter))
#10 C:\xampp\htdocs\ITSI\public\index.php(59): CodeIgniter\Boot::bootWeb(Object(Config\Paths))
#11 {main}
ERROR - 2026-03-24 15:35:39 --> Dashboard preprofesionales: Table 'itsi.instituciones_convenios' doesn't exist
ERROR - 2026-03-24 15:35:39 --> mysqli_sql_exception: Table 'itsi.instituciones_convenios' doesn't exist in C:\xampp\htdocs\ITSI\vendor\codeigniter4\framework\system\Database\MySQLi\Connection.php:327
Stack trace:
#0 C:\xampp\htdocs\ITSI\vendor\codeigniter4\framework\system\Database\MySQLi\Connection.php(327): mysqli->query('SELECT `sc`.*, ...', 0)
#1 C:\xampp\htdocs\ITSI\vendor\codeigniter4\framework\system\Database\BaseConnection.php(738): CodeIgniter\Database\MySQLi\Connection->execute('SELECT `sc`.*, ...')
#2 C:\xampp\htdocs\ITSI\vendor\codeigniter4\framework\system\Database\BaseConnection.php(652): CodeIgniter\Database\BaseConnection->simpleQuery('SELECT `sc`.*, ...')
#3 C:\xampp\htdocs\ITSI\vendor\codeigniter4\framework\system\Database\BaseBuilder.php(1649): CodeIgniter\Database\BaseConnection->query('SELECT `sc`.*, ...', Array, false)
#4 C:\xampp\htdocs\ITSI\app\Controllers\estudiante\DashboardEstudianteController.php(123): CodeIgniter\Database\BaseBuilder->get()
#5 C:\xampp\htdocs\ITSI\vendor\codeigniter4\framework\system\CodeIgniter.php(933): App\Controllers\estudiante\DashboardEstudianteController->index()
#6 C:\xampp\htdocs\ITSI\vendor\codeigniter4\framework\system\CodeIgniter.php(507): CodeIgniter\CodeIgniter->runController(Object(App\Controllers\estudiante\DashboardEstudianteController))
#7 C:\xampp\htdocs\ITSI\vendor\codeigniter4\framework\system\CodeIgniter.php(354): CodeIgniter\CodeIgniter->handleRequest(NULL, Object(Config\Cache), false)
#8 C:\xampp\htdocs\ITSI\vendor\codeigniter4\framework\system\Boot.php(334): CodeIgniter\CodeIgniter->run()
#9 C:\xampp\htdocs\ITSI\vendor\codeigniter4\framework\system\Boot.php(67): CodeIgniter\Boot::runCodeIgniter(Object(CodeIgniter\CodeIgniter))
#10 C:\xampp\htdocs\ITSI\public\index.php(59): CodeIgniter\Boot::bootWeb(Object(Config\Paths))
#11 {main}
ERROR - 2026-03-24 15:35:39 --> Dashboard servicio comunitario: Table 'itsi.instituciones_convenios' doesn't exist
DEBUG - 2026-03-24 15:35:42 --> Session: Class initialized using 'CodeIgniter\Session\Handlers\FileHandler' driver.
DEBUG - 2026-03-24 15:36:26 --> Session: Class initialized using 'CodeIgniter\Session\Handlers\FileHandler' driver.
DEBUG - 2026-03-24 15:36:33 --> Session: Class initialized using 'CodeIgniter\Session\Handlers\FileHandler' driver.
DEBUG - 2026-03-24 15:41:01 --> Session: Class initialized using 'CodeIgniter\Session\Handlers\FileHandler' driver.
INFO - 2026-03-24 15:41:01 --> Iniciando proceso de cierre de sesión para usuario: paguirre
INFO - 2026-03-24 15:41:01 --> Sesión cerrada exitosamente
DEBUG - 2026-03-24 15:41:02 --> Session: Class initialized using 'CodeIgniter\Session\Handlers\FileHandler' driver.
DEBUG - 2026-03-24 15:41:08 --> Session: Class initialized using 'CodeIgniter\Session\Handlers\FileHandler' driver.
INFO - 2026-03-24 15:41:08 --> Usuario autenticado: 1004191845 con rol: 1 - requiere cambio password: no
DEBUG - 2026-03-24 15:41:08 --> Session: Class initialized using 'CodeIgniter\Session\Handlers\FileHandler' driver.
DEBUG - 2026-03-24 15:41:08 --> Estadísticas mensuales prácticas: [{"mes":"Abr 2025","preprofesionales":0,"servicioComunitario":0},{"mes":"May 2025","preprofesionales":0,"servicioComunitario":0},{"mes":"Jun 2025","preprofesionales":1,"servicioComunitario":0},{"mes":"Jul 2025","preprofesionales":1,"servicioComunitario":0},{"mes":"Ago 2025","preprofesionales":0,"servicioComunitario":1},{"mes":"Sep 2025","preprofesionales":1,"servicioComunitario":0},{"mes":"Oct 2025","preprofesionales":1,"servicioComunitario":0},{"mes":"Nov 2025","preprofesionales":0,"servicioComunitario":1},{"mes":"Dic 2025","preprofesionales":1,"servicioComunitario":0},{"mes":"Ene 2026","preprofesionales":0,"servicioComunitario":1},{"mes":"Feb 2026","preprofesionales":0,"servicioComunitario":1},{"mes":"Mar 2026","preprofesionales":0,"servicioComunitario":1}]
DEBUG - 2026-03-24 15:41:12 --> Session: Class initialized using 'CodeIgniter\Session\Handlers\FileHandler' driver.
DEBUG - 2026-03-24 15:41:12 --> Consulta SQL: SELECT *
FROM `TAB_DOCUMENTOS_PRACTICAS_PREPROFESIONALES` `dp`
DEBUG - 2026-03-24 15:41:12 --> Resultados obtenidos: 9
DEBUG - 2026-03-24 15:41:12 --> Tipos de documentos en index: [{"ID_TIPO_DOCUMENTO_PREPROFESIONAL":"1","CODIGO":"PPR-001","NOMBRE":"Oficio de Asignaci\u00f3n de Tutor","DESCRIPCION":"Documento oficial emitido por la coordinaci\u00f3n de la carrera que designa al docente responsable de la tutor\u00eda y seguimiento de las pr\u00e1cticas de servicio comunitario del estudiante.","ORDEN":"1","OBLIGATORIO":"1","ACTIVO":"1","FECHA_CREACION":"2026-03-23 19:56:13","FECHA_ACTUALIZACION":"2026-03-23 19:56:13","REQUERIDO":"1"},{"ID_TIPO_DOCUMENTO_PREPROFESIONAL":"2","CODIGO":"PPR-002","NOMBRE":"Oficio a Entidad Receptora","DESCRIPCION":"Carta formal enviada por el estudiante a la instituci\u00f3n \"Instituto Tecnol\u00f3gico Superior Ibarra\", con el prop\u00f3sito de solicitar la oportunidad de realizar sus pr\u00e1cticas de servicio comunitario.","ORDEN":"2","OBLIGATORIO":"1","ACTIVO":"1","FECHA_CREACION":"2026-03-23 19:56:13","FECHA_ACTUALIZACION":"2026-03-23 20:03:37","REQUERIDO":"1"},{"ID_TIPO_DOCUMENTO_PREPROFESIONAL":"3","CODIGO":"PPR-003","NOMBRE":"Carta de Aceptaci\u00f3n","DESCRIPCION":"Carta oficial de la entidad receptora \"Instituto Tecnol\u00f3gico Superior Ibarra\" que confirma la aceptaci\u00f3n del o los estudiantes para realizar las pr\u00e1cticas de servicio comunitario en sus instalaciones.","ORDEN":"3","OBLIGATORIO":"1","ACTIVO":"1","FECHA_CREACION":"2026-03-23 19:56:13","FECHA_ACTUALIZACION":"2026-03-23 19:56:13","REQUERIDO":"1"},{"ID_TIPO_DOCUMENTO_PREPROFESIONAL":"4","CODIGO":"PPR-004","NOMBRE":"Solicitud Institucional Valorada","DESCRIPCION":"Documento de solicitud formal dirigido al Sr. Rector, Dr. Mario Montenegro, pidiendo la aprobaci\u00f3n institucional para la realizaci\u00f3n de las pr\u00e1cticas de servicio comunitario.","ORDEN":"4","OBLIGATORIO":"1","ACTIVO":"1","FECHA_CREACION":"2026-03-23 19:56:13","FECHA_ACTUALIZACION":"2026-03-23 19:56:13","REQUERIDO":"1"},{"ID_TIPO_DOCUMENTO_PREPROFESIONAL":"5","CODIGO":"PPR-005","NOMBRE":"Certificado de Culminaci\u00f3n de Horas","DESCRIPCION":"Certificado emitido por la entidad receptora \"Instituto Tecnol\u00f3gico Superior Ibarra\" que acredita que el estudiante ha completado las 60 horas requeridas de pr\u00e1cticas de servicio comunitario.","ORDEN":"5","OBLIGATORIO":"1","ACTIVO":"1","FECHA_CREACION":"2026-03-23 19:56:13","FECHA_ACTUALIZACION":"2026-03-23 19:56:13","REQUERIDO":"1"},{"ID_TIPO_DOCUMENTO_PREPROFESIONAL":"6","CODIGO":"PPR-006","NOMBRE":"Hojas de Asistencia","DESCRIPCION":"Registro f\u00edsico de la asistencia del estudiante en la entidad receptora. Incluye las firmas y sellos para validar las horas de trabajo.","ORDEN":"6","OBLIGATORIO":"1","ACTIVO":"1","FECHA_CREACION":"2026-03-23 19:56:13","FECHA_ACTUALIZACION":"2026-03-23 19:56:13","REQUERIDO":"1"},{"ID_TIPO_DOCUMENTO_PREPROFESIONAL":"7","CODIGO":"PPR-007","NOMBRE":"Ficha de Registro de Actividades","DESCRIPCION":"Documento detallado en el que el estudiante registra las actividades espec\u00edficas realizadas durante sus pr\u00e1cticas, incluyendo fechas y descripciones.","ORDEN":"7","OBLIGATORIO":"1","ACTIVO":"1","FECHA_CREACION":"2026-03-23 19:56:13","FECHA_ACTUALIZACION":"2026-03-23 19:56:13","REQUERIDO":"1"},{"ID_TIPO_DOCUMENTO_PREPROFESIONAL":"8","CODIGO":"PPR-008","NOMBRE":"R\u00fabrica de Evaluaci\u00f3n de Entidad","DESCRIPCION":"Formulario de evaluaci\u00f3n del desempe\u00f1o del estudiante, llenado y sellado por la entidad receptora. Valora aspectos como la responsabilidad, la proactividad y la calidad del trabajo.","ORDEN":"8","OBLIGATORIO":"1","ACTIVO":"1","FECHA_CREACION":"2026-03-23 19:56:13","FECHA_ACTUALIZACION":"2026-03-23 19:56:13","REQUERIDO":"1"},{"ID_TIPO_DOCUMENTO_PREPROFESIONAL":"9","CODIGO":"PPR-009","NOMBRE":"Ficha de Control y Seguimiento Docente","DESCRIPCION":"Documento utilizado por el tutor docente para registrar el seguimiento acad\u00e9mico del estudiante durante las pr\u00e1cticas. Incluye visitas o revisiones peri\u00f3dicas.","ORDEN":"9","OBLIGATORIO":"1","ACTIVO":"1","FECHA_CREACION":"2026-03-23 19:56:13","FECHA_ACTUALIZACION":"2026-03-23 19:56:13","REQUERIDO":"1"},{"ID_TIPO_DOCUMENTO_PREPROFESIONAL":"10","CODIGO":"PPR-010","NOMBRE":"R\u00fabrica de Evaluaci\u00f3n Docente","DESCRIPCION":"R\u00fabrica de evaluaci\u00f3n llenada y firmada por el tutor docente. Califica el desempe\u00f1o del estudiante en base a los criterios acad\u00e9micos del programa.","ORDEN":"10","OBLIGATORIO":"1","ACTIVO":"1","FECHA_CREACION":"2026-03-23 19:56:13","FECHA_ACTUALIZACION":"2026-03-23 19:56:13","REQUERIDO":"1"},{"ID_TIPO_DOCUMENTO_PREPROFESIONAL":"11","CODIGO":"PPR-011","NOMBRE":"R\u00fabrica de Evaluaci\u00f3n de Resultados","DESCRIPCION":"Evaluaci\u00f3n final realizada por el Departamento de Vinculaci\u00f3n con la Sociedad, que valora los resultados y el impacto del proyecto de servicio comunitario en su conjunto.","ORDEN":"11","OBLIGATORIO":"1","ACTIVO":"1","FECHA_CREACION":"2026-03-23 19:56:13","FECHA_ACTUALIZACION":"2026-03-23 19:56:13","REQUERIDO":"1"},{"ID_TIPO_DOCUMENTO_PREPROFESIONAL":"12","CODIGO":"PPR-012","NOMBRE":"Evidencia Fotogr\u00e1fica y Digital","DESCRIPCION":"Material de apoyo visual y digital, como fotos, capturas, videos o impresiones, que documenta y comprueba la realizaci\u00f3n de las actividades y trabajos del proyecto.","ORDEN":"12","OBLIGATORIO":"1","ACTIVO":"1","FECHA_CREACION":"2026-03-23 19:56:13","FECHA_ACTUALIZACION":"2026-03-23 19:56:13","REQUERIDO":"1"}]
DEBUG - 2026-03-24 15:41:12 --> Session: Class initialized using 'CodeIgniter\Session\Handlers\FileHandler' driver.
DEBUG - 2026-03-24 15:41:12 --> Consulta SQL: SELECT *
FROM `TAB_DOCUMENTOS_PRACTICAS_PREPROFESIONALES` `dp`
DEBUG - 2026-03-24 15:41:12 --> Resultados obtenidos: 9
DEBUG - 2026-03-24 15:41:12 --> Documentos obtenidos: [{"ID_DOCUMENTO_PREPROFESIONAL":"17","ID_PRACTICA_PREPROFESIONAL":"2","ID_TIPO_DOCUMENTO":"9","ID_ESTADO_REVISION":"4","NOMBRE_ARCHIVO":"ficha_control_seguimiento_002_20250920.pdf","NOMBRE_ORIGINAL":"Ficha Control Seguimiento - Mar\u00eda.pdf","TIPO_ARCHIVO":"application\/pdf","TAMANO_ARCHIVO":"112233","RUTA_ARCHIVO":"\/uploads\/documentos-practicas\/","FECHA_SUBIDA":"2025-09-20 10:15:00","FECHA_REVISION":"2025-09-20 12:45:00","ID_REVISOR":"5","OBSERVACIONES":"Ficha de control y seguimiento docente","OBSERVACIONES_REVISOR":"Faltan las firmas del tutor docente, documento inv\u00e1lido","VERSION":"1","ACTIVO":"1","FECHA_CREACION":"2026-03-23 19:56:13","FECHA_ACTUALIZACION":"2026-03-23 19:56:13","ID_TIPO_DOCUMENTO_PREPROFESIONAL":"9","TIPO_DOCUMENTO_CODIGO":"PPR-009","TIPO_DOCUMENTO_NOMBRE":"Ficha de Control y Seguimiento Docente","TIPO_DOCUMENTO_DESCRIPCION":"Documento utilizado por el tutor docente para registrar el seguimiento acad\u00e9mico del estudiante durante las pr\u00e1cticas. Incluye visitas o revisiones peri\u00f3dicas.","TIPO_DOCUMENTO_ORDEN":"9","TIPO_DOCUMENTO_OBLIGATORIO":"1","ESTADO_REVISION":"Rechazado","ID_ESTUDIANTE":"2","ENTIDAD_RECEPTORA":"Banco del Pac\u00edfico","ESTUDIANTE_NOMBRE":"Mar\u00eda Elena Garc\u00eda Torres","NOMBRE_ESTUDIANTE":"Mar\u00eda Elena","APELLIDO_ESTUDIANTE":"Garc\u00eda Torres","CEDULA_ESTUDIANTE":"1002345678"},{"ID_DOCUMENTO_PREPROFESIONAL":"15","ID_PRACTICA_PREPROFESIONAL":"2","ID_TIPO_DOCUMENTO":"7","ID_ESTADO_REVISION":"5","NOMBRE_ARCHIVO":"ficha_registro_actividades_002_20250915.pdf","NOMBRE_ORIGINAL":"Ficha Registro Actividades - Mar\u00eda.pdf","TIPO_ARCHIVO":"application\/pdf","TAMANO_ARCHIVO":"98765","RUTA_ARCHIVO":"\/uploads\/documentos-practicas\/","FECHA_SUBIDA":"2025-09-15 11:30:00","FECHA_REVISION":"2025-09-15 14:20:00","ID_REVISOR":"5","OBSERVACIONES":"Ficha de registro de actividades","OBSERVACIONES_REVISOR":"Descripci\u00f3n de actividades muy general, especificar m\u00e1s detalles","VERSION":"1","ACTIVO":"1","FECHA_CREACION":"2026-03-23 19:56:13","FECHA_ACTUALIZACION":"2026-03-23 19:56:13","ID_TIPO_DOCUMENTO_PREPROFESIONAL":"7","TIPO_DOCUMENTO_CODIGO":"PPR-007","TIPO_DOCUMENTO_NOMBRE":"Ficha de Registro de Actividades","TIPO_DOCUMENTO_DESCRIPCION":"Documento detallado en el que el estudiante registra las actividades espec\u00edficas realizadas durante sus pr\u00e1cticas, incluyendo fechas y descripciones.","TIPO_DOCUMENTO_ORDEN":"7","TIPO_DOCUMENTO_OBLIGATORIO":"1","ESTADO_REVISION":"Requiere Correcci\u00f3n","ID_ESTUDIANTE":"2","ENTIDAD_RECEPTORA":"Banco del Pac\u00edfico","ESTUDIANTE_NOMBRE":"Mar\u00eda Elena Garc\u00eda Torres","NOMBRE_ESTUDIANTE":"Mar\u00eda Elena","APELLIDO_ESTUDIANTE":"Garc\u00eda Torres","CEDULA_ESTUDIANTE":"1002345678"},{"ID_DOCUMENTO_PREPROFESIONAL":"14","ID_PRACTICA_PREPROFESIONAL":"1","ID_TIPO_DOCUMENTO":"6","ID_ESTADO_REVISION":"5","NOMBRE_ARCHIVO":"hojas_asistencia_001_20250830.pdf","NOMBRE_ORIGINAL":"Hojas de Asistencia - Juan Carlos.pdf","TIPO_ARCHIVO":"application\/pdf","TAMANO_ARCHIVO":"123456","RUTA_ARCHIVO":"\/uploads\/documentos-practicas\/","FECHA_SUBIDA":"2025-08-30 16:15:00","FECHA_REVISION":"2025-08-30 17:45:00","ID_REVISOR":"4","OBSERVACIONES":"Hojas de asistencia completas","OBSERVACIONES_REVISOR":"Faltan firmas en algunas fechas, corregir y volver a subir","VERSION":"1","ACTIVO":"1","FECHA_CREACION":"2026-03-23 19:56:13","FECHA_ACTUALIZACION":"2026-03-23 19:56:13","ID_TIPO_DOCUMENTO_PREPROFESIONAL":"6","TIPO_DOCUMENTO_CODIGO":"PPR-006","TIPO_DOCUMENTO_NOMBRE":"Hojas de Asistencia","TIPO_DOCUMENTO_DESCRIPCION":"Registro f\u00edsico de la asistencia del estudiante en la entidad receptora. Incluye las firmas y sellos para validar las horas de trabajo.","TIPO_DOCUMENTO_ORDEN":"6","TIPO_DOCUMENTO_OBLIGATORIO":"1","ESTADO_REVISION":"Requiere Correcci\u00f3n","ID_ESTUDIANTE":"1","ENTIDAD_RECEPTORA":"Hospital San Vicente de Pa\u00fal","ESTUDIANTE_NOMBRE":"Juan Carlos P\u00e9rez L\u00f3pez","NOMBRE_ESTUDIANTE":"Juan Carlos","APELLIDO_ESTUDIANTE":"P\u00e9rez L\u00f3pez","CEDULA_ESTUDIANTE":"1001234567"},{"ID_DOCUMENTO_PREPROFESIONAL":"16","ID_PRACTICA_PREPROFESIONAL":"1","ID_TIPO_DOCUMENTO":"8","ID_ESTADO_REVISION":"4","NOMBRE_ARCHIVO":"rubrica_evaluacion_entidad_001_20250825.pdf","NOMBRE_ORIGINAL":"R\u00fabrica Evaluaci\u00f3n Entidad - Juan.pdf","TIPO_ARCHIVO":"application\/pdf","TAMANO_ARCHIVO":"87654","RUTA_ARCHIVO":"\/uploads\/documentos-practicas\/","FECHA_SUBIDA":"2025-08-25 15:00:00","FECHA_REVISION":"2025-08-25 16:30:00","ID_REVISOR":"4","OBSERVACIONES":"R\u00fabrica de evaluaci\u00f3n de entidad","OBSERVACIONES_REVISOR":"Documento no tiene sello oficial de la entidad, rechazado","VERSION":"1","ACTIVO":"1","FECHA_CREACION":"2026-03-23 19:56:13","FECHA_ACTUALIZACION":"2026-03-23 19:56:13","ID_TIPO_DOCUMENTO_PREPROFESIONAL":"8","TIPO_DOCUMENTO_CODIGO":"PPR-008","TIPO_DOCUMENTO_NOMBRE":"R\u00fabrica de Evaluaci\u00f3n de Entidad","TIPO_DOCUMENTO_DESCRIPCION":"Formulario de evaluaci\u00f3n del desempe\u00f1o del estudiante, llenado y sellado por la entidad receptora. Valora aspectos como la responsabilidad, la proactividad y la calidad del trabajo.","TIPO_DOCUMENTO_ORDEN":"8","TIPO_DOCUMENTO_OBLIGATORIO":"1","ESTADO_REVISION":"Rechazado","ID_ESTUDIANTE":"1","ENTIDAD_RECEPTORA":"Hospital San Vicente de Pa\u00fal","ESTUDIANTE_NOMBRE":"Juan Carlos P\u00e9rez L\u00f3pez","NOMBRE_ESTUDIANTE":"Juan Carlos","APELLIDO_ESTUDIANTE":"P\u00e9rez L\u00f3pez","CEDULA_ESTUDIANTE":"1001234567"},{"ID_DOCUMENTO_PREPROFESIONAL":"5","ID_PRACTICA_PREPROFESIONAL":"2","ID_TIPO_DOCUMENTO":"2","ID_ESTADO_REVISION":"3","NOMBRE_ARCHIVO":"oficio_entidad_receptora_002_20250702.pdf","NOMBRE_ORIGINAL":"Oficio Entidad Receptora - Banco.pdf","TIPO_ARCHIVO":"application\/pdf","TAMANO_ARCHIVO":"178944","RUTA_ARCHIVO":"\/uploads\/documentos-practicas\/","FECHA_SUBIDA":"2025-07-02 15:45:00","FECHA_REVISION":"2025-07-02 17:20:00","ID_REVISOR":"5","OBSERVACIONES":"Oficio enviado a la entidad receptora","OBSERVACIONES_REVISOR":"Oficio formal y bien estructurado","VERSION":"1","ACTIVO":"1","FECHA_CREACION":"2026-03-23 19:56:13","FECHA_ACTUALIZACION":"2026-03-23 19:56:13","ID_TIPO_DOCUMENTO_PREPROFESIONAL":"2","TIPO_DOCUMENTO_CODIGO":"PPR-002","TIPO_DOCUMENTO_NOMBRE":"Oficio a Entidad Receptora","TIPO_DOCUMENTO_DESCRIPCION":"Carta formal enviada por el estudiante a la instituci\u00f3n \"Instituto Tecnol\u00f3gico Superior Ibarra\", con el prop\u00f3sito de solicitar la oportunidad de realizar sus pr\u00e1cticas de servicio comunitario.","TIPO_DOCUMENTO_ORDEN":"2","TIPO_DOCUMENTO_OBLIGATORIO":"1","ESTADO_REVISION":"Aprobado","ID_ESTUDIANTE":"2","ENTIDAD_RECEPTORA":"Banco del Pac\u00edfico","ESTUDIANTE_NOMBRE":"Mar\u00eda Elena Garc\u00eda Torres","NOMBRE_ESTUDIANTE":"Mar\u00eda Elena","APELLIDO_ESTUDIANTE":"Garc\u00eda Torres","CEDULA_ESTUDIANTE":"1002345678"},{"ID_DOCUMENTO_PREPROFESIONAL":"4","ID_PRACTICA_PREPROFESIONAL":"2","ID_TIPO_DOCUMENTO":"1","ID_ESTADO_REVISION":"3","NOMBRE_ARCHIVO":"oficio_asignacion_tutor_002_20250701.pdf","NOMBRE_ORIGINAL":"Oficio Asignaci\u00f3n Tutor - Mar\u00eda Elena.pdf","TIPO_ARCHIVO":"application\/pdf","TAMANO_ARCHIVO":"234880","RUTA_ARCHIVO":"\/uploads\/documentos-practicas\/","FECHA_SUBIDA":"2025-07-01 11:00:00","FECHA_REVISION":"2025-07-01 13:15:00","ID_REVISOR":"5","OBSERVACIONES":"Documento oficial de asignaci\u00f3n","OBSERVACIONES_REVISOR":"Asignaci\u00f3n correcta del tutor","VERSION":"1","ACTIVO":"1","FECHA_CREACION":"2026-03-23 19:56:13","FECHA_ACTUALIZACION":"2026-03-23 19:56:13","ID_TIPO_DOCUMENTO_PREPROFESIONAL":"1","TIPO_DOCUMENTO_CODIGO":"PPR-001","TIPO_DOCUMENTO_NOMBRE":"Oficio de Asignaci\u00f3n de Tutor","TIPO_DOCUMENTO_DESCRIPCION":"Documento oficial emitido por la coordinaci\u00f3n de la carrera que designa al docente responsable de la tutor\u00eda y seguimiento de las pr\u00e1cticas de servicio comunitario del estudiante.","TIPO_DOCUMENTO_ORDEN":"1","TIPO_DOCUMENTO_OBLIGATORIO":"1","ESTADO_REVISION":"Aprobado","ID_ESTUDIANTE":"2","ENTIDAD_RECEPTORA":"Banco del Pac\u00edfico","ESTUDIANTE_NOMBRE":"Mar\u00eda Elena Garc\u00eda Torres","NOMBRE_ESTUDIANTE":"Mar\u00eda Elena","APELLIDO_ESTUDIANTE":"Garc\u00eda Torres","CEDULA_ESTUDIANTE":"1002345678"},{"ID_DOCUMENTO_PREPROFESIONAL":"3","ID_PRACTICA_PREPROFESIONAL":"1","ID_TIPO_DOCUMENTO":"3","ID_ESTADO_REVISION":"3","NOMBRE_ARCHIVO":"carta_aceptacion_001_20250603.pdf","NOMBRE_ORIGINAL":"Carta Aceptaci\u00f3n - Hospital.pdf","TIPO_ARCHIVO":"application\/pdf","TAMANO_ARCHIVO":"156672","RUTA_ARCHIVO":"\/uploads\/documentos-practicas\/","FECHA_SUBIDA":"2025-06-03 09:15:00","FECHA_REVISION":"2025-06-03 11:20:00","ID_REVISOR":"4","OBSERVACIONES":"Carta de aceptaci\u00f3n de la entidad","OBSERVACIONES_REVISOR":"Carta oficial con sello institucional","VERSION":"1","ACTIVO":"1","FECHA_CREACION":"2026-03-23 19:56:13","FECHA_ACTUALIZACION":"2026-03-23 19:56:13","ID_TIPO_DOCUMENTO_PREPROFESIONAL":"3","TIPO_DOCUMENTO_CODIGO":"PPR-003","TIPO_DOCUMENTO_NOMBRE":"Carta de Aceptaci\u00f3n","TIPO_DOCUMENTO_DESCRIPCION":"Carta oficial de la entidad receptora \"Instituto Tecnol\u00f3gico Superior Ibarra\" que confirma la aceptaci\u00f3n del o los estudiantes para realizar las pr\u00e1cticas de servicio comunitario en sus instalaciones.","TIPO_DOCUMENTO_ORDEN":"3","TIPO_DOCUMENTO_OBLIGATORIO":"1","ESTADO_REVISION":"Aprobado","ID_ESTUDIANTE":"1","ENTIDAD_RECEPTORA":"Hospital San Vicente de Pa\u00fal","ESTUDIANTE_NOMBRE":"Juan Carlos P\u00e9rez L\u00f3pez","NOMBRE_ESTUDIANTE":"Juan Carlos","APELLIDO_ESTUDIANTE":"P\u00e9rez L\u00f3pez","CEDULA_ESTUDIANTE":"1001234567"},{"ID_DOCUMENTO_PREPROFESIONAL":"2","ID_PRACTICA_PREPROFESIONAL":"1","ID_TIPO_DOCUMENTO":"2","ID_ESTADO_REVISION":"3","NOMBRE_ARCHIVO":"oficio_entidad_receptora_001_20250602.pdf","NOMBRE_ORIGINAL":"Oficio Entidad Receptora - Hospital.pdf","TIPO_ARCHIVO":"application\/pdf","TAMANO_ARCHIVO":"189440","RUTA_ARCHIVO":"\/uploads\/documentos-practicas\/","FECHA_SUBIDA":"2025-06-02 14:30:00","FECHA_REVISION":"2025-06-02 16:45:00","ID_REVISOR":"4","OBSERVACIONES":"Oficio enviado a la entidad receptora","OBSERVACIONES_REVISOR":"Oficio bien redactado y formal","VERSION":"1","ACTIVO":"1","FECHA_CREACION":"2026-03-23 19:56:13","FECHA_ACTUALIZACION":"2026-03-23 19:56:13","ID_TIPO_DOCUMENTO_PREPROFESIONAL":"2","TIPO_DOCUMENTO_CODIGO":"PPR-002","TIPO_DOCUMENTO_NOMBRE":"Oficio a Entidad Receptora","TIPO_DOCUMENTO_DESCRIPCION":"Carta formal enviada por el estudiante a la instituci\u00f3n \"Instituto Tecnol\u00f3gico Superior Ibarra\", con el prop\u00f3sito de solicitar la oportunidad de realizar sus pr\u00e1cticas de servicio comunitario.","TIPO_DOCUMENTO_ORDEN":"2","TIPO_DOCUMENTO_OBLIGATORIO":"1","ESTADO_REVISION":"Aprobado","ID_ESTUDIANTE":"1","ENTIDAD_RECEPTORA":"Hospital San Vicente de Pa\u00fal","ESTUDIANTE_NOMBRE":"Juan Carlos P\u00e9rez L\u00f3pez","NOMBRE_ESTUDIANTE":"Juan Carlos","APELLIDO_ESTUDIANTE":"P\u00e9rez L\u00f3pez","CEDULA_ESTUDIANTE":"1001234567"},{"ID_DOCUMENTO_PREPROFESIONAL":"1","ID_PRACTICA_PREPROFESIONAL":"1","ID_TIPO_DOCUMENTO":"1","ID_ESTADO_REVISION":"3","NOMBRE_ARCHIVO":"oficio_asignacion_tutor_001_20250601.pdf","NOMBRE_ORIGINAL":"Oficio Asignaci\u00f3n Tutor - Juan Carlos.pdf","TIPO_ARCHIVO":"application\/pdf","TAMANO_ARCHIVO":"245760","RUTA_ARCHIVO":"\/uploads\/documentos-practicas\/","FECHA_SUBIDA":"2025-06-01 10:00:00","FECHA_REVISION":"2025-06-01 14:30:00","ID_REVISOR":"4","OBSERVACIONES":"Documento oficial de asignaci\u00f3n","OBSERVACIONES_REVISOR":"Documento aprobado correctamente","VERSION":"1","ACTIVO":"1","FECHA_CREACION":"2026-03-23 19:56:13","FECHA_ACTUALIZACION":"2026-03-23 19:56:13","ID_TIPO_DOCUMENTO_PREPROFESIONAL":"1","TIPO_DOCUMENTO_CODIGO":"PPR-001","TIPO_DOCUMENTO_NOMBRE":"Oficio de Asignaci\u00f3n de Tutor","TIPO_DOCUMENTO_DESCRIPCION":"Documento oficial emitido por la coordinaci\u00f3n de la carrera que designa al docente responsable de la tutor\u00eda y seguimiento de las pr\u00e1cticas de servicio comunitario del estudiante.","TIPO_DOCUMENTO_ORDEN":"1","TIPO_DOCUMENTO_OBLIGATORIO":"1","ESTADO_REVISION":"Aprobado","ID_ESTUDIANTE":"1","ENTIDAD_RECEPTORA":"Hospital San Vicente de Pa\u00fal","ESTUDIANTE_NOMBRE":"Juan Carlos P\u00e9rez L\u00f3pez","NOMBRE_ESTUDIANTE":"Juan Carlos","APELLIDO_ESTUDIANTE":"P\u00e9rez L\u00f3pez","CEDULA_ESTUDIANTE":"1001234567"}]
DEBUG - 2026-03-24 15:41:53 --> Session: Class initialized using 'CodeIgniter\Session\Handlers\FileHandler' driver.
DEBUG - 2026-03-24 15:42:21 --> Session: Class initialized using 'CodeIgniter\Session\Handlers\FileHandler' driver.
DEBUG - 2026-03-24 15:42:42 --> Session: Class initialized using 'CodeIgniter\Session\Handlers\FileHandler' driver.
DEBUG - 2026-03-24 15:43:06 --> Session: Class initialized using 'CodeIgniter\Session\Handlers\FileHandler' driver.
DEBUG - 2026-03-24 15:43:22 --> Session: Class initialized using 'CodeIgniter\Session\Handlers\FileHandler' driver.
DEBUG - 2026-03-24 15:43:38 --> Session: Class initialized using 'CodeIgniter\Session\Handlers\FileHandler' driver.
DEBUG - 2026-03-24 15:43:43 --> Session: Class initialized using 'CodeIgniter\Session\Handlers\FileHandler' driver.
INFO - 2026-03-24 15:43:43 --> Iniciando proceso de cierre de sesión para usuario: ycampues
INFO - 2026-03-24 15:43:43 --> Sesión cerrada exitosamente
DEBUG - 2026-03-24 15:43:43 --> Session: Class initialized using 'CodeIgniter\Session\Handlers\FileHandler' driver.
DEBUG - 2026-03-24 15:43:51 --> Session: Class initialized using 'CodeIgniter\Session\Handlers\FileHandler' driver.
INFO - 2026-03-24 15:43:51 --> Usuario autenticado: paguirre con rol: 3 - requiere cambio password: no
DEBUG - 2026-03-24 15:43:51 --> Session: Class initialized using 'CodeIgniter\Session\Handlers\FileHandler' driver.
ERROR - 2026-03-24 15:43:52 --> mysqli_sql_exception: Table 'itsi.instituciones_convenios' doesn't exist in C:\xampp\htdocs\ITSI\vendor\codeigniter4\framework\system\Database\MySQLi\Connection.php:327
Stack trace:
#0 C:\xampp\htdocs\ITSI\vendor\codeigniter4\framework\system\Database\MySQLi\Connection.php(327): mysqli->query('SELECT `pp`.*, ...', 0)
#1 C:\xampp\htdocs\ITSI\vendor\codeigniter4\framework\system\Database\BaseConnection.php(738): CodeIgniter\Database\MySQLi\Connection->execute('SELECT `pp`.*, ...')
#2 C:\xampp\htdocs\ITSI\vendor\codeigniter4\framework\system\Database\BaseConnection.php(652): CodeIgniter\Database\BaseConnection->simpleQuery('SELECT `pp`.*, ...')
#3 C:\xampp\htdocs\ITSI\vendor\codeigniter4\framework\system\Database\BaseBuilder.php(1649): CodeIgniter\Database\BaseConnection->query('SELECT `pp`.*, ...', Array, false)
#4 C:\xampp\htdocs\ITSI\app\Controllers\estudiante\DashboardEstudianteController.php(96): CodeIgniter\Database\BaseBuilder->get()
#5 C:\xampp\htdocs\ITSI\vendor\codeigniter4\framework\system\CodeIgniter.php(933): App\Controllers\estudiante\DashboardEstudianteController->index()
#6 C:\xampp\htdocs\ITSI\vendor\codeigniter4\framework\system\CodeIgniter.php(507): CodeIgniter\CodeIgniter->runController(Object(App\Controllers\estudiante\DashboardEstudianteController))
#7 C:\xampp\htdocs\ITSI\vendor\codeigniter4\framework\system\CodeIgniter.php(354): CodeIgniter\CodeIgniter->handleRequest(NULL, Object(Config\Cache), false)
#8 C:\xampp\htdocs\ITSI\vendor\codeigniter4\framework\system\Boot.php(334): CodeIgniter\CodeIgniter->run()
#9 C:\xampp\htdocs\ITSI\vendor\codeigniter4\framework\system\Boot.php(67): CodeIgniter\Boot::runCodeIgniter(Object(CodeIgniter\CodeIgniter))
#10 C:\xampp\htdocs\ITSI\public\index.php(59): CodeIgniter\Boot::bootWeb(Object(Config\Paths))
#11 {main}
ERROR - 2026-03-24 15:43:52 --> Dashboard preprofesionales: Table 'itsi.instituciones_convenios' doesn't exist
ERROR - 2026-03-24 15:43:52 --> mysqli_sql_exception: Table 'itsi.instituciones_convenios' doesn't exist in C:\xampp\htdocs\ITSI\vendor\codeigniter4\framework\system\Database\MySQLi\Connection.php:327
Stack trace:
#0 C:\xampp\htdocs\ITSI\vendor\codeigniter4\framework\system\Database\MySQLi\Connection.php(327): mysqli->query('SELECT `sc`.*, ...', 0)
#1 C:\xampp\htdocs\ITSI\vendor\codeigniter4\framework\system\Database\BaseConnection.php(738): CodeIgniter\Database\MySQLi\Connection->execute('SELECT `sc`.*, ...')
#2 C:\xampp\htdocs\ITSI\vendor\codeigniter4\framework\system\Database\BaseConnection.php(652): CodeIgniter\Database\BaseConnection->simpleQuery('SELECT `sc`.*, ...')
#3 C:\xampp\htdocs\ITSI\vendor\codeigniter4\framework\system\Database\BaseBuilder.php(1649): CodeIgniter\Database\BaseConnection->query('SELECT `sc`.*, ...', Array, false)
#4 C:\xampp\htdocs\ITSI\app\Controllers\estudiante\DashboardEstudianteController.php(123): CodeIgniter\Database\BaseBuilder->get()
#5 C:\xampp\htdocs\ITSI\vendor\codeigniter4\framework\system\CodeIgniter.php(933): App\Controllers\estudiante\DashboardEstudianteController->index()
#6 C:\xampp\htdocs\ITSI\vendor\codeigniter4\framework\system\CodeIgniter.php(507): CodeIgniter\CodeIgniter->runController(Object(App\Controllers\estudiante\DashboardEstudianteController))
#7 C:\xampp\htdocs\ITSI\vendor\codeigniter4\framework\system\CodeIgniter.php(354): CodeIgniter\CodeIgniter->handleRequest(NULL, Object(Config\Cache), false)
#8 C:\xampp\htdocs\ITSI\vendor\codeigniter4\framework\system\Boot.php(334): CodeIgniter\CodeIgniter->run()
#9 C:\xampp\htdocs\ITSI\vendor\codeigniter4\framework\system\Boot.php(67): CodeIgniter\Boot::runCodeIgniter(Object(CodeIgniter\CodeIgniter))
#10 C:\xampp\htdocs\ITSI\public\index.php(59): CodeIgniter\Boot::bootWeb(Object(Config\Paths))
#11 {main}
ERROR - 2026-03-24 15:43:52 --> Dashboard servicio comunitario: Table 'itsi.instituciones_convenios' doesn't exist
DEBUG - 2026-03-24 15:43:53 --> Session: Class initialized using 'CodeIgniter\Session\Handlers\FileHandler' driver.
DEBUG - 2026-03-24 15:44:21 --> Session: Class initialized using 'CodeIgniter\Session\Handlers\FileHandler' driver.
DEBUG - 2026-03-24 15:44:34 --> Session: Class initialized using 'CodeIgniter\Session\Handlers\FileHandler' driver.
INFO - 2026-03-24 15:44:34 --> Iniciando proceso de cierre de sesión para usuario: paguirre
INFO - 2026-03-24 15:44:34 --> Sesión cerrada exitosamente
DEBUG - 2026-03-24 15:44:34 --> Session: Class initialized using 'CodeIgniter\Session\Handlers\FileHandler' driver.
DEBUG - 2026-03-24 15:44:40 --> Session: Class initialized using 'CodeIgniter\Session\Handlers\FileHandler' driver.
INFO - 2026-03-24 15:44:40 --> Usuario autenticado: 1004191845 con rol: 1 - requiere cambio password: no
DEBUG - 2026-03-24 15:44:41 --> Session: Class initialized using 'CodeIgniter\Session\Handlers\FileHandler' driver.
DEBUG - 2026-03-24 15:44:41 --> Estadísticas mensuales prácticas: [{"mes":"Abr 2025","preprofesionales":0,"servicioComunitario":0},{"mes":"May 2025","preprofesionales":0,"servicioComunitario":0},{"mes":"Jun 2025","preprofesionales":1,"servicioComunitario":0},{"mes":"Jul 2025","preprofesionales":1,"servicioComunitario":0},{"mes":"Ago 2025","preprofesionales":0,"servicioComunitario":1},{"mes":"Sep 2025","preprofesionales":1,"servicioComunitario":0},{"mes":"Oct 2025","preprofesionales":1,"servicioComunitario":0},{"mes":"Nov 2025","preprofesionales":0,"servicioComunitario":1},{"mes":"Dic 2025","preprofesionales":1,"servicioComunitario":0},{"mes":"Ene 2026","preprofesionales":0,"servicioComunitario":1},{"mes":"Feb 2026","preprofesionales":0,"servicioComunitario":1},{"mes":"Mar 2026","preprofesionales":0,"servicioComunitario":1}]
DEBUG - 2026-03-24 15:45:03 --> Session: Class initialized using 'CodeIgniter\Session\Handlers\FileHandler' driver.
DEBUG - 2026-03-24 15:45:03 --> Consulta SQL: SELECT *
FROM `TAB_DOCUMENTOS_PRACTICAS_PREPROFESIONALES` `dp`
DEBUG - 2026-03-24 15:45:03 --> Resultados obtenidos: 9
DEBUG - 2026-03-24 15:45:03 --> Tipos de documentos en index: [{"ID_TIPO_DOCUMENTO_PREPROFESIONAL":"1","CODIGO":"PPR-001","NOMBRE":"Oficio de Asignaci\u00f3n de Tutor","DESCRIPCION":"Documento oficial emitido por la coordinaci\u00f3n de la carrera que designa al docente responsable de la tutor\u00eda y seguimiento de las pr\u00e1cticas de servicio comunitario del estudiante.","ORDEN":"1","OBLIGATORIO":"1","ACTIVO":"1","FECHA_CREACION":"2026-03-23 19:56:13","FECHA_ACTUALIZACION":"2026-03-23 19:56:13","REQUERIDO":"1"},{"ID_TIPO_DOCUMENTO_PREPROFESIONAL":"2","CODIGO":"PPR-002","NOMBRE":"Oficio a Entidad Receptora","DESCRIPCION":"Carta formal enviada por el estudiante a la instituci\u00f3n \"Instituto Tecnol\u00f3gico Superior Ibarra\", con el prop\u00f3sito de solicitar la oportunidad de realizar sus pr\u00e1cticas de servicio comunitario.","ORDEN":"2","OBLIGATORIO":"1","ACTIVO":"1","FECHA_CREACION":"2026-03-23 19:56:13","FECHA_ACTUALIZACION":"2026-03-23 20:03:37","REQUERIDO":"1"},{"ID_TIPO_DOCUMENTO_PREPROFESIONAL":"3","CODIGO":"PPR-003","NOMBRE":"Carta de Aceptaci\u00f3n","DESCRIPCION":"Carta oficial de la entidad receptora \"Instituto Tecnol\u00f3gico Superior Ibarra\" que confirma la aceptaci\u00f3n del o los estudiantes para realizar las pr\u00e1cticas de servicio comunitario en sus instalaciones.","ORDEN":"3","OBLIGATORIO":"1","ACTIVO":"1","FECHA_CREACION":"2026-03-23 19:56:13","FECHA_ACTUALIZACION":"2026-03-23 19:56:13","REQUERIDO":"1"},{"ID_TIPO_DOCUMENTO_PREPROFESIONAL":"4","CODIGO":"PPR-004","NOMBRE":"Solicitud Institucional Valorada","DESCRIPCION":"Documento de solicitud formal dirigido al Sr. Rector, Dr. Mario Montenegro, pidiendo la aprobaci\u00f3n institucional para la realizaci\u00f3n de las pr\u00e1cticas de servicio comunitario.","ORDEN":"4","OBLIGATORIO":"1","ACTIVO":"1","FECHA_CREACION":"2026-03-23 19:56:13","FECHA_ACTUALIZACION":"2026-03-23 19:56:13","REQUERIDO":"1"},{"ID_TIPO_DOCUMENTO_PREPROFESIONAL":"5","CODIGO":"PPR-005","NOMBRE":"Certificado de Culminaci\u00f3n de Horas","DESCRIPCION":"Certificado emitido por la entidad receptora \"Instituto Tecnol\u00f3gico Superior Ibarra\" que acredita que el estudiante ha completado las 60 horas requeridas de pr\u00e1cticas de servicio comunitario.","ORDEN":"5","OBLIGATORIO":"1","ACTIVO":"1","FECHA_CREACION":"2026-03-23 19:56:13","FECHA_ACTUALIZACION":"2026-03-23 19:56:13","REQUERIDO":"1"},{"ID_TIPO_DOCUMENTO_PREPROFESIONAL":"6","CODIGO":"PPR-006","NOMBRE":"Hojas de Asistencia","DESCRIPCION":"Registro f\u00edsico de la asistencia del estudiante en la entidad receptora. Incluye las firmas y sellos para validar las horas de trabajo.","ORDEN":"6","OBLIGATORIO":"1","ACTIVO":"1","FECHA_CREACION":"2026-03-23 19:56:13","FECHA_ACTUALIZACION":"2026-03-23 19:56:13","REQUERIDO":"1"},{"ID_TIPO_DOCUMENTO_PREPROFESIONAL":"7","CODIGO":"PPR-007","NOMBRE":"Ficha de Registro de Actividades","DESCRIPCION":"Documento detallado en el que el estudiante registra las actividades espec\u00edficas realizadas durante sus pr\u00e1cticas, incluyendo fechas y descripciones.","ORDEN":"7","OBLIGATORIO":"1","ACTIVO":"1","FECHA_CREACION":"2026-03-23 19:56:13","FECHA_ACTUALIZACION":"2026-03-23 19:56:13","REQUERIDO":"1"},{"ID_TIPO_DOCUMENTO_PREPROFESIONAL":"8","CODIGO":"PPR-008","NOMBRE":"R\u00fabrica de Evaluaci\u00f3n de Entidad","DESCRIPCION":"Formulario de evaluaci\u00f3n del desempe\u00f1o del estudiante, llenado y sellado por la entidad receptora. Valora aspectos como la responsabilidad, la proactividad y la calidad del trabajo.","ORDEN":"8","OBLIGATORIO":"1","ACTIVO":"1","FECHA_CREACION":"2026-03-23 19:56:13","FECHA_ACTUALIZACION":"2026-03-23 19:56:13","REQUERIDO":"1"},{"ID_TIPO_DOCUMENTO_PREPROFESIONAL":"9","CODIGO":"PPR-009","NOMBRE":"Ficha de Control y Seguimiento Docente","DESCRIPCION":"Documento utilizado por el tutor docente para registrar el seguimiento acad\u00e9mico del estudiante durante las pr\u00e1cticas. Incluye visitas o revisiones peri\u00f3dicas.","ORDEN":"9","OBLIGATORIO":"1","ACTIVO":"1","FECHA_CREACION":"2026-03-23 19:56:13","FECHA_ACTUALIZACION":"2026-03-23 19:56:13","REQUERIDO":"1"},{"ID_TIPO_DOCUMENTO_PREPROFESIONAL":"10","CODIGO":"PPR-010","NOMBRE":"R\u00fabrica de Evaluaci\u00f3n Docente","DESCRIPCION":"R\u00fabrica de evaluaci\u00f3n llenada y firmada por el tutor docente. Califica el desempe\u00f1o del estudiante en base a los criterios acad\u00e9micos del programa.","ORDEN":"10","OBLIGATORIO":"1","ACTIVO":"1","FECHA_CREACION":"2026-03-23 19:56:13","FECHA_ACTUALIZACION":"2026-03-23 19:56:13","REQUERIDO":"1"},{"ID_TIPO_DOCUMENTO_PREPROFESIONAL":"11","CODIGO":"PPR-011","NOMBRE":"R\u00fabrica de Evaluaci\u00f3n de Resultados","DESCRIPCION":"Evaluaci\u00f3n final realizada por el Departamento de Vinculaci\u00f3n con la Sociedad, que valora los resultados y el impacto del proyecto de servicio comunitario en su conjunto.","ORDEN":"11","OBLIGATORIO":"1","ACTIVO":"1","FECHA_CREACION":"2026-03-23 19:56:13","FECHA_ACTUALIZACION":"2026-03-23 19:56:13","REQUERIDO":"1"},{"ID_TIPO_DOCUMENTO_PREPROFESIONAL":"12","CODIGO":"PPR-012","NOMBRE":"Evidencia Fotogr\u00e1fica y Digital","DESCRIPCION":"Material de apoyo visual y digital, como fotos, capturas, videos o impresiones, que documenta y comprueba la realizaci\u00f3n de las actividades y trabajos del proyecto.","ORDEN":"12","OBLIGATORIO":"1","ACTIVO":"1","FECHA_CREACION":"2026-03-23 19:56:13","FECHA_ACTUALIZACION":"2026-03-23 19:56:13","REQUERIDO":"1"}]
DEBUG - 2026-03-24 15:45:03 --> Session: Class initialized using 'CodeIgniter\Session\Handlers\FileHandler' driver.
DEBUG - 2026-03-24 15:45:03 --> Consulta SQL: SELECT *
FROM `TAB_DOCUMENTOS_PRACTICAS_PREPROFESIONALES` `dp`
DEBUG - 2026-03-24 15:45:03 --> Resultados obtenidos: 9
DEBUG - 2026-03-24 15:45:03 --> Documentos obtenidos: [{"ID_DOCUMENTO_PREPROFESIONAL":"17","ID_PRACTICA_PREPROFESIONAL":"2","ID_TIPO_DOCUMENTO":"9","ID_ESTADO_REVISION":"4","NOMBRE_ARCHIVO":"ficha_control_seguimiento_002_20250920.pdf","NOMBRE_ORIGINAL":"Ficha Control Seguimiento - Mar\u00eda.pdf","TIPO_ARCHIVO":"application\/pdf","TAMANO_ARCHIVO":"112233","RUTA_ARCHIVO":"\/uploads\/documentos-practicas\/","FECHA_SUBIDA":"2025-09-20 10:15:00","FECHA_REVISION":"2025-09-20 12:45:00","ID_REVISOR":"5","OBSERVACIONES":"Ficha de control y seguimiento docente","OBSERVACIONES_REVISOR":"Faltan las firmas del tutor docente, documento inv\u00e1lido","VERSION":"1","ACTIVO":"1","FECHA_CREACION":"2026-03-23 19:56:13","FECHA_ACTUALIZACION":"2026-03-23 19:56:13","ID_TIPO_DOCUMENTO_PREPROFESIONAL":"9","TIPO_DOCUMENTO_CODIGO":"PPR-009","TIPO_DOCUMENTO_NOMBRE":"Ficha de Control y Seguimiento Docente","TIPO_DOCUMENTO_DESCRIPCION":"Documento utilizado por el tutor docente para registrar el seguimiento acad\u00e9mico del estudiante durante las pr\u00e1cticas. Incluye visitas o revisiones peri\u00f3dicas.","TIPO_DOCUMENTO_ORDEN":"9","TIPO_DOCUMENTO_OBLIGATORIO":"1","ESTADO_REVISION":"Rechazado","ID_ESTUDIANTE":"2","ENTIDAD_RECEPTORA":"Banco del Pac\u00edfico","ESTUDIANTE_NOMBRE":"Mar\u00eda Elena Garc\u00eda Torres","NOMBRE_ESTUDIANTE":"Mar\u00eda Elena","APELLIDO_ESTUDIANTE":"Garc\u00eda Torres","CEDULA_ESTUDIANTE":"1002345678"},{"ID_DOCUMENTO_PREPROFESIONAL":"15","ID_PRACTICA_PREPROFESIONAL":"2","ID_TIPO_DOCUMENTO":"7","ID_ESTADO_REVISION":"5","NOMBRE_ARCHIVO":"ficha_registro_actividades_002_20250915.pdf","NOMBRE_ORIGINAL":"Ficha Registro Actividades - Mar\u00eda.pdf","TIPO_ARCHIVO":"application\/pdf","TAMANO_ARCHIVO":"98765","RUTA_ARCHIVO":"\/uploads\/documentos-practicas\/","FECHA_SUBIDA":"2025-09-15 11:30:00","FECHA_REVISION":"2025-09-15 14:20:00","ID_REVISOR":"5","OBSERVACIONES":"Ficha de registro de actividades","OBSERVACIONES_REVISOR":"Descripci\u00f3n de actividades muy general, especificar m\u00e1s detalles","VERSION":"1","ACTIVO":"1","FECHA_CREACION":"2026-03-23 19:56:13","FECHA_ACTUALIZACION":"2026-03-23 19:56:13","ID_TIPO_DOCUMENTO_PREPROFESIONAL":"7","TIPO_DOCUMENTO_CODIGO":"PPR-007","TIPO_DOCUMENTO_NOMBRE":"Ficha de Registro de Actividades","TIPO_DOCUMENTO_DESCRIPCION":"Documento detallado en el que el estudiante registra las actividades espec\u00edficas realizadas durante sus pr\u00e1cticas, incluyendo fechas y descripciones.","TIPO_DOCUMENTO_ORDEN":"7","TIPO_DOCUMENTO_OBLIGATORIO":"1","ESTADO_REVISION":"Requiere Correcci\u00f3n","ID_ESTUDIANTE":"2","ENTIDAD_RECEPTORA":"Banco del Pac\u00edfico","ESTUDIANTE_NOMBRE":"Mar\u00eda Elena Garc\u00eda Torres","NOMBRE_ESTUDIANTE":"Mar\u00eda Elena","APELLIDO_ESTUDIANTE":"Garc\u00eda Torres","CEDULA_ESTUDIANTE":"1002345678"},{"ID_DOCUMENTO_PREPROFESIONAL":"14","ID_PRACTICA_PREPROFESIONAL":"1","ID_TIPO_DOCUMENTO":"6","ID_ESTADO_REVISION":"5","NOMBRE_ARCHIVO":"hojas_asistencia_001_20250830.pdf","NOMBRE_ORIGINAL":"Hojas de Asistencia - Juan Carlos.pdf","TIPO_ARCHIVO":"application\/pdf","TAMANO_ARCHIVO":"123456","RUTA_ARCHIVO":"\/uploads\/documentos-practicas\/","FECHA_SUBIDA":"2025-08-30 16:15:00","FECHA_REVISION":"2025-08-30 17:45:00","ID_REVISOR":"4","OBSERVACIONES":"Hojas de asistencia completas","OBSERVACIONES_REVISOR":"Faltan firmas en algunas fechas, corregir y volver a subir","VERSION":"1","ACTIVO":"1","FECHA_CREACION":"2026-03-23 19:56:13","FECHA_ACTUALIZACION":"2026-03-23 19:56:13","ID_TIPO_DOCUMENTO_PREPROFESIONAL":"6","TIPO_DOCUMENTO_CODIGO":"PPR-006","TIPO_DOCUMENTO_NOMBRE":"Hojas de Asistencia","TIPO_DOCUMENTO_DESCRIPCION":"Registro f\u00edsico de la asistencia del estudiante en la entidad receptora. Incluye las firmas y sellos para validar las horas de trabajo.","TIPO_DOCUMENTO_ORDEN":"6","TIPO_DOCUMENTO_OBLIGATORIO":"1","ESTADO_REVISION":"Requiere Correcci\u00f3n","ID_ESTUDIANTE":"1","ENTIDAD_RECEPTORA":"Hospital San Vicente de Pa\u00fal","ESTUDIANTE_NOMBRE":"Juan Carlos P\u00e9rez L\u00f3pez","NOMBRE_ESTUDIANTE":"Juan Carlos","APELLIDO_ESTUDIANTE":"P\u00e9rez L\u00f3pez","CEDULA_ESTUDIANTE":"1001234567"},{"ID_DOCUMENTO_PREPROFESIONAL":"16","ID_PRACTICA_PREPROFESIONAL":"1","ID_TIPO_DOCUMENTO":"8","ID_ESTADO_REVISION":"4","NOMBRE_ARCHIVO":"rubrica_evaluacion_entidad_001_20250825.pdf","NOMBRE_ORIGINAL":"R\u00fabrica Evaluaci\u00f3n Entidad - Juan.pdf","TIPO_ARCHIVO":"application\/pdf","TAMANO_ARCHIVO":"87654","RUTA_ARCHIVO":"\/uploads\/documentos-practicas\/","FECHA_SUBIDA":"2025-08-25 15:00:00","FECHA_REVISION":"2025-08-25 16:30:00","ID_REVISOR":"4","OBSERVACIONES":"R\u00fabrica de evaluaci\u00f3n de entidad","OBSERVACIONES_REVISOR":"Documento no tiene sello oficial de la entidad, rechazado","VERSION":"1","ACTIVO":"1","FECHA_CREACION":"2026-03-23 19:56:13","FECHA_ACTUALIZACION":"2026-03-23 19:56:13","ID_TIPO_DOCUMENTO_PREPROFESIONAL":"8","TIPO_DOCUMENTO_CODIGO":"PPR-008","TIPO_DOCUMENTO_NOMBRE":"R\u00fabrica de Evaluaci\u00f3n de Entidad","TIPO_DOCUMENTO_DESCRIPCION":"Formulario de evaluaci\u00f3n del desempe\u00f1o del estudiante, llenado y sellado por la entidad receptora. Valora aspectos como la responsabilidad, la proactividad y la calidad del trabajo.","TIPO_DOCUMENTO_ORDEN":"8","TIPO_DOCUMENTO_OBLIGATORIO":"1","ESTADO_REVISION":"Rechazado","ID_ESTUDIANTE":"1","ENTIDAD_RECEPTORA":"Hospital San Vicente de Pa\u00fal","ESTUDIANTE_NOMBRE":"Juan Carlos P\u00e9rez L\u00f3pez","NOMBRE_ESTUDIANTE":"Juan Carlos","APELLIDO_ESTUDIANTE":"P\u00e9rez L\u00f3pez","CEDULA_ESTUDIANTE":"1001234567"},{"ID_DOCUMENTO_PREPROFESIONAL":"5","ID_PRACTICA_PREPROFESIONAL":"2","ID_TIPO_DOCUMENTO":"2","ID_ESTADO_REVISION":"3","NOMBRE_ARCHIVO":"oficio_entidad_receptora_002_20250702.pdf","NOMBRE_ORIGINAL":"Oficio Entidad Receptora - Banco.pdf","TIPO_ARCHIVO":"application\/pdf","TAMANO_ARCHIVO":"178944","RUTA_ARCHIVO":"\/uploads\/documentos-practicas\/","FECHA_SUBIDA":"2025-07-02 15:45:00","FECHA_REVISION":"2025-07-02 17:20:00","ID_REVISOR":"5","OBSERVACIONES":"Oficio enviado a la entidad receptora","OBSERVACIONES_REVISOR":"Oficio formal y bien estructurado","VERSION":"1","ACTIVO":"1","FECHA_CREACION":"2026-03-23 19:56:13","FECHA_ACTUALIZACION":"2026-03-23 19:56:13","ID_TIPO_DOCUMENTO_PREPROFESIONAL":"2","TIPO_DOCUMENTO_CODIGO":"PPR-002","TIPO_DOCUMENTO_NOMBRE":"Oficio a Entidad Receptora","TIPO_DOCUMENTO_DESCRIPCION":"Carta formal enviada por el estudiante a la instituci\u00f3n \"Instituto Tecnol\u00f3gico Superior Ibarra\", con el prop\u00f3sito de solicitar la oportunidad de realizar sus pr\u00e1cticas de servicio comunitario.","TIPO_DOCUMENTO_ORDEN":"2","TIPO_DOCUMENTO_OBLIGATORIO":"1","ESTADO_REVISION":"Aprobado","ID_ESTUDIANTE":"2","ENTIDAD_RECEPTORA":"Banco del Pac\u00edfico","ESTUDIANTE_NOMBRE":"Mar\u00eda Elena Garc\u00eda Torres","NOMBRE_ESTUDIANTE":"Mar\u00eda Elena","APELLIDO_ESTUDIANTE":"Garc\u00eda Torres","CEDULA_ESTUDIANTE":"1002345678"},{"ID_DOCUMENTO_PREPROFESIONAL":"4","ID_PRACTICA_PREPROFESIONAL":"2","ID_TIPO_DOCUMENTO":"1","ID_ESTADO_REVISION":"3","NOMBRE_ARCHIVO":"oficio_asignacion_tutor_002_20250701.pdf","NOMBRE_ORIGINAL":"Oficio Asignaci\u00f3n Tutor - Mar\u00eda Elena.pdf","TIPO_ARCHIVO":"application\/pdf","TAMANO_ARCHIVO":"234880","RUTA_ARCHIVO":"\/uploads\/documentos-practicas\/","FECHA_SUBIDA":"2025-07-01 11:00:00","FECHA_REVISION":"2025-07-01 13:15:00","ID_REVISOR":"5","OBSERVACIONES":"Documento oficial de asignaci\u00f3n","OBSERVACIONES_REVISOR":"Asignaci\u00f3n correcta del tutor","VERSION":"1","ACTIVO":"1","FECHA_CREACION":"2026-03-23 19:56:13","FECHA_ACTUALIZACION":"2026-03-23 19:56:13","ID_TIPO_DOCUMENTO_PREPROFESIONAL":"1","TIPO_DOCUMENTO_CODIGO":"PPR-001","TIPO_DOCUMENTO_NOMBRE":"Oficio de Asignaci\u00f3n de Tutor","TIPO_DOCUMENTO_DESCRIPCION":"Documento oficial emitido por la coordinaci\u00f3n de la carrera que designa al docente responsable de la tutor\u00eda y seguimiento de las pr\u00e1cticas de servicio comunitario del estudiante.","TIPO_DOCUMENTO_ORDEN":"1","TIPO_DOCUMENTO_OBLIGATORIO":"1","ESTADO_REVISION":"Aprobado","ID_ESTUDIANTE":"2","ENTIDAD_RECEPTORA":"Banco del Pac\u00edfico","ESTUDIANTE_NOMBRE":"Mar\u00eda Elena Garc\u00eda Torres","NOMBRE_ESTUDIANTE":"Mar\u00eda Elena","APELLIDO_ESTUDIANTE":"Garc\u00eda Torres","CEDULA_ESTUDIANTE":"1002345678"},{"ID_DOCUMENTO_PREPROFESIONAL":"3","ID_PRACTICA_PREPROFESIONAL":"1","ID_TIPO_DOCUMENTO":"3","ID_ESTADO_REVISION":"3","NOMBRE_ARCHIVO":"carta_aceptacion_001_20250603.pdf","NOMBRE_ORIGINAL":"Carta Aceptaci\u00f3n - Hospital.pdf","TIPO_ARCHIVO":"application\/pdf","TAMANO_ARCHIVO":"156672","RUTA_ARCHIVO":"\/uploads\/documentos-practicas\/","FECHA_SUBIDA":"2025-06-03 09:15:00","FECHA_REVISION":"2025-06-03 11:20:00","ID_REVISOR":"4","OBSERVACIONES":"Carta de aceptaci\u00f3n de la entidad","OBSERVACIONES_REVISOR":"Carta oficial con sello institucional","VERSION":"1","ACTIVO":"1","FECHA_CREACION":"2026-03-23 19:56:13","FECHA_ACTUALIZACION":"2026-03-23 19:56:13","ID_TIPO_DOCUMENTO_PREPROFESIONAL":"3","TIPO_DOCUMENTO_CODIGO":"PPR-003","TIPO_DOCUMENTO_NOMBRE":"Carta de Aceptaci\u00f3n","TIPO_DOCUMENTO_DESCRIPCION":"Carta oficial de la entidad receptora \"Instituto Tecnol\u00f3gico Superior Ibarra\" que confirma la aceptaci\u00f3n del o los estudiantes para realizar las pr\u00e1cticas de servicio comunitario en sus instalaciones.","TIPO_DOCUMENTO_ORDEN":"3","TIPO_DOCUMENTO_OBLIGATORIO":"1","ESTADO_REVISION":"Aprobado","ID_ESTUDIANTE":"1","ENTIDAD_RECEPTORA":"Hospital San Vicente de Pa\u00fal","ESTUDIANTE_NOMBRE":"Juan Carlos P\u00e9rez L\u00f3pez","NOMBRE_ESTUDIANTE":"Juan Carlos","APELLIDO_ESTUDIANTE":"P\u00e9rez L\u00f3pez","CEDULA_ESTUDIANTE":"1001234567"},{"ID_DOCUMENTO_PREPROFESIONAL":"2","ID_PRACTICA_PREPROFESIONAL":"1","ID_TIPO_DOCUMENTO":"2","ID_ESTADO_REVISION":"3","NOMBRE_ARCHIVO":"oficio_entidad_receptora_001_20250602.pdf","NOMBRE_ORIGINAL":"Oficio Entidad Receptora - Hospital.pdf","TIPO_ARCHIVO":"application\/pdf","TAMANO_ARCHIVO":"189440","RUTA_ARCHIVO":"\/uploads\/documentos-practicas\/","FECHA_SUBIDA":"2025-06-02 14:30:00","FECHA_REVISION":"2025-06-02 16:45:00","ID_REVISOR":"4","OBSERVACIONES":"Oficio enviado a la entidad receptora","OBSERVACIONES_REVISOR":"Oficio bien redactado y formal","VERSION":"1","ACTIVO":"1","FECHA_CREACION":"2026-03-23 19:56:13","FECHA_ACTUALIZACION":"2026-03-23 19:56:13","ID_TIPO_DOCUMENTO_PREPROFESIONAL":"2","TIPO_DOCUMENTO_CODIGO":"PPR-002","TIPO_DOCUMENTO_NOMBRE":"Oficio a Entidad Receptora","TIPO_DOCUMENTO_DESCRIPCION":"Carta formal enviada por el estudiante a la instituci\u00f3n \"Instituto Tecnol\u00f3gico Superior Ibarra\", con el prop\u00f3sito de solicitar la oportunidad de realizar sus pr\u00e1cticas de servicio comunitario.","TIPO_DOCUMENTO_ORDEN":"2","TIPO_DOCUMENTO_OBLIGATORIO":"1","ESTADO_REVISION":"Aprobado","ID_ESTUDIANTE":"1","ENTIDAD_RECEPTORA":"Hospital San Vicente de Pa\u00fal","ESTUDIANTE_NOMBRE":"Juan Carlos P\u00e9rez L\u00f3pez","NOMBRE_ESTUDIANTE":"Juan Carlos","APELLIDO_ESTUDIANTE":"P\u00e9rez L\u00f3pez","CEDULA_ESTUDIANTE":"1001234567"},{"ID_DOCUMENTO_PREPROFESIONAL":"1","ID_PRACTICA_PREPROFESIONAL":"1","ID_TIPO_DOCUMENTO":"1","ID_ESTADO_REVISION":"3","NOMBRE_ARCHIVO":"oficio_asignacion_tutor_001_20250601.pdf","NOMBRE_ORIGINAL":"Oficio Asignaci\u00f3n Tutor - Juan Carlos.pdf","TIPO_ARCHIVO":"application\/pdf","TAMANO_ARCHIVO":"245760","RUTA_ARCHIVO":"\/uploads\/documentos-practicas\/","FECHA_SUBIDA":"2025-06-01 10:00:00","FECHA_REVISION":"2025-06-01 14:30:00","ID_REVISOR":"4","OBSERVACIONES":"Documento oficial de asignaci\u00f3n","OBSERVACIONES_REVISOR":"Documento aprobado correctamente","VERSION":"1","ACTIVO":"1","FECHA_CREACION":"2026-03-23 19:56:13","FECHA_ACTUALIZACION":"2026-03-23 19:56:13","ID_TIPO_DOCUMENTO_PREPROFESIONAL":"1","TIPO_DOCUMENTO_CODIGO":"PPR-001","TIPO_DOCUMENTO_NOMBRE":"Oficio de Asignaci\u00f3n de Tutor","TIPO_DOCUMENTO_DESCRIPCION":"Documento oficial emitido por la coordinaci\u00f3n de la carrera que designa al docente responsable de la tutor\u00eda y seguimiento de las pr\u00e1cticas de servicio comunitario del estudiante.","TIPO_DOCUMENTO_ORDEN":"1","TIPO_DOCUMENTO_OBLIGATORIO":"1","ESTADO_REVISION":"Aprobado","ID_ESTUDIANTE":"1","ENTIDAD_RECEPTORA":"Hospital San Vicente de Pa\u00fal","ESTUDIANTE_NOMBRE":"Juan Carlos P\u00e9rez L\u00f3pez","NOMBRE_ESTUDIANTE":"Juan Carlos","APELLIDO_ESTUDIANTE":"P\u00e9rez L\u00f3pez","CEDULA_ESTUDIANTE":"1001234567"}]
DEBUG - 2026-03-24 15:50:58 --> Session: Class initialized using 'CodeIgniter\Session\Handlers\FileHandler' driver.
DEBUG - 2026-03-24 15:50:58 --> Consulta SQL: SELECT *
FROM `TAB_DOCUMENTOS_PRACTICAS_PREPROFESIONALES` `dp`
DEBUG - 2026-03-24 15:50:58 --> Resultados obtenidos: 9
DEBUG - 2026-03-24 15:50:58 --> Tipos de documentos en index: [{"ID_TIPO_DOCUMENTO_PREPROFESIONAL":"1","CODIGO":"PPR-001","NOMBRE":"Oficio de Asignaci\u00f3n de Tutor","DESCRIPCION":"Documento oficial emitido por la coordinaci\u00f3n de la carrera que designa al docente responsable de la tutor\u00eda y seguimiento de las pr\u00e1cticas de servicio comunitario del estudiante.","ORDEN":"1","OBLIGATORIO":"1","ACTIVO":"1","FECHA_CREACION":"2026-03-23 19:56:13","FECHA_ACTUALIZACION":"2026-03-23 19:56:13","REQUERIDO":"1"},{"ID_TIPO_DOCUMENTO_PREPROFESIONAL":"2","CODIGO":"PPR-002","NOMBRE":"Oficio a Entidad Receptora","DESCRIPCION":"Carta formal enviada por el estudiante a la instituci\u00f3n \"Instituto Tecnol\u00f3gico Superior Ibarra\", con el prop\u00f3sito de solicitar la oportunidad de realizar sus pr\u00e1cticas de servicio comunitario.","ORDEN":"2","OBLIGATORIO":"1","ACTIVO":"1","FECHA_CREACION":"2026-03-23 19:56:13","FECHA_ACTUALIZACION":"2026-03-23 20:03:37","REQUERIDO":"1"},{"ID_TIPO_DOCUMENTO_PREPROFESIONAL":"3","CODIGO":"PPR-003","NOMBRE":"Carta de Aceptaci\u00f3n","DESCRIPCION":"Carta oficial de la entidad receptora \"Instituto Tecnol\u00f3gico Superior Ibarra\" que confirma la aceptaci\u00f3n del o los estudiantes para realizar las pr\u00e1cticas de servicio comunitario en sus instalaciones.","ORDEN":"3","OBLIGATORIO":"1","ACTIVO":"1","FECHA_CREACION":"2026-03-23 19:56:13","FECHA_ACTUALIZACION":"2026-03-23 19:56:13","REQUERIDO":"1"},{"ID_TIPO_DOCUMENTO_PREPROFESIONAL":"4","CODIGO":"PPR-004","NOMBRE":"Solicitud Institucional Valorada","DESCRIPCION":"Documento de solicitud formal dirigido al Sr. Rector, Dr. Mario Montenegro, pidiendo la aprobaci\u00f3n institucional para la realizaci\u00f3n de las pr\u00e1cticas de servicio comunitario.","ORDEN":"4","OBLIGATORIO":"1","ACTIVO":"1","FECHA_CREACION":"2026-03-23 19:56:13","FECHA_ACTUALIZACION":"2026-03-23 19:56:13","REQUERIDO":"1"},{"ID_TIPO_DOCUMENTO_PREPROFESIONAL":"5","CODIGO":"PPR-005","NOMBRE":"Certificado de Culminaci\u00f3n de Horas","DESCRIPCION":"Certificado emitido por la entidad receptora \"Instituto Tecnol\u00f3gico Superior Ibarra\" que acredita que el estudiante ha completado las 60 horas requeridas de pr\u00e1cticas de servicio comunitario.","ORDEN":"5","OBLIGATORIO":"1","ACTIVO":"1","FECHA_CREACION":"2026-03-23 19:56:13","FECHA_ACTUALIZACION":"2026-03-23 19:56:13","REQUERIDO":"1"},{"ID_TIPO_DOCUMENTO_PREPROFESIONAL":"6","CODIGO":"PPR-006","NOMBRE":"Hojas de Asistencia","DESCRIPCION":"Registro f\u00edsico de la asistencia del estudiante en la entidad receptora. Incluye las firmas y sellos para validar las horas de trabajo.","ORDEN":"6","OBLIGATORIO":"1","ACTIVO":"1","FECHA_CREACION":"2026-03-23 19:56:13","FECHA_ACTUALIZACION":"2026-03-23 19:56:13","REQUERIDO":"1"},{"ID_TIPO_DOCUMENTO_PREPROFESIONAL":"7","CODIGO":"PPR-007","NOMBRE":"Ficha de Registro de Actividades","DESCRIPCION":"Documento detallado en el que el estudiante registra las actividades espec\u00edficas realizadas durante sus pr\u00e1cticas, incluyendo fechas y descripciones.","ORDEN":"7","OBLIGATORIO":"1","ACTIVO":"1","FECHA_CREACION":"2026-03-23 19:56:13","FECHA_ACTUALIZACION":"2026-03-23 19:56:13","REQUERIDO":"1"},{"ID_TIPO_DOCUMENTO_PREPROFESIONAL":"8","CODIGO":"PPR-008","NOMBRE":"R\u00fabrica de Evaluaci\u00f3n de Entidad","DESCRIPCION":"Formulario de evaluaci\u00f3n del desempe\u00f1o del estudiante, llenado y sellado por la entidad receptora. Valora aspectos como la responsabilidad, la proactividad y la calidad del trabajo.","ORDEN":"8","OBLIGATORIO":"1","ACTIVO":"1","FECHA_CREACION":"2026-03-23 19:56:13","FECHA_ACTUALIZACION":"2026-03-23 19:56:13","REQUERIDO":"1"},{"ID_TIPO_DOCUMENTO_PREPROFESIONAL":"9","CODIGO":"PPR-009","NOMBRE":"Ficha de Control y Seguimiento Docente","DESCRIPCION":"Documento utilizado por el tutor docente para registrar el seguimiento acad\u00e9mico del estudiante durante las pr\u00e1cticas. Incluye visitas o revisiones peri\u00f3dicas.","ORDEN":"9","OBLIGATORIO":"1","ACTIVO":"1","FECHA_CREACION":"2026-03-23 19:56:13","FECHA_ACTUALIZACION":"2026-03-23 19:56:13","REQUERIDO":"1"},{"ID_TIPO_DOCUMENTO_PREPROFESIONAL":"10","CODIGO":"PPR-010","NOMBRE":"R\u00fabrica de Evaluaci\u00f3n Docente","DESCRIPCION":"R\u00fabrica de evaluaci\u00f3n llenada y firmada por el tutor docente. Califica el desempe\u00f1o del estudiante en base a los criterios acad\u00e9micos del programa.","ORDEN":"10","OBLIGATORIO":"1","ACTIVO":"1","FECHA_CREACION":"2026-03-23 19:56:13","FECHA_ACTUALIZACION":"2026-03-23 19:56:13","REQUERIDO":"1"},{"ID_TIPO_DOCUMENTO_PREPROFESIONAL":"11","CODIGO":"PPR-011","NOMBRE":"R\u00fabrica de Evaluaci\u00f3n de Resultados","DESCRIPCION":"Evaluaci\u00f3n final realizada por el Departamento de Vinculaci\u00f3n con la Sociedad, que valora los resultados y el impacto del proyecto de servicio comunitario en su conjunto.","ORDEN":"11","OBLIGATORIO":"1","ACTIVO":"1","FECHA_CREACION":"2026-03-23 19:56:13","FECHA_ACTUALIZACION":"2026-03-23 19:56:13","REQUERIDO":"1"},{"ID_TIPO_DOCUMENTO_PREPROFESIONAL":"12","CODIGO":"PPR-012","NOMBRE":"Evidencia Fotogr\u00e1fica y Digital","DESCRIPCION":"Material de apoyo visual y digital, como fotos, capturas, videos o impresiones, que documenta y comprueba la realizaci\u00f3n de las actividades y trabajos del proyecto.","ORDEN":"12","OBLIGATORIO":"1","ACTIVO":"1","FECHA_CREACION":"2026-03-23 19:56:13","FECHA_ACTUALIZACION":"2026-03-23 19:56:13","REQUERIDO":"1"}]
DEBUG - 2026-03-24 15:50:58 --> Session: Class initialized using 'CodeIgniter\Session\Handlers\FileHandler' driver.
DEBUG - 2026-03-24 15:50:58 --> Consulta SQL: SELECT *
FROM `TAB_DOCUMENTOS_PRACTICAS_PREPROFESIONALES` `dp`
DEBUG - 2026-03-24 15:50:58 --> Resultados obtenidos: 9
DEBUG - 2026-03-24 15:50:58 --> Documentos obtenidos: [{"ID_DOCUMENTO_PREPROFESIONAL":"17","ID_PRACTICA_PREPROFESIONAL":"2","ID_TIPO_DOCUMENTO":"9","ID_ESTADO_REVISION":"4","NOMBRE_ARCHIVO":"ficha_control_seguimiento_002_20250920.pdf","NOMBRE_ORIGINAL":"Ficha Control Seguimiento - Mar\u00eda.pdf","TIPO_ARCHIVO":"application\/pdf","TAMANO_ARCHIVO":"112233","RUTA_ARCHIVO":"\/uploads\/documentos-practicas\/","FECHA_SUBIDA":"2025-09-20 10:15:00","FECHA_REVISION":"2025-09-20 12:45:00","ID_REVISOR":"5","OBSERVACIONES":"Ficha de control y seguimiento docente","OBSERVACIONES_REVISOR":"Faltan las firmas del tutor docente, documento inv\u00e1lido","VERSION":"1","ACTIVO":"1","FECHA_CREACION":"2026-03-23 19:56:13","FECHA_ACTUALIZACION":"2026-03-23 19:56:13","ID_TIPO_DOCUMENTO_PREPROFESIONAL":"9","TIPO_DOCUMENTO_CODIGO":"PPR-009","TIPO_DOCUMENTO_NOMBRE":"Ficha de Control y Seguimiento Docente","TIPO_DOCUMENTO_DESCRIPCION":"Documento utilizado por el tutor docente para registrar el seguimiento acad\u00e9mico del estudiante durante las pr\u00e1cticas. Incluye visitas o revisiones peri\u00f3dicas.","TIPO_DOCUMENTO_ORDEN":"9","TIPO_DOCUMENTO_OBLIGATORIO":"1","ESTADO_REVISION":"Rechazado","ID_ESTUDIANTE":"2","ENTIDAD_RECEPTORA":"Banco del Pac\u00edfico","ESTUDIANTE_NOMBRE":"Mar\u00eda Elena Garc\u00eda Torres","NOMBRE_ESTUDIANTE":"Mar\u00eda Elena","APELLIDO_ESTUDIANTE":"Garc\u00eda Torres","CEDULA_ESTUDIANTE":"1002345678"},{"ID_DOCUMENTO_PREPROFESIONAL":"15","ID_PRACTICA_PREPROFESIONAL":"2","ID_TIPO_DOCUMENTO":"7","ID_ESTADO_REVISION":"5","NOMBRE_ARCHIVO":"ficha_registro_actividades_002_20250915.pdf","NOMBRE_ORIGINAL":"Ficha Registro Actividades - Mar\u00eda.pdf","TIPO_ARCHIVO":"application\/pdf","TAMANO_ARCHIVO":"98765","RUTA_ARCHIVO":"\/uploads\/documentos-practicas\/","FECHA_SUBIDA":"2025-09-15 11:30:00","FECHA_REVISION":"2025-09-15 14:20:00","ID_REVISOR":"5","OBSERVACIONES":"Ficha de registro de actividades","OBSERVACIONES_REVISOR":"Descripci\u00f3n de actividades muy general, especificar m\u00e1s detalles","VERSION":"1","ACTIVO":"1","FECHA_CREACION":"2026-03-23 19:56:13","FECHA_ACTUALIZACION":"2026-03-23 19:56:13","ID_TIPO_DOCUMENTO_PREPROFESIONAL":"7","TIPO_DOCUMENTO_CODIGO":"PPR-007","TIPO_DOCUMENTO_NOMBRE":"Ficha de Registro de Actividades","TIPO_DOCUMENTO_DESCRIPCION":"Documento detallado en el que el estudiante registra las actividades espec\u00edficas realizadas durante sus pr\u00e1cticas, incluyendo fechas y descripciones.","TIPO_DOCUMENTO_ORDEN":"7","TIPO_DOCUMENTO_OBLIGATORIO":"1","ESTADO_REVISION":"Requiere Correcci\u00f3n","ID_ESTUDIANTE":"2","ENTIDAD_RECEPTORA":"Banco del Pac\u00edfico","ESTUDIANTE_NOMBRE":"Mar\u00eda Elena Garc\u00eda Torres","NOMBRE_ESTUDIANTE":"Mar\u00eda Elena","APELLIDO_ESTUDIANTE":"Garc\u00eda Torres","CEDULA_ESTUDIANTE":"1002345678"},{"ID_DOCUMENTO_PREPROFESIONAL":"14","ID_PRACTICA_PREPROFESIONAL":"1","ID_TIPO_DOCUMENTO":"6","ID_ESTADO_REVISION":"5","NOMBRE_ARCHIVO":"hojas_asistencia_001_20250830.pdf","NOMBRE_ORIGINAL":"Hojas de Asistencia - Juan Carlos.pdf","TIPO_ARCHIVO":"application\/pdf","TAMANO_ARCHIVO":"123456","RUTA_ARCHIVO":"\/uploads\/documentos-practicas\/","FECHA_SUBIDA":"2025-08-30 16:15:00","FECHA_REVISION":"2025-08-30 17:45:00","ID_REVISOR":"4","OBSERVACIONES":"Hojas de asistencia completas","OBSERVACIONES_REVISOR":"Faltan firmas en algunas fechas, corregir y volver a subir","VERSION":"1","ACTIVO":"1","FECHA_CREACION":"2026-03-23 19:56:13","FECHA_ACTUALIZACION":"2026-03-23 19:56:13","ID_TIPO_DOCUMENTO_PREPROFESIONAL":"6","TIPO_DOCUMENTO_CODIGO":"PPR-006","TIPO_DOCUMENTO_NOMBRE":"Hojas de Asistencia","TIPO_DOCUMENTO_DESCRIPCION":"Registro f\u00edsico de la asistencia del estudiante en la entidad receptora. Incluye las firmas y sellos para validar las horas de trabajo.","TIPO_DOCUMENTO_ORDEN":"6","TIPO_DOCUMENTO_OBLIGATORIO":"1","ESTADO_REVISION":"Requiere Correcci\u00f3n","ID_ESTUDIANTE":"1","ENTIDAD_RECEPTORA":"Hospital San Vicente de Pa\u00fal","ESTUDIANTE_NOMBRE":"Juan Carlos P\u00e9rez L\u00f3pez","NOMBRE_ESTUDIANTE":"Juan Carlos","APELLIDO_ESTUDIANTE":"P\u00e9rez L\u00f3pez","CEDULA_ESTUDIANTE":"1001234567"},{"ID_DOCUMENTO_PREPROFESIONAL":"16","ID_PRACTICA_PREPROFESIONAL":"1","ID_TIPO_DOCUMENTO":"8","ID_ESTADO_REVISION":"4","NOMBRE_ARCHIVO":"rubrica_evaluacion_entidad_001_20250825.pdf","NOMBRE_ORIGINAL":"R\u00fabrica Evaluaci\u00f3n Entidad - Juan.pdf","TIPO_ARCHIVO":"application\/pdf","TAMANO_ARCHIVO":"87654","RUTA_ARCHIVO":"\/uploads\/documentos-practicas\/","FECHA_SUBIDA":"2025-08-25 15:00:00","FECHA_REVISION":"2025-08-25 16:30:00","ID_REVISOR":"4","OBSERVACIONES":"R\u00fabrica de evaluaci\u00f3n de entidad","OBSERVACIONES_REVISOR":"Documento no tiene sello oficial de la entidad, rechazado","VERSION":"1","ACTIVO":"1","FECHA_CREACION":"2026-03-23 19:56:13","FECHA_ACTUALIZACION":"2026-03-23 19:56:13","ID_TIPO_DOCUMENTO_PREPROFESIONAL":"8","TIPO_DOCUMENTO_CODIGO":"PPR-008","TIPO_DOCUMENTO_NOMBRE":"R\u00fabrica de Evaluaci\u00f3n de Entidad","TIPO_DOCUMENTO_DESCRIPCION":"Formulario de evaluaci\u00f3n del desempe\u00f1o del estudiante, llenado y sellado por la entidad receptora. Valora aspectos como la responsabilidad, la proactividad y la calidad del trabajo.","TIPO_DOCUMENTO_ORDEN":"8","TIPO_DOCUMENTO_OBLIGATORIO":"1","ESTADO_REVISION":"Rechazado","ID_ESTUDIANTE":"1","ENTIDAD_RECEPTORA":"Hospital San Vicente de Pa\u00fal","ESTUDIANTE_NOMBRE":"Juan Carlos P\u00e9rez L\u00f3pez","NOMBRE_ESTUDIANTE":"Juan Carlos","APELLIDO_ESTUDIANTE":"P\u00e9rez L\u00f3pez","CEDULA_ESTUDIANTE":"1001234567"},{"ID_DOCUMENTO_PREPROFESIONAL":"5","ID_PRACTICA_PREPROFESIONAL":"2","ID_TIPO_DOCUMENTO":"2","ID_ESTADO_REVISION":"3","NOMBRE_ARCHIVO":"oficio_entidad_receptora_002_20250702.pdf","NOMBRE_ORIGINAL":"Oficio Entidad Receptora - Banco.pdf","TIPO_ARCHIVO":"application\/pdf","TAMANO_ARCHIVO":"178944","RUTA_ARCHIVO":"\/uploads\/documentos-practicas\/","FECHA_SUBIDA":"2025-07-02 15:45:00","FECHA_REVISION":"2025-07-02 17:20:00","ID_REVISOR":"5","OBSERVACIONES":"Oficio enviado a la entidad receptora","OBSERVACIONES_REVISOR":"Oficio formal y bien estructurado","VERSION":"1","ACTIVO":"1","FECHA_CREACION":"2026-03-23 19:56:13","FECHA_ACTUALIZACION":"2026-03-23 19:56:13","ID_TIPO_DOCUMENTO_PREPROFESIONAL":"2","TIPO_DOCUMENTO_CODIGO":"PPR-002","TIPO_DOCUMENTO_NOMBRE":"Oficio a Entidad Receptora","TIPO_DOCUMENTO_DESCRIPCION":"Carta formal enviada por el estudiante a la instituci\u00f3n \"Instituto Tecnol\u00f3gico Superior Ibarra\", con el prop\u00f3sito de solicitar la oportunidad de realizar sus pr\u00e1cticas de servicio comunitario.","TIPO_DOCUMENTO_ORDEN":"2","TIPO_DOCUMENTO_OBLIGATORIO":"1","ESTADO_REVISION":"Aprobado","ID_ESTUDIANTE":"2","ENTIDAD_RECEPTORA":"Banco del Pac\u00edfico","ESTUDIANTE_NOMBRE":"Mar\u00eda Elena Garc\u00eda Torres","NOMBRE_ESTUDIANTE":"Mar\u00eda Elena","APELLIDO_ESTUDIANTE":"Garc\u00eda Torres","CEDULA_ESTUDIANTE":"1002345678"},{"ID_DOCUMENTO_PREPROFESIONAL":"4","ID_PRACTICA_PREPROFESIONAL":"2","ID_TIPO_DOCUMENTO":"1","ID_ESTADO_REVISION":"3","NOMBRE_ARCHIVO":"oficio_asignacion_tutor_002_20250701.pdf","NOMBRE_ORIGINAL":"Oficio Asignaci\u00f3n Tutor - Mar\u00eda Elena.pdf","TIPO_ARCHIVO":"application\/pdf","TAMANO_ARCHIVO":"234880","RUTA_ARCHIVO":"\/uploads\/documentos-practicas\/","FECHA_SUBIDA":"2025-07-01 11:00:00","FECHA_REVISION":"2025-07-01 13:15:00","ID_REVISOR":"5","OBSERVACIONES":"Documento oficial de asignaci\u00f3n","OBSERVACIONES_REVISOR":"Asignaci\u00f3n correcta del tutor","VERSION":"1","ACTIVO":"1","FECHA_CREACION":"2026-03-23 19:56:13","FECHA_ACTUALIZACION":"2026-03-23 19:56:13","ID_TIPO_DOCUMENTO_PREPROFESIONAL":"1","TIPO_DOCUMENTO_CODIGO":"PPR-001","TIPO_DOCUMENTO_NOMBRE":"Oficio de Asignaci\u00f3n de Tutor","TIPO_DOCUMENTO_DESCRIPCION":"Documento oficial emitido por la coordinaci\u00f3n de la carrera que designa al docente responsable de la tutor\u00eda y seguimiento de las pr\u00e1cticas de servicio comunitario del estudiante.","TIPO_DOCUMENTO_ORDEN":"1","TIPO_DOCUMENTO_OBLIGATORIO":"1","ESTADO_REVISION":"Aprobado","ID_ESTUDIANTE":"2","ENTIDAD_RECEPTORA":"Banco del Pac\u00edfico","ESTUDIANTE_NOMBRE":"Mar\u00eda Elena Garc\u00eda Torres","NOMBRE_ESTUDIANTE":"Mar\u00eda Elena","APELLIDO_ESTUDIANTE":"Garc\u00eda Torres","CEDULA_ESTUDIANTE":"1002345678"},{"ID_DOCUMENTO_PREPROFESIONAL":"3","ID_PRACTICA_PREPROFESIONAL":"1","ID_TIPO_DOCUMENTO":"3","ID_ESTADO_REVISION":"3","NOMBRE_ARCHIVO":"carta_aceptacion_001_20250603.pdf","NOMBRE_ORIGINAL":"Carta Aceptaci\u00f3n - Hospital.pdf","TIPO_ARCHIVO":"application\/pdf","TAMANO_ARCHIVO":"156672","RUTA_ARCHIVO":"\/uploads\/documentos-practicas\/","FECHA_SUBIDA":"2025-06-03 09:15:00","FECHA_REVISION":"2025-06-03 11:20:00","ID_REVISOR":"4","OBSERVACIONES":"Carta de aceptaci\u00f3n de la entidad","OBSERVACIONES_REVISOR":"Carta oficial con sello institucional","VERSION":"1","ACTIVO":"1","FECHA_CREACION":"2026-03-23 19:56:13","FECHA_ACTUALIZACION":"2026-03-23 19:56:13","ID_TIPO_DOCUMENTO_PREPROFESIONAL":"3","TIPO_DOCUMENTO_CODIGO":"PPR-003","TIPO_DOCUMENTO_NOMBRE":"Carta de Aceptaci\u00f3n","TIPO_DOCUMENTO_DESCRIPCION":"Carta oficial de la entidad receptora \"Instituto Tecnol\u00f3gico Superior Ibarra\" que confirma la aceptaci\u00f3n del o los estudiantes para realizar las pr\u00e1cticas de servicio comunitario en sus instalaciones.","TIPO_DOCUMENTO_ORDEN":"3","TIPO_DOCUMENTO_OBLIGATORIO":"1","ESTADO_REVISION":"Aprobado","ID_ESTUDIANTE":"1","ENTIDAD_RECEPTORA":"Hospital San Vicente de Pa\u00fal","ESTUDIANTE_NOMBRE":"Juan Carlos P\u00e9rez L\u00f3pez","NOMBRE_ESTUDIANTE":"Juan Carlos","APELLIDO_ESTUDIANTE":"P\u00e9rez L\u00f3pez","CEDULA_ESTUDIANTE":"1001234567"},{"ID_DOCUMENTO_PREPROFESIONAL":"2","ID_PRACTICA_PREPROFESIONAL":"1","ID_TIPO_DOCUMENTO":"2","ID_ESTADO_REVISION":"3","NOMBRE_ARCHIVO":"oficio_entidad_receptora_001_20250602.pdf","NOMBRE_ORIGINAL":"Oficio Entidad Receptora - Hospital.pdf","TIPO_ARCHIVO":"application\/pdf","TAMANO_ARCHIVO":"189440","RUTA_ARCHIVO":"\/uploads\/documentos-practicas\/","FECHA_SUBIDA":"2025-06-02 14:30:00","FECHA_REVISION":"2025-06-02 16:45:00","ID_REVISOR":"4","OBSERVACIONES":"Oficio enviado a la entidad receptora","OBSERVACIONES_REVISOR":"Oficio bien redactado y formal","VERSION":"1","ACTIVO":"1","FECHA_CREACION":"2026-03-23 19:56:13","FECHA_ACTUALIZACION":"2026-03-23 19:56:13","ID_TIPO_DOCUMENTO_PREPROFESIONAL":"2","TIPO_DOCUMENTO_CODIGO":"PPR-002","TIPO_DOCUMENTO_NOMBRE":"Oficio a Entidad Receptora","TIPO_DOCUMENTO_DESCRIPCION":"Carta formal enviada por el estudiante a la instituci\u00f3n \"Instituto Tecnol\u00f3gico Superior Ibarra\", con el prop\u00f3sito de solicitar la oportunidad de realizar sus pr\u00e1cticas de servicio comunitario.","TIPO_DOCUMENTO_ORDEN":"2","TIPO_DOCUMENTO_OBLIGATORIO":"1","ESTADO_REVISION":"Aprobado","ID_ESTUDIANTE":"1","ENTIDAD_RECEPTORA":"Hospital San Vicente de Pa\u00fal","ESTUDIANTE_NOMBRE":"Juan Carlos P\u00e9rez L\u00f3pez","NOMBRE_ESTUDIANTE":"Juan Carlos","APELLIDO_ESTUDIANTE":"P\u00e9rez L\u00f3pez","CEDULA_ESTUDIANTE":"1001234567"},{"ID_DOCUMENTO_PREPROFESIONAL":"1","ID_PRACTICA_PREPROFESIONAL":"1","ID_TIPO_DOCUMENTO":"1","ID_ESTADO_REVISION":"3","NOMBRE_ARCHIVO":"oficio_asignacion_tutor_001_20250601.pdf","NOMBRE_ORIGINAL":"Oficio Asignaci\u00f3n Tutor - Juan Carlos.pdf","TIPO_ARCHIVO":"application\/pdf","TAMANO_ARCHIVO":"245760","RUTA_ARCHIVO":"\/uploads\/documentos-practicas\/","FECHA_SUBIDA":"2025-06-01 10:00:00","FECHA_REVISION":"2025-06-01 14:30:00","ID_REVISOR":"4","OBSERVACIONES":"Documento oficial de asignaci\u00f3n","OBSERVACIONES_REVISOR":"Documento aprobado correctamente","VERSION":"1","ACTIVO":"1","FECHA_CREACION":"2026-03-23 19:56:13","FECHA_ACTUALIZACION":"2026-03-23 19:56:13","ID_TIPO_DOCUMENTO_PREPROFESIONAL":"1","TIPO_DOCUMENTO_CODIGO":"PPR-001","TIPO_DOCUMENTO_NOMBRE":"Oficio de Asignaci\u00f3n de Tutor","TIPO_DOCUMENTO_DESCRIPCION":"Documento oficial emitido por la coordinaci\u00f3n de la carrera que designa al docente responsable de la tutor\u00eda y seguimiento de las pr\u00e1cticas de servicio comunitario del estudiante.","TIPO_DOCUMENTO_ORDEN":"1","TIPO_DOCUMENTO_OBLIGATORIO":"1","ESTADO_REVISION":"Aprobado","ID_ESTUDIANTE":"1","ENTIDAD_RECEPTORA":"Hospital San Vicente de Pa\u00fal","ESTUDIANTE_NOMBRE":"Juan Carlos P\u00e9rez L\u00f3pez","NOMBRE_ESTUDIANTE":"Juan Carlos","APELLIDO_ESTUDIANTE":"P\u00e9rez L\u00f3pez","CEDULA_ESTUDIANTE":"1001234567"}]
DEBUG - 2026-03-24 15:53:56 --> Session: Class initialized using 'CodeIgniter\Session\Handlers\FileHandler' driver.
DEBUG - 2026-03-24 15:53:56 --> Consulta SQL: SELECT *
FROM `TAB_DOCUMENTOS_PRACTICAS_PREPROFESIONALES` `dp`
DEBUG - 2026-03-24 15:53:56 --> Resultados obtenidos: 9
DEBUG - 2026-03-24 15:53:56 --> Tipos de documentos en index: [{"ID_TIPO_DOCUMENTO_PREPROFESIONAL":"1","CODIGO":"PPR-001","NOMBRE":"Oficio de Asignaci\u00f3n de Tutor","DESCRIPCION":"Documento oficial emitido por la coordinaci\u00f3n de la carrera que designa al docente responsable de la tutor\u00eda y seguimiento de las pr\u00e1cticas de servicio comunitario del estudiante.","ORDEN":"1","OBLIGATORIO":"1","ACTIVO":"1","FECHA_CREACION":"2026-03-23 19:56:13","FECHA_ACTUALIZACION":"2026-03-23 19:56:13","REQUERIDO":"1"},{"ID_TIPO_DOCUMENTO_PREPROFESIONAL":"2","CODIGO":"PPR-002","NOMBRE":"Oficio a Entidad Receptora","DESCRIPCION":"Carta formal enviada por el estudiante a la instituci\u00f3n \"Instituto Tecnol\u00f3gico Superior Ibarra\", con el prop\u00f3sito de solicitar la oportunidad de realizar sus pr\u00e1cticas de servicio comunitario.","ORDEN":"2","OBLIGATORIO":"1","ACTIVO":"1","FECHA_CREACION":"2026-03-23 19:56:13","FECHA_ACTUALIZACION":"2026-03-23 20:03:37","REQUERIDO":"1"},{"ID_TIPO_DOCUMENTO_PREPROFESIONAL":"3","CODIGO":"PPR-003","NOMBRE":"Carta de Aceptaci\u00f3n","DESCRIPCION":"Carta oficial de la entidad receptora \"Instituto Tecnol\u00f3gico Superior Ibarra\" que confirma la aceptaci\u00f3n del o los estudiantes para realizar las pr\u00e1cticas de servicio comunitario en sus instalaciones.","ORDEN":"3","OBLIGATORIO":"1","ACTIVO":"1","FECHA_CREACION":"2026-03-23 19:56:13","FECHA_ACTUALIZACION":"2026-03-23 19:56:13","REQUERIDO":"1"},{"ID_TIPO_DOCUMENTO_PREPROFESIONAL":"4","CODIGO":"PPR-004","NOMBRE":"Solicitud Institucional Valorada","DESCRIPCION":"Documento de solicitud formal dirigido al Sr. Rector, Dr. Mario Montenegro, pidiendo la aprobaci\u00f3n institucional para la realizaci\u00f3n de las pr\u00e1cticas de servicio comunitario.","ORDEN":"4","OBLIGATORIO":"1","ACTIVO":"1","FECHA_CREACION":"2026-03-23 19:56:13","FECHA_ACTUALIZACION":"2026-03-23 19:56:13","REQUERIDO":"1"},{"ID_TIPO_DOCUMENTO_PREPROFESIONAL":"5","CODIGO":"PPR-005","NOMBRE":"Certificado de Culminaci\u00f3n de Horas","DESCRIPCION":"Certificado emitido por la entidad receptora \"Instituto Tecnol\u00f3gico Superior Ibarra\" que acredita que el estudiante ha completado las 60 horas requeridas de pr\u00e1cticas de servicio comunitario.","ORDEN":"5","OBLIGATORIO":"1","ACTIVO":"1","FECHA_CREACION":"2026-03-23 19:56:13","FECHA_ACTUALIZACION":"2026-03-23 19:56:13","REQUERIDO":"1"},{"ID_TIPO_DOCUMENTO_PREPROFESIONAL":"6","CODIGO":"PPR-006","NOMBRE":"Hojas de Asistencia","DESCRIPCION":"Registro f\u00edsico de la asistencia del estudiante en la entidad receptora. Incluye las firmas y sellos para validar las horas de trabajo.","ORDEN":"6","OBLIGATORIO":"1","ACTIVO":"1","FECHA_CREACION":"2026-03-23 19:56:13","FECHA_ACTUALIZACION":"2026-03-23 19:56:13","REQUERIDO":"1"},{"ID_TIPO_DOCUMENTO_PREPROFESIONAL":"7","CODIGO":"PPR-007","NOMBRE":"Ficha de Registro de Actividades","DESCRIPCION":"Documento detallado en el que el estudiante registra las actividades espec\u00edficas realizadas durante sus pr\u00e1cticas, incluyendo fechas y descripciones.","ORDEN":"7","OBLIGATORIO":"1","ACTIVO":"1","FECHA_CREACION":"2026-03-23 19:56:13","FECHA_ACTUALIZACION":"2026-03-23 19:56:13","REQUERIDO":"1"},{"ID_TIPO_DOCUMENTO_PREPROFESIONAL":"8","CODIGO":"PPR-008","NOMBRE":"R\u00fabrica de Evaluaci\u00f3n de Entidad","DESCRIPCION":"Formulario de evaluaci\u00f3n del desempe\u00f1o del estudiante, llenado y sellado por la entidad receptora. Valora aspectos como la responsabilidad, la proactividad y la calidad del trabajo.","ORDEN":"8","OBLIGATORIO":"1","ACTIVO":"1","FECHA_CREACION":"2026-03-23 19:56:13","FECHA_ACTUALIZACION":"2026-03-23 19:56:13","REQUERIDO":"1"},{"ID_TIPO_DOCUMENTO_PREPROFESIONAL":"9","CODIGO":"PPR-009","NOMBRE":"Ficha de Control y Seguimiento Docente","DESCRIPCION":"Documento utilizado por el tutor docente para registrar el seguimiento acad\u00e9mico del estudiante durante las pr\u00e1cticas. Incluye visitas o revisiones peri\u00f3dicas.","ORDEN":"9","OBLIGATORIO":"1","ACTIVO":"1","FECHA_CREACION":"2026-03-23 19:56:13","FECHA_ACTUALIZACION":"2026-03-23 19:56:13","REQUERIDO":"1"},{"ID_TIPO_DOCUMENTO_PREPROFESIONAL":"10","CODIGO":"PPR-010","NOMBRE":"R\u00fabrica de Evaluaci\u00f3n Docente","DESCRIPCION":"R\u00fabrica de evaluaci\u00f3n llenada y firmada por el tutor docente. Califica el desempe\u00f1o del estudiante en base a los criterios acad\u00e9micos del programa.","ORDEN":"10","OBLIGATORIO":"1","ACTIVO":"1","FECHA_CREACION":"2026-03-23 19:56:13","FECHA_ACTUALIZACION":"2026-03-23 19:56:13","REQUERIDO":"1"},{"ID_TIPO_DOCUMENTO_PREPROFESIONAL":"11","CODIGO":"PPR-011","NOMBRE":"R\u00fabrica de Evaluaci\u00f3n de Resultados","DESCRIPCION":"Evaluaci\u00f3n final realizada por el Departamento de Vinculaci\u00f3n con la Sociedad, que valora los resultados y el impacto del proyecto de servicio comunitario en su conjunto.","ORDEN":"11","OBLIGATORIO":"1","ACTIVO":"1","FECHA_CREACION":"2026-03-23 19:56:13","FECHA_ACTUALIZACION":"2026-03-23 19:56:13","REQUERIDO":"1"},{"ID_TIPO_DOCUMENTO_PREPROFESIONAL":"12","CODIGO":"PPR-012","NOMBRE":"Evidencia Fotogr\u00e1fica y Digital","DESCRIPCION":"Material de apoyo visual y digital, como fotos, capturas, videos o impresiones, que documenta y comprueba la realizaci\u00f3n de las actividades y trabajos del proyecto.","ORDEN":"12","OBLIGATORIO":"1","ACTIVO":"1","FECHA_CREACION":"2026-03-23 19:56:13","FECHA_ACTUALIZACION":"2026-03-23 19:56:13","REQUERIDO":"1"}]
DEBUG - 2026-03-24 15:53:56 --> Session: Class initialized using 'CodeIgniter\Session\Handlers\FileHandler' driver.
DEBUG - 2026-03-24 15:53:56 --> Consulta SQL: SELECT *
FROM `TAB_DOCUMENTOS_PRACTICAS_PREPROFESIONALES` `dp`
DEBUG - 2026-03-24 15:53:56 --> Resultados obtenidos: 9
DEBUG - 2026-03-24 15:53:56 --> Documentos obtenidos: [{"ID_DOCUMENTO_PREPROFESIONAL":"17","ID_PRACTICA_PREPROFESIONAL":"2","ID_TIPO_DOCUMENTO":"9","ID_ESTADO_REVISION":"4","NOMBRE_ARCHIVO":"ficha_control_seguimiento_002_20250920.pdf","NOMBRE_ORIGINAL":"Ficha Control Seguimiento - Mar\u00eda.pdf","TIPO_ARCHIVO":"application\/pdf","TAMANO_ARCHIVO":"112233","RUTA_ARCHIVO":"\/uploads\/documentos-practicas\/","FECHA_SUBIDA":"2025-09-20 10:15:00","FECHA_REVISION":"2025-09-20 12:45:00","ID_REVISOR":"5","OBSERVACIONES":"Ficha de control y seguimiento docente","OBSERVACIONES_REVISOR":"Faltan las firmas del tutor docente, documento inv\u00e1lido","VERSION":"1","ACTIVO":"1","FECHA_CREACION":"2026-03-23 19:56:13","FECHA_ACTUALIZACION":"2026-03-23 19:56:13","ID_TIPO_DOCUMENTO_PREPROFESIONAL":"9","TIPO_DOCUMENTO_CODIGO":"PPR-009","TIPO_DOCUMENTO_NOMBRE":"Ficha de Control y Seguimiento Docente","TIPO_DOCUMENTO_DESCRIPCION":"Documento utilizado por el tutor docente para registrar el seguimiento acad\u00e9mico del estudiante durante las pr\u00e1cticas. Incluye visitas o revisiones peri\u00f3dicas.","TIPO_DOCUMENTO_ORDEN":"9","TIPO_DOCUMENTO_OBLIGATORIO":"1","ESTADO_REVISION":"Rechazado","ID_ESTUDIANTE":"2","ENTIDAD_RECEPTORA":"Banco del Pac\u00edfico","ESTUDIANTE_NOMBRE":"Mar\u00eda Elena Garc\u00eda Torres","NOMBRE_ESTUDIANTE":"Mar\u00eda Elena","APELLIDO_ESTUDIANTE":"Garc\u00eda Torres","CEDULA_ESTUDIANTE":"1002345678"},{"ID_DOCUMENTO_PREPROFESIONAL":"15","ID_PRACTICA_PREPROFESIONAL":"2","ID_TIPO_DOCUMENTO":"7","ID_ESTADO_REVISION":"5","NOMBRE_ARCHIVO":"ficha_registro_actividades_002_20250915.pdf","NOMBRE_ORIGINAL":"Ficha Registro Actividades - Mar\u00eda.pdf","TIPO_ARCHIVO":"application\/pdf","TAMANO_ARCHIVO":"98765","RUTA_ARCHIVO":"\/uploads\/documentos-practicas\/","FECHA_SUBIDA":"2025-09-15 11:30:00","FECHA_REVISION":"2025-09-15 14:20:00","ID_REVISOR":"5","OBSERVACIONES":"Ficha de registro de actividades","OBSERVACIONES_REVISOR":"Descripci\u00f3n de actividades muy general, especificar m\u00e1s detalles","VERSION":"1","ACTIVO":"1","FECHA_CREACION":"2026-03-23 19:56:13","FECHA_ACTUALIZACION":"2026-03-23 19:56:13","ID_TIPO_DOCUMENTO_PREPROFESIONAL":"7","TIPO_DOCUMENTO_CODIGO":"PPR-007","TIPO_DOCUMENTO_NOMBRE":"Ficha de Registro de Actividades","TIPO_DOCUMENTO_DESCRIPCION":"Documento detallado en el que el estudiante registra las actividades espec\u00edficas realizadas durante sus pr\u00e1cticas, incluyendo fechas y descripciones.","TIPO_DOCUMENTO_ORDEN":"7","TIPO_DOCUMENTO_OBLIGATORIO":"1","ESTADO_REVISION":"Requiere Correcci\u00f3n","ID_ESTUDIANTE":"2","ENTIDAD_RECEPTORA":"Banco del Pac\u00edfico","ESTUDIANTE_NOMBRE":"Mar\u00eda Elena Garc\u00eda Torres","NOMBRE_ESTUDIANTE":"Mar\u00eda Elena","APELLIDO_ESTUDIANTE":"Garc\u00eda Torres","CEDULA_ESTUDIANTE":"1002345678"},{"ID_DOCUMENTO_PREPROFESIONAL":"14","ID_PRACTICA_PREPROFESIONAL":"1","ID_TIPO_DOCUMENTO":"6","ID_ESTADO_REVISION":"5","NOMBRE_ARCHIVO":"hojas_asistencia_001_20250830.pdf","NOMBRE_ORIGINAL":"Hojas de Asistencia - Juan Carlos.pdf","TIPO_ARCHIVO":"application\/pdf","TAMANO_ARCHIVO":"123456","RUTA_ARCHIVO":"\/uploads\/documentos-practicas\/","FECHA_SUBIDA":"2025-08-30 16:15:00","FECHA_REVISION":"2025-08-30 17:45:00","ID_REVISOR":"4","OBSERVACIONES":"Hojas de asistencia completas","OBSERVACIONES_REVISOR":"Faltan firmas en algunas fechas, corregir y volver a subir","VERSION":"1","ACTIVO":"1","FECHA_CREACION":"2026-03-23 19:56:13","FECHA_ACTUALIZACION":"2026-03-23 19:56:13","ID_TIPO_DOCUMENTO_PREPROFESIONAL":"6","TIPO_DOCUMENTO_CODIGO":"PPR-006","TIPO_DOCUMENTO_NOMBRE":"Hojas de Asistencia","TIPO_DOCUMENTO_DESCRIPCION":"Registro f\u00edsico de la asistencia del estudiante en la entidad receptora. Incluye las firmas y sellos para validar las horas de trabajo.","TIPO_DOCUMENTO_ORDEN":"6","TIPO_DOCUMENTO_OBLIGATORIO":"1","ESTADO_REVISION":"Requiere Correcci\u00f3n","ID_ESTUDIANTE":"1","ENTIDAD_RECEPTORA":"Hospital San Vicente de Pa\u00fal","ESTUDIANTE_NOMBRE":"Juan Carlos P\u00e9rez L\u00f3pez","NOMBRE_ESTUDIANTE":"Juan Carlos","APELLIDO_ESTUDIANTE":"P\u00e9rez L\u00f3pez","CEDULA_ESTUDIANTE":"1001234567"},{"ID_DOCUMENTO_PREPROFESIONAL":"16","ID_PRACTICA_PREPROFESIONAL":"1","ID_TIPO_DOCUMENTO":"8","ID_ESTADO_REVISION":"4","NOMBRE_ARCHIVO":"rubrica_evaluacion_entidad_001_20250825.pdf","NOMBRE_ORIGINAL":"R\u00fabrica Evaluaci\u00f3n Entidad - Juan.pdf","TIPO_ARCHIVO":"application\/pdf","TAMANO_ARCHIVO":"87654","RUTA_ARCHIVO":"\/uploads\/documentos-practicas\/","FECHA_SUBIDA":"2025-08-25 15:00:00","FECHA_REVISION":"2025-08-25 16:30:00","ID_REVISOR":"4","OBSERVACIONES":"R\u00fabrica de evaluaci\u00f3n de entidad","OBSERVACIONES_REVISOR":"Documento no tiene sello oficial de la entidad, rechazado","VERSION":"1","ACTIVO":"1","FECHA_CREACION":"2026-03-23 19:56:13","FECHA_ACTUALIZACION":"2026-03-23 19:56:13","ID_TIPO_DOCUMENTO_PREPROFESIONAL":"8","TIPO_DOCUMENTO_CODIGO":"PPR-008","TIPO_DOCUMENTO_NOMBRE":"R\u00fabrica de Evaluaci\u00f3n de Entidad","TIPO_DOCUMENTO_DESCRIPCION":"Formulario de evaluaci\u00f3n del desempe\u00f1o del estudiante, llenado y sellado por la entidad receptora. Valora aspectos como la responsabilidad, la proactividad y la calidad del trabajo.","TIPO_DOCUMENTO_ORDEN":"8","TIPO_DOCUMENTO_OBLIGATORIO":"1","ESTADO_REVISION":"Rechazado","ID_ESTUDIANTE":"1","ENTIDAD_RECEPTORA":"Hospital San Vicente de Pa\u00fal","ESTUDIANTE_NOMBRE":"Juan Carlos P\u00e9rez L\u00f3pez","NOMBRE_ESTUDIANTE":"Juan Carlos","APELLIDO_ESTUDIANTE":"P\u00e9rez L\u00f3pez","CEDULA_ESTUDIANTE":"1001234567"},{"ID_DOCUMENTO_PREPROFESIONAL":"5","ID_PRACTICA_PREPROFESIONAL":"2","ID_TIPO_DOCUMENTO":"2","ID_ESTADO_REVISION":"3","NOMBRE_ARCHIVO":"oficio_entidad_receptora_002_20250702.pdf","NOMBRE_ORIGINAL":"Oficio Entidad Receptora - Banco.pdf","TIPO_ARCHIVO":"application\/pdf","TAMANO_ARCHIVO":"178944","RUTA_ARCHIVO":"\/uploads\/documentos-practicas\/","FECHA_SUBIDA":"2025-07-02 15:45:00","FECHA_REVISION":"2025-07-02 17:20:00","ID_REVISOR":"5","OBSERVACIONES":"Oficio enviado a la entidad receptora","OBSERVACIONES_REVISOR":"Oficio formal y bien estructurado","VERSION":"1","ACTIVO":"1","FECHA_CREACION":"2026-03-23 19:56:13","FECHA_ACTUALIZACION":"2026-03-23 19:56:13","ID_TIPO_DOCUMENTO_PREPROFESIONAL":"2","TIPO_DOCUMENTO_CODIGO":"PPR-002","TIPO_DOCUMENTO_NOMBRE":"Oficio a Entidad Receptora","TIPO_DOCUMENTO_DESCRIPCION":"Carta formal enviada por el estudiante a la instituci\u00f3n \"Instituto Tecnol\u00f3gico Superior Ibarra\", con el prop\u00f3sito de solicitar la oportunidad de realizar sus pr\u00e1cticas de servicio comunitario.","TIPO_DOCUMENTO_ORDEN":"2","TIPO_DOCUMENTO_OBLIGATORIO":"1","ESTADO_REVISION":"Aprobado","ID_ESTUDIANTE":"2","ENTIDAD_RECEPTORA":"Banco del Pac\u00edfico","ESTUDIANTE_NOMBRE":"Mar\u00eda Elena Garc\u00eda Torres","NOMBRE_ESTUDIANTE":"Mar\u00eda Elena","APELLIDO_ESTUDIANTE":"Garc\u00eda Torres","CEDULA_ESTUDIANTE":"1002345678"},{"ID_DOCUMENTO_PREPROFESIONAL":"4","ID_PRACTICA_PREPROFESIONAL":"2","ID_TIPO_DOCUMENTO":"1","ID_ESTADO_REVISION":"3","NOMBRE_ARCHIVO":"oficio_asignacion_tutor_002_20250701.pdf","NOMBRE_ORIGINAL":"Oficio Asignaci\u00f3n Tutor - Mar\u00eda Elena.pdf","TIPO_ARCHIVO":"application\/pdf","TAMANO_ARCHIVO":"234880","RUTA_ARCHIVO":"\/uploads\/documentos-practicas\/","FECHA_SUBIDA":"2025-07-01 11:00:00","FECHA_REVISION":"2025-07-01 13:15:00","ID_REVISOR":"5","OBSERVACIONES":"Documento oficial de asignaci\u00f3n","OBSERVACIONES_REVISOR":"Asignaci\u00f3n correcta del tutor","VERSION":"1","ACTIVO":"1","FECHA_CREACION":"2026-03-23 19:56:13","FECHA_ACTUALIZACION":"2026-03-23 19:56:13","ID_TIPO_DOCUMENTO_PREPROFESIONAL":"1","TIPO_DOCUMENTO_CODIGO":"PPR-001","TIPO_DOCUMENTO_NOMBRE":"Oficio de Asignaci\u00f3n de Tutor","TIPO_DOCUMENTO_DESCRIPCION":"Documento oficial emitido por la coordinaci\u00f3n de la carrera que designa al docente responsable de la tutor\u00eda y seguimiento de las pr\u00e1cticas de servicio comunitario del estudiante.","TIPO_DOCUMENTO_ORDEN":"1","TIPO_DOCUMENTO_OBLIGATORIO":"1","ESTADO_REVISION":"Aprobado","ID_ESTUDIANTE":"2","ENTIDAD_RECEPTORA":"Banco del Pac\u00edfico","ESTUDIANTE_NOMBRE":"Mar\u00eda Elena Garc\u00eda Torres","NOMBRE_ESTUDIANTE":"Mar\u00eda Elena","APELLIDO_ESTUDIANTE":"Garc\u00eda Torres","CEDULA_ESTUDIANTE":"1002345678"},{"ID_DOCUMENTO_PREPROFESIONAL":"3","ID_PRACTICA_PREPROFESIONAL":"1","ID_TIPO_DOCUMENTO":"3","ID_ESTADO_REVISION":"3","NOMBRE_ARCHIVO":"carta_aceptacion_001_20250603.pdf","NOMBRE_ORIGINAL":"Carta Aceptaci\u00f3n - Hospital.pdf","TIPO_ARCHIVO":"application\/pdf","TAMANO_ARCHIVO":"156672","RUTA_ARCHIVO":"\/uploads\/documentos-practicas\/","FECHA_SUBIDA":"2025-06-03 09:15:00","FECHA_REVISION":"2025-06-03 11:20:00","ID_REVISOR":"4","OBSERVACIONES":"Carta de aceptaci\u00f3n de la entidad","OBSERVACIONES_REVISOR":"Carta oficial con sello institucional","VERSION":"1","ACTIVO":"1","FECHA_CREACION":"2026-03-23 19:56:13","FECHA_ACTUALIZACION":"2026-03-23 19:56:13","ID_TIPO_DOCUMENTO_PREPROFESIONAL":"3","TIPO_DOCUMENTO_CODIGO":"PPR-003","TIPO_DOCUMENTO_NOMBRE":"Carta de Aceptaci\u00f3n","TIPO_DOCUMENTO_DESCRIPCION":"Carta oficial de la entidad receptora \"Instituto Tecnol\u00f3gico Superior Ibarra\" que confirma la aceptaci\u00f3n del o los estudiantes para realizar las pr\u00e1cticas de servicio comunitario en sus instalaciones.","TIPO_DOCUMENTO_ORDEN":"3","TIPO_DOCUMENTO_OBLIGATORIO":"1","ESTADO_REVISION":"Aprobado","ID_ESTUDIANTE":"1","ENTIDAD_RECEPTORA":"Hospital San Vicente de Pa\u00fal","ESTUDIANTE_NOMBRE":"Juan Carlos P\u00e9rez L\u00f3pez","NOMBRE_ESTUDIANTE":"Juan Carlos","APELLIDO_ESTUDIANTE":"P\u00e9rez L\u00f3pez","CEDULA_ESTUDIANTE":"1001234567"},{"ID_DOCUMENTO_PREPROFESIONAL":"2","ID_PRACTICA_PREPROFESIONAL":"1","ID_TIPO_DOCUMENTO":"2","ID_ESTADO_REVISION":"3","NOMBRE_ARCHIVO":"oficio_entidad_receptora_001_20250602.pdf","NOMBRE_ORIGINAL":"Oficio Entidad Receptora - Hospital.pdf","TIPO_ARCHIVO":"application\/pdf","TAMANO_ARCHIVO":"189440","RUTA_ARCHIVO":"\/uploads\/documentos-practicas\/","FECHA_SUBIDA":"2025-06-02 14:30:00","FECHA_REVISION":"2025-06-02 16:45:00","ID_REVISOR":"4","OBSERVACIONES":"Oficio enviado a la entidad receptora","OBSERVACIONES_REVISOR":"Oficio bien redactado y formal","VERSION":"1","ACTIVO":"1","FECHA_CREACION":"2026-03-23 19:56:13","FECHA_ACTUALIZACION":"2026-03-23 19:56:13","ID_TIPO_DOCUMENTO_PREPROFESIONAL":"2","TIPO_DOCUMENTO_CODIGO":"PPR-002","TIPO_DOCUMENTO_NOMBRE":"Oficio a Entidad Receptora","TIPO_DOCUMENTO_DESCRIPCION":"Carta formal enviada por el estudiante a la instituci\u00f3n \"Instituto Tecnol\u00f3gico Superior Ibarra\", con el prop\u00f3sito de solicitar la oportunidad de realizar sus pr\u00e1cticas de servicio comunitario.","TIPO_DOCUMENTO_ORDEN":"2","TIPO_DOCUMENTO_OBLIGATORIO":"1","ESTADO_REVISION":"Aprobado","ID_ESTUDIANTE":"1","ENTIDAD_RECEPTORA":"Hospital San Vicente de Pa\u00fal","ESTUDIANTE_NOMBRE":"Juan Carlos P\u00e9rez L\u00f3pez","NOMBRE_ESTUDIANTE":"Juan Carlos","APELLIDO_ESTUDIANTE":"P\u00e9rez L\u00f3pez","CEDULA_ESTUDIANTE":"1001234567"},{"ID_DOCUMENTO_PREPROFESIONAL":"1","ID_PRACTICA_PREPROFESIONAL":"1","ID_TIPO_DOCUMENTO":"1","ID_ESTADO_REVISION":"3","NOMBRE_ARCHIVO":"oficio_asignacion_tutor_001_20250601.pdf","NOMBRE_ORIGINAL":"Oficio Asignaci\u00f3n Tutor - Juan Carlos.pdf","TIPO_ARCHIVO":"application\/pdf","TAMANO_ARCHIVO":"245760","RUTA_ARCHIVO":"\/uploads\/documentos-practicas\/","FECHA_SUBIDA":"2025-06-01 10:00:00","FECHA_REVISION":"2025-06-01 14:30:00","ID_REVISOR":"4","OBSERVACIONES":"Documento oficial de asignaci\u00f3n","OBSERVACIONES_REVISOR":"Documento aprobado correctamente","VERSION":"1","ACTIVO":"1","FECHA_CREACION":"2026-03-23 19:56:13","FECHA_ACTUALIZACION":"2026-03-23 19:56:13","ID_TIPO_DOCUMENTO_PREPROFESIONAL":"1","TIPO_DOCUMENTO_CODIGO":"PPR-001","TIPO_DOCUMENTO_NOMBRE":"Oficio de Asignaci\u00f3n de Tutor","TIPO_DOCUMENTO_DESCRIPCION":"Documento oficial emitido por la coordinaci\u00f3n de la carrera que designa al docente responsable de la tutor\u00eda y seguimiento de las pr\u00e1cticas de servicio comunitario del estudiante.","TIPO_DOCUMENTO_ORDEN":"1","TIPO_DOCUMENTO_OBLIGATORIO":"1","ESTADO_REVISION":"Aprobado","ID_ESTUDIANTE":"1","ENTIDAD_RECEPTORA":"Hospital San Vicente de Pa\u00fal","ESTUDIANTE_NOMBRE":"Juan Carlos P\u00e9rez L\u00f3pez","NOMBRE_ESTUDIANTE":"Juan Carlos","APELLIDO_ESTUDIANTE":"P\u00e9rez L\u00f3pez","CEDULA_ESTUDIANTE":"1001234567"}]
DEBUG - 2026-03-24 15:54:21 --> Session: Class initialized using 'CodeIgniter\Session\Handlers\FileHandler' driver.
DEBUG - 2026-03-24 15:57:42 --> Session: Class initialized using 'CodeIgniter\Session\Handlers\FileHandler' driver.
DEBUG - 2026-03-24 15:57:42 --> Consulta SQL: SELECT *
FROM `TAB_DOCUMENTOS_PRACTICAS_PREPROFESIONALES` `dp`
DEBUG - 2026-03-24 15:57:42 --> Resultados obtenidos: 9
DEBUG - 2026-03-24 15:57:42 --> Tipos de documentos en index: [{"ID_TIPO_DOCUMENTO_PREPROFESIONAL":"1","CODIGO":"PPR-001","NOMBRE":"Oficio de Asignaci\u00f3n de Tutor","DESCRIPCION":"Documento oficial emitido por la coordinaci\u00f3n de la carrera que designa al docente responsable de la tutor\u00eda y seguimiento de las pr\u00e1cticas de servicio comunitario del estudiante.","ORDEN":"1","OBLIGATORIO":"1","ACTIVO":"1","FECHA_CREACION":"2026-03-23 19:56:13","FECHA_ACTUALIZACION":"2026-03-23 19:56:13","REQUERIDO":"1"},{"ID_TIPO_DOCUMENTO_PREPROFESIONAL":"2","CODIGO":"PPR-002","NOMBRE":"Oficio a Entidad Receptora","DESCRIPCION":"Carta formal enviada por el estudiante a la instituci\u00f3n \"Instituto Tecnol\u00f3gico Superior Ibarra\", con el prop\u00f3sito de solicitar la oportunidad de realizar sus pr\u00e1cticas de servicio comunitario.","ORDEN":"2","OBLIGATORIO":"1","ACTIVO":"1","FECHA_CREACION":"2026-03-23 19:56:13","FECHA_ACTUALIZACION":"2026-03-23 20:03:37","REQUERIDO":"1"},{"ID_TIPO_DOCUMENTO_PREPROFESIONAL":"3","CODIGO":"PPR-003","NOMBRE":"Carta de Aceptaci\u00f3n","DESCRIPCION":"Carta oficial de la entidad receptora \"Instituto Tecnol\u00f3gico Superior Ibarra\" que confirma la aceptaci\u00f3n del o los estudiantes para realizar las pr\u00e1cticas de servicio comunitario en sus instalaciones.","ORDEN":"3","OBLIGATORIO":"1","ACTIVO":"1","FECHA_CREACION":"2026-03-23 19:56:13","FECHA_ACTUALIZACION":"2026-03-23 19:56:13","REQUERIDO":"1"},{"ID_TIPO_DOCUMENTO_PREPROFESIONAL":"4","CODIGO":"PPR-004","NOMBRE":"Solicitud Institucional Valorada","DESCRIPCION":"Documento de solicitud formal dirigido al Sr. Rector, Dr. Mario Montenegro, pidiendo la aprobaci\u00f3n institucional para la realizaci\u00f3n de las pr\u00e1cticas de servicio comunitario.","ORDEN":"4","OBLIGATORIO":"1","ACTIVO":"1","FECHA_CREACION":"2026-03-23 19:56:13","FECHA_ACTUALIZACION":"2026-03-23 19:56:13","REQUERIDO":"1"},{"ID_TIPO_DOCUMENTO_PREPROFESIONAL":"5","CODIGO":"PPR-005","NOMBRE":"Certificado de Culminaci\u00f3n de Horas","DESCRIPCION":"Certificado emitido por la entidad receptora \"Instituto Tecnol\u00f3gico Superior Ibarra\" que acredita que el estudiante ha completado las 60 horas requeridas de pr\u00e1cticas de servicio comunitario.","ORDEN":"5","OBLIGATORIO":"1","ACTIVO":"1","FECHA_CREACION":"2026-03-23 19:56:13","FECHA_ACTUALIZACION":"2026-03-23 19:56:13","REQUERIDO":"1"},{"ID_TIPO_DOCUMENTO_PREPROFESIONAL":"6","CODIGO":"PPR-006","NOMBRE":"Hojas de Asistencia","DESCRIPCION":"Registro f\u00edsico de la asistencia del estudiante en la entidad receptora. Incluye las firmas y sellos para validar las horas de trabajo.","ORDEN":"6","OBLIGATORIO":"1","ACTIVO":"1","FECHA_CREACION":"2026-03-23 19:56:13","FECHA_ACTUALIZACION":"2026-03-23 19:56:13","REQUERIDO":"1"},{"ID_TIPO_DOCUMENTO_PREPROFESIONAL":"7","CODIGO":"PPR-007","NOMBRE":"Ficha de Registro de Actividades","DESCRIPCION":"Documento detallado en el que el estudiante registra las actividades espec\u00edficas realizadas durante sus pr\u00e1cticas, incluyendo fechas y descripciones.","ORDEN":"7","OBLIGATORIO":"1","ACTIVO":"1","FECHA_CREACION":"2026-03-23 19:56:13","FECHA_ACTUALIZACION":"2026-03-23 19:56:13","REQUERIDO":"1"},{"ID_TIPO_DOCUMENTO_PREPROFESIONAL":"8","CODIGO":"PPR-008","NOMBRE":"R\u00fabrica de Evaluaci\u00f3n de Entidad","DESCRIPCION":"Formulario de evaluaci\u00f3n del desempe\u00f1o del estudiante, llenado y sellado por la entidad receptora. Valora aspectos como la responsabilidad, la proactividad y la calidad del trabajo.","ORDEN":"8","OBLIGATORIO":"1","ACTIVO":"1","FECHA_CREACION":"2026-03-23 19:56:13","FECHA_ACTUALIZACION":"2026-03-23 19:56:13","REQUERIDO":"1"},{"ID_TIPO_DOCUMENTO_PREPROFESIONAL":"9","CODIGO":"PPR-009","NOMBRE":"Ficha de Control y Seguimiento Docente","DESCRIPCION":"Documento utilizado por el tutor docente para registrar el seguimiento acad\u00e9mico del estudiante durante las pr\u00e1cticas. Incluye visitas o revisiones peri\u00f3dicas.","ORDEN":"9","OBLIGATORIO":"1","ACTIVO":"1","FECHA_CREACION":"2026-03-23 19:56:13","FECHA_ACTUALIZACION":"2026-03-23 19:56:13","REQUERIDO":"1"},{"ID_TIPO_DOCUMENTO_PREPROFESIONAL":"10","CODIGO":"PPR-010","NOMBRE":"R\u00fabrica de Evaluaci\u00f3n Docente","DESCRIPCION":"R\u00fabrica de evaluaci\u00f3n llenada y firmada por el tutor docente. Califica el desempe\u00f1o del estudiante en base a los criterios acad\u00e9micos del programa.","ORDEN":"10","OBLIGATORIO":"1","ACTIVO":"1","FECHA_CREACION":"2026-03-23 19:56:13","FECHA_ACTUALIZACION":"2026-03-23 19:56:13","REQUERIDO":"1"},{"ID_TIPO_DOCUMENTO_PREPROFESIONAL":"11","CODIGO":"PPR-011","NOMBRE":"R\u00fabrica de Evaluaci\u00f3n de Resultados","DESCRIPCION":"Evaluaci\u00f3n final realizada por el Departamento de Vinculaci\u00f3n con la Sociedad, que valora los resultados y el impacto del proyecto de servicio comunitario en su conjunto.","ORDEN":"11","OBLIGATORIO":"1","ACTIVO":"1","FECHA_CREACION":"2026-03-23 19:56:13","FECHA_ACTUALIZACION":"2026-03-23 19:56:13","REQUERIDO":"1"},{"ID_TIPO_DOCUMENTO_PREPROFESIONAL":"12","CODIGO":"PPR-012","NOMBRE":"Evidencia Fotogr\u00e1fica y Digital","DESCRIPCION":"Material de apoyo visual y digital, como fotos, capturas, videos o impresiones, que documenta y comprueba la realizaci\u00f3n de las actividades y trabajos del proyecto.","ORDEN":"12","OBLIGATORIO":"1","ACTIVO":"1","FECHA_CREACION":"2026-03-23 19:56:13","FECHA_ACTUALIZACION":"2026-03-23 19:56:13","REQUERIDO":"1"}]
DEBUG - 2026-03-24 15:57:42 --> Session: Class initialized using 'CodeIgniter\Session\Handlers\FileHandler' driver.
DEBUG - 2026-03-24 15:57:42 --> Consulta SQL: SELECT *
FROM `TAB_DOCUMENTOS_PRACTICAS_PREPROFESIONALES` `dp`
DEBUG - 2026-03-24 15:57:42 --> Resultados obtenidos: 9
DEBUG - 2026-03-24 15:57:42 --> Documentos obtenidos: [{"ID_DOCUMENTO_PREPROFESIONAL":"17","ID_PRACTICA_PREPROFESIONAL":"2","ID_TIPO_DOCUMENTO":"9","ID_ESTADO_REVISION":"4","NOMBRE_ARCHIVO":"ficha_control_seguimiento_002_20250920.pdf","NOMBRE_ORIGINAL":"Ficha Control Seguimiento - Mar\u00eda.pdf","TIPO_ARCHIVO":"application\/pdf","TAMANO_ARCHIVO":"112233","RUTA_ARCHIVO":"\/uploads\/documentos-practicas\/","FECHA_SUBIDA":"2025-09-20 10:15:00","FECHA_REVISION":"2025-09-20 12:45:00","ID_REVISOR":"5","OBSERVACIONES":"Ficha de control y seguimiento docente","OBSERVACIONES_REVISOR":"Faltan las firmas del tutor docente, documento inv\u00e1lido","VERSION":"1","ACTIVO":"1","FECHA_CREACION":"2026-03-23 19:56:13","FECHA_ACTUALIZACION":"2026-03-23 19:56:13","ID_TIPO_DOCUMENTO_PREPROFESIONAL":"9","TIPO_DOCUMENTO_CODIGO":"PPR-009","TIPO_DOCUMENTO_NOMBRE":"Ficha de Control y Seguimiento Docente","TIPO_DOCUMENTO_DESCRIPCION":"Documento utilizado por el tutor docente para registrar el seguimiento acad\u00e9mico del estudiante durante las pr\u00e1cticas. Incluye visitas o revisiones peri\u00f3dicas.","TIPO_DOCUMENTO_ORDEN":"9","TIPO_DOCUMENTO_OBLIGATORIO":"1","ESTADO_REVISION":"Rechazado","ID_ESTUDIANTE":"2","ENTIDAD_RECEPTORA":"Banco del Pac\u00edfico","ESTUDIANTE_NOMBRE":"Mar\u00eda Elena Garc\u00eda Torres","NOMBRE_ESTUDIANTE":"Mar\u00eda Elena","APELLIDO_ESTUDIANTE":"Garc\u00eda Torres","CEDULA_ESTUDIANTE":"1002345678"},{"ID_DOCUMENTO_PREPROFESIONAL":"15","ID_PRACTICA_PREPROFESIONAL":"2","ID_TIPO_DOCUMENTO":"7","ID_ESTADO_REVISION":"5","NOMBRE_ARCHIVO":"ficha_registro_actividades_002_20250915.pdf","NOMBRE_ORIGINAL":"Ficha Registro Actividades - Mar\u00eda.pdf","TIPO_ARCHIVO":"application\/pdf","TAMANO_ARCHIVO":"98765","RUTA_ARCHIVO":"\/uploads\/documentos-practicas\/","FECHA_SUBIDA":"2025-09-15 11:30:00","FECHA_REVISION":"2025-09-15 14:20:00","ID_REVISOR":"5","OBSERVACIONES":"Ficha de registro de actividades","OBSERVACIONES_REVISOR":"Descripci\u00f3n de actividades muy general, especificar m\u00e1s detalles","VERSION":"1","ACTIVO":"1","FECHA_CREACION":"2026-03-23 19:56:13","FECHA_ACTUALIZACION":"2026-03-23 19:56:13","ID_TIPO_DOCUMENTO_PREPROFESIONAL":"7","TIPO_DOCUMENTO_CODIGO":"PPR-007","TIPO_DOCUMENTO_NOMBRE":"Ficha de Registro de Actividades","TIPO_DOCUMENTO_DESCRIPCION":"Documento detallado en el que el estudiante registra las actividades espec\u00edficas realizadas durante sus pr\u00e1cticas, incluyendo fechas y descripciones.","TIPO_DOCUMENTO_ORDEN":"7","TIPO_DOCUMENTO_OBLIGATORIO":"1","ESTADO_REVISION":"Requiere Correcci\u00f3n","ID_ESTUDIANTE":"2","ENTIDAD_RECEPTORA":"Banco del Pac\u00edfico","ESTUDIANTE_NOMBRE":"Mar\u00eda Elena Garc\u00eda Torres","NOMBRE_ESTUDIANTE":"Mar\u00eda Elena","APELLIDO_ESTUDIANTE":"Garc\u00eda Torres","CEDULA_ESTUDIANTE":"1002345678"},{"ID_DOCUMENTO_PREPROFESIONAL":"14","ID_PRACTICA_PREPROFESIONAL":"1","ID_TIPO_DOCUMENTO":"6","ID_ESTADO_REVISION":"5","NOMBRE_ARCHIVO":"hojas_asistencia_001_20250830.pdf","NOMBRE_ORIGINAL":"Hojas de Asistencia - Juan Carlos.pdf","TIPO_ARCHIVO":"application\/pdf","TAMANO_ARCHIVO":"123456","RUTA_ARCHIVO":"\/uploads\/documentos-practicas\/","FECHA_SUBIDA":"2025-08-30 16:15:00","FECHA_REVISION":"2025-08-30 17:45:00","ID_REVISOR":"4","OBSERVACIONES":"Hojas de asistencia completas","OBSERVACIONES_REVISOR":"Faltan firmas en algunas fechas, corregir y volver a subir","VERSION":"1","ACTIVO":"1","FECHA_CREACION":"2026-03-23 19:56:13","FECHA_ACTUALIZACION":"2026-03-23 19:56:13","ID_TIPO_DOCUMENTO_PREPROFESIONAL":"6","TIPO_DOCUMENTO_CODIGO":"PPR-006","TIPO_DOCUMENTO_NOMBRE":"Hojas de Asistencia","TIPO_DOCUMENTO_DESCRIPCION":"Registro f\u00edsico de la asistencia del estudiante en la entidad receptora. Incluye las firmas y sellos para validar las horas de trabajo.","TIPO_DOCUMENTO_ORDEN":"6","TIPO_DOCUMENTO_OBLIGATORIO":"1","ESTADO_REVISION":"Requiere Correcci\u00f3n","ID_ESTUDIANTE":"1","ENTIDAD_RECEPTORA":"Hospital San Vicente de Pa\u00fal","ESTUDIANTE_NOMBRE":"Juan Carlos P\u00e9rez L\u00f3pez","NOMBRE_ESTUDIANTE":"Juan Carlos","APELLIDO_ESTUDIANTE":"P\u00e9rez L\u00f3pez","CEDULA_ESTUDIANTE":"1001234567"},{"ID_DOCUMENTO_PREPROFESIONAL":"16","ID_PRACTICA_PREPROFESIONAL":"1","ID_TIPO_DOCUMENTO":"8","ID_ESTADO_REVISION":"4","NOMBRE_ARCHIVO":"rubrica_evaluacion_entidad_001_20250825.pdf","NOMBRE_ORIGINAL":"R\u00fabrica Evaluaci\u00f3n Entidad - Juan.pdf","TIPO_ARCHIVO":"application\/pdf","TAMANO_ARCHIVO":"87654","RUTA_ARCHIVO":"\/uploads\/documentos-practicas\/","FECHA_SUBIDA":"2025-08-25 15:00:00","FECHA_REVISION":"2025-08-25 16:30:00","ID_REVISOR":"4","OBSERVACIONES":"R\u00fabrica de evaluaci\u00f3n de entidad","OBSERVACIONES_REVISOR":"Documento no tiene sello oficial de la entidad, rechazado","VERSION":"1","ACTIVO":"1","FECHA_CREACION":"2026-03-23 19:56:13","FECHA_ACTUALIZACION":"2026-03-23 19:56:13","ID_TIPO_DOCUMENTO_PREPROFESIONAL":"8","TIPO_DOCUMENTO_CODIGO":"PPR-008","TIPO_DOCUMENTO_NOMBRE":"R\u00fabrica de Evaluaci\u00f3n de Entidad","TIPO_DOCUMENTO_DESCRIPCION":"Formulario de evaluaci\u00f3n del desempe\u00f1o del estudiante, llenado y sellado por la entidad receptora. Valora aspectos como la responsabilidad, la proactividad y la calidad del trabajo.","TIPO_DOCUMENTO_ORDEN":"8","TIPO_DOCUMENTO_OBLIGATORIO":"1","ESTADO_REVISION":"Rechazado","ID_ESTUDIANTE":"1","ENTIDAD_RECEPTORA":"Hospital San Vicente de Pa\u00fal","ESTUDIANTE_NOMBRE":"Juan Carlos P\u00e9rez L\u00f3pez","NOMBRE_ESTUDIANTE":"Juan Carlos","APELLIDO_ESTUDIANTE":"P\u00e9rez L\u00f3pez","CEDULA_ESTUDIANTE":"1001234567"},{"ID_DOCUMENTO_PREPROFESIONAL":"5","ID_PRACTICA_PREPROFESIONAL":"2","ID_TIPO_DOCUMENTO":"2","ID_ESTADO_REVISION":"3","NOMBRE_ARCHIVO":"oficio_entidad_receptora_002_20250702.pdf","NOMBRE_ORIGINAL":"Oficio Entidad Receptora - Banco.pdf","TIPO_ARCHIVO":"application\/pdf","TAMANO_ARCHIVO":"178944","RUTA_ARCHIVO":"\/uploads\/documentos-practicas\/","FECHA_SUBIDA":"2025-07-02 15:45:00","FECHA_REVISION":"2025-07-02 17:20:00","ID_REVISOR":"5","OBSERVACIONES":"Oficio enviado a la entidad receptora","OBSERVACIONES_REVISOR":"Oficio formal y bien estructurado","VERSION":"1","ACTIVO":"1","FECHA_CREACION":"2026-03-23 19:56:13","FECHA_ACTUALIZACION":"2026-03-23 19:56:13","ID_TIPO_DOCUMENTO_PREPROFESIONAL":"2","TIPO_DOCUMENTO_CODIGO":"PPR-002","TIPO_DOCUMENTO_NOMBRE":"Oficio a Entidad Receptora","TIPO_DOCUMENTO_DESCRIPCION":"Carta formal enviada por el estudiante a la instituci\u00f3n \"Instituto Tecnol\u00f3gico Superior Ibarra\", con el prop\u00f3sito de solicitar la oportunidad de realizar sus pr\u00e1cticas de servicio comunitario.","TIPO_DOCUMENTO_ORDEN":"2","TIPO_DOCUMENTO_OBLIGATORIO":"1","ESTADO_REVISION":"Aprobado","ID_ESTUDIANTE":"2","ENTIDAD_RECEPTORA":"Banco del Pac\u00edfico","ESTUDIANTE_NOMBRE":"Mar\u00eda Elena Garc\u00eda Torres","NOMBRE_ESTUDIANTE":"Mar\u00eda Elena","APELLIDO_ESTUDIANTE":"Garc\u00eda Torres","CEDULA_ESTUDIANTE":"1002345678"},{"ID_DOCUMENTO_PREPROFESIONAL":"4","ID_PRACTICA_PREPROFESIONAL":"2","ID_TIPO_DOCUMENTO":"1","ID_ESTADO_REVISION":"3","NOMBRE_ARCHIVO":"oficio_asignacion_tutor_002_20250701.pdf","NOMBRE_ORIGINAL":"Oficio Asignaci\u00f3n Tutor - Mar\u00eda Elena.pdf","TIPO_ARCHIVO":"application\/pdf","TAMANO_ARCHIVO":"234880","RUTA_ARCHIVO":"\/uploads\/documentos-practicas\/","FECHA_SUBIDA":"2025-07-01 11:00:00","FECHA_REVISION":"2025-07-01 13:15:00","ID_REVISOR":"5","OBSERVACIONES":"Documento oficial de asignaci\u00f3n","OBSERVACIONES_REVISOR":"Asignaci\u00f3n correcta del tutor","VERSION":"1","ACTIVO":"1","FECHA_CREACION":"2026-03-23 19:56:13","FECHA_ACTUALIZACION":"2026-03-23 19:56:13","ID_TIPO_DOCUMENTO_PREPROFESIONAL":"1","TIPO_DOCUMENTO_CODIGO":"PPR-001","TIPO_DOCUMENTO_NOMBRE":"Oficio de Asignaci\u00f3n de Tutor","TIPO_DOCUMENTO_DESCRIPCION":"Documento oficial emitido por la coordinaci\u00f3n de la carrera que designa al docente responsable de la tutor\u00eda y seguimiento de las pr\u00e1cticas de servicio comunitario del estudiante.","TIPO_DOCUMENTO_ORDEN":"1","TIPO_DOCUMENTO_OBLIGATORIO":"1","ESTADO_REVISION":"Aprobado","ID_ESTUDIANTE":"2","ENTIDAD_RECEPTORA":"Banco del Pac\u00edfico","ESTUDIANTE_NOMBRE":"Mar\u00eda Elena Garc\u00eda Torres","NOMBRE_ESTUDIANTE":"Mar\u00eda Elena","APELLIDO_ESTUDIANTE":"Garc\u00eda Torres","CEDULA_ESTUDIANTE":"1002345678"},{"ID_DOCUMENTO_PREPROFESIONAL":"3","ID_PRACTICA_PREPROFESIONAL":"1","ID_TIPO_DOCUMENTO":"3","ID_ESTADO_REVISION":"3","NOMBRE_ARCHIVO":"carta_aceptacion_001_20250603.pdf","NOMBRE_ORIGINAL":"Carta Aceptaci\u00f3n - Hospital.pdf","TIPO_ARCHIVO":"application\/pdf","TAMANO_ARCHIVO":"156672","RUTA_ARCHIVO":"\/uploads\/documentos-practicas\/","FECHA_SUBIDA":"2025-06-03 09:15:00","FECHA_REVISION":"2025-06-03 11:20:00","ID_REVISOR":"4","OBSERVACIONES":"Carta de aceptaci\u00f3n de la entidad","OBSERVACIONES_REVISOR":"Carta oficial con sello institucional","VERSION":"1","ACTIVO":"1","FECHA_CREACION":"2026-03-23 19:56:13","FECHA_ACTUALIZACION":"2026-03-23 19:56:13","ID_TIPO_DOCUMENTO_PREPROFESIONAL":"3","TIPO_DOCUMENTO_CODIGO":"PPR-003","TIPO_DOCUMENTO_NOMBRE":"Carta de Aceptaci\u00f3n","TIPO_DOCUMENTO_DESCRIPCION":"Carta oficial de la entidad receptora \"Instituto Tecnol\u00f3gico Superior Ibarra\" que confirma la aceptaci\u00f3n del o los estudiantes para realizar las pr\u00e1cticas de servicio comunitario en sus instalaciones.","TIPO_DOCUMENTO_ORDEN":"3","TIPO_DOCUMENTO_OBLIGATORIO":"1","ESTADO_REVISION":"Aprobado","ID_ESTUDIANTE":"1","ENTIDAD_RECEPTORA":"Hospital San Vicente de Pa\u00fal","ESTUDIANTE_NOMBRE":"Juan Carlos P\u00e9rez L\u00f3pez","NOMBRE_ESTUDIANTE":"Juan Carlos","APELLIDO_ESTUDIANTE":"P\u00e9rez L\u00f3pez","CEDULA_ESTUDIANTE":"1001234567"},{"ID_DOCUMENTO_PREPROFESIONAL":"2","ID_PRACTICA_PREPROFESIONAL":"1","ID_TIPO_DOCUMENTO":"2","ID_ESTADO_REVISION":"3","NOMBRE_ARCHIVO":"oficio_entidad_receptora_001_20250602.pdf","NOMBRE_ORIGINAL":"Oficio Entidad Receptora - Hospital.pdf","TIPO_ARCHIVO":"application\/pdf","TAMANO_ARCHIVO":"189440","RUTA_ARCHIVO":"\/uploads\/documentos-practicas\/","FECHA_SUBIDA":"2025-06-02 14:30:00","FECHA_REVISION":"2025-06-02 16:45:00","ID_REVISOR":"4","OBSERVACIONES":"Oficio enviado a la entidad receptora","OBSERVACIONES_REVISOR":"Oficio bien redactado y formal","VERSION":"1","ACTIVO":"1","FECHA_CREACION":"2026-03-23 19:56:13","FECHA_ACTUALIZACION":"2026-03-23 19:56:13","ID_TIPO_DOCUMENTO_PREPROFESIONAL":"2","TIPO_DOCUMENTO_CODIGO":"PPR-002","TIPO_DOCUMENTO_NOMBRE":"Oficio a Entidad Receptora","TIPO_DOCUMENTO_DESCRIPCION":"Carta formal enviada por el estudiante a la instituci\u00f3n \"Instituto Tecnol\u00f3gico Superior Ibarra\", con el prop\u00f3sito de solicitar la oportunidad de realizar sus pr\u00e1cticas de servicio comunitario.","TIPO_DOCUMENTO_ORDEN":"2","TIPO_DOCUMENTO_OBLIGATORIO":"1","ESTADO_REVISION":"Aprobado","ID_ESTUDIANTE":"1","ENTIDAD_RECEPTORA":"Hospital San Vicente de Pa\u00fal","ESTUDIANTE_NOMBRE":"Juan Carlos P\u00e9rez L\u00f3pez","NOMBRE_ESTUDIANTE":"Juan Carlos","APELLIDO_ESTUDIANTE":"P\u00e9rez L\u00f3pez","CEDULA_ESTUDIANTE":"1001234567"},{"ID_DOCUMENTO_PREPROFESIONAL":"1","ID_PRACTICA_PREPROFESIONAL":"1","ID_TIPO_DOCUMENTO":"1","ID_ESTADO_REVISION":"3","NOMBRE_ARCHIVO":"oficio_asignacion_tutor_001_20250601.pdf","NOMBRE_ORIGINAL":"Oficio Asignaci\u00f3n Tutor - Juan Carlos.pdf","TIPO_ARCHIVO":"application\/pdf","TAMANO_ARCHIVO":"245760","RUTA_ARCHIVO":"\/uploads\/documentos-practicas\/","FECHA_SUBIDA":"2025-06-01 10:00:00","FECHA_REVISION":"2025-06-01 14:30:00","ID_REVISOR":"4","OBSERVACIONES":"Documento oficial de asignaci\u00f3n","OBSERVACIONES_REVISOR":"Documento aprobado correctamente","VERSION":"1","ACTIVO":"1","FECHA_CREACION":"2026-03-23 19:56:13","FECHA_ACTUALIZACION":"2026-03-23 19:56:13","ID_TIPO_DOCUMENTO_PREPROFESIONAL":"1","TIPO_DOCUMENTO_CODIGO":"PPR-001","TIPO_DOCUMENTO_NOMBRE":"Oficio de Asignaci\u00f3n de Tutor","TIPO_DOCUMENTO_DESCRIPCION":"Documento oficial emitido por la coordinaci\u00f3n de la carrera que designa al docente responsable de la tutor\u00eda y seguimiento de las pr\u00e1cticas de servicio comunitario del estudiante.","TIPO_DOCUMENTO_ORDEN":"1","TIPO_DOCUMENTO_OBLIGATORIO":"1","ESTADO_REVISION":"Aprobado","ID_ESTUDIANTE":"1","ENTIDAD_RECEPTORA":"Hospital San Vicente de Pa\u00fal","ESTUDIANTE_NOMBRE":"Juan Carlos P\u00e9rez L\u00f3pez","NOMBRE_ESTUDIANTE":"Juan Carlos","APELLIDO_ESTUDIANTE":"P\u00e9rez L\u00f3pez","CEDULA_ESTUDIANTE":"1001234567"}]
DEBUG - 2026-03-24 16:03:38 --> Session: Class initialized using 'CodeIgniter\Session\Handlers\FileHandler' driver.
DEBUG - 2026-03-24 16:03:38 --> Consulta SQL: SELECT *
FROM `TAB_DOCUMENTOS_PRACTICAS_PREPROFESIONALES` `dp`
DEBUG - 2026-03-24 16:03:38 --> Resultados obtenidos: 9
DEBUG - 2026-03-24 16:03:38 --> Tipos de documentos en index: [{"ID_TIPO_DOCUMENTO_PREPROFESIONAL":"1","CODIGO":"PPR-001","NOMBRE":"Oficio de Asignaci\u00f3n de Tutor","DESCRIPCION":"Documento oficial emitido por la coordinaci\u00f3n de la carrera que designa al docente responsable de la tutor\u00eda y seguimiento de las pr\u00e1cticas de servicio comunitario del estudiante.","ORDEN":"1","OBLIGATORIO":"1","ACTIVO":"1","FECHA_CREACION":"2026-03-23 19:56:13","FECHA_ACTUALIZACION":"2026-03-23 19:56:13","REQUERIDO":"1"},{"ID_TIPO_DOCUMENTO_PREPROFESIONAL":"2","CODIGO":"PPR-002","NOMBRE":"Oficio a Entidad Receptora","DESCRIPCION":"Carta formal enviada por el estudiante a la instituci\u00f3n \"Instituto Tecnol\u00f3gico Superior Ibarra\", con el prop\u00f3sito de solicitar la oportunidad de realizar sus pr\u00e1cticas de servicio comunitario.","ORDEN":"2","OBLIGATORIO":"1","ACTIVO":"1","FECHA_CREACION":"2026-03-23 19:56:13","FECHA_ACTUALIZACION":"2026-03-23 20:03:37","REQUERIDO":"1"},{"ID_TIPO_DOCUMENTO_PREPROFESIONAL":"3","CODIGO":"PPR-003","NOMBRE":"Carta de Aceptaci\u00f3n","DESCRIPCION":"Carta oficial de la entidad receptora \"Instituto Tecnol\u00f3gico Superior Ibarra\" que confirma la aceptaci\u00f3n del o los estudiantes para realizar las pr\u00e1cticas de servicio comunitario en sus instalaciones.","ORDEN":"3","OBLIGATORIO":"1","ACTIVO":"1","FECHA_CREACION":"2026-03-23 19:56:13","FECHA_ACTUALIZACION":"2026-03-23 19:56:13","REQUERIDO":"1"},{"ID_TIPO_DOCUMENTO_PREPROFESIONAL":"4","CODIGO":"PPR-004","NOMBRE":"Solicitud Institucional Valorada","DESCRIPCION":"Documento de solicitud formal dirigido al Sr. Rector, Dr. Mario Montenegro, pidiendo la aprobaci\u00f3n institucional para la realizaci\u00f3n de las pr\u00e1cticas de servicio comunitario.","ORDEN":"4","OBLIGATORIO":"1","ACTIVO":"1","FECHA_CREACION":"2026-03-23 19:56:13","FECHA_ACTUALIZACION":"2026-03-23 19:56:13","REQUERIDO":"1"},{"ID_TIPO_DOCUMENTO_PREPROFESIONAL":"5","CODIGO":"PPR-005","NOMBRE":"Certificado de Culminaci\u00f3n de Horas","DESCRIPCION":"Certificado emitido por la entidad receptora \"Instituto Tecnol\u00f3gico Superior Ibarra\" que acredita que el estudiante ha completado las 60 horas requeridas de pr\u00e1cticas de servicio comunitario.","ORDEN":"5","OBLIGATORIO":"1","ACTIVO":"1","FECHA_CREACION":"2026-03-23 19:56:13","FECHA_ACTUALIZACION":"2026-03-23 19:56:13","REQUERIDO":"1"},{"ID_TIPO_DOCUMENTO_PREPROFESIONAL":"6","CODIGO":"PPR-006","NOMBRE":"Hojas de Asistencia","DESCRIPCION":"Registro f\u00edsico de la asistencia del estudiante en la entidad receptora. Incluye las firmas y sellos para validar las horas de trabajo.","ORDEN":"6","OBLIGATORIO":"1","ACTIVO":"1","FECHA_CREACION":"2026-03-23 19:56:13","FECHA_ACTUALIZACION":"2026-03-23 19:56:13","REQUERIDO":"1"},{"ID_TIPO_DOCUMENTO_PREPROFESIONAL":"7","CODIGO":"PPR-007","NOMBRE":"Ficha de Registro de Actividades","DESCRIPCION":"Documento detallado en el que el estudiante registra las actividades espec\u00edficas realizadas durante sus pr\u00e1cticas, incluyendo fechas y descripciones.","ORDEN":"7","OBLIGATORIO":"1","ACTIVO":"1","FECHA_CREACION":"2026-03-23 19:56:13","FECHA_ACTUALIZACION":"2026-03-23 19:56:13","REQUERIDO":"1"},{"ID_TIPO_DOCUMENTO_PREPROFESIONAL":"8","CODIGO":"PPR-008","NOMBRE":"R\u00fabrica de Evaluaci\u00f3n de Entidad","DESCRIPCION":"Formulario de evaluaci\u00f3n del desempe\u00f1o del estudiante, llenado y sellado por la entidad receptora. Valora aspectos como la responsabilidad, la proactividad y la calidad del trabajo.","ORDEN":"8","OBLIGATORIO":"1","ACTIVO":"1","FECHA_CREACION":"2026-03-23 19:56:13","FECHA_ACTUALIZACION":"2026-03-23 19:56:13","REQUERIDO":"1"},{"ID_TIPO_DOCUMENTO_PREPROFESIONAL":"9","CODIGO":"PPR-009","NOMBRE":"Ficha de Control y Seguimiento Docente","DESCRIPCION":"Documento utilizado por el tutor docente para registrar el seguimiento acad\u00e9mico del estudiante durante las pr\u00e1cticas. Incluye visitas o revisiones peri\u00f3dicas.","ORDEN":"9","OBLIGATORIO":"1","ACTIVO":"1","FECHA_CREACION":"2026-03-23 19:56:13","FECHA_ACTUALIZACION":"2026-03-23 19:56:13","REQUERIDO":"1"},{"ID_TIPO_DOCUMENTO_PREPROFESIONAL":"10","CODIGO":"PPR-010","NOMBRE":"R\u00fabrica de Evaluaci\u00f3n Docente","DESCRIPCION":"R\u00fabrica de evaluaci\u00f3n llenada y firmada por el tutor docente. Califica el desempe\u00f1o del estudiante en base a los criterios acad\u00e9micos del programa.","ORDEN":"10","OBLIGATORIO":"1","ACTIVO":"1","FECHA_CREACION":"2026-03-23 19:56:13","FECHA_ACTUALIZACION":"2026-03-23 19:56:13","REQUERIDO":"1"},{"ID_TIPO_DOCUMENTO_PREPROFESIONAL":"11","CODIGO":"PPR-011","NOMBRE":"R\u00fabrica de Evaluaci\u00f3n de Resultados","DESCRIPCION":"Evaluaci\u00f3n final realizada por el Departamento de Vinculaci\u00f3n con la Sociedad, que valora los resultados y el impacto del proyecto de servicio comunitario en su conjunto.","ORDEN":"11","OBLIGATORIO":"1","ACTIVO":"1","FECHA_CREACION":"2026-03-23 19:56:13","FECHA_ACTUALIZACION":"2026-03-23 19:56:13","REQUERIDO":"1"},{"ID_TIPO_DOCUMENTO_PREPROFESIONAL":"12","CODIGO":"PPR-012","NOMBRE":"Evidencia Fotogr\u00e1fica y Digital","DESCRIPCION":"Material de apoyo visual y digital, como fotos, capturas, videos o impresiones, que documenta y comprueba la realizaci\u00f3n de las actividades y trabajos del proyecto.","ORDEN":"12","OBLIGATORIO":"1","ACTIVO":"1","FECHA_CREACION":"2026-03-23 19:56:13","FECHA_ACTUALIZACION":"2026-03-23 19:56:13","REQUERIDO":"1"}]
DEBUG - 2026-03-24 16:03:39 --> Session: Class initialized using 'CodeIgniter\Session\Handlers\FileHandler' driver.
DEBUG - 2026-03-24 16:03:39 --> Consulta SQL: SELECT *
FROM `TAB_DOCUMENTOS_PRACTICAS_PREPROFESIONALES` `dp`
DEBUG - 2026-03-24 16:03:39 --> Resultados obtenidos: 9
DEBUG - 2026-03-24 16:03:39 --> Documentos obtenidos: [{"ID_DOCUMENTO_PREPROFESIONAL":"17","ID_PRACTICA_PREPROFESIONAL":"2","ID_TIPO_DOCUMENTO":"9","ID_ESTADO_REVISION":"4","NOMBRE_ARCHIVO":"ficha_control_seguimiento_002_20250920.pdf","NOMBRE_ORIGINAL":"Ficha Control Seguimiento - Mar\u00eda.pdf","TIPO_ARCHIVO":"application\/pdf","TAMANO_ARCHIVO":"112233","RUTA_ARCHIVO":"\/uploads\/documentos-practicas\/","FECHA_SUBIDA":"2025-09-20 10:15:00","FECHA_REVISION":"2025-09-20 12:45:00","ID_REVISOR":"5","OBSERVACIONES":"Ficha de control y seguimiento docente","OBSERVACIONES_REVISOR":"Faltan las firmas del tutor docente, documento inv\u00e1lido","VERSION":"1","ACTIVO":"1","FECHA_CREACION":"2026-03-23 19:56:13","FECHA_ACTUALIZACION":"2026-03-23 19:56:13","ID_TIPO_DOCUMENTO_PREPROFESIONAL":"9","TIPO_DOCUMENTO_CODIGO":"PPR-009","TIPO_DOCUMENTO_NOMBRE":"Ficha de Control y Seguimiento Docente","TIPO_DOCUMENTO_DESCRIPCION":"Documento utilizado por el tutor docente para registrar el seguimiento acad\u00e9mico del estudiante durante las pr\u00e1cticas. Incluye visitas o revisiones peri\u00f3dicas.","TIPO_DOCUMENTO_ORDEN":"9","TIPO_DOCUMENTO_OBLIGATORIO":"1","ESTADO_REVISION":"Rechazado","ID_ESTUDIANTE":"2","ENTIDAD_RECEPTORA":"Banco del Pac\u00edfico","ESTUDIANTE_NOMBRE":"Mar\u00eda Elena Garc\u00eda Torres","NOMBRE_ESTUDIANTE":"Mar\u00eda Elena","APELLIDO_ESTUDIANTE":"Garc\u00eda Torres","CEDULA_ESTUDIANTE":"1002345678"},{"ID_DOCUMENTO_PREPROFESIONAL":"15","ID_PRACTICA_PREPROFESIONAL":"2","ID_TIPO_DOCUMENTO":"7","ID_ESTADO_REVISION":"5","NOMBRE_ARCHIVO":"ficha_registro_actividades_002_20250915.pdf","NOMBRE_ORIGINAL":"Ficha Registro Actividades - Mar\u00eda.pdf","TIPO_ARCHIVO":"application\/pdf","TAMANO_ARCHIVO":"98765","RUTA_ARCHIVO":"\/uploads\/documentos-practicas\/","FECHA_SUBIDA":"2025-09-15 11:30:00","FECHA_REVISION":"2025-09-15 14:20:00","ID_REVISOR":"5","OBSERVACIONES":"Ficha de registro de actividades","OBSERVACIONES_REVISOR":"Descripci\u00f3n de actividades muy general, especificar m\u00e1s detalles","VERSION":"1","ACTIVO":"1","FECHA_CREACION":"2026-03-23 19:56:13","FECHA_ACTUALIZACION":"2026-03-23 19:56:13","ID_TIPO_DOCUMENTO_PREPROFESIONAL":"7","TIPO_DOCUMENTO_CODIGO":"PPR-007","TIPO_DOCUMENTO_NOMBRE":"Ficha de Registro de Actividades","TIPO_DOCUMENTO_DESCRIPCION":"Documento detallado en el que el estudiante registra las actividades espec\u00edficas realizadas durante sus pr\u00e1cticas, incluyendo fechas y descripciones.","TIPO_DOCUMENTO_ORDEN":"7","TIPO_DOCUMENTO_OBLIGATORIO":"1","ESTADO_REVISION":"Requiere Correcci\u00f3n","ID_ESTUDIANTE":"2","ENTIDAD_RECEPTORA":"Banco del Pac\u00edfico","ESTUDIANTE_NOMBRE":"Mar\u00eda Elena Garc\u00eda Torres","NOMBRE_ESTUDIANTE":"Mar\u00eda Elena","APELLIDO_ESTUDIANTE":"Garc\u00eda Torres","CEDULA_ESTUDIANTE":"1002345678"},{"ID_DOCUMENTO_PREPROFESIONAL":"14","ID_PRACTICA_PREPROFESIONAL":"1","ID_TIPO_DOCUMENTO":"6","ID_ESTADO_REVISION":"5","NOMBRE_ARCHIVO":"hojas_asistencia_001_20250830.pdf","NOMBRE_ORIGINAL":"Hojas de Asistencia - Juan Carlos.pdf","TIPO_ARCHIVO":"application\/pdf","TAMANO_ARCHIVO":"123456","RUTA_ARCHIVO":"\/uploads\/documentos-practicas\/","FECHA_SUBIDA":"2025-08-30 16:15:00","FECHA_REVISION":"2025-08-30 17:45:00","ID_REVISOR":"4","OBSERVACIONES":"Hojas de asistencia completas","OBSERVACIONES_REVISOR":"Faltan firmas en algunas fechas, corregir y volver a subir","VERSION":"1","ACTIVO":"1","FECHA_CREACION":"2026-03-23 19:56:13","FECHA_ACTUALIZACION":"2026-03-23 19:56:13","ID_TIPO_DOCUMENTO_PREPROFESIONAL":"6","TIPO_DOCUMENTO_CODIGO":"PPR-006","TIPO_DOCUMENTO_NOMBRE":"Hojas de Asistencia","TIPO_DOCUMENTO_DESCRIPCION":"Registro f\u00edsico de la asistencia del estudiante en la entidad receptora. Incluye las firmas y sellos para validar las horas de trabajo.","TIPO_DOCUMENTO_ORDEN":"6","TIPO_DOCUMENTO_OBLIGATORIO":"1","ESTADO_REVISION":"Requiere Correcci\u00f3n","ID_ESTUDIANTE":"1","ENTIDAD_RECEPTORA":"Hospital San Vicente de Pa\u00fal","ESTUDIANTE_NOMBRE":"Juan Carlos P\u00e9rez L\u00f3pez","NOMBRE_ESTUDIANTE":"Juan Carlos","APELLIDO_ESTUDIANTE":"P\u00e9rez L\u00f3pez","CEDULA_ESTUDIANTE":"1001234567"},{"ID_DOCUMENTO_PREPROFESIONAL":"16","ID_PRACTICA_PREPROFESIONAL":"1","ID_TIPO_DOCUMENTO":"8","ID_ESTADO_REVISION":"4","NOMBRE_ARCHIVO":"rubrica_evaluacion_entidad_001_20250825.pdf","NOMBRE_ORIGINAL":"R\u00fabrica Evaluaci\u00f3n Entidad - Juan.pdf","TIPO_ARCHIVO":"application\/pdf","TAMANO_ARCHIVO":"87654","RUTA_ARCHIVO":"\/uploads\/documentos-practicas\/","FECHA_SUBIDA":"2025-08-25 15:00:00","FECHA_REVISION":"2025-08-25 16:30:00","ID_REVISOR":"4","OBSERVACIONES":"R\u00fabrica de evaluaci\u00f3n de entidad","OBSERVACIONES_REVISOR":"Documento no tiene sello oficial de la entidad, rechazado","VERSION":"1","ACTIVO":"1","FECHA_CREACION":"2026-03-23 19:56:13","FECHA_ACTUALIZACION":"2026-03-23 19:56:13","ID_TIPO_DOCUMENTO_PREPROFESIONAL":"8","TIPO_DOCUMENTO_CODIGO":"PPR-008","TIPO_DOCUMENTO_NOMBRE":"R\u00fabrica de Evaluaci\u00f3n de Entidad","TIPO_DOCUMENTO_DESCRIPCION":"Formulario de evaluaci\u00f3n del desempe\u00f1o del estudiante, llenado y sellado por la entidad receptora. Valora aspectos como la responsabilidad, la proactividad y la calidad del trabajo.","TIPO_DOCUMENTO_ORDEN":"8","TIPO_DOCUMENTO_OBLIGATORIO":"1","ESTADO_REVISION":"Rechazado","ID_ESTUDIANTE":"1","ENTIDAD_RECEPTORA":"Hospital San Vicente de Pa\u00fal","ESTUDIANTE_NOMBRE":"Juan Carlos P\u00e9rez L\u00f3pez","NOMBRE_ESTUDIANTE":"Juan Carlos","APELLIDO_ESTUDIANTE":"P\u00e9rez L\u00f3pez","CEDULA_ESTUDIANTE":"1001234567"},{"ID_DOCUMENTO_PREPROFESIONAL":"5","ID_PRACTICA_PREPROFESIONAL":"2","ID_TIPO_DOCUMENTO":"2","ID_ESTADO_REVISION":"3","NOMBRE_ARCHIVO":"oficio_entidad_receptora_002_20250702.pdf","NOMBRE_ORIGINAL":"Oficio Entidad Receptora - Banco.pdf","TIPO_ARCHIVO":"application\/pdf","TAMANO_ARCHIVO":"178944","RUTA_ARCHIVO":"\/uploads\/documentos-practicas\/","FECHA_SUBIDA":"2025-07-02 15:45:00","FECHA_REVISION":"2025-07-02 17:20:00","ID_REVISOR":"5","OBSERVACIONES":"Oficio enviado a la entidad receptora","OBSERVACIONES_REVISOR":"Oficio formal y bien estructurado","VERSION":"1","ACTIVO":"1","FECHA_CREACION":"2026-03-23 19:56:13","FECHA_ACTUALIZACION":"2026-03-23 19:56:13","ID_TIPO_DOCUMENTO_PREPROFESIONAL":"2","TIPO_DOCUMENTO_CODIGO":"PPR-002","TIPO_DOCUMENTO_NOMBRE":"Oficio a Entidad Receptora","TIPO_DOCUMENTO_DESCRIPCION":"Carta formal enviada por el estudiante a la instituci\u00f3n \"Instituto Tecnol\u00f3gico Superior Ibarra\", con el prop\u00f3sito de solicitar la oportunidad de realizar sus pr\u00e1cticas de servicio comunitario.","TIPO_DOCUMENTO_ORDEN":"2","TIPO_DOCUMENTO_OBLIGATORIO":"1","ESTADO_REVISION":"Aprobado","ID_ESTUDIANTE":"2","ENTIDAD_RECEPTORA":"Banco del Pac\u00edfico","ESTUDIANTE_NOMBRE":"Mar\u00eda Elena Garc\u00eda Torres","NOMBRE_ESTUDIANTE":"Mar\u00eda Elena","APELLIDO_ESTUDIANTE":"Garc\u00eda Torres","CEDULA_ESTUDIANTE":"1002345678"},{"ID_DOCUMENTO_PREPROFESIONAL":"4","ID_PRACTICA_PREPROFESIONAL":"2","ID_TIPO_DOCUMENTO":"1","ID_ESTADO_REVISION":"3","NOMBRE_ARCHIVO":"oficio_asignacion_tutor_002_20250701.pdf","NOMBRE_ORIGINAL":"Oficio Asignaci\u00f3n Tutor - Mar\u00eda Elena.pdf","TIPO_ARCHIVO":"application\/pdf","TAMANO_ARCHIVO":"234880","RUTA_ARCHIVO":"\/uploads\/documentos-practicas\/","FECHA_SUBIDA":"2025-07-01 11:00:00","FECHA_REVISION":"2025-07-01 13:15:00","ID_REVISOR":"5","OBSERVACIONES":"Documento oficial de asignaci\u00f3n","OBSERVACIONES_REVISOR":"Asignaci\u00f3n correcta del tutor","VERSION":"1","ACTIVO":"1","FECHA_CREACION":"2026-03-23 19:56:13","FECHA_ACTUALIZACION":"2026-03-23 19:56:13","ID_TIPO_DOCUMENTO_PREPROFESIONAL":"1","TIPO_DOCUMENTO_CODIGO":"PPR-001","TIPO_DOCUMENTO_NOMBRE":"Oficio de Asignaci\u00f3n de Tutor","TIPO_DOCUMENTO_DESCRIPCION":"Documento oficial emitido por la coordinaci\u00f3n de la carrera que designa al docente responsable de la tutor\u00eda y seguimiento de las pr\u00e1cticas de servicio comunitario del estudiante.","TIPO_DOCUMENTO_ORDEN":"1","TIPO_DOCUMENTO_OBLIGATORIO":"1","ESTADO_REVISION":"Aprobado","ID_ESTUDIANTE":"2","ENTIDAD_RECEPTORA":"Banco del Pac\u00edfico","ESTUDIANTE_NOMBRE":"Mar\u00eda Elena Garc\u00eda Torres","NOMBRE_ESTUDIANTE":"Mar\u00eda Elena","APELLIDO_ESTUDIANTE":"Garc\u00eda Torres","CEDULA_ESTUDIANTE":"1002345678"},{"ID_DOCUMENTO_PREPROFESIONAL":"3","ID_PRACTICA_PREPROFESIONAL":"1","ID_TIPO_DOCUMENTO":"3","ID_ESTADO_REVISION":"3","NOMBRE_ARCHIVO":"carta_aceptacion_001_20250603.pdf","NOMBRE_ORIGINAL":"Carta Aceptaci\u00f3n - Hospital.pdf","TIPO_ARCHIVO":"application\/pdf","TAMANO_ARCHIVO":"156672","RUTA_ARCHIVO":"\/uploads\/documentos-practicas\/","FECHA_SUBIDA":"2025-06-03 09:15:00","FECHA_REVISION":"2025-06-03 11:20:00","ID_REVISOR":"4","OBSERVACIONES":"Carta de aceptaci\u00f3n de la entidad","OBSERVACIONES_REVISOR":"Carta oficial con sello institucional","VERSION":"1","ACTIVO":"1","FECHA_CREACION":"2026-03-23 19:56:13","FECHA_ACTUALIZACION":"2026-03-23 19:56:13","ID_TIPO_DOCUMENTO_PREPROFESIONAL":"3","TIPO_DOCUMENTO_CODIGO":"PPR-003","TIPO_DOCUMENTO_NOMBRE":"Carta de Aceptaci\u00f3n","TIPO_DOCUMENTO_DESCRIPCION":"Carta oficial de la entidad receptora \"Instituto Tecnol\u00f3gico Superior Ibarra\" que confirma la aceptaci\u00f3n del o los estudiantes para realizar las pr\u00e1cticas de servicio comunitario en sus instalaciones.","TIPO_DOCUMENTO_ORDEN":"3","TIPO_DOCUMENTO_OBLIGATORIO":"1","ESTADO_REVISION":"Aprobado","ID_ESTUDIANTE":"1","ENTIDAD_RECEPTORA":"Hospital San Vicente de Pa\u00fal","ESTUDIANTE_NOMBRE":"Juan Carlos P\u00e9rez L\u00f3pez","NOMBRE_ESTUDIANTE":"Juan Carlos","APELLIDO_ESTUDIANTE":"P\u00e9rez L\u00f3pez","CEDULA_ESTUDIANTE":"1001234567"},{"ID_DOCUMENTO_PREPROFESIONAL":"2","ID_PRACTICA_PREPROFESIONAL":"1","ID_TIPO_DOCUMENTO":"2","ID_ESTADO_REVISION":"3","NOMBRE_ARCHIVO":"oficio_entidad_receptora_001_20250602.pdf","NOMBRE_ORIGINAL":"Oficio Entidad Receptora - Hospital.pdf","TIPO_ARCHIVO":"application\/pdf","TAMANO_ARCHIVO":"189440","RUTA_ARCHIVO":"\/uploads\/documentos-practicas\/","FECHA_SUBIDA":"2025-06-02 14:30:00","FECHA_REVISION":"2025-06-02 16:45:00","ID_REVISOR":"4","OBSERVACIONES":"Oficio enviado a la entidad receptora","OBSERVACIONES_REVISOR":"Oficio bien redactado y formal","VERSION":"1","ACTIVO":"1","FECHA_CREACION":"2026-03-23 19:56:13","FECHA_ACTUALIZACION":"2026-03-23 19:56:13","ID_TIPO_DOCUMENTO_PREPROFESIONAL":"2","TIPO_DOCUMENTO_CODIGO":"PPR-002","TIPO_DOCUMENTO_NOMBRE":"Oficio a Entidad Receptora","TIPO_DOCUMENTO_DESCRIPCION":"Carta formal enviada por el estudiante a la instituci\u00f3n \"Instituto Tecnol\u00f3gico Superior Ibarra\", con el prop\u00f3sito de solicitar la oportunidad de realizar sus pr\u00e1cticas de servicio comunitario.","TIPO_DOCUMENTO_ORDEN":"2","TIPO_DOCUMENTO_OBLIGATORIO":"1","ESTADO_REVISION":"Aprobado","ID_ESTUDIANTE":"1","ENTIDAD_RECEPTORA":"Hospital San Vicente de Pa\u00fal","ESTUDIANTE_NOMBRE":"Juan Carlos P\u00e9rez L\u00f3pez","NOMBRE_ESTUDIANTE":"Juan Carlos","APELLIDO_ESTUDIANTE":"P\u00e9rez L\u00f3pez","CEDULA_ESTUDIANTE":"1001234567"},{"ID_DOCUMENTO_PREPROFESIONAL":"1","ID_PRACTICA_PREPROFESIONAL":"1","ID_TIPO_DOCUMENTO":"1","ID_ESTADO_REVISION":"3","NOMBRE_ARCHIVO":"oficio_asignacion_tutor_001_20250601.pdf","NOMBRE_ORIGINAL":"Oficio Asignaci\u00f3n Tutor - Juan Carlos.pdf","TIPO_ARCHIVO":"application\/pdf","TAMANO_ARCHIVO":"245760","RUTA_ARCHIVO":"\/uploads\/documentos-practicas\/","FECHA_SUBIDA":"2025-06-01 10:00:00","FECHA_REVISION":"2025-06-01 14:30:00","ID_REVISOR":"4","OBSERVACIONES":"Documento oficial de asignaci\u00f3n","OBSERVACIONES_REVISOR":"Documento aprobado correctamente","VERSION":"1","ACTIVO":"1","FECHA_CREACION":"2026-03-23 19:56:13","FECHA_ACTUALIZACION":"2026-03-23 19:56:13","ID_TIPO_DOCUMENTO_PREPROFESIONAL":"1","TIPO_DOCUMENTO_CODIGO":"PPR-001","TIPO_DOCUMENTO_NOMBRE":"Oficio de Asignaci\u00f3n de Tutor","TIPO_DOCUMENTO_DESCRIPCION":"Documento oficial emitido por la coordinaci\u00f3n de la carrera que designa al docente responsable de la tutor\u00eda y seguimiento de las pr\u00e1cticas de servicio comunitario del estudiante.","TIPO_DOCUMENTO_ORDEN":"1","TIPO_DOCUMENTO_OBLIGATORIO":"1","ESTADO_REVISION":"Aprobado","ID_ESTUDIANTE":"1","ENTIDAD_RECEPTORA":"Hospital San Vicente de Pa\u00fal","ESTUDIANTE_NOMBRE":"Juan Carlos P\u00e9rez L\u00f3pez","NOMBRE_ESTUDIANTE":"Juan Carlos","APELLIDO_ESTUDIANTE":"P\u00e9rez L\u00f3pez","CEDULA_ESTUDIANTE":"1001234567"}]
DEBUG - 2026-03-24 16:04:07 --> Session: Class initialized using 'CodeIgniter\Session\Handlers\FileHandler' driver.
DEBUG - 2026-03-24 16:04:07 --> Consulta SQL: SELECT *
FROM `TAB_DOCUMENTOS_PRACTICAS_PREPROFESIONALES` `dp`
DEBUG - 2026-03-24 16:04:07 --> Resultados obtenidos: 9
DEBUG - 2026-03-24 16:04:07 --> Tipos de documentos en index: [{"ID_TIPO_DOCUMENTO_PREPROFESIONAL":"1","CODIGO":"PPR-001","NOMBRE":"Oficio de Asignaci\u00f3n de Tutor","DESCRIPCION":"Documento oficial emitido por la coordinaci\u00f3n de la carrera que designa al docente responsable de la tutor\u00eda y seguimiento de las pr\u00e1cticas de servicio comunitario del estudiante.","ORDEN":"1","OBLIGATORIO":"1","ACTIVO":"1","FECHA_CREACION":"2026-03-23 19:56:13","FECHA_ACTUALIZACION":"2026-03-23 19:56:13","REQUERIDO":"1"},{"ID_TIPO_DOCUMENTO_PREPROFESIONAL":"2","CODIGO":"PPR-002","NOMBRE":"Oficio a Entidad Receptora","DESCRIPCION":"Carta formal enviada por el estudiante a la instituci\u00f3n \"Instituto Tecnol\u00f3gico Superior Ibarra\", con el prop\u00f3sito de solicitar la oportunidad de realizar sus pr\u00e1cticas de servicio comunitario.","ORDEN":"2","OBLIGATORIO":"1","ACTIVO":"1","FECHA_CREACION":"2026-03-23 19:56:13","FECHA_ACTUALIZACION":"2026-03-23 20:03:37","REQUERIDO":"1"},{"ID_TIPO_DOCUMENTO_PREPROFESIONAL":"3","CODIGO":"PPR-003","NOMBRE":"Carta de Aceptaci\u00f3n","DESCRIPCION":"Carta oficial de la entidad receptora \"Instituto Tecnol\u00f3gico Superior Ibarra\" que confirma la aceptaci\u00f3n del o los estudiantes para realizar las pr\u00e1cticas de servicio comunitario en sus instalaciones.","ORDEN":"3","OBLIGATORIO":"1","ACTIVO":"1","FECHA_CREACION":"2026-03-23 19:56:13","FECHA_ACTUALIZACION":"2026-03-23 19:56:13","REQUERIDO":"1"},{"ID_TIPO_DOCUMENTO_PREPROFESIONAL":"4","CODIGO":"PPR-004","NOMBRE":"Solicitud Institucional Valorada","DESCRIPCION":"Documento de solicitud formal dirigido al Sr. Rector, Dr. Mario Montenegro, pidiendo la aprobaci\u00f3n institucional para la realizaci\u00f3n de las pr\u00e1cticas de servicio comunitario.","ORDEN":"4","OBLIGATORIO":"1","ACTIVO":"1","FECHA_CREACION":"2026-03-23 19:56:13","FECHA_ACTUALIZACION":"2026-03-23 19:56:13","REQUERIDO":"1"},{"ID_TIPO_DOCUMENTO_PREPROFESIONAL":"5","CODIGO":"PPR-005","NOMBRE":"Certificado de Culminaci\u00f3n de Horas","DESCRIPCION":"Certificado emitido por la entidad receptora \"Instituto Tecnol\u00f3gico Superior Ibarra\" que acredita que el estudiante ha completado las 60 horas requeridas de pr\u00e1cticas de servicio comunitario.","ORDEN":"5","OBLIGATORIO":"1","ACTIVO":"1","FECHA_CREACION":"2026-03-23 19:56:13","FECHA_ACTUALIZACION":"2026-03-23 19:56:13","REQUERIDO":"1"},{"ID_TIPO_DOCUMENTO_PREPROFESIONAL":"6","CODIGO":"PPR-006","NOMBRE":"Hojas de Asistencia","DESCRIPCION":"Registro f\u00edsico de la asistencia del estudiante en la entidad receptora. Incluye las firmas y sellos para validar las horas de trabajo.","ORDEN":"6","OBLIGATORIO":"1","ACTIVO":"1","FECHA_CREACION":"2026-03-23 19:56:13","FECHA_ACTUALIZACION":"2026-03-23 19:56:13","REQUERIDO":"1"},{"ID_TIPO_DOCUMENTO_PREPROFESIONAL":"7","CODIGO":"PPR-007","NOMBRE":"Ficha de Registro de Actividades","DESCRIPCION":"Documento detallado en el que el estudiante registra las actividades espec\u00edficas realizadas durante sus pr\u00e1cticas, incluyendo fechas y descripciones.","ORDEN":"7","OBLIGATORIO":"1","ACTIVO":"1","FECHA_CREACION":"2026-03-23 19:56:13","FECHA_ACTUALIZACION":"2026-03-23 19:56:13","REQUERIDO":"1"},{"ID_TIPO_DOCUMENTO_PREPROFESIONAL":"8","CODIGO":"PPR-008","NOMBRE":"R\u00fabrica de Evaluaci\u00f3n de Entidad","DESCRIPCION":"Formulario de evaluaci\u00f3n del desempe\u00f1o del estudiante, llenado y sellado por la entidad receptora. Valora aspectos como la responsabilidad, la proactividad y la calidad del trabajo.","ORDEN":"8","OBLIGATORIO":"1","ACTIVO":"1","FECHA_CREACION":"2026-03-23 19:56:13","FECHA_ACTUALIZACION":"2026-03-23 19:56:13","REQUERIDO":"1"},{"ID_TIPO_DOCUMENTO_PREPROFESIONAL":"9","CODIGO":"PPR-009","NOMBRE":"Ficha de Control y Seguimiento Docente","DESCRIPCION":"Documento utilizado por el tutor docente para registrar el seguimiento acad\u00e9mico del estudiante durante las pr\u00e1cticas. Incluye visitas o revisiones peri\u00f3dicas.","ORDEN":"9","OBLIGATORIO":"1","ACTIVO":"1","FECHA_CREACION":"2026-03-23 19:56:13","FECHA_ACTUALIZACION":"2026-03-23 19:56:13","REQUERIDO":"1"},{"ID_TIPO_DOCUMENTO_PREPROFESIONAL":"10","CODIGO":"PPR-010","NOMBRE":"R\u00fabrica de Evaluaci\u00f3n Docente","DESCRIPCION":"R\u00fabrica de evaluaci\u00f3n llenada y firmada por el tutor docente. Califica el desempe\u00f1o del estudiante en base a los criterios acad\u00e9micos del programa.","ORDEN":"10","OBLIGATORIO":"1","ACTIVO":"1","FECHA_CREACION":"2026-03-23 19:56:13","FECHA_ACTUALIZACION":"2026-03-23 19:56:13","REQUERIDO":"1"},{"ID_TIPO_DOCUMENTO_PREPROFESIONAL":"11","CODIGO":"PPR-011","NOMBRE":"R\u00fabrica de Evaluaci\u00f3n de Resultados","DESCRIPCION":"Evaluaci\u00f3n final realizada por el Departamento de Vinculaci\u00f3n con la Sociedad, que valora los resultados y el impacto del proyecto de servicio comunitario en su conjunto.","ORDEN":"11","OBLIGATORIO":"1","ACTIVO":"1","FECHA_CREACION":"2026-03-23 19:56:13","FECHA_ACTUALIZACION":"2026-03-23 19:56:13","REQUERIDO":"1"},{"ID_TIPO_DOCUMENTO_PREPROFESIONAL":"12","CODIGO":"PPR-012","NOMBRE":"Evidencia Fotogr\u00e1fica y Digital","DESCRIPCION":"Material de apoyo visual y digital, como fotos, capturas, videos o impresiones, que documenta y comprueba la realizaci\u00f3n de las actividades y trabajos del proyecto.","ORDEN":"12","OBLIGATORIO":"1","ACTIVO":"1","FECHA_CREACION":"2026-03-23 19:56:13","FECHA_ACTUALIZACION":"2026-03-23 19:56:13","REQUERIDO":"1"}]
DEBUG - 2026-03-24 16:04:07 --> Session: Class initialized using 'CodeIgniter\Session\Handlers\FileHandler' driver.
DEBUG - 2026-03-24 16:04:07 --> Consulta SQL: SELECT *
FROM `TAB_DOCUMENTOS_PRACTICAS_PREPROFESIONALES` `dp`
DEBUG - 2026-03-24 16:04:07 --> Resultados obtenidos: 9
DEBUG - 2026-03-24 16:04:07 --> Documentos obtenidos: [{"ID_DOCUMENTO_PREPROFESIONAL":"17","ID_PRACTICA_PREPROFESIONAL":"2","ID_TIPO_DOCUMENTO":"9","ID_ESTADO_REVISION":"4","NOMBRE_ARCHIVO":"ficha_control_seguimiento_002_20250920.pdf","NOMBRE_ORIGINAL":"Ficha Control Seguimiento - Mar\u00eda.pdf","TIPO_ARCHIVO":"application\/pdf","TAMANO_ARCHIVO":"112233","RUTA_ARCHIVO":"\/uploads\/documentos-practicas\/","FECHA_SUBIDA":"2025-09-20 10:15:00","FECHA_REVISION":"2025-09-20 12:45:00","ID_REVISOR":"5","OBSERVACIONES":"Ficha de control y seguimiento docente","OBSERVACIONES_REVISOR":"Faltan las firmas del tutor docente, documento inv\u00e1lido","VERSION":"1","ACTIVO":"1","FECHA_CREACION":"2026-03-23 19:56:13","FECHA_ACTUALIZACION":"2026-03-23 19:56:13","ID_TIPO_DOCUMENTO_PREPROFESIONAL":"9","TIPO_DOCUMENTO_CODIGO":"PPR-009","TIPO_DOCUMENTO_NOMBRE":"Ficha de Control y Seguimiento Docente","TIPO_DOCUMENTO_DESCRIPCION":"Documento utilizado por el tutor docente para registrar el seguimiento acad\u00e9mico del estudiante durante las pr\u00e1cticas. Incluye visitas o revisiones peri\u00f3dicas.","TIPO_DOCUMENTO_ORDEN":"9","TIPO_DOCUMENTO_OBLIGATORIO":"1","ESTADO_REVISION":"Rechazado","ID_ESTUDIANTE":"2","ENTIDAD_RECEPTORA":"Banco del Pac\u00edfico","ESTUDIANTE_NOMBRE":"Mar\u00eda Elena Garc\u00eda Torres","NOMBRE_ESTUDIANTE":"Mar\u00eda Elena","APELLIDO_ESTUDIANTE":"Garc\u00eda Torres","CEDULA_ESTUDIANTE":"1002345678"},{"ID_DOCUMENTO_PREPROFESIONAL":"15","ID_PRACTICA_PREPROFESIONAL":"2","ID_TIPO_DOCUMENTO":"7","ID_ESTADO_REVISION":"5","NOMBRE_ARCHIVO":"ficha_registro_actividades_002_20250915.pdf","NOMBRE_ORIGINAL":"Ficha Registro Actividades - Mar\u00eda.pdf","TIPO_ARCHIVO":"application\/pdf","TAMANO_ARCHIVO":"98765","RUTA_ARCHIVO":"\/uploads\/documentos-practicas\/","FECHA_SUBIDA":"2025-09-15 11:30:00","FECHA_REVISION":"2025-09-15 14:20:00","ID_REVISOR":"5","OBSERVACIONES":"Ficha de registro de actividades","OBSERVACIONES_REVISOR":"Descripci\u00f3n de actividades muy general, especificar m\u00e1s detalles","VERSION":"1","ACTIVO":"1","FECHA_CREACION":"2026-03-23 19:56:13","FECHA_ACTUALIZACION":"2026-03-23 19:56:13","ID_TIPO_DOCUMENTO_PREPROFESIONAL":"7","TIPO_DOCUMENTO_CODIGO":"PPR-007","TIPO_DOCUMENTO_NOMBRE":"Ficha de Registro de Actividades","TIPO_DOCUMENTO_DESCRIPCION":"Documento detallado en el que el estudiante registra las actividades espec\u00edficas realizadas durante sus pr\u00e1cticas, incluyendo fechas y descripciones.","TIPO_DOCUMENTO_ORDEN":"7","TIPO_DOCUMENTO_OBLIGATORIO":"1","ESTADO_REVISION":"Requiere Correcci\u00f3n","ID_ESTUDIANTE":"2","ENTIDAD_RECEPTORA":"Banco del Pac\u00edfico","ESTUDIANTE_NOMBRE":"Mar\u00eda Elena Garc\u00eda Torres","NOMBRE_ESTUDIANTE":"Mar\u00eda Elena","APELLIDO_ESTUDIANTE":"Garc\u00eda Torres","CEDULA_ESTUDIANTE":"1002345678"},{"ID_DOCUMENTO_PREPROFESIONAL":"14","ID_PRACTICA_PREPROFESIONAL":"1","ID_TIPO_DOCUMENTO":"6","ID_ESTADO_REVISION":"5","NOMBRE_ARCHIVO":"hojas_asistencia_001_20250830.pdf","NOMBRE_ORIGINAL":"Hojas de Asistencia - Juan Carlos.pdf","TIPO_ARCHIVO":"application\/pdf","TAMANO_ARCHIVO":"123456","RUTA_ARCHIVO":"\/uploads\/documentos-practicas\/","FECHA_SUBIDA":"2025-08-30 16:15:00","FECHA_REVISION":"2025-08-30 17:45:00","ID_REVISOR":"4","OBSERVACIONES":"Hojas de asistencia completas","OBSERVACIONES_REVISOR":"Faltan firmas en algunas fechas, corregir y volver a subir","VERSION":"1","ACTIVO":"1","FECHA_CREACION":"2026-03-23 19:56:13","FECHA_ACTUALIZACION":"2026-03-23 19:56:13","ID_TIPO_DOCUMENTO_PREPROFESIONAL":"6","TIPO_DOCUMENTO_CODIGO":"PPR-006","TIPO_DOCUMENTO_NOMBRE":"Hojas de Asistencia","TIPO_DOCUMENTO_DESCRIPCION":"Registro f\u00edsico de la asistencia del estudiante en la entidad receptora. Incluye las firmas y sellos para validar las horas de trabajo.","TIPO_DOCUMENTO_ORDEN":"6","TIPO_DOCUMENTO_OBLIGATORIO":"1","ESTADO_REVISION":"Requiere Correcci\u00f3n","ID_ESTUDIANTE":"1","ENTIDAD_RECEPTORA":"Hospital San Vicente de Pa\u00fal","ESTUDIANTE_NOMBRE":"Juan Carlos P\u00e9rez L\u00f3pez","NOMBRE_ESTUDIANTE":"Juan Carlos","APELLIDO_ESTUDIANTE":"P\u00e9rez L\u00f3pez","CEDULA_ESTUDIANTE":"1001234567"},{"ID_DOCUMENTO_PREPROFESIONAL":"16","ID_PRACTICA_PREPROFESIONAL":"1","ID_TIPO_DOCUMENTO":"8","ID_ESTADO_REVISION":"4","NOMBRE_ARCHIVO":"rubrica_evaluacion_entidad_001_20250825.pdf","NOMBRE_ORIGINAL":"R\u00fabrica Evaluaci\u00f3n Entidad - Juan.pdf","TIPO_ARCHIVO":"application\/pdf","TAMANO_ARCHIVO":"87654","RUTA_ARCHIVO":"\/uploads\/documentos-practicas\/","FECHA_SUBIDA":"2025-08-25 15:00:00","FECHA_REVISION":"2025-08-25 16:30:00","ID_REVISOR":"4","OBSERVACIONES":"R\u00fabrica de evaluaci\u00f3n de entidad","OBSERVACIONES_REVISOR":"Documento no tiene sello oficial de la entidad, rechazado","VERSION":"1","ACTIVO":"1","FECHA_CREACION":"2026-03-23 19:56:13","FECHA_ACTUALIZACION":"2026-03-23 19:56:13","ID_TIPO_DOCUMENTO_PREPROFESIONAL":"8","TIPO_DOCUMENTO_CODIGO":"PPR-008","TIPO_DOCUMENTO_NOMBRE":"R\u00fabrica de Evaluaci\u00f3n de Entidad","TIPO_DOCUMENTO_DESCRIPCION":"Formulario de evaluaci\u00f3n del desempe\u00f1o del estudiante, llenado y sellado por la entidad receptora. Valora aspectos como la responsabilidad, la proactividad y la calidad del trabajo.","TIPO_DOCUMENTO_ORDEN":"8","TIPO_DOCUMENTO_OBLIGATORIO":"1","ESTADO_REVISION":"Rechazado","ID_ESTUDIANTE":"1","ENTIDAD_RECEPTORA":"Hospital San Vicente de Pa\u00fal","ESTUDIANTE_NOMBRE":"Juan Carlos P\u00e9rez L\u00f3pez","NOMBRE_ESTUDIANTE":"Juan Carlos","APELLIDO_ESTUDIANTE":"P\u00e9rez L\u00f3pez","CEDULA_ESTUDIANTE":"1001234567"},{"ID_DOCUMENTO_PREPROFESIONAL":"5","ID_PRACTICA_PREPROFESIONAL":"2","ID_TIPO_DOCUMENTO":"2","ID_ESTADO_REVISION":"3","NOMBRE_ARCHIVO":"oficio_entidad_receptora_002_20250702.pdf","NOMBRE_ORIGINAL":"Oficio Entidad Receptora - Banco.pdf","TIPO_ARCHIVO":"application\/pdf","TAMANO_ARCHIVO":"178944","RUTA_ARCHIVO":"\/uploads\/documentos-practicas\/","FECHA_SUBIDA":"2025-07-02 15:45:00","FECHA_REVISION":"2025-07-02 17:20:00","ID_REVISOR":"5","OBSERVACIONES":"Oficio enviado a la entidad receptora","OBSERVACIONES_REVISOR":"Oficio formal y bien estructurado","VERSION":"1","ACTIVO":"1","FECHA_CREACION":"2026-03-23 19:56:13","FECHA_ACTUALIZACION":"2026-03-23 19:56:13","ID_TIPO_DOCUMENTO_PREPROFESIONAL":"2","TIPO_DOCUMENTO_CODIGO":"PPR-002","TIPO_DOCUMENTO_NOMBRE":"Oficio a Entidad Receptora","TIPO_DOCUMENTO_DESCRIPCION":"Carta formal enviada por el estudiante a la instituci\u00f3n \"Instituto Tecnol\u00f3gico Superior Ibarra\", con el prop\u00f3sito de solicitar la oportunidad de realizar sus pr\u00e1cticas de servicio comunitario.","TIPO_DOCUMENTO_ORDEN":"2","TIPO_DOCUMENTO_OBLIGATORIO":"1","ESTADO_REVISION":"Aprobado","ID_ESTUDIANTE":"2","ENTIDAD_RECEPTORA":"Banco del Pac\u00edfico","ESTUDIANTE_NOMBRE":"Mar\u00eda Elena Garc\u00eda Torres","NOMBRE_ESTUDIANTE":"Mar\u00eda Elena","APELLIDO_ESTUDIANTE":"Garc\u00eda Torres","CEDULA_ESTUDIANTE":"1002345678"},{"ID_DOCUMENTO_PREPROFESIONAL":"4","ID_PRACTICA_PREPROFESIONAL":"2","ID_TIPO_DOCUMENTO":"1","ID_ESTADO_REVISION":"3","NOMBRE_ARCHIVO":"oficio_asignacion_tutor_002_20250701.pdf","NOMBRE_ORIGINAL":"Oficio Asignaci\u00f3n Tutor - Mar\u00eda Elena.pdf","TIPO_ARCHIVO":"application\/pdf","TAMANO_ARCHIVO":"234880","RUTA_ARCHIVO":"\/uploads\/documentos-practicas\/","FECHA_SUBIDA":"2025-07-01 11:00:00","FECHA_REVISION":"2025-07-01 13:15:00","ID_REVISOR":"5","OBSERVACIONES":"Documento oficial de asignaci\u00f3n","OBSERVACIONES_REVISOR":"Asignaci\u00f3n correcta del tutor","VERSION":"1","ACTIVO":"1","FECHA_CREACION":"2026-03-23 19:56:13","FECHA_ACTUALIZACION":"2026-03-23 19:56:13","ID_TIPO_DOCUMENTO_PREPROFESIONAL":"1","TIPO_DOCUMENTO_CODIGO":"PPR-001","TIPO_DOCUMENTO_NOMBRE":"Oficio de Asignaci\u00f3n de Tutor","TIPO_DOCUMENTO_DESCRIPCION":"Documento oficial emitido por la coordinaci\u00f3n de la carrera que designa al docente responsable de la tutor\u00eda y seguimiento de las pr\u00e1cticas de servicio comunitario del estudiante.","TIPO_DOCUMENTO_ORDEN":"1","TIPO_DOCUMENTO_OBLIGATORIO":"1","ESTADO_REVISION":"Aprobado","ID_ESTUDIANTE":"2","ENTIDAD_RECEPTORA":"Banco del Pac\u00edfico","ESTUDIANTE_NOMBRE":"Mar\u00eda Elena Garc\u00eda Torres","NOMBRE_ESTUDIANTE":"Mar\u00eda Elena","APELLIDO_ESTUDIANTE":"Garc\u00eda Torres","CEDULA_ESTUDIANTE":"1002345678"},{"ID_DOCUMENTO_PREPROFESIONAL":"3","ID_PRACTICA_PREPROFESIONAL":"1","ID_TIPO_DOCUMENTO":"3","ID_ESTADO_REVISION":"3","NOMBRE_ARCHIVO":"carta_aceptacion_001_20250603.pdf","NOMBRE_ORIGINAL":"Carta Aceptaci\u00f3n - Hospital.pdf","TIPO_ARCHIVO":"application\/pdf","TAMANO_ARCHIVO":"156672","RUTA_ARCHIVO":"\/uploads\/documentos-practicas\/","FECHA_SUBIDA":"2025-06-03 09:15:00","FECHA_REVISION":"2025-06-03 11:20:00","ID_REVISOR":"4","OBSERVACIONES":"Carta de aceptaci\u00f3n de la entidad","OBSERVACIONES_REVISOR":"Carta oficial con sello institucional","VERSION":"1","ACTIVO":"1","FECHA_CREACION":"2026-03-23 19:56:13","FECHA_ACTUALIZACION":"2026-03-23 19:56:13","ID_TIPO_DOCUMENTO_PREPROFESIONAL":"3","TIPO_DOCUMENTO_CODIGO":"PPR-003","TIPO_DOCUMENTO_NOMBRE":"Carta de Aceptaci\u00f3n","TIPO_DOCUMENTO_DESCRIPCION":"Carta oficial de la entidad receptora \"Instituto Tecnol\u00f3gico Superior Ibarra\" que confirma la aceptaci\u00f3n del o los estudiantes para realizar las pr\u00e1cticas de servicio comunitario en sus instalaciones.","TIPO_DOCUMENTO_ORDEN":"3","TIPO_DOCUMENTO_OBLIGATORIO":"1","ESTADO_REVISION":"Aprobado","ID_ESTUDIANTE":"1","ENTIDAD_RECEPTORA":"Hospital San Vicente de Pa\u00fal","ESTUDIANTE_NOMBRE":"Juan Carlos P\u00e9rez L\u00f3pez","NOMBRE_ESTUDIANTE":"Juan Carlos","APELLIDO_ESTUDIANTE":"P\u00e9rez L\u00f3pez","CEDULA_ESTUDIANTE":"1001234567"},{"ID_DOCUMENTO_PREPROFESIONAL":"2","ID_PRACTICA_PREPROFESIONAL":"1","ID_TIPO_DOCUMENTO":"2","ID_ESTADO_REVISION":"3","NOMBRE_ARCHIVO":"oficio_entidad_receptora_001_20250602.pdf","NOMBRE_ORIGINAL":"Oficio Entidad Receptora - Hospital.pdf","TIPO_ARCHIVO":"application\/pdf","TAMANO_ARCHIVO":"189440","RUTA_ARCHIVO":"\/uploads\/documentos-practicas\/","FECHA_SUBIDA":"2025-06-02 14:30:00","FECHA_REVISION":"2025-06-02 16:45:00","ID_REVISOR":"4","OBSERVACIONES":"Oficio enviado a la entidad receptora","OBSERVACIONES_REVISOR":"Oficio bien redactado y formal","VERSION":"1","ACTIVO":"1","FECHA_CREACION":"2026-03-23 19:56:13","FECHA_ACTUALIZACION":"2026-03-23 19:56:13","ID_TIPO_DOCUMENTO_PREPROFESIONAL":"2","TIPO_DOCUMENTO_CODIGO":"PPR-002","TIPO_DOCUMENTO_NOMBRE":"Oficio a Entidad Receptora","TIPO_DOCUMENTO_DESCRIPCION":"Carta formal enviada por el estudiante a la instituci\u00f3n \"Instituto Tecnol\u00f3gico Superior Ibarra\", con el prop\u00f3sito de solicitar la oportunidad de realizar sus pr\u00e1cticas de servicio comunitario.","TIPO_DOCUMENTO_ORDEN":"2","TIPO_DOCUMENTO_OBLIGATORIO":"1","ESTADO_REVISION":"Aprobado","ID_ESTUDIANTE":"1","ENTIDAD_RECEPTORA":"Hospital San Vicente de Pa\u00fal","ESTUDIANTE_NOMBRE":"Juan Carlos P\u00e9rez L\u00f3pez","NOMBRE_ESTUDIANTE":"Juan Carlos","APELLIDO_ESTUDIANTE":"P\u00e9rez L\u00f3pez","CEDULA_ESTUDIANTE":"1001234567"},{"ID_DOCUMENTO_PREPROFESIONAL":"1","ID_PRACTICA_PREPROFESIONAL":"1","ID_TIPO_DOCUMENTO":"1","ID_ESTADO_REVISION":"3","NOMBRE_ARCHIVO":"oficio_asignacion_tutor_001_20250601.pdf","NOMBRE_ORIGINAL":"Oficio Asignaci\u00f3n Tutor - Juan Carlos.pdf","TIPO_ARCHIVO":"application\/pdf","TAMANO_ARCHIVO":"245760","RUTA_ARCHIVO":"\/uploads\/documentos-practicas\/","FECHA_SUBIDA":"2025-06-01 10:00:00","FECHA_REVISION":"2025-06-01 14:30:00","ID_REVISOR":"4","OBSERVACIONES":"Documento oficial de asignaci\u00f3n","OBSERVACIONES_REVISOR":"Documento aprobado correctamente","VERSION":"1","ACTIVO":"1","FECHA_CREACION":"2026-03-23 19:56:13","FECHA_ACTUALIZACION":"2026-03-23 19:56:13","ID_TIPO_DOCUMENTO_PREPROFESIONAL":"1","TIPO_DOCUMENTO_CODIGO":"PPR-001","TIPO_DOCUMENTO_NOMBRE":"Oficio de Asignaci\u00f3n de Tutor","TIPO_DOCUMENTO_DESCRIPCION":"Documento oficial emitido por la coordinaci\u00f3n de la carrera que designa al docente responsable de la tutor\u00eda y seguimiento de las pr\u00e1cticas de servicio comunitario del estudiante.","TIPO_DOCUMENTO_ORDEN":"1","TIPO_DOCUMENTO_OBLIGATORIO":"1","ESTADO_REVISION":"Aprobado","ID_ESTUDIANTE":"1","ENTIDAD_RECEPTORA":"Hospital San Vicente de Pa\u00fal","ESTUDIANTE_NOMBRE":"Juan Carlos P\u00e9rez L\u00f3pez","NOMBRE_ESTUDIANTE":"Juan Carlos","APELLIDO_ESTUDIANTE":"P\u00e9rez L\u00f3pez","CEDULA_ESTUDIANTE":"1001234567"}]
DEBUG - 2026-03-24 16:04:39 --> Session: Class initialized using 'CodeIgniter\Session\Handlers\FileHandler' driver.
DEBUG - 2026-03-24 16:04:39 --> Consulta SQL: SELECT *
FROM `TAB_DOCUMENTOS_PRACTICAS_PREPROFESIONALES` `dp`
DEBUG - 2026-03-24 16:04:39 --> Resultados obtenidos: 9
DEBUG - 2026-03-24 16:04:39 --> Tipos de documentos en index: [{"ID_TIPO_DOCUMENTO_PREPROFESIONAL":"1","CODIGO":"PPR-001","NOMBRE":"Oficio de Asignaci\u00f3n de Tutor","DESCRIPCION":"Documento oficial emitido por la coordinaci\u00f3n de la carrera que designa al docente responsable de la tutor\u00eda y seguimiento de las pr\u00e1cticas de servicio comunitario del estudiante.","ORDEN":"1","OBLIGATORIO":"1","ACTIVO":"1","FECHA_CREACION":"2026-03-23 19:56:13","FECHA_ACTUALIZACION":"2026-03-23 19:56:13","REQUERIDO":"1"},{"ID_TIPO_DOCUMENTO_PREPROFESIONAL":"2","CODIGO":"PPR-002","NOMBRE":"Oficio a Entidad Receptora","DESCRIPCION":"Carta formal enviada por el estudiante a la instituci\u00f3n \"Instituto Tecnol\u00f3gico Superior Ibarra\", con el prop\u00f3sito de solicitar la oportunidad de realizar sus pr\u00e1cticas de servicio comunitario.","ORDEN":"2","OBLIGATORIO":"1","ACTIVO":"1","FECHA_CREACION":"2026-03-23 19:56:13","FECHA_ACTUALIZACION":"2026-03-23 20:03:37","REQUERIDO":"1"},{"ID_TIPO_DOCUMENTO_PREPROFESIONAL":"3","CODIGO":"PPR-003","NOMBRE":"Carta de Aceptaci\u00f3n","DESCRIPCION":"Carta oficial de la entidad receptora \"Instituto Tecnol\u00f3gico Superior Ibarra\" que confirma la aceptaci\u00f3n del o los estudiantes para realizar las pr\u00e1cticas de servicio comunitario en sus instalaciones.","ORDEN":"3","OBLIGATORIO":"1","ACTIVO":"1","FECHA_CREACION":"2026-03-23 19:56:13","FECHA_ACTUALIZACION":"2026-03-23 19:56:13","REQUERIDO":"1"},{"ID_TIPO_DOCUMENTO_PREPROFESIONAL":"4","CODIGO":"PPR-004","NOMBRE":"Solicitud Institucional Valorada","DESCRIPCION":"Documento de solicitud formal dirigido al Sr. Rector, Dr. Mario Montenegro, pidiendo la aprobaci\u00f3n institucional para la realizaci\u00f3n de las pr\u00e1cticas de servicio comunitario.","ORDEN":"4","OBLIGATORIO":"1","ACTIVO":"1","FECHA_CREACION":"2026-03-23 19:56:13","FECHA_ACTUALIZACION":"2026-03-23 19:56:13","REQUERIDO":"1"},{"ID_TIPO_DOCUMENTO_PREPROFESIONAL":"5","CODIGO":"PPR-005","NOMBRE":"Certificado de Culminaci\u00f3n de Horas","DESCRIPCION":"Certificado emitido por la entidad receptora \"Instituto Tecnol\u00f3gico Superior Ibarra\" que acredita que el estudiante ha completado las 60 horas requeridas de pr\u00e1cticas de servicio comunitario.","ORDEN":"5","OBLIGATORIO":"1","ACTIVO":"1","FECHA_CREACION":"2026-03-23 19:56:13","FECHA_ACTUALIZACION":"2026-03-23 19:56:13","REQUERIDO":"1"},{"ID_TIPO_DOCUMENTO_PREPROFESIONAL":"6","CODIGO":"PPR-006","NOMBRE":"Hojas de Asistencia","DESCRIPCION":"Registro f\u00edsico de la asistencia del estudiante en la entidad receptora. Incluye las firmas y sellos para validar las horas de trabajo.","ORDEN":"6","OBLIGATORIO":"1","ACTIVO":"1","FECHA_CREACION":"2026-03-23 19:56:13","FECHA_ACTUALIZACION":"2026-03-23 19:56:13","REQUERIDO":"1"},{"ID_TIPO_DOCUMENTO_PREPROFESIONAL":"7","CODIGO":"PPR-007","NOMBRE":"Ficha de Registro de Actividades","DESCRIPCION":"Documento detallado en el que el estudiante registra las actividades espec\u00edficas realizadas durante sus pr\u00e1cticas, incluyendo fechas y descripciones.","ORDEN":"7","OBLIGATORIO":"1","ACTIVO":"1","FECHA_CREACION":"2026-03-23 19:56:13","FECHA_ACTUALIZACION":"2026-03-23 19:56:13","REQUERIDO":"1"},{"ID_TIPO_DOCUMENTO_PREPROFESIONAL":"8","CODIGO":"PPR-008","NOMBRE":"R\u00fabrica de Evaluaci\u00f3n de Entidad","DESCRIPCION":"Formulario de evaluaci\u00f3n del desempe\u00f1o del estudiante, llenado y sellado por la entidad receptora. Valora aspectos como la responsabilidad, la proactividad y la calidad del trabajo.","ORDEN":"8","OBLIGATORIO":"1","ACTIVO":"1","FECHA_CREACION":"2026-03-23 19:56:13","FECHA_ACTUALIZACION":"2026-03-23 19:56:13","REQUERIDO":"1"},{"ID_TIPO_DOCUMENTO_PREPROFESIONAL":"9","CODIGO":"PPR-009","NOMBRE":"Ficha de Control y Seguimiento Docente","DESCRIPCION":"Documento utilizado por el tutor docente para registrar el seguimiento acad\u00e9mico del estudiante durante las pr\u00e1cticas. Incluye visitas o revisiones peri\u00f3dicas.","ORDEN":"9","OBLIGATORIO":"1","ACTIVO":"1","FECHA_CREACION":"2026-03-23 19:56:13","FECHA_ACTUALIZACION":"2026-03-23 19:56:13","REQUERIDO":"1"},{"ID_TIPO_DOCUMENTO_PREPROFESIONAL":"10","CODIGO":"PPR-010","NOMBRE":"R\u00fabrica de Evaluaci\u00f3n Docente","DESCRIPCION":"R\u00fabrica de evaluaci\u00f3n llenada y firmada por el tutor docente. Califica el desempe\u00f1o del estudiante en base a los criterios acad\u00e9micos del programa.","ORDEN":"10","OBLIGATORIO":"1","ACTIVO":"1","FECHA_CREACION":"2026-03-23 19:56:13","FECHA_ACTUALIZACION":"2026-03-23 19:56:13","REQUERIDO":"1"},{"ID_TIPO_DOCUMENTO_PREPROFESIONAL":"11","CODIGO":"PPR-011","NOMBRE":"R\u00fabrica de Evaluaci\u00f3n de Resultados","DESCRIPCION":"Evaluaci\u00f3n final realizada por el Departamento de Vinculaci\u00f3n con la Sociedad, que valora los resultados y el impacto del proyecto de servicio comunitario en su conjunto.","ORDEN":"11","OBLIGATORIO":"1","ACTIVO":"1","FECHA_CREACION":"2026-03-23 19:56:13","FECHA_ACTUALIZACION":"2026-03-23 19:56:13","REQUERIDO":"1"},{"ID_TIPO_DOCUMENTO_PREPROFESIONAL":"12","CODIGO":"PPR-012","NOMBRE":"Evidencia Fotogr\u00e1fica y Digital","DESCRIPCION":"Material de apoyo visual y digital, como fotos, capturas, videos o impresiones, que documenta y comprueba la realizaci\u00f3n de las actividades y trabajos del proyecto.","ORDEN":"12","OBLIGATORIO":"1","ACTIVO":"1","FECHA_CREACION":"2026-03-23 19:56:13","FECHA_ACTUALIZACION":"2026-03-23 19:56:13","REQUERIDO":"1"}]
DEBUG - 2026-03-24 16:04:39 --> Session: Class initialized using 'CodeIgniter\Session\Handlers\FileHandler' driver.
DEBUG - 2026-03-24 16:04:39 --> Consulta SQL: SELECT *
FROM `TAB_DOCUMENTOS_PRACTICAS_PREPROFESIONALES` `dp`
DEBUG - 2026-03-24 16:04:39 --> Resultados obtenidos: 9
DEBUG - 2026-03-24 16:04:39 --> Documentos obtenidos: [{"ID_DOCUMENTO_PREPROFESIONAL":"17","ID_PRACTICA_PREPROFESIONAL":"2","ID_TIPO_DOCUMENTO":"9","ID_ESTADO_REVISION":"4","NOMBRE_ARCHIVO":"ficha_control_seguimiento_002_20250920.pdf","NOMBRE_ORIGINAL":"Ficha Control Seguimiento - Mar\u00eda.pdf","TIPO_ARCHIVO":"application\/pdf","TAMANO_ARCHIVO":"112233","RUTA_ARCHIVO":"\/uploads\/documentos-practicas\/","FECHA_SUBIDA":"2025-09-20 10:15:00","FECHA_REVISION":"2025-09-20 12:45:00","ID_REVISOR":"5","OBSERVACIONES":"Ficha de control y seguimiento docente","OBSERVACIONES_REVISOR":"Faltan las firmas del tutor docente, documento inv\u00e1lido","VERSION":"1","ACTIVO":"1","FECHA_CREACION":"2026-03-23 19:56:13","FECHA_ACTUALIZACION":"2026-03-23 19:56:13","ID_TIPO_DOCUMENTO_PREPROFESIONAL":"9","TIPO_DOCUMENTO_CODIGO":"PPR-009","TIPO_DOCUMENTO_NOMBRE":"Ficha de Control y Seguimiento Docente","TIPO_DOCUMENTO_DESCRIPCION":"Documento utilizado por el tutor docente para registrar el seguimiento acad\u00e9mico del estudiante durante las pr\u00e1cticas. Incluye visitas o revisiones peri\u00f3dicas.","TIPO_DOCUMENTO_ORDEN":"9","TIPO_DOCUMENTO_OBLIGATORIO":"1","ESTADO_REVISION":"Rechazado","ID_ESTUDIANTE":"2","ENTIDAD_RECEPTORA":"Banco del Pac\u00edfico","ESTUDIANTE_NOMBRE":"Mar\u00eda Elena Garc\u00eda Torres","NOMBRE_ESTUDIANTE":"Mar\u00eda Elena","APELLIDO_ESTUDIANTE":"Garc\u00eda Torres","CEDULA_ESTUDIANTE":"1002345678"},{"ID_DOCUMENTO_PREPROFESIONAL":"15","ID_PRACTICA_PREPROFESIONAL":"2","ID_TIPO_DOCUMENTO":"7","ID_ESTADO_REVISION":"5","NOMBRE_ARCHIVO":"ficha_registro_actividades_002_20250915.pdf","NOMBRE_ORIGINAL":"Ficha Registro Actividades - Mar\u00eda.pdf","TIPO_ARCHIVO":"application\/pdf","TAMANO_ARCHIVO":"98765","RUTA_ARCHIVO":"\/uploads\/documentos-practicas\/","FECHA_SUBIDA":"2025-09-15 11:30:00","FECHA_REVISION":"2025-09-15 14:20:00","ID_REVISOR":"5","OBSERVACIONES":"Ficha de registro de actividades","OBSERVACIONES_REVISOR":"Descripci\u00f3n de actividades muy general, especificar m\u00e1s detalles","VERSION":"1","ACTIVO":"1","FECHA_CREACION":"2026-03-23 19:56:13","FECHA_ACTUALIZACION":"2026-03-23 19:56:13","ID_TIPO_DOCUMENTO_PREPROFESIONAL":"7","TIPO_DOCUMENTO_CODIGO":"PPR-007","TIPO_DOCUMENTO_NOMBRE":"Ficha de Registro de Actividades","TIPO_DOCUMENTO_DESCRIPCION":"Documento detallado en el que el estudiante registra las actividades espec\u00edficas realizadas durante sus pr\u00e1cticas, incluyendo fechas y descripciones.","TIPO_DOCUMENTO_ORDEN":"7","TIPO_DOCUMENTO_OBLIGATORIO":"1","ESTADO_REVISION":"Requiere Correcci\u00f3n","ID_ESTUDIANTE":"2","ENTIDAD_RECEPTORA":"Banco del Pac\u00edfico","ESTUDIANTE_NOMBRE":"Mar\u00eda Elena Garc\u00eda Torres","NOMBRE_ESTUDIANTE":"Mar\u00eda Elena","APELLIDO_ESTUDIANTE":"Garc\u00eda Torres","CEDULA_ESTUDIANTE":"1002345678"},{"ID_DOCUMENTO_PREPROFESIONAL":"14","ID_PRACTICA_PREPROFESIONAL":"1","ID_TIPO_DOCUMENTO":"6","ID_ESTADO_REVISION":"5","NOMBRE_ARCHIVO":"hojas_asistencia_001_20250830.pdf","NOMBRE_ORIGINAL":"Hojas de Asistencia - Juan Carlos.pdf","TIPO_ARCHIVO":"application\/pdf","TAMANO_ARCHIVO":"123456","RUTA_ARCHIVO":"\/uploads\/documentos-practicas\/","FECHA_SUBIDA":"2025-08-30 16:15:00","FECHA_REVISION":"2025-08-30 17:45:00","ID_REVISOR":"4","OBSERVACIONES":"Hojas de asistencia completas","OBSERVACIONES_REVISOR":"Faltan firmas en algunas fechas, corregir y volver a subir","VERSION":"1","ACTIVO":"1","FECHA_CREACION":"2026-03-23 19:56:13","FECHA_ACTUALIZACION":"2026-03-23 19:56:13","ID_TIPO_DOCUMENTO_PREPROFESIONAL":"6","TIPO_DOCUMENTO_CODIGO":"PPR-006","TIPO_DOCUMENTO_NOMBRE":"Hojas de Asistencia","TIPO_DOCUMENTO_DESCRIPCION":"Registro f\u00edsico de la asistencia del estudiante en la entidad receptora. Incluye las firmas y sellos para validar las horas de trabajo.","TIPO_DOCUMENTO_ORDEN":"6","TIPO_DOCUMENTO_OBLIGATORIO":"1","ESTADO_REVISION":"Requiere Correcci\u00f3n","ID_ESTUDIANTE":"1","ENTIDAD_RECEPTORA":"Hospital San Vicente de Pa\u00fal","ESTUDIANTE_NOMBRE":"Juan Carlos P\u00e9rez L\u00f3pez","NOMBRE_ESTUDIANTE":"Juan Carlos","APELLIDO_ESTUDIANTE":"P\u00e9rez L\u00f3pez","CEDULA_ESTUDIANTE":"1001234567"},{"ID_DOCUMENTO_PREPROFESIONAL":"16","ID_PRACTICA_PREPROFESIONAL":"1","ID_TIPO_DOCUMENTO":"8","ID_ESTADO_REVISION":"4","NOMBRE_ARCHIVO":"rubrica_evaluacion_entidad_001_20250825.pdf","NOMBRE_ORIGINAL":"R\u00fabrica Evaluaci\u00f3n Entidad - Juan.pdf","TIPO_ARCHIVO":"application\/pdf","TAMANO_ARCHIVO":"87654","RUTA_ARCHIVO":"\/uploads\/documentos-practicas\/","FECHA_SUBIDA":"2025-08-25 15:00:00","FECHA_REVISION":"2025-08-25 16:30:00","ID_REVISOR":"4","OBSERVACIONES":"R\u00fabrica de evaluaci\u00f3n de entidad","OBSERVACIONES_REVISOR":"Documento no tiene sello oficial de la entidad, rechazado","VERSION":"1","ACTIVO":"1","FECHA_CREACION":"2026-03-23 19:56:13","FECHA_ACTUALIZACION":"2026-03-23 19:56:13","ID_TIPO_DOCUMENTO_PREPROFESIONAL":"8","TIPO_DOCUMENTO_CODIGO":"PPR-008","TIPO_DOCUMENTO_NOMBRE":"R\u00fabrica de Evaluaci\u00f3n de Entidad","TIPO_DOCUMENTO_DESCRIPCION":"Formulario de evaluaci\u00f3n del desempe\u00f1o del estudiante, llenado y sellado por la entidad receptora. Valora aspectos como la responsabilidad, la proactividad y la calidad del trabajo.","TIPO_DOCUMENTO_ORDEN":"8","TIPO_DOCUMENTO_OBLIGATORIO":"1","ESTADO_REVISION":"Rechazado","ID_ESTUDIANTE":"1","ENTIDAD_RECEPTORA":"Hospital San Vicente de Pa\u00fal","ESTUDIANTE_NOMBRE":"Juan Carlos P\u00e9rez L\u00f3pez","NOMBRE_ESTUDIANTE":"Juan Carlos","APELLIDO_ESTUDIANTE":"P\u00e9rez L\u00f3pez","CEDULA_ESTUDIANTE":"1001234567"},{"ID_DOCUMENTO_PREPROFESIONAL":"5","ID_PRACTICA_PREPROFESIONAL":"2","ID_TIPO_DOCUMENTO":"2","ID_ESTADO_REVISION":"3","NOMBRE_ARCHIVO":"oficio_entidad_receptora_002_20250702.pdf","NOMBRE_ORIGINAL":"Oficio Entidad Receptora - Banco.pdf","TIPO_ARCHIVO":"application\/pdf","TAMANO_ARCHIVO":"178944","RUTA_ARCHIVO":"\/uploads\/documentos-practicas\/","FECHA_SUBIDA":"2025-07-02 15:45:00","FECHA_REVISION":"2025-07-02 17:20:00","ID_REVISOR":"5","OBSERVACIONES":"Oficio enviado a la entidad receptora","OBSERVACIONES_REVISOR":"Oficio formal y bien estructurado","VERSION":"1","ACTIVO":"1","FECHA_CREACION":"2026-03-23 19:56:13","FECHA_ACTUALIZACION":"2026-03-23 19:56:13","ID_TIPO_DOCUMENTO_PREPROFESIONAL":"2","TIPO_DOCUMENTO_CODIGO":"PPR-002","TIPO_DOCUMENTO_NOMBRE":"Oficio a Entidad Receptora","TIPO_DOCUMENTO_DESCRIPCION":"Carta formal enviada por el estudiante a la instituci\u00f3n \"Instituto Tecnol\u00f3gico Superior Ibarra\", con el prop\u00f3sito de solicitar la oportunidad de realizar sus pr\u00e1cticas de servicio comunitario.","TIPO_DOCUMENTO_ORDEN":"2","TIPO_DOCUMENTO_OBLIGATORIO":"1","ESTADO_REVISION":"Aprobado","ID_ESTUDIANTE":"2","ENTIDAD_RECEPTORA":"Banco del Pac\u00edfico","ESTUDIANTE_NOMBRE":"Mar\u00eda Elena Garc\u00eda Torres","NOMBRE_ESTUDIANTE":"Mar\u00eda Elena","APELLIDO_ESTUDIANTE":"Garc\u00eda Torres","CEDULA_ESTUDIANTE":"1002345678"},{"ID_DOCUMENTO_PREPROFESIONAL":"4","ID_PRACTICA_PREPROFESIONAL":"2","ID_TIPO_DOCUMENTO":"1","ID_ESTADO_REVISION":"3","NOMBRE_ARCHIVO":"oficio_asignacion_tutor_002_20250701.pdf","NOMBRE_ORIGINAL":"Oficio Asignaci\u00f3n Tutor - Mar\u00eda Elena.pdf","TIPO_ARCHIVO":"application\/pdf","TAMANO_ARCHIVO":"234880","RUTA_ARCHIVO":"\/uploads\/documentos-practicas\/","FECHA_SUBIDA":"2025-07-01 11:00:00","FECHA_REVISION":"2025-07-01 13:15:00","ID_REVISOR":"5","OBSERVACIONES":"Documento oficial de asignaci\u00f3n","OBSERVACIONES_REVISOR":"Asignaci\u00f3n correcta del tutor","VERSION":"1","ACTIVO":"1","FECHA_CREACION":"2026-03-23 19:56:13","FECHA_ACTUALIZACION":"2026-03-23 19:56:13","ID_TIPO_DOCUMENTO_PREPROFESIONAL":"1","TIPO_DOCUMENTO_CODIGO":"PPR-001","TIPO_DOCUMENTO_NOMBRE":"Oficio de Asignaci\u00f3n de Tutor","TIPO_DOCUMENTO_DESCRIPCION":"Documento oficial emitido por la coordinaci\u00f3n de la carrera que designa al docente responsable de la tutor\u00eda y seguimiento de las pr\u00e1cticas de servicio comunitario del estudiante.","TIPO_DOCUMENTO_ORDEN":"1","TIPO_DOCUMENTO_OBLIGATORIO":"1","ESTADO_REVISION":"Aprobado","ID_ESTUDIANTE":"2","ENTIDAD_RECEPTORA":"Banco del Pac\u00edfico","ESTUDIANTE_NOMBRE":"Mar\u00eda Elena Garc\u00eda Torres","NOMBRE_ESTUDIANTE":"Mar\u00eda Elena","APELLIDO_ESTUDIANTE":"Garc\u00eda Torres","CEDULA_ESTUDIANTE":"1002345678"},{"ID_DOCUMENTO_PREPROFESIONAL":"3","ID_PRACTICA_PREPROFESIONAL":"1","ID_TIPO_DOCUMENTO":"3","ID_ESTADO_REVISION":"3","NOMBRE_ARCHIVO":"carta_aceptacion_001_20250603.pdf","NOMBRE_ORIGINAL":"Carta Aceptaci\u00f3n - Hospital.pdf","TIPO_ARCHIVO":"application\/pdf","TAMANO_ARCHIVO":"156672","RUTA_ARCHIVO":"\/uploads\/documentos-practicas\/","FECHA_SUBIDA":"2025-06-03 09:15:00","FECHA_REVISION":"2025-06-03 11:20:00","ID_REVISOR":"4","OBSERVACIONES":"Carta de aceptaci\u00f3n de la entidad","OBSERVACIONES_REVISOR":"Carta oficial con sello institucional","VERSION":"1","ACTIVO":"1","FECHA_CREACION":"2026-03-23 19:56:13","FECHA_ACTUALIZACION":"2026-03-23 19:56:13","ID_TIPO_DOCUMENTO_PREPROFESIONAL":"3","TIPO_DOCUMENTO_CODIGO":"PPR-003","TIPO_DOCUMENTO_NOMBRE":"Carta de Aceptaci\u00f3n","TIPO_DOCUMENTO_DESCRIPCION":"Carta oficial de la entidad receptora \"Instituto Tecnol\u00f3gico Superior Ibarra\" que confirma la aceptaci\u00f3n del o los estudiantes para realizar las pr\u00e1cticas de servicio comunitario en sus instalaciones.","TIPO_DOCUMENTO_ORDEN":"3","TIPO_DOCUMENTO_OBLIGATORIO":"1","ESTADO_REVISION":"Aprobado","ID_ESTUDIANTE":"1","ENTIDAD_RECEPTORA":"Hospital San Vicente de Pa\u00fal","ESTUDIANTE_NOMBRE":"Juan Carlos P\u00e9rez L\u00f3pez","NOMBRE_ESTUDIANTE":"Juan Carlos","APELLIDO_ESTUDIANTE":"P\u00e9rez L\u00f3pez","CEDULA_ESTUDIANTE":"1001234567"},{"ID_DOCUMENTO_PREPROFESIONAL":"2","ID_PRACTICA_PREPROFESIONAL":"1","ID_TIPO_DOCUMENTO":"2","ID_ESTADO_REVISION":"3","NOMBRE_ARCHIVO":"oficio_entidad_receptora_001_20250602.pdf","NOMBRE_ORIGINAL":"Oficio Entidad Receptora - Hospital.pdf","TIPO_ARCHIVO":"application\/pdf","TAMANO_ARCHIVO":"189440","RUTA_ARCHIVO":"\/uploads\/documentos-practicas\/","FECHA_SUBIDA":"2025-06-02 14:30:00","FECHA_REVISION":"2025-06-02 16:45:00","ID_REVISOR":"4","OBSERVACIONES":"Oficio enviado a la entidad receptora","OBSERVACIONES_REVISOR":"Oficio bien redactado y formal","VERSION":"1","ACTIVO":"1","FECHA_CREACION":"2026-03-23 19:56:13","FECHA_ACTUALIZACION":"2026-03-23 19:56:13","ID_TIPO_DOCUMENTO_PREPROFESIONAL":"2","TIPO_DOCUMENTO_CODIGO":"PPR-002","TIPO_DOCUMENTO_NOMBRE":"Oficio a Entidad Receptora","TIPO_DOCUMENTO_DESCRIPCION":"Carta formal enviada por el estudiante a la instituci\u00f3n \"Instituto Tecnol\u00f3gico Superior Ibarra\", con el prop\u00f3sito de solicitar la oportunidad de realizar sus pr\u00e1cticas de servicio comunitario.","TIPO_DOCUMENTO_ORDEN":"2","TIPO_DOCUMENTO_OBLIGATORIO":"1","ESTADO_REVISION":"Aprobado","ID_ESTUDIANTE":"1","ENTIDAD_RECEPTORA":"Hospital San Vicente de Pa\u00fal","ESTUDIANTE_NOMBRE":"Juan Carlos P\u00e9rez L\u00f3pez","NOMBRE_ESTUDIANTE":"Juan Carlos","APELLIDO_ESTUDIANTE":"P\u00e9rez L\u00f3pez","CEDULA_ESTUDIANTE":"1001234567"},{"ID_DOCUMENTO_PREPROFESIONAL":"1","ID_PRACTICA_PREPROFESIONAL":"1","ID_TIPO_DOCUMENTO":"1","ID_ESTADO_REVISION":"3","NOMBRE_ARCHIVO":"oficio_asignacion_tutor_001_20250601.pdf","NOMBRE_ORIGINAL":"Oficio Asignaci\u00f3n Tutor - Juan Carlos.pdf","TIPO_ARCHIVO":"application\/pdf","TAMANO_ARCHIVO":"245760","RUTA_ARCHIVO":"\/uploads\/documentos-practicas\/","FECHA_SUBIDA":"2025-06-01 10:00:00","FECHA_REVISION":"2025-06-01 14:30:00","ID_REVISOR":"4","OBSERVACIONES":"Documento oficial de asignaci\u00f3n","OBSERVACIONES_REVISOR":"Documento aprobado correctamente","VERSION":"1","ACTIVO":"1","FECHA_CREACION":"2026-03-23 19:56:13","FECHA_ACTUALIZACION":"2026-03-23 19:56:13","ID_TIPO_DOCUMENTO_PREPROFESIONAL":"1","TIPO_DOCUMENTO_CODIGO":"PPR-001","TIPO_DOCUMENTO_NOMBRE":"Oficio de Asignaci\u00f3n de Tutor","TIPO_DOCUMENTO_DESCRIPCION":"Documento oficial emitido por la coordinaci\u00f3n de la carrera que designa al docente responsable de la tutor\u00eda y seguimiento de las pr\u00e1cticas de servicio comunitario del estudiante.","TIPO_DOCUMENTO_ORDEN":"1","TIPO_DOCUMENTO_OBLIGATORIO":"1","ESTADO_REVISION":"Aprobado","ID_ESTUDIANTE":"1","ENTIDAD_RECEPTORA":"Hospital San Vicente de Pa\u00fal","ESTUDIANTE_NOMBRE":"Juan Carlos P\u00e9rez L\u00f3pez","NOMBRE_ESTUDIANTE":"Juan Carlos","APELLIDO_ESTUDIANTE":"P\u00e9rez L\u00f3pez","CEDULA_ESTUDIANTE":"1001234567"}]
DEBUG - 2026-03-24 16:05:07 --> Session: Class initialized using 'CodeIgniter\Session\Handlers\FileHandler' driver.
DEBUG - 2026-03-24 16:05:07 --> Consulta SQL: SELECT *
FROM `TAB_DOCUMENTOS_PRACTICAS_PREPROFESIONALES` `dp`
DEBUG - 2026-03-24 16:05:07 --> Resultados obtenidos: 9
DEBUG - 2026-03-24 16:05:07 --> Tipos de documentos en index: [{"ID_TIPO_DOCUMENTO_PREPROFESIONAL":"1","CODIGO":"PPR-001","NOMBRE":"Oficio de Asignaci\u00f3n de Tutor","DESCRIPCION":"Documento oficial emitido por la coordinaci\u00f3n de la carrera que designa al docente responsable de la tutor\u00eda y seguimiento de las pr\u00e1cticas de servicio comunitario del estudiante.","ORDEN":"1","OBLIGATORIO":"1","ACTIVO":"1","FECHA_CREACION":"2026-03-23 19:56:13","FECHA_ACTUALIZACION":"2026-03-23 19:56:13","REQUERIDO":"1"},{"ID_TIPO_DOCUMENTO_PREPROFESIONAL":"2","CODIGO":"PPR-002","NOMBRE":"Oficio a Entidad Receptora","DESCRIPCION":"Carta formal enviada por el estudiante a la instituci\u00f3n \"Instituto Tecnol\u00f3gico Superior Ibarra\", con el prop\u00f3sito de solicitar la oportunidad de realizar sus pr\u00e1cticas de servicio comunitario.","ORDEN":"2","OBLIGATORIO":"1","ACTIVO":"1","FECHA_CREACION":"2026-03-23 19:56:13","FECHA_ACTUALIZACION":"2026-03-23 20:03:37","REQUERIDO":"1"},{"ID_TIPO_DOCUMENTO_PREPROFESIONAL":"3","CODIGO":"PPR-003","NOMBRE":"Carta de Aceptaci\u00f3n","DESCRIPCION":"Carta oficial de la entidad receptora \"Instituto Tecnol\u00f3gico Superior Ibarra\" que confirma la aceptaci\u00f3n del o los estudiantes para realizar las pr\u00e1cticas de servicio comunitario en sus instalaciones.","ORDEN":"3","OBLIGATORIO":"1","ACTIVO":"1","FECHA_CREACION":"2026-03-23 19:56:13","FECHA_ACTUALIZACION":"2026-03-23 19:56:13","REQUERIDO":"1"},{"ID_TIPO_DOCUMENTO_PREPROFESIONAL":"4","CODIGO":"PPR-004","NOMBRE":"Solicitud Institucional Valorada","DESCRIPCION":"Documento de solicitud formal dirigido al Sr. Rector, Dr. Mario Montenegro, pidiendo la aprobaci\u00f3n institucional para la realizaci\u00f3n de las pr\u00e1cticas de servicio comunitario.","ORDEN":"4","OBLIGATORIO":"1","ACTIVO":"1","FECHA_CREACION":"2026-03-23 19:56:13","FECHA_ACTUALIZACION":"2026-03-23 19:56:13","REQUERIDO":"1"},{"ID_TIPO_DOCUMENTO_PREPROFESIONAL":"5","CODIGO":"PPR-005","NOMBRE":"Certificado de Culminaci\u00f3n de Horas","DESCRIPCION":"Certificado emitido por la entidad receptora \"Instituto Tecnol\u00f3gico Superior Ibarra\" que acredita que el estudiante ha completado las 60 horas requeridas de pr\u00e1cticas de servicio comunitario.","ORDEN":"5","OBLIGATORIO":"1","ACTIVO":"1","FECHA_CREACION":"2026-03-23 19:56:13","FECHA_ACTUALIZACION":"2026-03-23 19:56:13","REQUERIDO":"1"},{"ID_TIPO_DOCUMENTO_PREPROFESIONAL":"6","CODIGO":"PPR-006","NOMBRE":"Hojas de Asistencia","DESCRIPCION":"Registro f\u00edsico de la asistencia del estudiante en la entidad receptora. Incluye las firmas y sellos para validar las horas de trabajo.","ORDEN":"6","OBLIGATORIO":"1","ACTIVO":"1","FECHA_CREACION":"2026-03-23 19:56:13","FECHA_ACTUALIZACION":"2026-03-23 19:56:13","REQUERIDO":"1"},{"ID_TIPO_DOCUMENTO_PREPROFESIONAL":"7","CODIGO":"PPR-007","NOMBRE":"Ficha de Registro de Actividades","DESCRIPCION":"Documento detallado en el que el estudiante registra las actividades espec\u00edficas realizadas durante sus pr\u00e1cticas, incluyendo fechas y descripciones.","ORDEN":"7","OBLIGATORIO":"1","ACTIVO":"1","FECHA_CREACION":"2026-03-23 19:56:13","FECHA_ACTUALIZACION":"2026-03-23 19:56:13","REQUERIDO":"1"},{"ID_TIPO_DOCUMENTO_PREPROFESIONAL":"8","CODIGO":"PPR-008","NOMBRE":"R\u00fabrica de Evaluaci\u00f3n de Entidad","DESCRIPCION":"Formulario de evaluaci\u00f3n del desempe\u00f1o del estudiante, llenado y sellado por la entidad receptora. Valora aspectos como la responsabilidad, la proactividad y la calidad del trabajo.","ORDEN":"8","OBLIGATORIO":"1","ACTIVO":"1","FECHA_CREACION":"2026-03-23 19:56:13","FECHA_ACTUALIZACION":"2026-03-23 19:56:13","REQUERIDO":"1"},{"ID_TIPO_DOCUMENTO_PREPROFESIONAL":"9","CODIGO":"PPR-009","NOMBRE":"Ficha de Control y Seguimiento Docente","DESCRIPCION":"Documento utilizado por el tutor docente para registrar el seguimiento acad\u00e9mico del estudiante durante las pr\u00e1cticas. Incluye visitas o revisiones peri\u00f3dicas.","ORDEN":"9","OBLIGATORIO":"1","ACTIVO":"1","FECHA_CREACION":"2026-03-23 19:56:13","FECHA_ACTUALIZACION":"2026-03-23 19:56:13","REQUERIDO":"1"},{"ID_TIPO_DOCUMENTO_PREPROFESIONAL":"10","CODIGO":"PPR-010","NOMBRE":"R\u00fabrica de Evaluaci\u00f3n Docente","DESCRIPCION":"R\u00fabrica de evaluaci\u00f3n llenada y firmada por el tutor docente. Califica el desempe\u00f1o del estudiante en base a los criterios acad\u00e9micos del programa.","ORDEN":"10","OBLIGATORIO":"1","ACTIVO":"1","FECHA_CREACION":"2026-03-23 19:56:13","FECHA_ACTUALIZACION":"2026-03-23 19:56:13","REQUERIDO":"1"},{"ID_TIPO_DOCUMENTO_PREPROFESIONAL":"11","CODIGO":"PPR-011","NOMBRE":"R\u00fabrica de Evaluaci\u00f3n de Resultados","DESCRIPCION":"Evaluaci\u00f3n final realizada por el Departamento de Vinculaci\u00f3n con la Sociedad, que valora los resultados y el impacto del proyecto de servicio comunitario en su conjunto.","ORDEN":"11","OBLIGATORIO":"1","ACTIVO":"1","FECHA_CREACION":"2026-03-23 19:56:13","FECHA_ACTUALIZACION":"2026-03-23 19:56:13","REQUERIDO":"1"},{"ID_TIPO_DOCUMENTO_PREPROFESIONAL":"12","CODIGO":"PPR-012","NOMBRE":"Evidencia Fotogr\u00e1fica y Digital","DESCRIPCION":"Material de apoyo visual y digital, como fotos, capturas, videos o impresiones, que documenta y comprueba la realizaci\u00f3n de las actividades y trabajos del proyecto.","ORDEN":"12","OBLIGATORIO":"1","ACTIVO":"1","FECHA_CREACION":"2026-03-23 19:56:13","FECHA_ACTUALIZACION":"2026-03-23 19:56:13","REQUERIDO":"1"}]
DEBUG - 2026-03-24 16:05:08 --> Session: Class initialized using 'CodeIgniter\Session\Handlers\FileHandler' driver.
DEBUG - 2026-03-24 16:05:08 --> Consulta SQL: SELECT *
FROM `TAB_DOCUMENTOS_PRACTICAS_PREPROFESIONALES` `dp`
DEBUG - 2026-03-24 16:05:08 --> Resultados obtenidos: 9
DEBUG - 2026-03-24 16:05:08 --> Documentos obtenidos: [{"ID_DOCUMENTO_PREPROFESIONAL":"17","ID_PRACTICA_PREPROFESIONAL":"2","ID_TIPO_DOCUMENTO":"9","ID_ESTADO_REVISION":"4","NOMBRE_ARCHIVO":"ficha_control_seguimiento_002_20250920.pdf","NOMBRE_ORIGINAL":"Ficha Control Seguimiento - Mar\u00eda.pdf","TIPO_ARCHIVO":"application\/pdf","TAMANO_ARCHIVO":"112233","RUTA_ARCHIVO":"\/uploads\/documentos-practicas\/","FECHA_SUBIDA":"2025-09-20 10:15:00","FECHA_REVISION":"2025-09-20 12:45:00","ID_REVISOR":"5","OBSERVACIONES":"Ficha de control y seguimiento docente","OBSERVACIONES_REVISOR":"Faltan las firmas del tutor docente, documento inv\u00e1lido","VERSION":"1","ACTIVO":"1","FECHA_CREACION":"2026-03-23 19:56:13","FECHA_ACTUALIZACION":"2026-03-23 19:56:13","ID_TIPO_DOCUMENTO_PREPROFESIONAL":"9","TIPO_DOCUMENTO_CODIGO":"PPR-009","TIPO_DOCUMENTO_NOMBRE":"Ficha de Control y Seguimiento Docente","TIPO_DOCUMENTO_DESCRIPCION":"Documento utilizado por el tutor docente para registrar el seguimiento acad\u00e9mico del estudiante durante las pr\u00e1cticas. Incluye visitas o revisiones peri\u00f3dicas.","TIPO_DOCUMENTO_ORDEN":"9","TIPO_DOCUMENTO_OBLIGATORIO":"1","ESTADO_REVISION":"Rechazado","ID_ESTUDIANTE":"2","ENTIDAD_RECEPTORA":"Banco del Pac\u00edfico","ESTUDIANTE_NOMBRE":"Mar\u00eda Elena Garc\u00eda Torres","NOMBRE_ESTUDIANTE":"Mar\u00eda Elena","APELLIDO_ESTUDIANTE":"Garc\u00eda Torres","CEDULA_ESTUDIANTE":"1002345678"},{"ID_DOCUMENTO_PREPROFESIONAL":"15","ID_PRACTICA_PREPROFESIONAL":"2","ID_TIPO_DOCUMENTO":"7","ID_ESTADO_REVISION":"5","NOMBRE_ARCHIVO":"ficha_registro_actividades_002_20250915.pdf","NOMBRE_ORIGINAL":"Ficha Registro Actividades - Mar\u00eda.pdf","TIPO_ARCHIVO":"application\/pdf","TAMANO_ARCHIVO":"98765","RUTA_ARCHIVO":"\/uploads\/documentos-practicas\/","FECHA_SUBIDA":"2025-09-15 11:30:00","FECHA_REVISION":"2025-09-15 14:20:00","ID_REVISOR":"5","OBSERVACIONES":"Ficha de registro de actividades","OBSERVACIONES_REVISOR":"Descripci\u00f3n de actividades muy general, especificar m\u00e1s detalles","VERSION":"1","ACTIVO":"1","FECHA_CREACION":"2026-03-23 19:56:13","FECHA_ACTUALIZACION":"2026-03-23 19:56:13","ID_TIPO_DOCUMENTO_PREPROFESIONAL":"7","TIPO_DOCUMENTO_CODIGO":"PPR-007","TIPO_DOCUMENTO_NOMBRE":"Ficha de Registro de Actividades","TIPO_DOCUMENTO_DESCRIPCION":"Documento detallado en el que el estudiante registra las actividades espec\u00edficas realizadas durante sus pr\u00e1cticas, incluyendo fechas y descripciones.","TIPO_DOCUMENTO_ORDEN":"7","TIPO_DOCUMENTO_OBLIGATORIO":"1","ESTADO_REVISION":"Requiere Correcci\u00f3n","ID_ESTUDIANTE":"2","ENTIDAD_RECEPTORA":"Banco del Pac\u00edfico","ESTUDIANTE_NOMBRE":"Mar\u00eda Elena Garc\u00eda Torres","NOMBRE_ESTUDIANTE":"Mar\u00eda Elena","APELLIDO_ESTUDIANTE":"Garc\u00eda Torres","CEDULA_ESTUDIANTE":"1002345678"},{"ID_DOCUMENTO_PREPROFESIONAL":"14","ID_PRACTICA_PREPROFESIONAL":"1","ID_TIPO_DOCUMENTO":"6","ID_ESTADO_REVISION":"5","NOMBRE_ARCHIVO":"hojas_asistencia_001_20250830.pdf","NOMBRE_ORIGINAL":"Hojas de Asistencia - Juan Carlos.pdf","TIPO_ARCHIVO":"application\/pdf","TAMANO_ARCHIVO":"123456","RUTA_ARCHIVO":"\/uploads\/documentos-practicas\/","FECHA_SUBIDA":"2025-08-30 16:15:00","FECHA_REVISION":"2025-08-30 17:45:00","ID_REVISOR":"4","OBSERVACIONES":"Hojas de asistencia completas","OBSERVACIONES_REVISOR":"Faltan firmas en algunas fechas, corregir y volver a subir","VERSION":"1","ACTIVO":"1","FECHA_CREACION":"2026-03-23 19:56:13","FECHA_ACTUALIZACION":"2026-03-23 19:56:13","ID_TIPO_DOCUMENTO_PREPROFESIONAL":"6","TIPO_DOCUMENTO_CODIGO":"PPR-006","TIPO_DOCUMENTO_NOMBRE":"Hojas de Asistencia","TIPO_DOCUMENTO_DESCRIPCION":"Registro f\u00edsico de la asistencia del estudiante en la entidad receptora. Incluye las firmas y sellos para validar las horas de trabajo.","TIPO_DOCUMENTO_ORDEN":"6","TIPO_DOCUMENTO_OBLIGATORIO":"1","ESTADO_REVISION":"Requiere Correcci\u00f3n","ID_ESTUDIANTE":"1","ENTIDAD_RECEPTORA":"Hospital San Vicente de Pa\u00fal","ESTUDIANTE_NOMBRE":"Juan Carlos P\u00e9rez L\u00f3pez","NOMBRE_ESTUDIANTE":"Juan Carlos","APELLIDO_ESTUDIANTE":"P\u00e9rez L\u00f3pez","CEDULA_ESTUDIANTE":"1001234567"},{"ID_DOCUMENTO_PREPROFESIONAL":"16","ID_PRACTICA_PREPROFESIONAL":"1","ID_TIPO_DOCUMENTO":"8","ID_ESTADO_REVISION":"4","NOMBRE_ARCHIVO":"rubrica_evaluacion_entidad_001_20250825.pdf","NOMBRE_ORIGINAL":"R\u00fabrica Evaluaci\u00f3n Entidad - Juan.pdf","TIPO_ARCHIVO":"application\/pdf","TAMANO_ARCHIVO":"87654","RUTA_ARCHIVO":"\/uploads\/documentos-practicas\/","FECHA_SUBIDA":"2025-08-25 15:00:00","FECHA_REVISION":"2025-08-25 16:30:00","ID_REVISOR":"4","OBSERVACIONES":"R\u00fabrica de evaluaci\u00f3n de entidad","OBSERVACIONES_REVISOR":"Documento no tiene sello oficial de la entidad, rechazado","VERSION":"1","ACTIVO":"1","FECHA_CREACION":"2026-03-23 19:56:13","FECHA_ACTUALIZACION":"2026-03-23 19:56:13","ID_TIPO_DOCUMENTO_PREPROFESIONAL":"8","TIPO_DOCUMENTO_CODIGO":"PPR-008","TIPO_DOCUMENTO_NOMBRE":"R\u00fabrica de Evaluaci\u00f3n de Entidad","TIPO_DOCUMENTO_DESCRIPCION":"Formulario de evaluaci\u00f3n del desempe\u00f1o del estudiante, llenado y sellado por la entidad receptora. Valora aspectos como la responsabilidad, la proactividad y la calidad del trabajo.","TIPO_DOCUMENTO_ORDEN":"8","TIPO_DOCUMENTO_OBLIGATORIO":"1","ESTADO_REVISION":"Rechazado","ID_ESTUDIANTE":"1","ENTIDAD_RECEPTORA":"Hospital San Vicente de Pa\u00fal","ESTUDIANTE_NOMBRE":"Juan Carlos P\u00e9rez L\u00f3pez","NOMBRE_ESTUDIANTE":"Juan Carlos","APELLIDO_ESTUDIANTE":"P\u00e9rez L\u00f3pez","CEDULA_ESTUDIANTE":"1001234567"},{"ID_DOCUMENTO_PREPROFESIONAL":"5","ID_PRACTICA_PREPROFESIONAL":"2","ID_TIPO_DOCUMENTO":"2","ID_ESTADO_REVISION":"3","NOMBRE_ARCHIVO":"oficio_entidad_receptora_002_20250702.pdf","NOMBRE_ORIGINAL":"Oficio Entidad Receptora - Banco.pdf","TIPO_ARCHIVO":"application\/pdf","TAMANO_ARCHIVO":"178944","RUTA_ARCHIVO":"\/uploads\/documentos-practicas\/","FECHA_SUBIDA":"2025-07-02 15:45:00","FECHA_REVISION":"2025-07-02 17:20:00","ID_REVISOR":"5","OBSERVACIONES":"Oficio enviado a la entidad receptora","OBSERVACIONES_REVISOR":"Oficio formal y bien estructurado","VERSION":"1","ACTIVO":"1","FECHA_CREACION":"2026-03-23 19:56:13","FECHA_ACTUALIZACION":"2026-03-23 19:56:13","ID_TIPO_DOCUMENTO_PREPROFESIONAL":"2","TIPO_DOCUMENTO_CODIGO":"PPR-002","TIPO_DOCUMENTO_NOMBRE":"Oficio a Entidad Receptora","TIPO_DOCUMENTO_DESCRIPCION":"Carta formal enviada por el estudiante a la instituci\u00f3n \"Instituto Tecnol\u00f3gico Superior Ibarra\", con el prop\u00f3sito de solicitar la oportunidad de realizar sus pr\u00e1cticas de servicio comunitario.","TIPO_DOCUMENTO_ORDEN":"2","TIPO_DOCUMENTO_OBLIGATORIO":"1","ESTADO_REVISION":"Aprobado","ID_ESTUDIANTE":"2","ENTIDAD_RECEPTORA":"Banco del Pac\u00edfico","ESTUDIANTE_NOMBRE":"Mar\u00eda Elena Garc\u00eda Torres","NOMBRE_ESTUDIANTE":"Mar\u00eda Elena","APELLIDO_ESTUDIANTE":"Garc\u00eda Torres","CEDULA_ESTUDIANTE":"1002345678"},{"ID_DOCUMENTO_PREPROFESIONAL":"4","ID_PRACTICA_PREPROFESIONAL":"2","ID_TIPO_DOCUMENTO":"1","ID_ESTADO_REVISION":"3","NOMBRE_ARCHIVO":"oficio_asignacion_tutor_002_20250701.pdf","NOMBRE_ORIGINAL":"Oficio Asignaci\u00f3n Tutor - Mar\u00eda Elena.pdf","TIPO_ARCHIVO":"application\/pdf","TAMANO_ARCHIVO":"234880","RUTA_ARCHIVO":"\/uploads\/documentos-practicas\/","FECHA_SUBIDA":"2025-07-01 11:00:00","FECHA_REVISION":"2025-07-01 13:15:00","ID_REVISOR":"5","OBSERVACIONES":"Documento oficial de asignaci\u00f3n","OBSERVACIONES_REVISOR":"Asignaci\u00f3n correcta del tutor","VERSION":"1","ACTIVO":"1","FECHA_CREACION":"2026-03-23 19:56:13","FECHA_ACTUALIZACION":"2026-03-23 19:56:13","ID_TIPO_DOCUMENTO_PREPROFESIONAL":"1","TIPO_DOCUMENTO_CODIGO":"PPR-001","TIPO_DOCUMENTO_NOMBRE":"Oficio de Asignaci\u00f3n de Tutor","TIPO_DOCUMENTO_DESCRIPCION":"Documento oficial emitido por la coordinaci\u00f3n de la carrera que designa al docente responsable de la tutor\u00eda y seguimiento de las pr\u00e1cticas de servicio comunitario del estudiante.","TIPO_DOCUMENTO_ORDEN":"1","TIPO_DOCUMENTO_OBLIGATORIO":"1","ESTADO_REVISION":"Aprobado","ID_ESTUDIANTE":"2","ENTIDAD_RECEPTORA":"Banco del Pac\u00edfico","ESTUDIANTE_NOMBRE":"Mar\u00eda Elena Garc\u00eda Torres","NOMBRE_ESTUDIANTE":"Mar\u00eda Elena","APELLIDO_ESTUDIANTE":"Garc\u00eda Torres","CEDULA_ESTUDIANTE":"1002345678"},{"ID_DOCUMENTO_PREPROFESIONAL":"3","ID_PRACTICA_PREPROFESIONAL":"1","ID_TIPO_DOCUMENTO":"3","ID_ESTADO_REVISION":"3","NOMBRE_ARCHIVO":"carta_aceptacion_001_20250603.pdf","NOMBRE_ORIGINAL":"Carta Aceptaci\u00f3n - Hospital.pdf","TIPO_ARCHIVO":"application\/pdf","TAMANO_ARCHIVO":"156672","RUTA_ARCHIVO":"\/uploads\/documentos-practicas\/","FECHA_SUBIDA":"2025-06-03 09:15:00","FECHA_REVISION":"2025-06-03 11:20:00","ID_REVISOR":"4","OBSERVACIONES":"Carta de aceptaci\u00f3n de la entidad","OBSERVACIONES_REVISOR":"Carta oficial con sello institucional","VERSION":"1","ACTIVO":"1","FECHA_CREACION":"2026-03-23 19:56:13","FECHA_ACTUALIZACION":"2026-03-23 19:56:13","ID_TIPO_DOCUMENTO_PREPROFESIONAL":"3","TIPO_DOCUMENTO_CODIGO":"PPR-003","TIPO_DOCUMENTO_NOMBRE":"Carta de Aceptaci\u00f3n","TIPO_DOCUMENTO_DESCRIPCION":"Carta oficial de la entidad receptora \"Instituto Tecnol\u00f3gico Superior Ibarra\" que confirma la aceptaci\u00f3n del o los estudiantes para realizar las pr\u00e1cticas de servicio comunitario en sus instalaciones.","TIPO_DOCUMENTO_ORDEN":"3","TIPO_DOCUMENTO_OBLIGATORIO":"1","ESTADO_REVISION":"Aprobado","ID_ESTUDIANTE":"1","ENTIDAD_RECEPTORA":"Hospital San Vicente de Pa\u00fal","ESTUDIANTE_NOMBRE":"Juan Carlos P\u00e9rez L\u00f3pez","NOMBRE_ESTUDIANTE":"Juan Carlos","APELLIDO_ESTUDIANTE":"P\u00e9rez L\u00f3pez","CEDULA_ESTUDIANTE":"1001234567"},{"ID_DOCUMENTO_PREPROFESIONAL":"2","ID_PRACTICA_PREPROFESIONAL":"1","ID_TIPO_DOCUMENTO":"2","ID_ESTADO_REVISION":"3","NOMBRE_ARCHIVO":"oficio_entidad_receptora_001_20250602.pdf","NOMBRE_ORIGINAL":"Oficio Entidad Receptora - Hospital.pdf","TIPO_ARCHIVO":"application\/pdf","TAMANO_ARCHIVO":"189440","RUTA_ARCHIVO":"\/uploads\/documentos-practicas\/","FECHA_SUBIDA":"2025-06-02 14:30:00","FECHA_REVISION":"2025-06-02 16:45:00","ID_REVISOR":"4","OBSERVACIONES":"Oficio enviado a la entidad receptora","OBSERVACIONES_REVISOR":"Oficio bien redactado y formal","VERSION":"1","ACTIVO":"1","FECHA_CREACION":"2026-03-23 19:56:13","FECHA_ACTUALIZACION":"2026-03-23 19:56:13","ID_TIPO_DOCUMENTO_PREPROFESIONAL":"2","TIPO_DOCUMENTO_CODIGO":"PPR-002","TIPO_DOCUMENTO_NOMBRE":"Oficio a Entidad Receptora","TIPO_DOCUMENTO_DESCRIPCION":"Carta formal enviada por el estudiante a la instituci\u00f3n \"Instituto Tecnol\u00f3gico Superior Ibarra\", con el prop\u00f3sito de solicitar la oportunidad de realizar sus pr\u00e1cticas de servicio comunitario.","TIPO_DOCUMENTO_ORDEN":"2","TIPO_DOCUMENTO_OBLIGATORIO":"1","ESTADO_REVISION":"Aprobado","ID_ESTUDIANTE":"1","ENTIDAD_RECEPTORA":"Hospital San Vicente de Pa\u00fal","ESTUDIANTE_NOMBRE":"Juan Carlos P\u00e9rez L\u00f3pez","NOMBRE_ESTUDIANTE":"Juan Carlos","APELLIDO_ESTUDIANTE":"P\u00e9rez L\u00f3pez","CEDULA_ESTUDIANTE":"1001234567"},{"ID_DOCUMENTO_PREPROFESIONAL":"1","ID_PRACTICA_PREPROFESIONAL":"1","ID_TIPO_DOCUMENTO":"1","ID_ESTADO_REVISION":"3","NOMBRE_ARCHIVO":"oficio_asignacion_tutor_001_20250601.pdf","NOMBRE_ORIGINAL":"Oficio Asignaci\u00f3n Tutor - Juan Carlos.pdf","TIPO_ARCHIVO":"application\/pdf","TAMANO_ARCHIVO":"245760","RUTA_ARCHIVO":"\/uploads\/documentos-practicas\/","FECHA_SUBIDA":"2025-06-01 10:00:00","FECHA_REVISION":"2025-06-01 14:30:00","ID_REVISOR":"4","OBSERVACIONES":"Documento oficial de asignaci\u00f3n","OBSERVACIONES_REVISOR":"Documento aprobado correctamente","VERSION":"1","ACTIVO":"1","FECHA_CREACION":"2026-03-23 19:56:13","FECHA_ACTUALIZACION":"2026-03-23 19:56:13","ID_TIPO_DOCUMENTO_PREPROFESIONAL":"1","TIPO_DOCUMENTO_CODIGO":"PPR-001","TIPO_DOCUMENTO_NOMBRE":"Oficio de Asignaci\u00f3n de Tutor","TIPO_DOCUMENTO_DESCRIPCION":"Documento oficial emitido por la coordinaci\u00f3n de la carrera que designa al docente responsable de la tutor\u00eda y seguimiento de las pr\u00e1cticas de servicio comunitario del estudiante.","TIPO_DOCUMENTO_ORDEN":"1","TIPO_DOCUMENTO_OBLIGATORIO":"1","ESTADO_REVISION":"Aprobado","ID_ESTUDIANTE":"1","ENTIDAD_RECEPTORA":"Hospital San Vicente de Pa\u00fal","ESTUDIANTE_NOMBRE":"Juan Carlos P\u00e9rez L\u00f3pez","NOMBRE_ESTUDIANTE":"Juan Carlos","APELLIDO_ESTUDIANTE":"P\u00e9rez L\u00f3pez","CEDULA_ESTUDIANTE":"1001234567"}]
DEBUG - 2026-03-24 16:06:16 --> Session: Class initialized using 'CodeIgniter\Session\Handlers\FileHandler' driver.
ERROR - 2026-03-24 16:06:16 --> mysqli_sql_exception: Unknown column 'TAB_ROLES.NOMBRE_ROL' in 'where clause' in C:\xampp\htdocs\ITSI\vendor\codeigniter4\framework\system\Database\MySQLi\Connection.php:327
Stack trace:
#0 C:\xampp\htdocs\ITSI\vendor\codeigniter4\framework\system\Database\MySQLi\Connection.php(327): mysqli->query('SELECT `TAB_USU...', 0)
#1 C:\xampp\htdocs\ITSI\vendor\codeigniter4\framework\system\Database\BaseConnection.php(738): CodeIgniter\Database\MySQLi\Connection->execute('SELECT `TAB_USU...')
#2 C:\xampp\htdocs\ITSI\vendor\codeigniter4\framework\system\Database\BaseConnection.php(652): CodeIgniter\Database\BaseConnection->simpleQuery('SELECT `TAB_USU...')
#3 C:\xampp\htdocs\ITSI\vendor\codeigniter4\framework\system\Database\BaseBuilder.php(1649): CodeIgniter\Database\BaseConnection->query('SELECT `TAB_USU...', Array, false)
#4 C:\xampp\htdocs\ITSI\vendor\codeigniter4\framework\system\Model.php(286): CodeIgniter\Database\BaseBuilder->get()
#5 C:\xampp\htdocs\ITSI\vendor\codeigniter4\framework\system\BaseModel.php(679): CodeIgniter\Model->doFindAll(0, 0)
#6 C:\xampp\htdocs\ITSI\app\Controllers\admin\DocumentosServicioComunitarioAdminController.php(494): CodeIgniter\BaseModel->findAll()
#7 C:\xampp\htdocs\ITSI\app\Controllers\admin\DocumentosServicioComunitarioAdminController.php(58): App\Controllers\admin\DocumentosServicioComunitarioAdminController->getEstudiantes()
#8 C:\xampp\htdocs\ITSI\vendor\codeigniter4\framework\system\CodeIgniter.php(933): App\Controllers\admin\DocumentosServicioComunitarioAdminController->index()
#9 C:\xampp\htdocs\ITSI\vendor\codeigniter4\framework\system\CodeIgniter.php(507): CodeIgniter\CodeIgniter->runController(Object(App\Controllers\admin\DocumentosServicioComunitarioAdminController))
#10 C:\xampp\htdocs\ITSI\vendor\codeigniter4\framework\system\CodeIgniter.php(354): CodeIgniter\CodeIgniter->handleRequest(NULL, Object(Config\Cache), false)
#11 C:\xampp\htdocs\ITSI\vendor\codeigniter4\framework\system\Boot.php(334): CodeIgniter\CodeIgniter->run()
#12 C:\xampp\htdocs\ITSI\vendor\codeigniter4\framework\system\Boot.php(67): CodeIgniter\Boot::runCodeIgniter(Object(CodeIgniter\CodeIgniter))
#13 C:\xampp\htdocs\ITSI\public\index.php(59): CodeIgniter\Boot::bootWeb(Object(Config\Paths))
#14 {main}
DEBUG - 2026-03-24 16:06:17 --> Session: Class initialized using 'CodeIgniter\Session\Handlers\FileHandler' driver.
DEBUG - 2026-03-24 16:06:40 --> Session: Class initialized using 'CodeIgniter\Session\Handlers\FileHandler' driver.
DEBUG - 2026-03-24 16:06:57 --> Session: Class initialized using 'CodeIgniter\Session\Handlers\FileHandler' driver.
DEBUG - 2026-03-24 16:07:09 --> Session: Class initialized using 'CodeIgniter\Session\Handlers\FileHandler' driver.
DEBUG - 2026-03-24 16:07:21 --> Session: Class initialized using 'CodeIgniter\Session\Handlers\FileHandler' driver.
DEBUG - 2026-03-24 16:07:35 --> Session: Class initialized using 'CodeIgniter\Session\Handlers\FileHandler' driver.
DEBUG - 2026-03-24 16:07:46 --> Session: Class initialized using 'CodeIgniter\Session\Handlers\FileHandler' driver.
DEBUG - 2026-03-24 16:08:16 --> Session: Class initialized using 'CodeIgniter\Session\Handlers\FileHandler' driver.
DEBUG - 2026-03-24 16:08:16 --> Consulta SQL: SELECT *
FROM `TAB_DOCUMENTOS_PRACTICAS_PREPROFESIONALES` `dp`
DEBUG - 2026-03-24 16:08:16 --> Resultados obtenidos: 9
DEBUG - 2026-03-24 16:08:16 --> Tipos de documentos en index: [{"ID_TIPO_DOCUMENTO_PREPROFESIONAL":"1","CODIGO":"PPR-001","NOMBRE":"Oficio de Asignaci\u00f3n de Tutor","DESCRIPCION":"Documento oficial emitido por la coordinaci\u00f3n de la carrera que designa al docente responsable de la tutor\u00eda y seguimiento de las pr\u00e1cticas de servicio comunitario del estudiante.","ORDEN":"1","OBLIGATORIO":"1","ACTIVO":"1","FECHA_CREACION":"2026-03-23 19:56:13","FECHA_ACTUALIZACION":"2026-03-23 19:56:13","REQUERIDO":"1"},{"ID_TIPO_DOCUMENTO_PREPROFESIONAL":"2","CODIGO":"PPR-002","NOMBRE":"Oficio a Entidad Receptora","DESCRIPCION":"Carta formal enviada por el estudiante a la instituci\u00f3n \"Instituto Tecnol\u00f3gico Superior Ibarra\", con el prop\u00f3sito de solicitar la oportunidad de realizar sus pr\u00e1cticas de servicio comunitario.","ORDEN":"2","OBLIGATORIO":"1","ACTIVO":"1","FECHA_CREACION":"2026-03-23 19:56:13","FECHA_ACTUALIZACION":"2026-03-23 20:03:37","REQUERIDO":"1"},{"ID_TIPO_DOCUMENTO_PREPROFESIONAL":"3","CODIGO":"PPR-003","NOMBRE":"Carta de Aceptaci\u00f3n","DESCRIPCION":"Carta oficial de la entidad receptora \"Instituto Tecnol\u00f3gico Superior Ibarra\" que confirma la aceptaci\u00f3n del o los estudiantes para realizar las pr\u00e1cticas de servicio comunitario en sus instalaciones.","ORDEN":"3","OBLIGATORIO":"1","ACTIVO":"1","FECHA_CREACION":"2026-03-23 19:56:13","FECHA_ACTUALIZACION":"2026-03-23 19:56:13","REQUERIDO":"1"},{"ID_TIPO_DOCUMENTO_PREPROFESIONAL":"4","CODIGO":"PPR-004","NOMBRE":"Solicitud Institucional Valorada","DESCRIPCION":"Documento de solicitud formal dirigido al Sr. Rector, Dr. Mario Montenegro, pidiendo la aprobaci\u00f3n institucional para la realizaci\u00f3n de las pr\u00e1cticas de servicio comunitario.","ORDEN":"4","OBLIGATORIO":"1","ACTIVO":"1","FECHA_CREACION":"2026-03-23 19:56:13","FECHA_ACTUALIZACION":"2026-03-23 19:56:13","REQUERIDO":"1"},{"ID_TIPO_DOCUMENTO_PREPROFESIONAL":"5","CODIGO":"PPR-005","NOMBRE":"Certificado de Culminaci\u00f3n de Horas","DESCRIPCION":"Certificado emitido por la entidad receptora \"Instituto Tecnol\u00f3gico Superior Ibarra\" que acredita que el estudiante ha completado las 60 horas requeridas de pr\u00e1cticas de servicio comunitario.","ORDEN":"5","OBLIGATORIO":"1","ACTIVO":"1","FECHA_CREACION":"2026-03-23 19:56:13","FECHA_ACTUALIZACION":"2026-03-23 19:56:13","REQUERIDO":"1"},{"ID_TIPO_DOCUMENTO_PREPROFESIONAL":"6","CODIGO":"PPR-006","NOMBRE":"Hojas de Asistencia","DESCRIPCION":"Registro f\u00edsico de la asistencia del estudiante en la entidad receptora. Incluye las firmas y sellos para validar las horas de trabajo.","ORDEN":"6","OBLIGATORIO":"1","ACTIVO":"1","FECHA_CREACION":"2026-03-23 19:56:13","FECHA_ACTUALIZACION":"2026-03-23 19:56:13","REQUERIDO":"1"},{"ID_TIPO_DOCUMENTO_PREPROFESIONAL":"7","CODIGO":"PPR-007","NOMBRE":"Ficha de Registro de Actividades","DESCRIPCION":"Documento detallado en el que el estudiante registra las actividades espec\u00edficas realizadas durante sus pr\u00e1cticas, incluyendo fechas y descripciones.","ORDEN":"7","OBLIGATORIO":"1","ACTIVO":"1","FECHA_CREACION":"2026-03-23 19:56:13","FECHA_ACTUALIZACION":"2026-03-23 19:56:13","REQUERIDO":"1"},{"ID_TIPO_DOCUMENTO_PREPROFESIONAL":"8","CODIGO":"PPR-008","NOMBRE":"R\u00fabrica de Evaluaci\u00f3n de Entidad","DESCRIPCION":"Formulario de evaluaci\u00f3n del desempe\u00f1o del estudiante, llenado y sellado por la entidad receptora. Valora aspectos como la responsabilidad, la proactividad y la calidad del trabajo.","ORDEN":"8","OBLIGATORIO":"1","ACTIVO":"1","FECHA_CREACION":"2026-03-23 19:56:13","FECHA_ACTUALIZACION":"2026-03-23 19:56:13","REQUERIDO":"1"},{"ID_TIPO_DOCUMENTO_PREPROFESIONAL":"9","CODIGO":"PPR-009","NOMBRE":"Ficha de Control y Seguimiento Docente","DESCRIPCION":"Documento utilizado por el tutor docente para registrar el seguimiento acad\u00e9mico del estudiante durante las pr\u00e1cticas. Incluye visitas o revisiones peri\u00f3dicas.","ORDEN":"9","OBLIGATORIO":"1","ACTIVO":"1","FECHA_CREACION":"2026-03-23 19:56:13","FECHA_ACTUALIZACION":"2026-03-23 19:56:13","REQUERIDO":"1"},{"ID_TIPO_DOCUMENTO_PREPROFESIONAL":"10","CODIGO":"PPR-010","NOMBRE":"R\u00fabrica de Evaluaci\u00f3n Docente","DESCRIPCION":"R\u00fabrica de evaluaci\u00f3n llenada y firmada por el tutor docente. Califica el desempe\u00f1o del estudiante en base a los criterios acad\u00e9micos del programa.","ORDEN":"10","OBLIGATORIO":"1","ACTIVO":"1","FECHA_CREACION":"2026-03-23 19:56:13","FECHA_ACTUALIZACION":"2026-03-23 19:56:13","REQUERIDO":"1"},{"ID_TIPO_DOCUMENTO_PREPROFESIONAL":"11","CODIGO":"PPR-011","NOMBRE":"R\u00fabrica de Evaluaci\u00f3n de Resultados","DESCRIPCION":"Evaluaci\u00f3n final realizada por el Departamento de Vinculaci\u00f3n con la Sociedad, que valora los resultados y el impacto del proyecto de servicio comunitario en su conjunto.","ORDEN":"11","OBLIGATORIO":"1","ACTIVO":"1","FECHA_CREACION":"2026-03-23 19:56:13","FECHA_ACTUALIZACION":"2026-03-23 19:56:13","REQUERIDO":"1"},{"ID_TIPO_DOCUMENTO_PREPROFESIONAL":"12","CODIGO":"PPR-012","NOMBRE":"Evidencia Fotogr\u00e1fica y Digital","DESCRIPCION":"Material de apoyo visual y digital, como fotos, capturas, videos o impresiones, que documenta y comprueba la realizaci\u00f3n de las actividades y trabajos del proyecto.","ORDEN":"12","OBLIGATORIO":"1","ACTIVO":"1","FECHA_CREACION":"2026-03-23 19:56:13","FECHA_ACTUALIZACION":"2026-03-23 19:56:13","REQUERIDO":"1"}]
DEBUG - 2026-03-24 16:08:17 --> Session: Class initialized using 'CodeIgniter\Session\Handlers\FileHandler' driver.
DEBUG - 2026-03-24 16:08:17 --> Consulta SQL: SELECT *
FROM `TAB_DOCUMENTOS_PRACTICAS_PREPROFESIONALES` `dp`
DEBUG - 2026-03-24 16:08:17 --> Resultados obtenidos: 9
DEBUG - 2026-03-24 16:08:17 --> Documentos obtenidos: [{"ID_DOCUMENTO_PREPROFESIONAL":"17","ID_PRACTICA_PREPROFESIONAL":"2","ID_TIPO_DOCUMENTO":"9","ID_ESTADO_REVISION":"4","NOMBRE_ARCHIVO":"ficha_control_seguimiento_002_20250920.pdf","NOMBRE_ORIGINAL":"Ficha Control Seguimiento - Mar\u00eda.pdf","TIPO_ARCHIVO":"application\/pdf","TAMANO_ARCHIVO":"112233","RUTA_ARCHIVO":"\/uploads\/documentos-practicas\/","FECHA_SUBIDA":"2025-09-20 10:15:00","FECHA_REVISION":"2025-09-20 12:45:00","ID_REVISOR":"5","OBSERVACIONES":"Ficha de control y seguimiento docente","OBSERVACIONES_REVISOR":"Faltan las firmas del tutor docente, documento inv\u00e1lido","VERSION":"1","ACTIVO":"1","FECHA_CREACION":"2026-03-23 19:56:13","FECHA_ACTUALIZACION":"2026-03-23 19:56:13","ID_TIPO_DOCUMENTO_PREPROFESIONAL":"9","TIPO_DOCUMENTO_CODIGO":"PPR-009","TIPO_DOCUMENTO_NOMBRE":"Ficha de Control y Seguimiento Docente","TIPO_DOCUMENTO_DESCRIPCION":"Documento utilizado por el tutor docente para registrar el seguimiento acad\u00e9mico del estudiante durante las pr\u00e1cticas. Incluye visitas o revisiones peri\u00f3dicas.","TIPO_DOCUMENTO_ORDEN":"9","TIPO_DOCUMENTO_OBLIGATORIO":"1","ESTADO_REVISION":"Rechazado","ID_ESTUDIANTE":"2","ENTIDAD_RECEPTORA":"Banco del Pac\u00edfico","ESTUDIANTE_NOMBRE":"Mar\u00eda Elena Garc\u00eda Torres","NOMBRE_ESTUDIANTE":"Mar\u00eda Elena","APELLIDO_ESTUDIANTE":"Garc\u00eda Torres","CEDULA_ESTUDIANTE":"1002345678"},{"ID_DOCUMENTO_PREPROFESIONAL":"15","ID_PRACTICA_PREPROFESIONAL":"2","ID_TIPO_DOCUMENTO":"7","ID_ESTADO_REVISION":"5","NOMBRE_ARCHIVO":"ficha_registro_actividades_002_20250915.pdf","NOMBRE_ORIGINAL":"Ficha Registro Actividades - Mar\u00eda.pdf","TIPO_ARCHIVO":"application\/pdf","TAMANO_ARCHIVO":"98765","RUTA_ARCHIVO":"\/uploads\/documentos-practicas\/","FECHA_SUBIDA":"2025-09-15 11:30:00","FECHA_REVISION":"2025-09-15 14:20:00","ID_REVISOR":"5","OBSERVACIONES":"Ficha de registro de actividades","OBSERVACIONES_REVISOR":"Descripci\u00f3n de actividades muy general, especificar m\u00e1s detalles","VERSION":"1","ACTIVO":"1","FECHA_CREACION":"2026-03-23 19:56:13","FECHA_ACTUALIZACION":"2026-03-23 19:56:13","ID_TIPO_DOCUMENTO_PREPROFESIONAL":"7","TIPO_DOCUMENTO_CODIGO":"PPR-007","TIPO_DOCUMENTO_NOMBRE":"Ficha de Registro de Actividades","TIPO_DOCUMENTO_DESCRIPCION":"Documento detallado en el que el estudiante registra las actividades espec\u00edficas realizadas durante sus pr\u00e1cticas, incluyendo fechas y descripciones.","TIPO_DOCUMENTO_ORDEN":"7","TIPO_DOCUMENTO_OBLIGATORIO":"1","ESTADO_REVISION":"Requiere Correcci\u00f3n","ID_ESTUDIANTE":"2","ENTIDAD_RECEPTORA":"Banco del Pac\u00edfico","ESTUDIANTE_NOMBRE":"Mar\u00eda Elena Garc\u00eda Torres","NOMBRE_ESTUDIANTE":"Mar\u00eda Elena","APELLIDO_ESTUDIANTE":"Garc\u00eda Torres","CEDULA_ESTUDIANTE":"1002345678"},{"ID_DOCUMENTO_PREPROFESIONAL":"14","ID_PRACTICA_PREPROFESIONAL":"1","ID_TIPO_DOCUMENTO":"6","ID_ESTADO_REVISION":"5","NOMBRE_ARCHIVO":"hojas_asistencia_001_20250830.pdf","NOMBRE_ORIGINAL":"Hojas de Asistencia - Juan Carlos.pdf","TIPO_ARCHIVO":"application\/pdf","TAMANO_ARCHIVO":"123456","RUTA_ARCHIVO":"\/uploads\/documentos-practicas\/","FECHA_SUBIDA":"2025-08-30 16:15:00","FECHA_REVISION":"2025-08-30 17:45:00","ID_REVISOR":"4","OBSERVACIONES":"Hojas de asistencia completas","OBSERVACIONES_REVISOR":"Faltan firmas en algunas fechas, corregir y volver a subir","VERSION":"1","ACTIVO":"1","FECHA_CREACION":"2026-03-23 19:56:13","FECHA_ACTUALIZACION":"2026-03-23 19:56:13","ID_TIPO_DOCUMENTO_PREPROFESIONAL":"6","TIPO_DOCUMENTO_CODIGO":"PPR-006","TIPO_DOCUMENTO_NOMBRE":"Hojas de Asistencia","TIPO_DOCUMENTO_DESCRIPCION":"Registro f\u00edsico de la asistencia del estudiante en la entidad receptora. Incluye las firmas y sellos para validar las horas de trabajo.","TIPO_DOCUMENTO_ORDEN":"6","TIPO_DOCUMENTO_OBLIGATORIO":"1","ESTADO_REVISION":"Requiere Correcci\u00f3n","ID_ESTUDIANTE":"1","ENTIDAD_RECEPTORA":"Hospital San Vicente de Pa\u00fal","ESTUDIANTE_NOMBRE":"Juan Carlos P\u00e9rez L\u00f3pez","NOMBRE_ESTUDIANTE":"Juan Carlos","APELLIDO_ESTUDIANTE":"P\u00e9rez L\u00f3pez","CEDULA_ESTUDIANTE":"1001234567"},{"ID_DOCUMENTO_PREPROFESIONAL":"16","ID_PRACTICA_PREPROFESIONAL":"1","ID_TIPO_DOCUMENTO":"8","ID_ESTADO_REVISION":"4","NOMBRE_ARCHIVO":"rubrica_evaluacion_entidad_001_20250825.pdf","NOMBRE_ORIGINAL":"R\u00fabrica Evaluaci\u00f3n Entidad - Juan.pdf","TIPO_ARCHIVO":"application\/pdf","TAMANO_ARCHIVO":"87654","RUTA_ARCHIVO":"\/uploads\/documentos-practicas\/","FECHA_SUBIDA":"2025-08-25 15:00:00","FECHA_REVISION":"2025-08-25 16:30:00","ID_REVISOR":"4","OBSERVACIONES":"R\u00fabrica de evaluaci\u00f3n de entidad","OBSERVACIONES_REVISOR":"Documento no tiene sello oficial de la entidad, rechazado","VERSION":"1","ACTIVO":"1","FECHA_CREACION":"2026-03-23 19:56:13","FECHA_ACTUALIZACION":"2026-03-23 19:56:13","ID_TIPO_DOCUMENTO_PREPROFESIONAL":"8","TIPO_DOCUMENTO_CODIGO":"PPR-008","TIPO_DOCUMENTO_NOMBRE":"R\u00fabrica de Evaluaci\u00f3n de Entidad","TIPO_DOCUMENTO_DESCRIPCION":"Formulario de evaluaci\u00f3n del desempe\u00f1o del estudiante, llenado y sellado por la entidad receptora. Valora aspectos como la responsabilidad, la proactividad y la calidad del trabajo.","TIPO_DOCUMENTO_ORDEN":"8","TIPO_DOCUMENTO_OBLIGATORIO":"1","ESTADO_REVISION":"Rechazado","ID_ESTUDIANTE":"1","ENTIDAD_RECEPTORA":"Hospital San Vicente de Pa\u00fal","ESTUDIANTE_NOMBRE":"Juan Carlos P\u00e9rez L\u00f3pez","NOMBRE_ESTUDIANTE":"Juan Carlos","APELLIDO_ESTUDIANTE":"P\u00e9rez L\u00f3pez","CEDULA_ESTUDIANTE":"1001234567"},{"ID_DOCUMENTO_PREPROFESIONAL":"5","ID_PRACTICA_PREPROFESIONAL":"2","ID_TIPO_DOCUMENTO":"2","ID_ESTADO_REVISION":"3","NOMBRE_ARCHIVO":"oficio_entidad_receptora_002_20250702.pdf","NOMBRE_ORIGINAL":"Oficio Entidad Receptora - Banco.pdf","TIPO_ARCHIVO":"application\/pdf","TAMANO_ARCHIVO":"178944","RUTA_ARCHIVO":"\/uploads\/documentos-practicas\/","FECHA_SUBIDA":"2025-07-02 15:45:00","FECHA_REVISION":"2025-07-02 17:20:00","ID_REVISOR":"5","OBSERVACIONES":"Oficio enviado a la entidad receptora","OBSERVACIONES_REVISOR":"Oficio formal y bien estructurado","VERSION":"1","ACTIVO":"1","FECHA_CREACION":"2026-03-23 19:56:13","FECHA_ACTUALIZACION":"2026-03-23 19:56:13","ID_TIPO_DOCUMENTO_PREPROFESIONAL":"2","TIPO_DOCUMENTO_CODIGO":"PPR-002","TIPO_DOCUMENTO_NOMBRE":"Oficio a Entidad Receptora","TIPO_DOCUMENTO_DESCRIPCION":"Carta formal enviada por el estudiante a la instituci\u00f3n \"Instituto Tecnol\u00f3gico Superior Ibarra\", con el prop\u00f3sito de solicitar la oportunidad de realizar sus pr\u00e1cticas de servicio comunitario.","TIPO_DOCUMENTO_ORDEN":"2","TIPO_DOCUMENTO_OBLIGATORIO":"1","ESTADO_REVISION":"Aprobado","ID_ESTUDIANTE":"2","ENTIDAD_RECEPTORA":"Banco del Pac\u00edfico","ESTUDIANTE_NOMBRE":"Mar\u00eda Elena Garc\u00eda Torres","NOMBRE_ESTUDIANTE":"Mar\u00eda Elena","APELLIDO_ESTUDIANTE":"Garc\u00eda Torres","CEDULA_ESTUDIANTE":"1002345678"},{"ID_DOCUMENTO_PREPROFESIONAL":"4","ID_PRACTICA_PREPROFESIONAL":"2","ID_TIPO_DOCUMENTO":"1","ID_ESTADO_REVISION":"3","NOMBRE_ARCHIVO":"oficio_asignacion_tutor_002_20250701.pdf","NOMBRE_ORIGINAL":"Oficio Asignaci\u00f3n Tutor - Mar\u00eda Elena.pdf","TIPO_ARCHIVO":"application\/pdf","TAMANO_ARCHIVO":"234880","RUTA_ARCHIVO":"\/uploads\/documentos-practicas\/","FECHA_SUBIDA":"2025-07-01 11:00:00","FECHA_REVISION":"2025-07-01 13:15:00","ID_REVISOR":"5","OBSERVACIONES":"Documento oficial de asignaci\u00f3n","OBSERVACIONES_REVISOR":"Asignaci\u00f3n correcta del tutor","VERSION":"1","ACTIVO":"1","FECHA_CREACION":"2026-03-23 19:56:13","FECHA_ACTUALIZACION":"2026-03-23 19:56:13","ID_TIPO_DOCUMENTO_PREPROFESIONAL":"1","TIPO_DOCUMENTO_CODIGO":"PPR-001","TIPO_DOCUMENTO_NOMBRE":"Oficio de Asignaci\u00f3n de Tutor","TIPO_DOCUMENTO_DESCRIPCION":"Documento oficial emitido por la coordinaci\u00f3n de la carrera que designa al docente responsable de la tutor\u00eda y seguimiento de las pr\u00e1cticas de servicio comunitario del estudiante.","TIPO_DOCUMENTO_ORDEN":"1","TIPO_DOCUMENTO_OBLIGATORIO":"1","ESTADO_REVISION":"Aprobado","ID_ESTUDIANTE":"2","ENTIDAD_RECEPTORA":"Banco del Pac\u00edfico","ESTUDIANTE_NOMBRE":"Mar\u00eda Elena Garc\u00eda Torres","NOMBRE_ESTUDIANTE":"Mar\u00eda Elena","APELLIDO_ESTUDIANTE":"Garc\u00eda Torres","CEDULA_ESTUDIANTE":"1002345678"},{"ID_DOCUMENTO_PREPROFESIONAL":"3","ID_PRACTICA_PREPROFESIONAL":"1","ID_TIPO_DOCUMENTO":"3","ID_ESTADO_REVISION":"3","NOMBRE_ARCHIVO":"carta_aceptacion_001_20250603.pdf","NOMBRE_ORIGINAL":"Carta Aceptaci\u00f3n - Hospital.pdf","TIPO_ARCHIVO":"application\/pdf","TAMANO_ARCHIVO":"156672","RUTA_ARCHIVO":"\/uploads\/documentos-practicas\/","FECHA_SUBIDA":"2025-06-03 09:15:00","FECHA_REVISION":"2025-06-03 11:20:00","ID_REVISOR":"4","OBSERVACIONES":"Carta de aceptaci\u00f3n de la entidad","OBSERVACIONES_REVISOR":"Carta oficial con sello institucional","VERSION":"1","ACTIVO":"1","FECHA_CREACION":"2026-03-23 19:56:13","FECHA_ACTUALIZACION":"2026-03-23 19:56:13","ID_TIPO_DOCUMENTO_PREPROFESIONAL":"3","TIPO_DOCUMENTO_CODIGO":"PPR-003","TIPO_DOCUMENTO_NOMBRE":"Carta de Aceptaci\u00f3n","TIPO_DOCUMENTO_DESCRIPCION":"Carta oficial de la entidad receptora \"Instituto Tecnol\u00f3gico Superior Ibarra\" que confirma la aceptaci\u00f3n del o los estudiantes para realizar las pr\u00e1cticas de servicio comunitario en sus instalaciones.","TIPO_DOCUMENTO_ORDEN":"3","TIPO_DOCUMENTO_OBLIGATORIO":"1","ESTADO_REVISION":"Aprobado","ID_ESTUDIANTE":"1","ENTIDAD_RECEPTORA":"Hospital San Vicente de Pa\u00fal","ESTUDIANTE_NOMBRE":"Juan Carlos P\u00e9rez L\u00f3pez","NOMBRE_ESTUDIANTE":"Juan Carlos","APELLIDO_ESTUDIANTE":"P\u00e9rez L\u00f3pez","CEDULA_ESTUDIANTE":"1001234567"},{"ID_DOCUMENTO_PREPROFESIONAL":"2","ID_PRACTICA_PREPROFESIONAL":"1","ID_TIPO_DOCUMENTO":"2","ID_ESTADO_REVISION":"3","NOMBRE_ARCHIVO":"oficio_entidad_receptora_001_20250602.pdf","NOMBRE_ORIGINAL":"Oficio Entidad Receptora - Hospital.pdf","TIPO_ARCHIVO":"application\/pdf","TAMANO_ARCHIVO":"189440","RUTA_ARCHIVO":"\/uploads\/documentos-practicas\/","FECHA_SUBIDA":"2025-06-02 14:30:00","FECHA_REVISION":"2025-06-02 16:45:00","ID_REVISOR":"4","OBSERVACIONES":"Oficio enviado a la entidad receptora","OBSERVACIONES_REVISOR":"Oficio bien redactado y formal","VERSION":"1","ACTIVO":"1","FECHA_CREACION":"2026-03-23 19:56:13","FECHA_ACTUALIZACION":"2026-03-23 19:56:13","ID_TIPO_DOCUMENTO_PREPROFESIONAL":"2","TIPO_DOCUMENTO_CODIGO":"PPR-002","TIPO_DOCUMENTO_NOMBRE":"Oficio a Entidad Receptora","TIPO_DOCUMENTO_DESCRIPCION":"Carta formal enviada por el estudiante a la instituci\u00f3n \"Instituto Tecnol\u00f3gico Superior Ibarra\", con el prop\u00f3sito de solicitar la oportunidad de realizar sus pr\u00e1cticas de servicio comunitario.","TIPO_DOCUMENTO_ORDEN":"2","TIPO_DOCUMENTO_OBLIGATORIO":"1","ESTADO_REVISION":"Aprobado","ID_ESTUDIANTE":"1","ENTIDAD_RECEPTORA":"Hospital San Vicente de Pa\u00fal","ESTUDIANTE_NOMBRE":"Juan Carlos P\u00e9rez L\u00f3pez","NOMBRE_ESTUDIANTE":"Juan Carlos","APELLIDO_ESTUDIANTE":"P\u00e9rez L\u00f3pez","CEDULA_ESTUDIANTE":"1001234567"},{"ID_DOCUMENTO_PREPROFESIONAL":"1","ID_PRACTICA_PREPROFESIONAL":"1","ID_TIPO_DOCUMENTO":"1","ID_ESTADO_REVISION":"3","NOMBRE_ARCHIVO":"oficio_asignacion_tutor_001_20250601.pdf","NOMBRE_ORIGINAL":"Oficio Asignaci\u00f3n Tutor - Juan Carlos.pdf","TIPO_ARCHIVO":"application\/pdf","TAMANO_ARCHIVO":"245760","RUTA_ARCHIVO":"\/uploads\/documentos-practicas\/","FECHA_SUBIDA":"2025-06-01 10:00:00","FECHA_REVISION":"2025-06-01 14:30:00","ID_REVISOR":"4","OBSERVACIONES":"Documento oficial de asignaci\u00f3n","OBSERVACIONES_REVISOR":"Documento aprobado correctamente","VERSION":"1","ACTIVO":"1","FECHA_CREACION":"2026-03-23 19:56:13","FECHA_ACTUALIZACION":"2026-03-23 19:56:13","ID_TIPO_DOCUMENTO_PREPROFESIONAL":"1","TIPO_DOCUMENTO_CODIGO":"PPR-001","TIPO_DOCUMENTO_NOMBRE":"Oficio de Asignaci\u00f3n de Tutor","TIPO_DOCUMENTO_DESCRIPCION":"Documento oficial emitido por la coordinaci\u00f3n de la carrera que designa al docente responsable de la tutor\u00eda y seguimiento de las pr\u00e1cticas de servicio comunitario del estudiante.","TIPO_DOCUMENTO_ORDEN":"1","TIPO_DOCUMENTO_OBLIGATORIO":"1","ESTADO_REVISION":"Aprobado","ID_ESTUDIANTE":"1","ENTIDAD_RECEPTORA":"Hospital San Vicente de Pa\u00fal","ESTUDIANTE_NOMBRE":"Juan Carlos P\u00e9rez L\u00f3pez","NOMBRE_ESTUDIANTE":"Juan Carlos","APELLIDO_ESTUDIANTE":"P\u00e9rez L\u00f3pez","CEDULA_ESTUDIANTE":"1001234567"}]
DEBUG - 2026-03-24 16:11:26 --> Session: Class initialized using 'CodeIgniter\Session\Handlers\FileHandler' driver.
ERROR - 2026-03-24 16:11:26 --> mysqli_sql_exception: Unknown column 'TAB_ROLES.NOMBRE_ROL' in 'where clause' in C:\xampp\htdocs\ITSI\vendor\codeigniter4\framework\system\Database\MySQLi\Connection.php:327
Stack trace:
#0 C:\xampp\htdocs\ITSI\vendor\codeigniter4\framework\system\Database\MySQLi\Connection.php(327): mysqli->query('SELECT `TAB_USU...', 0)
#1 C:\xampp\htdocs\ITSI\vendor\codeigniter4\framework\system\Database\BaseConnection.php(738): CodeIgniter\Database\MySQLi\Connection->execute('SELECT `TAB_USU...')
#2 C:\xampp\htdocs\ITSI\vendor\codeigniter4\framework\system\Database\BaseConnection.php(652): CodeIgniter\Database\BaseConnection->simpleQuery('SELECT `TAB_USU...')
#3 C:\xampp\htdocs\ITSI\vendor\codeigniter4\framework\system\Database\BaseBuilder.php(1649): CodeIgniter\Database\BaseConnection->query('SELECT `TAB_USU...', Array, false)
#4 C:\xampp\htdocs\ITSI\vendor\codeigniter4\framework\system\Model.php(286): CodeIgniter\Database\BaseBuilder->get()
#5 C:\xampp\htdocs\ITSI\vendor\codeigniter4\framework\system\BaseModel.php(679): CodeIgniter\Model->doFindAll(0, 0)
#6 C:\xampp\htdocs\ITSI\app\Controllers\admin\DocumentosServicioComunitarioAdminController.php(494): CodeIgniter\BaseModel->findAll()
#7 C:\xampp\htdocs\ITSI\app\Controllers\admin\DocumentosServicioComunitarioAdminController.php(58): App\Controllers\admin\DocumentosServicioComunitarioAdminController->getEstudiantes()
#8 C:\xampp\htdocs\ITSI\vendor\codeigniter4\framework\system\CodeIgniter.php(933): App\Controllers\admin\DocumentosServicioComunitarioAdminController->index()
#9 C:\xampp\htdocs\ITSI\vendor\codeigniter4\framework\system\CodeIgniter.php(507): CodeIgniter\CodeIgniter->runController(Object(App\Controllers\admin\DocumentosServicioComunitarioAdminController))
#10 C:\xampp\htdocs\ITSI\vendor\codeigniter4\framework\system\CodeIgniter.php(354): CodeIgniter\CodeIgniter->handleRequest(NULL, Object(Config\Cache), false)
#11 C:\xampp\htdocs\ITSI\vendor\codeigniter4\framework\system\Boot.php(334): CodeIgniter\CodeIgniter->run()
#12 C:\xampp\htdocs\ITSI\vendor\codeigniter4\framework\system\Boot.php(67): CodeIgniter\Boot::runCodeIgniter(Object(CodeIgniter\CodeIgniter))
#13 C:\xampp\htdocs\ITSI\public\index.php(59): CodeIgniter\Boot::bootWeb(Object(Config\Paths))
#14 {main}
DEBUG - 2026-03-24 16:11:27 --> Session: Class initialized using 'CodeIgniter\Session\Handlers\FileHandler' driver.
DEBUG - 2026-03-24 16:11:39 --> Session: Class initialized using 'CodeIgniter\Session\Handlers\FileHandler' driver.
DEBUG - 2026-03-24 16:11:42 --> Session: Class initialized using 'CodeIgniter\Session\Handlers\FileHandler' driver.
DEBUG - 2026-03-24 16:11:42 --> Consulta SQL: SELECT *
FROM `TAB_DOCUMENTOS_PRACTICAS_PREPROFESIONALES` `dp`
DEBUG - 2026-03-24 16:11:42 --> Resultados obtenidos: 9
DEBUG - 2026-03-24 16:11:42 --> Tipos de documentos en index: [{"ID_TIPO_DOCUMENTO_PREPROFESIONAL":"1","CODIGO":"PPR-001","NOMBRE":"Oficio de Asignaci\u00f3n de Tutor","DESCRIPCION":"Documento oficial emitido por la coordinaci\u00f3n de la carrera que designa al docente responsable de la tutor\u00eda y seguimiento de las pr\u00e1cticas de servicio comunitario del estudiante.","ORDEN":"1","OBLIGATORIO":"1","ACTIVO":"1","FECHA_CREACION":"2026-03-23 19:56:13","FECHA_ACTUALIZACION":"2026-03-23 19:56:13","REQUERIDO":"1"},{"ID_TIPO_DOCUMENTO_PREPROFESIONAL":"2","CODIGO":"PPR-002","NOMBRE":"Oficio a Entidad Receptora","DESCRIPCION":"Carta formal enviada por el estudiante a la instituci\u00f3n \"Instituto Tecnol\u00f3gico Superior Ibarra\", con el prop\u00f3sito de solicitar la oportunidad de realizar sus pr\u00e1cticas de servicio comunitario.","ORDEN":"2","OBLIGATORIO":"1","ACTIVO":"1","FECHA_CREACION":"2026-03-23 19:56:13","FECHA_ACTUALIZACION":"2026-03-23 20:03:37","REQUERIDO":"1"},{"ID_TIPO_DOCUMENTO_PREPROFESIONAL":"3","CODIGO":"PPR-003","NOMBRE":"Carta de Aceptaci\u00f3n","DESCRIPCION":"Carta oficial de la entidad receptora \"Instituto Tecnol\u00f3gico Superior Ibarra\" que confirma la aceptaci\u00f3n del o los estudiantes para realizar las pr\u00e1cticas de servicio comunitario en sus instalaciones.","ORDEN":"3","OBLIGATORIO":"1","ACTIVO":"1","FECHA_CREACION":"2026-03-23 19:56:13","FECHA_ACTUALIZACION":"2026-03-23 19:56:13","REQUERIDO":"1"},{"ID_TIPO_DOCUMENTO_PREPROFESIONAL":"4","CODIGO":"PPR-004","NOMBRE":"Solicitud Institucional Valorada","DESCRIPCION":"Documento de solicitud formal dirigido al Sr. Rector, Dr. Mario Montenegro, pidiendo la aprobaci\u00f3n institucional para la realizaci\u00f3n de las pr\u00e1cticas de servicio comunitario.","ORDEN":"4","OBLIGATORIO":"1","ACTIVO":"1","FECHA_CREACION":"2026-03-23 19:56:13","FECHA_ACTUALIZACION":"2026-03-23 19:56:13","REQUERIDO":"1"},{"ID_TIPO_DOCUMENTO_PREPROFESIONAL":"5","CODIGO":"PPR-005","NOMBRE":"Certificado de Culminaci\u00f3n de Horas","DESCRIPCION":"Certificado emitido por la entidad receptora \"Instituto Tecnol\u00f3gico Superior Ibarra\" que acredita que el estudiante ha completado las 60 horas requeridas de pr\u00e1cticas de servicio comunitario.","ORDEN":"5","OBLIGATORIO":"1","ACTIVO":"1","FECHA_CREACION":"2026-03-23 19:56:13","FECHA_ACTUALIZACION":"2026-03-23 19:56:13","REQUERIDO":"1"},{"ID_TIPO_DOCUMENTO_PREPROFESIONAL":"6","CODIGO":"PPR-006","NOMBRE":"Hojas de Asistencia","DESCRIPCION":"Registro f\u00edsico de la asistencia del estudiante en la entidad receptora. Incluye las firmas y sellos para validar las horas de trabajo.","ORDEN":"6","OBLIGATORIO":"1","ACTIVO":"1","FECHA_CREACION":"2026-03-23 19:56:13","FECHA_ACTUALIZACION":"2026-03-23 19:56:13","REQUERIDO":"1"},{"ID_TIPO_DOCUMENTO_PREPROFESIONAL":"7","CODIGO":"PPR-007","NOMBRE":"Ficha de Registro de Actividades","DESCRIPCION":"Documento detallado en el que el estudiante registra las actividades espec\u00edficas realizadas durante sus pr\u00e1cticas, incluyendo fechas y descripciones.","ORDEN":"7","OBLIGATORIO":"1","ACTIVO":"1","FECHA_CREACION":"2026-03-23 19:56:13","FECHA_ACTUALIZACION":"2026-03-23 19:56:13","REQUERIDO":"1"},{"ID_TIPO_DOCUMENTO_PREPROFESIONAL":"8","CODIGO":"PPR-008","NOMBRE":"R\u00fabrica de Evaluaci\u00f3n de Entidad","DESCRIPCION":"Formulario de evaluaci\u00f3n del desempe\u00f1o del estudiante, llenado y sellado por la entidad receptora. Valora aspectos como la responsabilidad, la proactividad y la calidad del trabajo.","ORDEN":"8","OBLIGATORIO":"1","ACTIVO":"1","FECHA_CREACION":"2026-03-23 19:56:13","FECHA_ACTUALIZACION":"2026-03-23 19:56:13","REQUERIDO":"1"},{"ID_TIPO_DOCUMENTO_PREPROFESIONAL":"9","CODIGO":"PPR-009","NOMBRE":"Ficha de Control y Seguimiento Docente","DESCRIPCION":"Documento utilizado por el tutor docente para registrar el seguimiento acad\u00e9mico del estudiante durante las pr\u00e1cticas. Incluye visitas o revisiones peri\u00f3dicas.","ORDEN":"9","OBLIGATORIO":"1","ACTIVO":"1","FECHA_CREACION":"2026-03-23 19:56:13","FECHA_ACTUALIZACION":"2026-03-23 19:56:13","REQUERIDO":"1"},{"ID_TIPO_DOCUMENTO_PREPROFESIONAL":"10","CODIGO":"PPR-010","NOMBRE":"R\u00fabrica de Evaluaci\u00f3n Docente","DESCRIPCION":"R\u00fabrica de evaluaci\u00f3n llenada y firmada por el tutor docente. Califica el desempe\u00f1o del estudiante en base a los criterios acad\u00e9micos del programa.","ORDEN":"10","OBLIGATORIO":"1","ACTIVO":"1","FECHA_CREACION":"2026-03-23 19:56:13","FECHA_ACTUALIZACION":"2026-03-23 19:56:13","REQUERIDO":"1"},{"ID_TIPO_DOCUMENTO_PREPROFESIONAL":"11","CODIGO":"PPR-011","NOMBRE":"R\u00fabrica de Evaluaci\u00f3n de Resultados","DESCRIPCION":"Evaluaci\u00f3n final realizada por el Departamento de Vinculaci\u00f3n con la Sociedad, que valora los resultados y el impacto del proyecto de servicio comunitario en su conjunto.","ORDEN":"11","OBLIGATORIO":"1","ACTIVO":"1","FECHA_CREACION":"2026-03-23 19:56:13","FECHA_ACTUALIZACION":"2026-03-23 19:56:13","REQUERIDO":"1"},{"ID_TIPO_DOCUMENTO_PREPROFESIONAL":"12","CODIGO":"PPR-012","NOMBRE":"Evidencia Fotogr\u00e1fica y Digital","DESCRIPCION":"Material de apoyo visual y digital, como fotos, capturas, videos o impresiones, que documenta y comprueba la realizaci\u00f3n de las actividades y trabajos del proyecto.","ORDEN":"12","OBLIGATORIO":"1","ACTIVO":"1","FECHA_CREACION":"2026-03-23 19:56:13","FECHA_ACTUALIZACION":"2026-03-23 19:56:13","REQUERIDO":"1"}]
DEBUG - 2026-03-24 16:11:43 --> Session: Class initialized using 'CodeIgniter\Session\Handlers\FileHandler' driver.
DEBUG - 2026-03-24 16:11:43 --> Consulta SQL: SELECT *
FROM `TAB_DOCUMENTOS_PRACTICAS_PREPROFESIONALES` `dp`
DEBUG - 2026-03-24 16:11:43 --> Resultados obtenidos: 9
DEBUG - 2026-03-24 16:11:43 --> Documentos obtenidos: [{"ID_DOCUMENTO_PREPROFESIONAL":"17","ID_PRACTICA_PREPROFESIONAL":"2","ID_TIPO_DOCUMENTO":"9","ID_ESTADO_REVISION":"4","NOMBRE_ARCHIVO":"ficha_control_seguimiento_002_20250920.pdf","NOMBRE_ORIGINAL":"Ficha Control Seguimiento - Mar\u00eda.pdf","TIPO_ARCHIVO":"application\/pdf","TAMANO_ARCHIVO":"112233","RUTA_ARCHIVO":"\/uploads\/documentos-practicas\/","FECHA_SUBIDA":"2025-09-20 10:15:00","FECHA_REVISION":"2025-09-20 12:45:00","ID_REVISOR":"5","OBSERVACIONES":"Ficha de control y seguimiento docente","OBSERVACIONES_REVISOR":"Faltan las firmas del tutor docente, documento inv\u00e1lido","VERSION":"1","ACTIVO":"1","FECHA_CREACION":"2026-03-23 19:56:13","FECHA_ACTUALIZACION":"2026-03-23 19:56:13","ID_TIPO_DOCUMENTO_PREPROFESIONAL":"9","TIPO_DOCUMENTO_CODIGO":"PPR-009","TIPO_DOCUMENTO_NOMBRE":"Ficha de Control y Seguimiento Docente","TIPO_DOCUMENTO_DESCRIPCION":"Documento utilizado por el tutor docente para registrar el seguimiento acad\u00e9mico del estudiante durante las pr\u00e1cticas. Incluye visitas o revisiones peri\u00f3dicas.","TIPO_DOCUMENTO_ORDEN":"9","TIPO_DOCUMENTO_OBLIGATORIO":"1","ESTADO_REVISION":"Rechazado","ID_ESTUDIANTE":"2","ENTIDAD_RECEPTORA":"Banco del Pac\u00edfico","ESTUDIANTE_NOMBRE":"Mar\u00eda Elena Garc\u00eda Torres","NOMBRE_ESTUDIANTE":"Mar\u00eda Elena","APELLIDO_ESTUDIANTE":"Garc\u00eda Torres","CEDULA_ESTUDIANTE":"1002345678"},{"ID_DOCUMENTO_PREPROFESIONAL":"15","ID_PRACTICA_PREPROFESIONAL":"2","ID_TIPO_DOCUMENTO":"7","ID_ESTADO_REVISION":"5","NOMBRE_ARCHIVO":"ficha_registro_actividades_002_20250915.pdf","NOMBRE_ORIGINAL":"Ficha Registro Actividades - Mar\u00eda.pdf","TIPO_ARCHIVO":"application\/pdf","TAMANO_ARCHIVO":"98765","RUTA_ARCHIVO":"\/uploads\/documentos-practicas\/","FECHA_SUBIDA":"2025-09-15 11:30:00","FECHA_REVISION":"2025-09-15 14:20:00","ID_REVISOR":"5","OBSERVACIONES":"Ficha de registro de actividades","OBSERVACIONES_REVISOR":"Descripci\u00f3n de actividades muy general, especificar m\u00e1s detalles","VERSION":"1","ACTIVO":"1","FECHA_CREACION":"2026-03-23 19:56:13","FECHA_ACTUALIZACION":"2026-03-23 19:56:13","ID_TIPO_DOCUMENTO_PREPROFESIONAL":"7","TIPO_DOCUMENTO_CODIGO":"PPR-007","TIPO_DOCUMENTO_NOMBRE":"Ficha de Registro de Actividades","TIPO_DOCUMENTO_DESCRIPCION":"Documento detallado en el que el estudiante registra las actividades espec\u00edficas realizadas durante sus pr\u00e1cticas, incluyendo fechas y descripciones.","TIPO_DOCUMENTO_ORDEN":"7","TIPO_DOCUMENTO_OBLIGATORIO":"1","ESTADO_REVISION":"Requiere Correcci\u00f3n","ID_ESTUDIANTE":"2","ENTIDAD_RECEPTORA":"Banco del Pac\u00edfico","ESTUDIANTE_NOMBRE":"Mar\u00eda Elena Garc\u00eda Torres","NOMBRE_ESTUDIANTE":"Mar\u00eda Elena","APELLIDO_ESTUDIANTE":"Garc\u00eda Torres","CEDULA_ESTUDIANTE":"1002345678"},{"ID_DOCUMENTO_PREPROFESIONAL":"14","ID_PRACTICA_PREPROFESIONAL":"1","ID_TIPO_DOCUMENTO":"6","ID_ESTADO_REVISION":"5","NOMBRE_ARCHIVO":"hojas_asistencia_001_20250830.pdf","NOMBRE_ORIGINAL":"Hojas de Asistencia - Juan Carlos.pdf","TIPO_ARCHIVO":"application\/pdf","TAMANO_ARCHIVO":"123456","RUTA_ARCHIVO":"\/uploads\/documentos-practicas\/","FECHA_SUBIDA":"2025-08-30 16:15:00","FECHA_REVISION":"2025-08-30 17:45:00","ID_REVISOR":"4","OBSERVACIONES":"Hojas de asistencia completas","OBSERVACIONES_REVISOR":"Faltan firmas en algunas fechas, corregir y volver a subir","VERSION":"1","ACTIVO":"1","FECHA_CREACION":"2026-03-23 19:56:13","FECHA_ACTUALIZACION":"2026-03-23 19:56:13","ID_TIPO_DOCUMENTO_PREPROFESIONAL":"6","TIPO_DOCUMENTO_CODIGO":"PPR-006","TIPO_DOCUMENTO_NOMBRE":"Hojas de Asistencia","TIPO_DOCUMENTO_DESCRIPCION":"Registro f\u00edsico de la asistencia del estudiante en la entidad receptora. Incluye las firmas y sellos para validar las horas de trabajo.","TIPO_DOCUMENTO_ORDEN":"6","TIPO_DOCUMENTO_OBLIGATORIO":"1","ESTADO_REVISION":"Requiere Correcci\u00f3n","ID_ESTUDIANTE":"1","ENTIDAD_RECEPTORA":"Hospital San Vicente de Pa\u00fal","ESTUDIANTE_NOMBRE":"Juan Carlos P\u00e9rez L\u00f3pez","NOMBRE_ESTUDIANTE":"Juan Carlos","APELLIDO_ESTUDIANTE":"P\u00e9rez L\u00f3pez","CEDULA_ESTUDIANTE":"1001234567"},{"ID_DOCUMENTO_PREPROFESIONAL":"16","ID_PRACTICA_PREPROFESIONAL":"1","ID_TIPO_DOCUMENTO":"8","ID_ESTADO_REVISION":"4","NOMBRE_ARCHIVO":"rubrica_evaluacion_entidad_001_20250825.pdf","NOMBRE_ORIGINAL":"R\u00fabrica Evaluaci\u00f3n Entidad - Juan.pdf","TIPO_ARCHIVO":"application\/pdf","TAMANO_ARCHIVO":"87654","RUTA_ARCHIVO":"\/uploads\/documentos-practicas\/","FECHA_SUBIDA":"2025-08-25 15:00:00","FECHA_REVISION":"2025-08-25 16:30:00","ID_REVISOR":"4","OBSERVACIONES":"R\u00fabrica de evaluaci\u00f3n de entidad","OBSERVACIONES_REVISOR":"Documento no tiene sello oficial de la entidad, rechazado","VERSION":"1","ACTIVO":"1","FECHA_CREACION":"2026-03-23 19:56:13","FECHA_ACTUALIZACION":"2026-03-23 19:56:13","ID_TIPO_DOCUMENTO_PREPROFESIONAL":"8","TIPO_DOCUMENTO_CODIGO":"PPR-008","TIPO_DOCUMENTO_NOMBRE":"R\u00fabrica de Evaluaci\u00f3n de Entidad","TIPO_DOCUMENTO_DESCRIPCION":"Formulario de evaluaci\u00f3n del desempe\u00f1o del estudiante, llenado y sellado por la entidad receptora. Valora aspectos como la responsabilidad, la proactividad y la calidad del trabajo.","TIPO_DOCUMENTO_ORDEN":"8","TIPO_DOCUMENTO_OBLIGATORIO":"1","ESTADO_REVISION":"Rechazado","ID_ESTUDIANTE":"1","ENTIDAD_RECEPTORA":"Hospital San Vicente de Pa\u00fal","ESTUDIANTE_NOMBRE":"Juan Carlos P\u00e9rez L\u00f3pez","NOMBRE_ESTUDIANTE":"Juan Carlos","APELLIDO_ESTUDIANTE":"P\u00e9rez L\u00f3pez","CEDULA_ESTUDIANTE":"1001234567"},{"ID_DOCUMENTO_PREPROFESIONAL":"5","ID_PRACTICA_PREPROFESIONAL":"2","ID_TIPO_DOCUMENTO":"2","ID_ESTADO_REVISION":"3","NOMBRE_ARCHIVO":"oficio_entidad_receptora_002_20250702.pdf","NOMBRE_ORIGINAL":"Oficio Entidad Receptora - Banco.pdf","TIPO_ARCHIVO":"application\/pdf","TAMANO_ARCHIVO":"178944","RUTA_ARCHIVO":"\/uploads\/documentos-practicas\/","FECHA_SUBIDA":"2025-07-02 15:45:00","FECHA_REVISION":"2025-07-02 17:20:00","ID_REVISOR":"5","OBSERVACIONES":"Oficio enviado a la entidad receptora","OBSERVACIONES_REVISOR":"Oficio formal y bien estructurado","VERSION":"1","ACTIVO":"1","FECHA_CREACION":"2026-03-23 19:56:13","FECHA_ACTUALIZACION":"2026-03-23 19:56:13","ID_TIPO_DOCUMENTO_PREPROFESIONAL":"2","TIPO_DOCUMENTO_CODIGO":"PPR-002","TIPO_DOCUMENTO_NOMBRE":"Oficio a Entidad Receptora","TIPO_DOCUMENTO_DESCRIPCION":"Carta formal enviada por el estudiante a la instituci\u00f3n \"Instituto Tecnol\u00f3gico Superior Ibarra\", con el prop\u00f3sito de solicitar la oportunidad de realizar sus pr\u00e1cticas de servicio comunitario.","TIPO_DOCUMENTO_ORDEN":"2","TIPO_DOCUMENTO_OBLIGATORIO":"1","ESTADO_REVISION":"Aprobado","ID_ESTUDIANTE":"2","ENTIDAD_RECEPTORA":"Banco del Pac\u00edfico","ESTUDIANTE_NOMBRE":"Mar\u00eda Elena Garc\u00eda Torres","NOMBRE_ESTUDIANTE":"Mar\u00eda Elena","APELLIDO_ESTUDIANTE":"Garc\u00eda Torres","CEDULA_ESTUDIANTE":"1002345678"},{"ID_DOCUMENTO_PREPROFESIONAL":"4","ID_PRACTICA_PREPROFESIONAL":"2","ID_TIPO_DOCUMENTO":"1","ID_ESTADO_REVISION":"3","NOMBRE_ARCHIVO":"oficio_asignacion_tutor_002_20250701.pdf","NOMBRE_ORIGINAL":"Oficio Asignaci\u00f3n Tutor - Mar\u00eda Elena.pdf","TIPO_ARCHIVO":"application\/pdf","TAMANO_ARCHIVO":"234880","RUTA_ARCHIVO":"\/uploads\/documentos-practicas\/","FECHA_SUBIDA":"2025-07-01 11:00:00","FECHA_REVISION":"2025-07-01 13:15:00","ID_REVISOR":"5","OBSERVACIONES":"Documento oficial de asignaci\u00f3n","OBSERVACIONES_REVISOR":"Asignaci\u00f3n correcta del tutor","VERSION":"1","ACTIVO":"1","FECHA_CREACION":"2026-03-23 19:56:13","FECHA_ACTUALIZACION":"2026-03-23 19:56:13","ID_TIPO_DOCUMENTO_PREPROFESIONAL":"1","TIPO_DOCUMENTO_CODIGO":"PPR-001","TIPO_DOCUMENTO_NOMBRE":"Oficio de Asignaci\u00f3n de Tutor","TIPO_DOCUMENTO_DESCRIPCION":"Documento oficial emitido por la coordinaci\u00f3n de la carrera que designa al docente responsable de la tutor\u00eda y seguimiento de las pr\u00e1cticas de servicio comunitario del estudiante.","TIPO_DOCUMENTO_ORDEN":"1","TIPO_DOCUMENTO_OBLIGATORIO":"1","ESTADO_REVISION":"Aprobado","ID_ESTUDIANTE":"2","ENTIDAD_RECEPTORA":"Banco del Pac\u00edfico","ESTUDIANTE_NOMBRE":"Mar\u00eda Elena Garc\u00eda Torres","NOMBRE_ESTUDIANTE":"Mar\u00eda Elena","APELLIDO_ESTUDIANTE":"Garc\u00eda Torres","CEDULA_ESTUDIANTE":"1002345678"},{"ID_DOCUMENTO_PREPROFESIONAL":"3","ID_PRACTICA_PREPROFESIONAL":"1","ID_TIPO_DOCUMENTO":"3","ID_ESTADO_REVISION":"3","NOMBRE_ARCHIVO":"carta_aceptacion_001_20250603.pdf","NOMBRE_ORIGINAL":"Carta Aceptaci\u00f3n - Hospital.pdf","TIPO_ARCHIVO":"application\/pdf","TAMANO_ARCHIVO":"156672","RUTA_ARCHIVO":"\/uploads\/documentos-practicas\/","FECHA_SUBIDA":"2025-06-03 09:15:00","FECHA_REVISION":"2025-06-03 11:20:00","ID_REVISOR":"4","OBSERVACIONES":"Carta de aceptaci\u00f3n de la entidad","OBSERVACIONES_REVISOR":"Carta oficial con sello institucional","VERSION":"1","ACTIVO":"1","FECHA_CREACION":"2026-03-23 19:56:13","FECHA_ACTUALIZACION":"2026-03-23 19:56:13","ID_TIPO_DOCUMENTO_PREPROFESIONAL":"3","TIPO_DOCUMENTO_CODIGO":"PPR-003","TIPO_DOCUMENTO_NOMBRE":"Carta de Aceptaci\u00f3n","TIPO_DOCUMENTO_DESCRIPCION":"Carta oficial de la entidad receptora \"Instituto Tecnol\u00f3gico Superior Ibarra\" que confirma la aceptaci\u00f3n del o los estudiantes para realizar las pr\u00e1cticas de servicio comunitario en sus instalaciones.","TIPO_DOCUMENTO_ORDEN":"3","TIPO_DOCUMENTO_OBLIGATORIO":"1","ESTADO_REVISION":"Aprobado","ID_ESTUDIANTE":"1","ENTIDAD_RECEPTORA":"Hospital San Vicente de Pa\u00fal","ESTUDIANTE_NOMBRE":"Juan Carlos P\u00e9rez L\u00f3pez","NOMBRE_ESTUDIANTE":"Juan Carlos","APELLIDO_ESTUDIANTE":"P\u00e9rez L\u00f3pez","CEDULA_ESTUDIANTE":"1001234567"},{"ID_DOCUMENTO_PREPROFESIONAL":"2","ID_PRACTICA_PREPROFESIONAL":"1","ID_TIPO_DOCUMENTO":"2","ID_ESTADO_REVISION":"3","NOMBRE_ARCHIVO":"oficio_entidad_receptora_001_20250602.pdf","NOMBRE_ORIGINAL":"Oficio Entidad Receptora - Hospital.pdf","TIPO_ARCHIVO":"application\/pdf","TAMANO_ARCHIVO":"189440","RUTA_ARCHIVO":"\/uploads\/documentos-practicas\/","FECHA_SUBIDA":"2025-06-02 14:30:00","FECHA_REVISION":"2025-06-02 16:45:00","ID_REVISOR":"4","OBSERVACIONES":"Oficio enviado a la entidad receptora","OBSERVACIONES_REVISOR":"Oficio bien redactado y formal","VERSION":"1","ACTIVO":"1","FECHA_CREACION":"2026-03-23 19:56:13","FECHA_ACTUALIZACION":"2026-03-23 19:56:13","ID_TIPO_DOCUMENTO_PREPROFESIONAL":"2","TIPO_DOCUMENTO_CODIGO":"PPR-002","TIPO_DOCUMENTO_NOMBRE":"Oficio a Entidad Receptora","TIPO_DOCUMENTO_DESCRIPCION":"Carta formal enviada por el estudiante a la instituci\u00f3n \"Instituto Tecnol\u00f3gico Superior Ibarra\", con el prop\u00f3sito de solicitar la oportunidad de realizar sus pr\u00e1cticas de servicio comunitario.","TIPO_DOCUMENTO_ORDEN":"2","TIPO_DOCUMENTO_OBLIGATORIO":"1","ESTADO_REVISION":"Aprobado","ID_ESTUDIANTE":"1","ENTIDAD_RECEPTORA":"Hospital San Vicente de Pa\u00fal","ESTUDIANTE_NOMBRE":"Juan Carlos P\u00e9rez L\u00f3pez","NOMBRE_ESTUDIANTE":"Juan Carlos","APELLIDO_ESTUDIANTE":"P\u00e9rez L\u00f3pez","CEDULA_ESTUDIANTE":"1001234567"},{"ID_DOCUMENTO_PREPROFESIONAL":"1","ID_PRACTICA_PREPROFESIONAL":"1","ID_TIPO_DOCUMENTO":"1","ID_ESTADO_REVISION":"3","NOMBRE_ARCHIVO":"oficio_asignacion_tutor_001_20250601.pdf","NOMBRE_ORIGINAL":"Oficio Asignaci\u00f3n Tutor - Juan Carlos.pdf","TIPO_ARCHIVO":"application\/pdf","TAMANO_ARCHIVO":"245760","RUTA_ARCHIVO":"\/uploads\/documentos-practicas\/","FECHA_SUBIDA":"2025-06-01 10:00:00","FECHA_REVISION":"2025-06-01 14:30:00","ID_REVISOR":"4","OBSERVACIONES":"Documento oficial de asignaci\u00f3n","OBSERVACIONES_REVISOR":"Documento aprobado correctamente","VERSION":"1","ACTIVO":"1","FECHA_CREACION":"2026-03-23 19:56:13","FECHA_ACTUALIZACION":"2026-03-23 19:56:13","ID_TIPO_DOCUMENTO_PREPROFESIONAL":"1","TIPO_DOCUMENTO_CODIGO":"PPR-001","TIPO_DOCUMENTO_NOMBRE":"Oficio de Asignaci\u00f3n de Tutor","TIPO_DOCUMENTO_DESCRIPCION":"Documento oficial emitido por la coordinaci\u00f3n de la carrera que designa al docente responsable de la tutor\u00eda y seguimiento de las pr\u00e1cticas de servicio comunitario del estudiante.","TIPO_DOCUMENTO_ORDEN":"1","TIPO_DOCUMENTO_OBLIGATORIO":"1","ESTADO_REVISION":"Aprobado","ID_ESTUDIANTE":"1","ENTIDAD_RECEPTORA":"Hospital San Vicente de Pa\u00fal","ESTUDIANTE_NOMBRE":"Juan Carlos P\u00e9rez L\u00f3pez","NOMBRE_ESTUDIANTE":"Juan Carlos","APELLIDO_ESTUDIANTE":"P\u00e9rez L\u00f3pez","CEDULA_ESTUDIANTE":"1001234567"}]
DEBUG - 2026-03-24 16:12:18 --> Session: Class initialized using 'CodeIgniter\Session\Handlers\FileHandler' driver.
DEBUG - 2026-03-24 16:12:18 --> Consulta SQL: SELECT *
FROM `TAB_DOCUMENTOS_PRACTICAS_PREPROFESIONALES` `dp`
DEBUG - 2026-03-24 16:12:18 --> Resultados obtenidos: 9
DEBUG - 2026-03-24 16:12:18 --> Tipos de documentos en index: [{"ID_TIPO_DOCUMENTO_PREPROFESIONAL":"1","CODIGO":"PPR-001","NOMBRE":"Oficio de Asignaci\u00f3n de Tutor","DESCRIPCION":"Documento oficial emitido por la coordinaci\u00f3n de la carrera que designa al docente responsable de la tutor\u00eda y seguimiento de las pr\u00e1cticas de servicio comunitario del estudiante.","ORDEN":"1","OBLIGATORIO":"1","ACTIVO":"1","FECHA_CREACION":"2026-03-23 19:56:13","FECHA_ACTUALIZACION":"2026-03-23 19:56:13","REQUERIDO":"1"},{"ID_TIPO_DOCUMENTO_PREPROFESIONAL":"2","CODIGO":"PPR-002","NOMBRE":"Oficio a Entidad Receptora","DESCRIPCION":"Carta formal enviada por el estudiante a la instituci\u00f3n \"Instituto Tecnol\u00f3gico Superior Ibarra\", con el prop\u00f3sito de solicitar la oportunidad de realizar sus pr\u00e1cticas de servicio comunitario.","ORDEN":"2","OBLIGATORIO":"1","ACTIVO":"1","FECHA_CREACION":"2026-03-23 19:56:13","FECHA_ACTUALIZACION":"2026-03-23 20:03:37","REQUERIDO":"1"},{"ID_TIPO_DOCUMENTO_PREPROFESIONAL":"3","CODIGO":"PPR-003","NOMBRE":"Carta de Aceptaci\u00f3n","DESCRIPCION":"Carta oficial de la entidad receptora \"Instituto Tecnol\u00f3gico Superior Ibarra\" que confirma la aceptaci\u00f3n del o los estudiantes para realizar las pr\u00e1cticas de servicio comunitario en sus instalaciones.","ORDEN":"3","OBLIGATORIO":"1","ACTIVO":"1","FECHA_CREACION":"2026-03-23 19:56:13","FECHA_ACTUALIZACION":"2026-03-23 19:56:13","REQUERIDO":"1"},{"ID_TIPO_DOCUMENTO_PREPROFESIONAL":"4","CODIGO":"PPR-004","NOMBRE":"Solicitud Institucional Valorada","DESCRIPCION":"Documento de solicitud formal dirigido al Sr. Rector, Dr. Mario Montenegro, pidiendo la aprobaci\u00f3n institucional para la realizaci\u00f3n de las pr\u00e1cticas de servicio comunitario.","ORDEN":"4","OBLIGATORIO":"1","ACTIVO":"1","FECHA_CREACION":"2026-03-23 19:56:13","FECHA_ACTUALIZACION":"2026-03-23 19:56:13","REQUERIDO":"1"},{"ID_TIPO_DOCUMENTO_PREPROFESIONAL":"5","CODIGO":"PPR-005","NOMBRE":"Certificado de Culminaci\u00f3n de Horas","DESCRIPCION":"Certificado emitido por la entidad receptora \"Instituto Tecnol\u00f3gico Superior Ibarra\" que acredita que el estudiante ha completado las 60 horas requeridas de pr\u00e1cticas de servicio comunitario.","ORDEN":"5","OBLIGATORIO":"1","ACTIVO":"1","FECHA_CREACION":"2026-03-23 19:56:13","FECHA_ACTUALIZACION":"2026-03-23 19:56:13","REQUERIDO":"1"},{"ID_TIPO_DOCUMENTO_PREPROFESIONAL":"6","CODIGO":"PPR-006","NOMBRE":"Hojas de Asistencia","DESCRIPCION":"Registro f\u00edsico de la asistencia del estudiante en la entidad receptora. Incluye las firmas y sellos para validar las horas de trabajo.","ORDEN":"6","OBLIGATORIO":"1","ACTIVO":"1","FECHA_CREACION":"2026-03-23 19:56:13","FECHA_ACTUALIZACION":"2026-03-23 19:56:13","REQUERIDO":"1"},{"ID_TIPO_DOCUMENTO_PREPROFESIONAL":"7","CODIGO":"PPR-007","NOMBRE":"Ficha de Registro de Actividades","DESCRIPCION":"Documento detallado en el que el estudiante registra las actividades espec\u00edficas realizadas durante sus pr\u00e1cticas, incluyendo fechas y descripciones.","ORDEN":"7","OBLIGATORIO":"1","ACTIVO":"1","FECHA_CREACION":"2026-03-23 19:56:13","FECHA_ACTUALIZACION":"2026-03-23 19:56:13","REQUERIDO":"1"},{"ID_TIPO_DOCUMENTO_PREPROFESIONAL":"8","CODIGO":"PPR-008","NOMBRE":"R\u00fabrica de Evaluaci\u00f3n de Entidad","DESCRIPCION":"Formulario de evaluaci\u00f3n del desempe\u00f1o del estudiante, llenado y sellado por la entidad receptora. Valora aspectos como la responsabilidad, la proactividad y la calidad del trabajo.","ORDEN":"8","OBLIGATORIO":"1","ACTIVO":"1","FECHA_CREACION":"2026-03-23 19:56:13","FECHA_ACTUALIZACION":"2026-03-23 19:56:13","REQUERIDO":"1"},{"ID_TIPO_DOCUMENTO_PREPROFESIONAL":"9","CODIGO":"PPR-009","NOMBRE":"Ficha de Control y Seguimiento Docente","DESCRIPCION":"Documento utilizado por el tutor docente para registrar el seguimiento acad\u00e9mico del estudiante durante las pr\u00e1cticas. Incluye visitas o revisiones peri\u00f3dicas.","ORDEN":"9","OBLIGATORIO":"1","ACTIVO":"1","FECHA_CREACION":"2026-03-23 19:56:13","FECHA_ACTUALIZACION":"2026-03-23 19:56:13","REQUERIDO":"1"},{"ID_TIPO_DOCUMENTO_PREPROFESIONAL":"10","CODIGO":"PPR-010","NOMBRE":"R\u00fabrica de Evaluaci\u00f3n Docente","DESCRIPCION":"R\u00fabrica de evaluaci\u00f3n llenada y firmada por el tutor docente. Califica el desempe\u00f1o del estudiante en base a los criterios acad\u00e9micos del programa.","ORDEN":"10","OBLIGATORIO":"1","ACTIVO":"1","FECHA_CREACION":"2026-03-23 19:56:13","FECHA_ACTUALIZACION":"2026-03-23 19:56:13","REQUERIDO":"1"},{"ID_TIPO_DOCUMENTO_PREPROFESIONAL":"11","CODIGO":"PPR-011","NOMBRE":"R\u00fabrica de Evaluaci\u00f3n de Resultados","DESCRIPCION":"Evaluaci\u00f3n final realizada por el Departamento de Vinculaci\u00f3n con la Sociedad, que valora los resultados y el impacto del proyecto de servicio comunitario en su conjunto.","ORDEN":"11","OBLIGATORIO":"1","ACTIVO":"1","FECHA_CREACION":"2026-03-23 19:56:13","FECHA_ACTUALIZACION":"2026-03-23 19:56:13","REQUERIDO":"1"},{"ID_TIPO_DOCUMENTO_PREPROFESIONAL":"12","CODIGO":"PPR-012","NOMBRE":"Evidencia Fotogr\u00e1fica y Digital","DESCRIPCION":"Material de apoyo visual y digital, como fotos, capturas, videos o impresiones, que documenta y comprueba la realizaci\u00f3n de las actividades y trabajos del proyecto.","ORDEN":"12","OBLIGATORIO":"1","ACTIVO":"1","FECHA_CREACION":"2026-03-23 19:56:13","FECHA_ACTUALIZACION":"2026-03-23 19:56:13","REQUERIDO":"1"}]
DEBUG - 2026-03-24 16:12:18 --> Session: Class initialized using 'CodeIgniter\Session\Handlers\FileHandler' driver.
DEBUG - 2026-03-24 16:12:19 --> Consulta SQL: SELECT *
FROM `TAB_DOCUMENTOS_PRACTICAS_PREPROFESIONALES` `dp`
DEBUG - 2026-03-24 16:12:19 --> Resultados obtenidos: 9
DEBUG - 2026-03-24 16:12:19 --> Documentos obtenidos: [{"ID_DOCUMENTO_PREPROFESIONAL":"17","ID_PRACTICA_PREPROFESIONAL":"2","ID_TIPO_DOCUMENTO":"9","ID_ESTADO_REVISION":"4","NOMBRE_ARCHIVO":"ficha_control_seguimiento_002_20250920.pdf","NOMBRE_ORIGINAL":"Ficha Control Seguimiento - Mar\u00eda.pdf","TIPO_ARCHIVO":"application\/pdf","TAMANO_ARCHIVO":"112233","RUTA_ARCHIVO":"\/uploads\/documentos-practicas\/","FECHA_SUBIDA":"2025-09-20 10:15:00","FECHA_REVISION":"2025-09-20 12:45:00","ID_REVISOR":"5","OBSERVACIONES":"Ficha de control y seguimiento docente","OBSERVACIONES_REVISOR":"Faltan las firmas del tutor docente, documento inv\u00e1lido","VERSION":"1","ACTIVO":"1","FECHA_CREACION":"2026-03-23 19:56:13","FECHA_ACTUALIZACION":"2026-03-23 19:56:13","ID_TIPO_DOCUMENTO_PREPROFESIONAL":"9","TIPO_DOCUMENTO_CODIGO":"PPR-009","TIPO_DOCUMENTO_NOMBRE":"Ficha de Control y Seguimiento Docente","TIPO_DOCUMENTO_DESCRIPCION":"Documento utilizado por el tutor docente para registrar el seguimiento acad\u00e9mico del estudiante durante las pr\u00e1cticas. Incluye visitas o revisiones peri\u00f3dicas.","TIPO_DOCUMENTO_ORDEN":"9","TIPO_DOCUMENTO_OBLIGATORIO":"1","ESTADO_REVISION":"Rechazado","ID_ESTUDIANTE":"2","ENTIDAD_RECEPTORA":"Banco del Pac\u00edfico","ESTUDIANTE_NOMBRE":"Mar\u00eda Elena Garc\u00eda Torres","NOMBRE_ESTUDIANTE":"Mar\u00eda Elena","APELLIDO_ESTUDIANTE":"Garc\u00eda Torres","CEDULA_ESTUDIANTE":"1002345678"},{"ID_DOCUMENTO_PREPROFESIONAL":"15","ID_PRACTICA_PREPROFESIONAL":"2","ID_TIPO_DOCUMENTO":"7","ID_ESTADO_REVISION":"5","NOMBRE_ARCHIVO":"ficha_registro_actividades_002_20250915.pdf","NOMBRE_ORIGINAL":"Ficha Registro Actividades - Mar\u00eda.pdf","TIPO_ARCHIVO":"application\/pdf","TAMANO_ARCHIVO":"98765","RUTA_ARCHIVO":"\/uploads\/documentos-practicas\/","FECHA_SUBIDA":"2025-09-15 11:30:00","FECHA_REVISION":"2025-09-15 14:20:00","ID_REVISOR":"5","OBSERVACIONES":"Ficha de registro de actividades","OBSERVACIONES_REVISOR":"Descripci\u00f3n de actividades muy general, especificar m\u00e1s detalles","VERSION":"1","ACTIVO":"1","FECHA_CREACION":"2026-03-23 19:56:13","FECHA_ACTUALIZACION":"2026-03-23 19:56:13","ID_TIPO_DOCUMENTO_PREPROFESIONAL":"7","TIPO_DOCUMENTO_CODIGO":"PPR-007","TIPO_DOCUMENTO_NOMBRE":"Ficha de Registro de Actividades","TIPO_DOCUMENTO_DESCRIPCION":"Documento detallado en el que el estudiante registra las actividades espec\u00edficas realizadas durante sus pr\u00e1cticas, incluyendo fechas y descripciones.","TIPO_DOCUMENTO_ORDEN":"7","TIPO_DOCUMENTO_OBLIGATORIO":"1","ESTADO_REVISION":"Requiere Correcci\u00f3n","ID_ESTUDIANTE":"2","ENTIDAD_RECEPTORA":"Banco del Pac\u00edfico","ESTUDIANTE_NOMBRE":"Mar\u00eda Elena Garc\u00eda Torres","NOMBRE_ESTUDIANTE":"Mar\u00eda Elena","APELLIDO_ESTUDIANTE":"Garc\u00eda Torres","CEDULA_ESTUDIANTE":"1002345678"},{"ID_DOCUMENTO_PREPROFESIONAL":"14","ID_PRACTICA_PREPROFESIONAL":"1","ID_TIPO_DOCUMENTO":"6","ID_ESTADO_REVISION":"5","NOMBRE_ARCHIVO":"hojas_asistencia_001_20250830.pdf","NOMBRE_ORIGINAL":"Hojas de Asistencia - Juan Carlos.pdf","TIPO_ARCHIVO":"application\/pdf","TAMANO_ARCHIVO":"123456","RUTA_ARCHIVO":"\/uploads\/documentos-practicas\/","FECHA_SUBIDA":"2025-08-30 16:15:00","FECHA_REVISION":"2025-08-30 17:45:00","ID_REVISOR":"4","OBSERVACIONES":"Hojas de asistencia completas","OBSERVACIONES_REVISOR":"Faltan firmas en algunas fechas, corregir y volver a subir","VERSION":"1","ACTIVO":"1","FECHA_CREACION":"2026-03-23 19:56:13","FECHA_ACTUALIZACION":"2026-03-23 19:56:13","ID_TIPO_DOCUMENTO_PREPROFESIONAL":"6","TIPO_DOCUMENTO_CODIGO":"PPR-006","TIPO_DOCUMENTO_NOMBRE":"Hojas de Asistencia","TIPO_DOCUMENTO_DESCRIPCION":"Registro f\u00edsico de la asistencia del estudiante en la entidad receptora. Incluye las firmas y sellos para validar las horas de trabajo.","TIPO_DOCUMENTO_ORDEN":"6","TIPO_DOCUMENTO_OBLIGATORIO":"1","ESTADO_REVISION":"Requiere Correcci\u00f3n","ID_ESTUDIANTE":"1","ENTIDAD_RECEPTORA":"Hospital San Vicente de Pa\u00fal","ESTUDIANTE_NOMBRE":"Juan Carlos P\u00e9rez L\u00f3pez","NOMBRE_ESTUDIANTE":"Juan Carlos","APELLIDO_ESTUDIANTE":"P\u00e9rez L\u00f3pez","CEDULA_ESTUDIANTE":"1001234567"},{"ID_DOCUMENTO_PREPROFESIONAL":"16","ID_PRACTICA_PREPROFESIONAL":"1","ID_TIPO_DOCUMENTO":"8","ID_ESTADO_REVISION":"4","NOMBRE_ARCHIVO":"rubrica_evaluacion_entidad_001_20250825.pdf","NOMBRE_ORIGINAL":"R\u00fabrica Evaluaci\u00f3n Entidad - Juan.pdf","TIPO_ARCHIVO":"application\/pdf","TAMANO_ARCHIVO":"87654","RUTA_ARCHIVO":"\/uploads\/documentos-practicas\/","FECHA_SUBIDA":"2025-08-25 15:00:00","FECHA_REVISION":"2025-08-25 16:30:00","ID_REVISOR":"4","OBSERVACIONES":"R\u00fabrica de evaluaci\u00f3n de entidad","OBSERVACIONES_REVISOR":"Documento no tiene sello oficial de la entidad, rechazado","VERSION":"1","ACTIVO":"1","FECHA_CREACION":"2026-03-23 19:56:13","FECHA_ACTUALIZACION":"2026-03-23 19:56:13","ID_TIPO_DOCUMENTO_PREPROFESIONAL":"8","TIPO_DOCUMENTO_CODIGO":"PPR-008","TIPO_DOCUMENTO_NOMBRE":"R\u00fabrica de Evaluaci\u00f3n de Entidad","TIPO_DOCUMENTO_DESCRIPCION":"Formulario de evaluaci\u00f3n del desempe\u00f1o del estudiante, llenado y sellado por la entidad receptora. Valora aspectos como la responsabilidad, la proactividad y la calidad del trabajo.","TIPO_DOCUMENTO_ORDEN":"8","TIPO_DOCUMENTO_OBLIGATORIO":"1","ESTADO_REVISION":"Rechazado","ID_ESTUDIANTE":"1","ENTIDAD_RECEPTORA":"Hospital San Vicente de Pa\u00fal","ESTUDIANTE_NOMBRE":"Juan Carlos P\u00e9rez L\u00f3pez","NOMBRE_ESTUDIANTE":"Juan Carlos","APELLIDO_ESTUDIANTE":"P\u00e9rez L\u00f3pez","CEDULA_ESTUDIANTE":"1001234567"},{"ID_DOCUMENTO_PREPROFESIONAL":"5","ID_PRACTICA_PREPROFESIONAL":"2","ID_TIPO_DOCUMENTO":"2","ID_ESTADO_REVISION":"3","NOMBRE_ARCHIVO":"oficio_entidad_receptora_002_20250702.pdf","NOMBRE_ORIGINAL":"Oficio Entidad Receptora - Banco.pdf","TIPO_ARCHIVO":"application\/pdf","TAMANO_ARCHIVO":"178944","RUTA_ARCHIVO":"\/uploads\/documentos-practicas\/","FECHA_SUBIDA":"2025-07-02 15:45:00","FECHA_REVISION":"2025-07-02 17:20:00","ID_REVISOR":"5","OBSERVACIONES":"Oficio enviado a la entidad receptora","OBSERVACIONES_REVISOR":"Oficio formal y bien estructurado","VERSION":"1","ACTIVO":"1","FECHA_CREACION":"2026-03-23 19:56:13","FECHA_ACTUALIZACION":"2026-03-23 19:56:13","ID_TIPO_DOCUMENTO_PREPROFESIONAL":"2","TIPO_DOCUMENTO_CODIGO":"PPR-002","TIPO_DOCUMENTO_NOMBRE":"Oficio a Entidad Receptora","TIPO_DOCUMENTO_DESCRIPCION":"Carta formal enviada por el estudiante a la instituci\u00f3n \"Instituto Tecnol\u00f3gico Superior Ibarra\", con el prop\u00f3sito de solicitar la oportunidad de realizar sus pr\u00e1cticas de servicio comunitario.","TIPO_DOCUMENTO_ORDEN":"2","TIPO_DOCUMENTO_OBLIGATORIO":"1","ESTADO_REVISION":"Aprobado","ID_ESTUDIANTE":"2","ENTIDAD_RECEPTORA":"Banco del Pac\u00edfico","ESTUDIANTE_NOMBRE":"Mar\u00eda Elena Garc\u00eda Torres","NOMBRE_ESTUDIANTE":"Mar\u00eda Elena","APELLIDO_ESTUDIANTE":"Garc\u00eda Torres","CEDULA_ESTUDIANTE":"1002345678"},{"ID_DOCUMENTO_PREPROFESIONAL":"4","ID_PRACTICA_PREPROFESIONAL":"2","ID_TIPO_DOCUMENTO":"1","ID_ESTADO_REVISION":"3","NOMBRE_ARCHIVO":"oficio_asignacion_tutor_002_20250701.pdf","NOMBRE_ORIGINAL":"Oficio Asignaci\u00f3n Tutor - Mar\u00eda Elena.pdf","TIPO_ARCHIVO":"application\/pdf","TAMANO_ARCHIVO":"234880","RUTA_ARCHIVO":"\/uploads\/documentos-practicas\/","FECHA_SUBIDA":"2025-07-01 11:00:00","FECHA_REVISION":"2025-07-01 13:15:00","ID_REVISOR":"5","OBSERVACIONES":"Documento oficial de asignaci\u00f3n","OBSERVACIONES_REVISOR":"Asignaci\u00f3n correcta del tutor","VERSION":"1","ACTIVO":"1","FECHA_CREACION":"2026-03-23 19:56:13","FECHA_ACTUALIZACION":"2026-03-23 19:56:13","ID_TIPO_DOCUMENTO_PREPROFESIONAL":"1","TIPO_DOCUMENTO_CODIGO":"PPR-001","TIPO_DOCUMENTO_NOMBRE":"Oficio de Asignaci\u00f3n de Tutor","TIPO_DOCUMENTO_DESCRIPCION":"Documento oficial emitido por la coordinaci\u00f3n de la carrera que designa al docente responsable de la tutor\u00eda y seguimiento de las pr\u00e1cticas de servicio comunitario del estudiante.","TIPO_DOCUMENTO_ORDEN":"1","TIPO_DOCUMENTO_OBLIGATORIO":"1","ESTADO_REVISION":"Aprobado","ID_ESTUDIANTE":"2","ENTIDAD_RECEPTORA":"Banco del Pac\u00edfico","ESTUDIANTE_NOMBRE":"Mar\u00eda Elena Garc\u00eda Torres","NOMBRE_ESTUDIANTE":"Mar\u00eda Elena","APELLIDO_ESTUDIANTE":"Garc\u00eda Torres","CEDULA_ESTUDIANTE":"1002345678"},{"ID_DOCUMENTO_PREPROFESIONAL":"3","ID_PRACTICA_PREPROFESIONAL":"1","ID_TIPO_DOCUMENTO":"3","ID_ESTADO_REVISION":"3","NOMBRE_ARCHIVO":"carta_aceptacion_001_20250603.pdf","NOMBRE_ORIGINAL":"Carta Aceptaci\u00f3n - Hospital.pdf","TIPO_ARCHIVO":"application\/pdf","TAMANO_ARCHIVO":"156672","RUTA_ARCHIVO":"\/uploads\/documentos-practicas\/","FECHA_SUBIDA":"2025-06-03 09:15:00","FECHA_REVISION":"2025-06-03 11:20:00","ID_REVISOR":"4","OBSERVACIONES":"Carta de aceptaci\u00f3n de la entidad","OBSERVACIONES_REVISOR":"Carta oficial con sello institucional","VERSION":"1","ACTIVO":"1","FECHA_CREACION":"2026-03-23 19:56:13","FECHA_ACTUALIZACION":"2026-03-23 19:56:13","ID_TIPO_DOCUMENTO_PREPROFESIONAL":"3","TIPO_DOCUMENTO_CODIGO":"PPR-003","TIPO_DOCUMENTO_NOMBRE":"Carta de Aceptaci\u00f3n","TIPO_DOCUMENTO_DESCRIPCION":"Carta oficial de la entidad receptora \"Instituto Tecnol\u00f3gico Superior Ibarra\" que confirma la aceptaci\u00f3n del o los estudiantes para realizar las pr\u00e1cticas de servicio comunitario en sus instalaciones.","TIPO_DOCUMENTO_ORDEN":"3","TIPO_DOCUMENTO_OBLIGATORIO":"1","ESTADO_REVISION":"Aprobado","ID_ESTUDIANTE":"1","ENTIDAD_RECEPTORA":"Hospital San Vicente de Pa\u00fal","ESTUDIANTE_NOMBRE":"Juan Carlos P\u00e9rez L\u00f3pez","NOMBRE_ESTUDIANTE":"Juan Carlos","APELLIDO_ESTUDIANTE":"P\u00e9rez L\u00f3pez","CEDULA_ESTUDIANTE":"1001234567"},{"ID_DOCUMENTO_PREPROFESIONAL":"2","ID_PRACTICA_PREPROFESIONAL":"1","ID_TIPO_DOCUMENTO":"2","ID_ESTADO_REVISION":"3","NOMBRE_ARCHIVO":"oficio_entidad_receptora_001_20250602.pdf","NOMBRE_ORIGINAL":"Oficio Entidad Receptora - Hospital.pdf","TIPO_ARCHIVO":"application\/pdf","TAMANO_ARCHIVO":"189440","RUTA_ARCHIVO":"\/uploads\/documentos-practicas\/","FECHA_SUBIDA":"2025-06-02 14:30:00","FECHA_REVISION":"2025-06-02 16:45:00","ID_REVISOR":"4","OBSERVACIONES":"Oficio enviado a la entidad receptora","OBSERVACIONES_REVISOR":"Oficio bien redactado y formal","VERSION":"1","ACTIVO":"1","FECHA_CREACION":"2026-03-23 19:56:13","FECHA_ACTUALIZACION":"2026-03-23 19:56:13","ID_TIPO_DOCUMENTO_PREPROFESIONAL":"2","TIPO_DOCUMENTO_CODIGO":"PPR-002","TIPO_DOCUMENTO_NOMBRE":"Oficio a Entidad Receptora","TIPO_DOCUMENTO_DESCRIPCION":"Carta formal enviada por el estudiante a la instituci\u00f3n \"Instituto Tecnol\u00f3gico Superior Ibarra\", con el prop\u00f3sito de solicitar la oportunidad de realizar sus pr\u00e1cticas de servicio comunitario.","TIPO_DOCUMENTO_ORDEN":"2","TIPO_DOCUMENTO_OBLIGATORIO":"1","ESTADO_REVISION":"Aprobado","ID_ESTUDIANTE":"1","ENTIDAD_RECEPTORA":"Hospital San Vicente de Pa\u00fal","ESTUDIANTE_NOMBRE":"Juan Carlos P\u00e9rez L\u00f3pez","NOMBRE_ESTUDIANTE":"Juan Carlos","APELLIDO_ESTUDIANTE":"P\u00e9rez L\u00f3pez","CEDULA_ESTUDIANTE":"1001234567"},{"ID_DOCUMENTO_PREPROFESIONAL":"1","ID_PRACTICA_PREPROFESIONAL":"1","ID_TIPO_DOCUMENTO":"1","ID_ESTADO_REVISION":"3","NOMBRE_ARCHIVO":"oficio_asignacion_tutor_001_20250601.pdf","NOMBRE_ORIGINAL":"Oficio Asignaci\u00f3n Tutor - Juan Carlos.pdf","TIPO_ARCHIVO":"application\/pdf","TAMANO_ARCHIVO":"245760","RUTA_ARCHIVO":"\/uploads\/documentos-practicas\/","FECHA_SUBIDA":"2025-06-01 10:00:00","FECHA_REVISION":"2025-06-01 14:30:00","ID_REVISOR":"4","OBSERVACIONES":"Documento oficial de asignaci\u00f3n","OBSERVACIONES_REVISOR":"Documento aprobado correctamente","VERSION":"1","ACTIVO":"1","FECHA_CREACION":"2026-03-23 19:56:13","FECHA_ACTUALIZACION":"2026-03-23 19:56:13","ID_TIPO_DOCUMENTO_PREPROFESIONAL":"1","TIPO_DOCUMENTO_CODIGO":"PPR-001","TIPO_DOCUMENTO_NOMBRE":"Oficio de Asignaci\u00f3n de Tutor","TIPO_DOCUMENTO_DESCRIPCION":"Documento oficial emitido por la coordinaci\u00f3n de la carrera que designa al docente responsable de la tutor\u00eda y seguimiento de las pr\u00e1cticas de servicio comunitario del estudiante.","TIPO_DOCUMENTO_ORDEN":"1","TIPO_DOCUMENTO_OBLIGATORIO":"1","ESTADO_REVISION":"Aprobado","ID_ESTUDIANTE":"1","ENTIDAD_RECEPTORA":"Hospital San Vicente de Pa\u00fal","ESTUDIANTE_NOMBRE":"Juan Carlos P\u00e9rez L\u00f3pez","NOMBRE_ESTUDIANTE":"Juan Carlos","APELLIDO_ESTUDIANTE":"P\u00e9rez L\u00f3pez","CEDULA_ESTUDIANTE":"1001234567"}]
DEBUG - 2026-03-24 16:13:52 --> Session: Class initialized using 'CodeIgniter\Session\Handlers\FileHandler' driver.
DEBUG - 2026-03-24 16:13:52 --> Consulta SQL: SELECT *
FROM `TAB_DOCUMENTOS_PRACTICAS_PREPROFESIONALES` `dp`
DEBUG - 2026-03-24 16:13:52 --> Resultados obtenidos: 9
DEBUG - 2026-03-24 16:13:52 --> Tipos de documentos en index: [{"ID_TIPO_DOCUMENTO_PREPROFESIONAL":"1","CODIGO":"PPR-001","NOMBRE":"Oficio de Asignaci\u00f3n de Tutor","DESCRIPCION":"Documento oficial emitido por la coordinaci\u00f3n de la carrera que designa al docente responsable de la tutor\u00eda y seguimiento de las pr\u00e1cticas de servicio comunitario del estudiante.","ORDEN":"1","OBLIGATORIO":"1","ACTIVO":"1","FECHA_CREACION":"2026-03-23 19:56:13","FECHA_ACTUALIZACION":"2026-03-23 19:56:13","REQUERIDO":"1"},{"ID_TIPO_DOCUMENTO_PREPROFESIONAL":"2","CODIGO":"PPR-002","NOMBRE":"Oficio a Entidad Receptora","DESCRIPCION":"Carta formal enviada por el estudiante a la instituci\u00f3n \"Instituto Tecnol\u00f3gico Superior Ibarra\", con el prop\u00f3sito de solicitar la oportunidad de realizar sus pr\u00e1cticas de servicio comunitario.","ORDEN":"2","OBLIGATORIO":"1","ACTIVO":"1","FECHA_CREACION":"2026-03-23 19:56:13","FECHA_ACTUALIZACION":"2026-03-23 20:03:37","REQUERIDO":"1"},{"ID_TIPO_DOCUMENTO_PREPROFESIONAL":"3","CODIGO":"PPR-003","NOMBRE":"Carta de Aceptaci\u00f3n","DESCRIPCION":"Carta oficial de la entidad receptora \"Instituto Tecnol\u00f3gico Superior Ibarra\" que confirma la aceptaci\u00f3n del o los estudiantes para realizar las pr\u00e1cticas de servicio comunitario en sus instalaciones.","ORDEN":"3","OBLIGATORIO":"1","ACTIVO":"1","FECHA_CREACION":"2026-03-23 19:56:13","FECHA_ACTUALIZACION":"2026-03-23 19:56:13","REQUERIDO":"1"},{"ID_TIPO_DOCUMENTO_PREPROFESIONAL":"4","CODIGO":"PPR-004","NOMBRE":"Solicitud Institucional Valorada","DESCRIPCION":"Documento de solicitud formal dirigido al Sr. Rector, Dr. Mario Montenegro, pidiendo la aprobaci\u00f3n institucional para la realizaci\u00f3n de las pr\u00e1cticas de servicio comunitario.","ORDEN":"4","OBLIGATORIO":"1","ACTIVO":"1","FECHA_CREACION":"2026-03-23 19:56:13","FECHA_ACTUALIZACION":"2026-03-23 19:56:13","REQUERIDO":"1"},{"ID_TIPO_DOCUMENTO_PREPROFESIONAL":"5","CODIGO":"PPR-005","NOMBRE":"Certificado de Culminaci\u00f3n de Horas","DESCRIPCION":"Certificado emitido por la entidad receptora \"Instituto Tecnol\u00f3gico Superior Ibarra\" que acredita que el estudiante ha completado las 60 horas requeridas de pr\u00e1cticas de servicio comunitario.","ORDEN":"5","OBLIGATORIO":"1","ACTIVO":"1","FECHA_CREACION":"2026-03-23 19:56:13","FECHA_ACTUALIZACION":"2026-03-23 19:56:13","REQUERIDO":"1"},{"ID_TIPO_DOCUMENTO_PREPROFESIONAL":"6","CODIGO":"PPR-006","NOMBRE":"Hojas de Asistencia","DESCRIPCION":"Registro f\u00edsico de la asistencia del estudiante en la entidad receptora. Incluye las firmas y sellos para validar las horas de trabajo.","ORDEN":"6","OBLIGATORIO":"1","ACTIVO":"1","FECHA_CREACION":"2026-03-23 19:56:13","FECHA_ACTUALIZACION":"2026-03-23 19:56:13","REQUERIDO":"1"},{"ID_TIPO_DOCUMENTO_PREPROFESIONAL":"7","CODIGO":"PPR-007","NOMBRE":"Ficha de Registro de Actividades","DESCRIPCION":"Documento detallado en el que el estudiante registra las actividades espec\u00edficas realizadas durante sus pr\u00e1cticas, incluyendo fechas y descripciones.","ORDEN":"7","OBLIGATORIO":"1","ACTIVO":"1","FECHA_CREACION":"2026-03-23 19:56:13","FECHA_ACTUALIZACION":"2026-03-23 19:56:13","REQUERIDO":"1"},{"ID_TIPO_DOCUMENTO_PREPROFESIONAL":"8","CODIGO":"PPR-008","NOMBRE":"R\u00fabrica de Evaluaci\u00f3n de Entidad","DESCRIPCION":"Formulario de evaluaci\u00f3n del desempe\u00f1o del estudiante, llenado y sellado por la entidad receptora. Valora aspectos como la responsabilidad, la proactividad y la calidad del trabajo.","ORDEN":"8","OBLIGATORIO":"1","ACTIVO":"1","FECHA_CREACION":"2026-03-23 19:56:13","FECHA_ACTUALIZACION":"2026-03-23 19:56:13","REQUERIDO":"1"},{"ID_TIPO_DOCUMENTO_PREPROFESIONAL":"9","CODIGO":"PPR-009","NOMBRE":"Ficha de Control y Seguimiento Docente","DESCRIPCION":"Documento utilizado por el tutor docente para registrar el seguimiento acad\u00e9mico del estudiante durante las pr\u00e1cticas. Incluye visitas o revisiones peri\u00f3dicas.","ORDEN":"9","OBLIGATORIO":"1","ACTIVO":"1","FECHA_CREACION":"2026-03-23 19:56:13","FECHA_ACTUALIZACION":"2026-03-23 19:56:13","REQUERIDO":"1"},{"ID_TIPO_DOCUMENTO_PREPROFESIONAL":"10","CODIGO":"PPR-010","NOMBRE":"R\u00fabrica de Evaluaci\u00f3n Docente","DESCRIPCION":"R\u00fabrica de evaluaci\u00f3n llenada y firmada por el tutor docente. Califica el desempe\u00f1o del estudiante en base a los criterios acad\u00e9micos del programa.","ORDEN":"10","OBLIGATORIO":"1","ACTIVO":"1","FECHA_CREACION":"2026-03-23 19:56:13","FECHA_ACTUALIZACION":"2026-03-23 19:56:13","REQUERIDO":"1"},{"ID_TIPO_DOCUMENTO_PREPROFESIONAL":"11","CODIGO":"PPR-011","NOMBRE":"R\u00fabrica de Evaluaci\u00f3n de Resultados","DESCRIPCION":"Evaluaci\u00f3n final realizada por el Departamento de Vinculaci\u00f3n con la Sociedad, que valora los resultados y el impacto del proyecto de servicio comunitario en su conjunto.","ORDEN":"11","OBLIGATORIO":"1","ACTIVO":"1","FECHA_CREACION":"2026-03-23 19:56:13","FECHA_ACTUALIZACION":"2026-03-23 19:56:13","REQUERIDO":"1"},{"ID_TIPO_DOCUMENTO_PREPROFESIONAL":"12","CODIGO":"PPR-012","NOMBRE":"Evidencia Fotogr\u00e1fica y Digital","DESCRIPCION":"Material de apoyo visual y digital, como fotos, capturas, videos o impresiones, que documenta y comprueba la realizaci\u00f3n de las actividades y trabajos del proyecto.","ORDEN":"12","OBLIGATORIO":"1","ACTIVO":"1","FECHA_CREACION":"2026-03-23 19:56:13","FECHA_ACTUALIZACION":"2026-03-23 19:56:13","REQUERIDO":"1"}]
DEBUG - 2026-03-24 16:13:52 --> Session: Class initialized using 'CodeIgniter\Session\Handlers\FileHandler' driver.
DEBUG - 2026-03-24 16:13:52 --> Consulta SQL: SELECT *
FROM `TAB_DOCUMENTOS_PRACTICAS_PREPROFESIONALES` `dp`
DEBUG - 2026-03-24 16:13:52 --> Resultados obtenidos: 9
DEBUG - 2026-03-24 16:13:52 --> Documentos obtenidos: [{"ID_DOCUMENTO_PREPROFESIONAL":"17","ID_PRACTICA_PREPROFESIONAL":"2","ID_TIPO_DOCUMENTO":"9","ID_ESTADO_REVISION":"4","NOMBRE_ARCHIVO":"ficha_control_seguimiento_002_20250920.pdf","NOMBRE_ORIGINAL":"Ficha Control Seguimiento - Mar\u00eda.pdf","TIPO_ARCHIVO":"application\/pdf","TAMANO_ARCHIVO":"112233","RUTA_ARCHIVO":"\/uploads\/documentos-practicas\/","FECHA_SUBIDA":"2025-09-20 10:15:00","FECHA_REVISION":"2025-09-20 12:45:00","ID_REVISOR":"5","OBSERVACIONES":"Ficha de control y seguimiento docente","OBSERVACIONES_REVISOR":"Faltan las firmas del tutor docente, documento inv\u00e1lido","VERSION":"1","ACTIVO":"1","FECHA_CREACION":"2026-03-23 19:56:13","FECHA_ACTUALIZACION":"2026-03-23 19:56:13","ID_TIPO_DOCUMENTO_PREPROFESIONAL":"9","TIPO_DOCUMENTO_CODIGO":"PPR-009","TIPO_DOCUMENTO_NOMBRE":"Ficha de Control y Seguimiento Docente","TIPO_DOCUMENTO_DESCRIPCION":"Documento utilizado por el tutor docente para registrar el seguimiento acad\u00e9mico del estudiante durante las pr\u00e1cticas. Incluye visitas o revisiones peri\u00f3dicas.","TIPO_DOCUMENTO_ORDEN":"9","TIPO_DOCUMENTO_OBLIGATORIO":"1","ESTADO_REVISION":"Rechazado","ID_ESTUDIANTE":"2","ENTIDAD_RECEPTORA":"Banco del Pac\u00edfico","ESTUDIANTE_NOMBRE":"Mar\u00eda Elena Garc\u00eda Torres","NOMBRE_ESTUDIANTE":"Mar\u00eda Elena","APELLIDO_ESTUDIANTE":"Garc\u00eda Torres","CEDULA_ESTUDIANTE":"1002345678"},{"ID_DOCUMENTO_PREPROFESIONAL":"15","ID_PRACTICA_PREPROFESIONAL":"2","ID_TIPO_DOCUMENTO":"7","ID_ESTADO_REVISION":"5","NOMBRE_ARCHIVO":"ficha_registro_actividades_002_20250915.pdf","NOMBRE_ORIGINAL":"Ficha Registro Actividades - Mar\u00eda.pdf","TIPO_ARCHIVO":"application\/pdf","TAMANO_ARCHIVO":"98765","RUTA_ARCHIVO":"\/uploads\/documentos-practicas\/","FECHA_SUBIDA":"2025-09-15 11:30:00","FECHA_REVISION":"2025-09-15 14:20:00","ID_REVISOR":"5","OBSERVACIONES":"Ficha de registro de actividades","OBSERVACIONES_REVISOR":"Descripci\u00f3n de actividades muy general, especificar m\u00e1s detalles","VERSION":"1","ACTIVO":"1","FECHA_CREACION":"2026-03-23 19:56:13","FECHA_ACTUALIZACION":"2026-03-23 19:56:13","ID_TIPO_DOCUMENTO_PREPROFESIONAL":"7","TIPO_DOCUMENTO_CODIGO":"PPR-007","TIPO_DOCUMENTO_NOMBRE":"Ficha de Registro de Actividades","TIPO_DOCUMENTO_DESCRIPCION":"Documento detallado en el que el estudiante registra las actividades espec\u00edficas realizadas durante sus pr\u00e1cticas, incluyendo fechas y descripciones.","TIPO_DOCUMENTO_ORDEN":"7","TIPO_DOCUMENTO_OBLIGATORIO":"1","ESTADO_REVISION":"Requiere Correcci\u00f3n","ID_ESTUDIANTE":"2","ENTIDAD_RECEPTORA":"Banco del Pac\u00edfico","ESTUDIANTE_NOMBRE":"Mar\u00eda Elena Garc\u00eda Torres","NOMBRE_ESTUDIANTE":"Mar\u00eda Elena","APELLIDO_ESTUDIANTE":"Garc\u00eda Torres","CEDULA_ESTUDIANTE":"1002345678"},{"ID_DOCUMENTO_PREPROFESIONAL":"14","ID_PRACTICA_PREPROFESIONAL":"1","ID_TIPO_DOCUMENTO":"6","ID_ESTADO_REVISION":"5","NOMBRE_ARCHIVO":"hojas_asistencia_001_20250830.pdf","NOMBRE_ORIGINAL":"Hojas de Asistencia - Juan Carlos.pdf","TIPO_ARCHIVO":"application\/pdf","TAMANO_ARCHIVO":"123456","RUTA_ARCHIVO":"\/uploads\/documentos-practicas\/","FECHA_SUBIDA":"2025-08-30 16:15:00","FECHA_REVISION":"2025-08-30 17:45:00","ID_REVISOR":"4","OBSERVACIONES":"Hojas de asistencia completas","OBSERVACIONES_REVISOR":"Faltan firmas en algunas fechas, corregir y volver a subir","VERSION":"1","ACTIVO":"1","FECHA_CREACION":"2026-03-23 19:56:13","FECHA_ACTUALIZACION":"2026-03-23 19:56:13","ID_TIPO_DOCUMENTO_PREPROFESIONAL":"6","TIPO_DOCUMENTO_CODIGO":"PPR-006","TIPO_DOCUMENTO_NOMBRE":"Hojas de Asistencia","TIPO_DOCUMENTO_DESCRIPCION":"Registro f\u00edsico de la asistencia del estudiante en la entidad receptora. Incluye las firmas y sellos para validar las horas de trabajo.","TIPO_DOCUMENTO_ORDEN":"6","TIPO_DOCUMENTO_OBLIGATORIO":"1","ESTADO_REVISION":"Requiere Correcci\u00f3n","ID_ESTUDIANTE":"1","ENTIDAD_RECEPTORA":"Hospital San Vicente de Pa\u00fal","ESTUDIANTE_NOMBRE":"Juan Carlos P\u00e9rez L\u00f3pez","NOMBRE_ESTUDIANTE":"Juan Carlos","APELLIDO_ESTUDIANTE":"P\u00e9rez L\u00f3pez","CEDULA_ESTUDIANTE":"1001234567"},{"ID_DOCUMENTO_PREPROFESIONAL":"16","ID_PRACTICA_PREPROFESIONAL":"1","ID_TIPO_DOCUMENTO":"8","ID_ESTADO_REVISION":"4","NOMBRE_ARCHIVO":"rubrica_evaluacion_entidad_001_20250825.pdf","NOMBRE_ORIGINAL":"R\u00fabrica Evaluaci\u00f3n Entidad - Juan.pdf","TIPO_ARCHIVO":"application\/pdf","TAMANO_ARCHIVO":"87654","RUTA_ARCHIVO":"\/uploads\/documentos-practicas\/","FECHA_SUBIDA":"2025-08-25 15:00:00","FECHA_REVISION":"2025-08-25 16:30:00","ID_REVISOR":"4","OBSERVACIONES":"R\u00fabrica de evaluaci\u00f3n de entidad","OBSERVACIONES_REVISOR":"Documento no tiene sello oficial de la entidad, rechazado","VERSION":"1","ACTIVO":"1","FECHA_CREACION":"2026-03-23 19:56:13","FECHA_ACTUALIZACION":"2026-03-23 19:56:13","ID_TIPO_DOCUMENTO_PREPROFESIONAL":"8","TIPO_DOCUMENTO_CODIGO":"PPR-008","TIPO_DOCUMENTO_NOMBRE":"R\u00fabrica de Evaluaci\u00f3n de Entidad","TIPO_DOCUMENTO_DESCRIPCION":"Formulario de evaluaci\u00f3n del desempe\u00f1o del estudiante, llenado y sellado por la entidad receptora. Valora aspectos como la responsabilidad, la proactividad y la calidad del trabajo.","TIPO_DOCUMENTO_ORDEN":"8","TIPO_DOCUMENTO_OBLIGATORIO":"1","ESTADO_REVISION":"Rechazado","ID_ESTUDIANTE":"1","ENTIDAD_RECEPTORA":"Hospital San Vicente de Pa\u00fal","ESTUDIANTE_NOMBRE":"Juan Carlos P\u00e9rez L\u00f3pez","NOMBRE_ESTUDIANTE":"Juan Carlos","APELLIDO_ESTUDIANTE":"P\u00e9rez L\u00f3pez","CEDULA_ESTUDIANTE":"1001234567"},{"ID_DOCUMENTO_PREPROFESIONAL":"5","ID_PRACTICA_PREPROFESIONAL":"2","ID_TIPO_DOCUMENTO":"2","ID_ESTADO_REVISION":"3","NOMBRE_ARCHIVO":"oficio_entidad_receptora_002_20250702.pdf","NOMBRE_ORIGINAL":"Oficio Entidad Receptora - Banco.pdf","TIPO_ARCHIVO":"application\/pdf","TAMANO_ARCHIVO":"178944","RUTA_ARCHIVO":"\/uploads\/documentos-practicas\/","FECHA_SUBIDA":"2025-07-02 15:45:00","FECHA_REVISION":"2025-07-02 17:20:00","ID_REVISOR":"5","OBSERVACIONES":"Oficio enviado a la entidad receptora","OBSERVACIONES_REVISOR":"Oficio formal y bien estructurado","VERSION":"1","ACTIVO":"1","FECHA_CREACION":"2026-03-23 19:56:13","FECHA_ACTUALIZACION":"2026-03-23 19:56:13","ID_TIPO_DOCUMENTO_PREPROFESIONAL":"2","TIPO_DOCUMENTO_CODIGO":"PPR-002","TIPO_DOCUMENTO_NOMBRE":"Oficio a Entidad Receptora","TIPO_DOCUMENTO_DESCRIPCION":"Carta formal enviada por el estudiante a la instituci\u00f3n \"Instituto Tecnol\u00f3gico Superior Ibarra\", con el prop\u00f3sito de solicitar la oportunidad de realizar sus pr\u00e1cticas de servicio comunitario.","TIPO_DOCUMENTO_ORDEN":"2","TIPO_DOCUMENTO_OBLIGATORIO":"1","ESTADO_REVISION":"Aprobado","ID_ESTUDIANTE":"2","ENTIDAD_RECEPTORA":"Banco del Pac\u00edfico","ESTUDIANTE_NOMBRE":"Mar\u00eda Elena Garc\u00eda Torres","NOMBRE_ESTUDIANTE":"Mar\u00eda Elena","APELLIDO_ESTUDIANTE":"Garc\u00eda Torres","CEDULA_ESTUDIANTE":"1002345678"},{"ID_DOCUMENTO_PREPROFESIONAL":"4","ID_PRACTICA_PREPROFESIONAL":"2","ID_TIPO_DOCUMENTO":"1","ID_ESTADO_REVISION":"3","NOMBRE_ARCHIVO":"oficio_asignacion_tutor_002_20250701.pdf","NOMBRE_ORIGINAL":"Oficio Asignaci\u00f3n Tutor - Mar\u00eda Elena.pdf","TIPO_ARCHIVO":"application\/pdf","TAMANO_ARCHIVO":"234880","RUTA_ARCHIVO":"\/uploads\/documentos-practicas\/","FECHA_SUBIDA":"2025-07-01 11:00:00","FECHA_REVISION":"2025-07-01 13:15:00","ID_REVISOR":"5","OBSERVACIONES":"Documento oficial de asignaci\u00f3n","OBSERVACIONES_REVISOR":"Asignaci\u00f3n correcta del tutor","VERSION":"1","ACTIVO":"1","FECHA_CREACION":"2026-03-23 19:56:13","FECHA_ACTUALIZACION":"2026-03-23 19:56:13","ID_TIPO_DOCUMENTO_PREPROFESIONAL":"1","TIPO_DOCUMENTO_CODIGO":"PPR-001","TIPO_DOCUMENTO_NOMBRE":"Oficio de Asignaci\u00f3n de Tutor","TIPO_DOCUMENTO_DESCRIPCION":"Documento oficial emitido por la coordinaci\u00f3n de la carrera que designa al docente responsable de la tutor\u00eda y seguimiento de las pr\u00e1cticas de servicio comunitario del estudiante.","TIPO_DOCUMENTO_ORDEN":"1","TIPO_DOCUMENTO_OBLIGATORIO":"1","ESTADO_REVISION":"Aprobado","ID_ESTUDIANTE":"2","ENTIDAD_RECEPTORA":"Banco del Pac\u00edfico","ESTUDIANTE_NOMBRE":"Mar\u00eda Elena Garc\u00eda Torres","NOMBRE_ESTUDIANTE":"Mar\u00eda Elena","APELLIDO_ESTUDIANTE":"Garc\u00eda Torres","CEDULA_ESTUDIANTE":"1002345678"},{"ID_DOCUMENTO_PREPROFESIONAL":"3","ID_PRACTICA_PREPROFESIONAL":"1","ID_TIPO_DOCUMENTO":"3","ID_ESTADO_REVISION":"3","NOMBRE_ARCHIVO":"carta_aceptacion_001_20250603.pdf","NOMBRE_ORIGINAL":"Carta Aceptaci\u00f3n - Hospital.pdf","TIPO_ARCHIVO":"application\/pdf","TAMANO_ARCHIVO":"156672","RUTA_ARCHIVO":"\/uploads\/documentos-practicas\/","FECHA_SUBIDA":"2025-06-03 09:15:00","FECHA_REVISION":"2025-06-03 11:20:00","ID_REVISOR":"4","OBSERVACIONES":"Carta de aceptaci\u00f3n de la entidad","OBSERVACIONES_REVISOR":"Carta oficial con sello institucional","VERSION":"1","ACTIVO":"1","FECHA_CREACION":"2026-03-23 19:56:13","FECHA_ACTUALIZACION":"2026-03-23 19:56:13","ID_TIPO_DOCUMENTO_PREPROFESIONAL":"3","TIPO_DOCUMENTO_CODIGO":"PPR-003","TIPO_DOCUMENTO_NOMBRE":"Carta de Aceptaci\u00f3n","TIPO_DOCUMENTO_DESCRIPCION":"Carta oficial de la entidad receptora \"Instituto Tecnol\u00f3gico Superior Ibarra\" que confirma la aceptaci\u00f3n del o los estudiantes para realizar las pr\u00e1cticas de servicio comunitario en sus instalaciones.","TIPO_DOCUMENTO_ORDEN":"3","TIPO_DOCUMENTO_OBLIGATORIO":"1","ESTADO_REVISION":"Aprobado","ID_ESTUDIANTE":"1","ENTIDAD_RECEPTORA":"Hospital San Vicente de Pa\u00fal","ESTUDIANTE_NOMBRE":"Juan Carlos P\u00e9rez L\u00f3pez","NOMBRE_ESTUDIANTE":"Juan Carlos","APELLIDO_ESTUDIANTE":"P\u00e9rez L\u00f3pez","CEDULA_ESTUDIANTE":"1001234567"},{"ID_DOCUMENTO_PREPROFESIONAL":"2","ID_PRACTICA_PREPROFESIONAL":"1","ID_TIPO_DOCUMENTO":"2","ID_ESTADO_REVISION":"3","NOMBRE_ARCHIVO":"oficio_entidad_receptora_001_20250602.pdf","NOMBRE_ORIGINAL":"Oficio Entidad Receptora - Hospital.pdf","TIPO_ARCHIVO":"application\/pdf","TAMANO_ARCHIVO":"189440","RUTA_ARCHIVO":"\/uploads\/documentos-practicas\/","FECHA_SUBIDA":"2025-06-02 14:30:00","FECHA_REVISION":"2025-06-02 16:45:00","ID_REVISOR":"4","OBSERVACIONES":"Oficio enviado a la entidad receptora","OBSERVACIONES_REVISOR":"Oficio bien redactado y formal","VERSION":"1","ACTIVO":"1","FECHA_CREACION":"2026-03-23 19:56:13","FECHA_ACTUALIZACION":"2026-03-23 19:56:13","ID_TIPO_DOCUMENTO_PREPROFESIONAL":"2","TIPO_DOCUMENTO_CODIGO":"PPR-002","TIPO_DOCUMENTO_NOMBRE":"Oficio a Entidad Receptora","TIPO_DOCUMENTO_DESCRIPCION":"Carta formal enviada por el estudiante a la instituci\u00f3n \"Instituto Tecnol\u00f3gico Superior Ibarra\", con el prop\u00f3sito de solicitar la oportunidad de realizar sus pr\u00e1cticas de servicio comunitario.","TIPO_DOCUMENTO_ORDEN":"2","TIPO_DOCUMENTO_OBLIGATORIO":"1","ESTADO_REVISION":"Aprobado","ID_ESTUDIANTE":"1","ENTIDAD_RECEPTORA":"Hospital San Vicente de Pa\u00fal","ESTUDIANTE_NOMBRE":"Juan Carlos P\u00e9rez L\u00f3pez","NOMBRE_ESTUDIANTE":"Juan Carlos","APELLIDO_ESTUDIANTE":"P\u00e9rez L\u00f3pez","CEDULA_ESTUDIANTE":"1001234567"},{"ID_DOCUMENTO_PREPROFESIONAL":"1","ID_PRACTICA_PREPROFESIONAL":"1","ID_TIPO_DOCUMENTO":"1","ID_ESTADO_REVISION":"3","NOMBRE_ARCHIVO":"oficio_asignacion_tutor_001_20250601.pdf","NOMBRE_ORIGINAL":"Oficio Asignaci\u00f3n Tutor - Juan Carlos.pdf","TIPO_ARCHIVO":"application\/pdf","TAMANO_ARCHIVO":"245760","RUTA_ARCHIVO":"\/uploads\/documentos-practicas\/","FECHA_SUBIDA":"2025-06-01 10:00:00","FECHA_REVISION":"2025-06-01 14:30:00","ID_REVISOR":"4","OBSERVACIONES":"Documento oficial de asignaci\u00f3n","OBSERVACIONES_REVISOR":"Documento aprobado correctamente","VERSION":"1","ACTIVO":"1","FECHA_CREACION":"2026-03-23 19:56:13","FECHA_ACTUALIZACION":"2026-03-23 19:56:13","ID_TIPO_DOCUMENTO_PREPROFESIONAL":"1","TIPO_DOCUMENTO_CODIGO":"PPR-001","TIPO_DOCUMENTO_NOMBRE":"Oficio de Asignaci\u00f3n de Tutor","TIPO_DOCUMENTO_DESCRIPCION":"Documento oficial emitido por la coordinaci\u00f3n de la carrera que designa al docente responsable de la tutor\u00eda y seguimiento de las pr\u00e1cticas de servicio comunitario del estudiante.","TIPO_DOCUMENTO_ORDEN":"1","TIPO_DOCUMENTO_OBLIGATORIO":"1","ESTADO_REVISION":"Aprobado","ID_ESTUDIANTE":"1","ENTIDAD_RECEPTORA":"Hospital San Vicente de Pa\u00fal","ESTUDIANTE_NOMBRE":"Juan Carlos P\u00e9rez L\u00f3pez","NOMBRE_ESTUDIANTE":"Juan Carlos","APELLIDO_ESTUDIANTE":"P\u00e9rez L\u00f3pez","CEDULA_ESTUDIANTE":"1001234567"}]
DEBUG - 2026-03-24 16:16:05 --> Session: Class initialized using 'CodeIgniter\Session\Handlers\FileHandler' driver.
DEBUG - 2026-03-24 16:16:05 --> Consulta SQL: SELECT *
FROM `TAB_DOCUMENTOS_PRACTICAS_PREPROFESIONALES` `dp`
DEBUG - 2026-03-24 16:16:05 --> Resultados obtenidos: 9
DEBUG - 2026-03-24 16:16:05 --> Tipos de documentos en index: [{"ID_TIPO_DOCUMENTO_PREPROFESIONAL":"1","CODIGO":"PPR-001","NOMBRE":"Oficio de Asignaci\u00f3n de Tutor","DESCRIPCION":"Documento oficial emitido por la coordinaci\u00f3n de la carrera que designa al docente responsable de la tutor\u00eda y seguimiento de las pr\u00e1cticas de servicio comunitario del estudiante.","ORDEN":"1","OBLIGATORIO":"1","ACTIVO":"1","FECHA_CREACION":"2026-03-23 19:56:13","FECHA_ACTUALIZACION":"2026-03-23 19:56:13","REQUERIDO":"1"},{"ID_TIPO_DOCUMENTO_PREPROFESIONAL":"2","CODIGO":"PPR-002","NOMBRE":"Oficio a Entidad Receptora","DESCRIPCION":"Carta formal enviada por el estudiante a la instituci\u00f3n \"Instituto Tecnol\u00f3gico Superior Ibarra\", con el prop\u00f3sito de solicitar la oportunidad de realizar sus pr\u00e1cticas de servicio comunitario.","ORDEN":"2","OBLIGATORIO":"1","ACTIVO":"1","FECHA_CREACION":"2026-03-23 19:56:13","FECHA_ACTUALIZACION":"2026-03-23 20:03:37","REQUERIDO":"1"},{"ID_TIPO_DOCUMENTO_PREPROFESIONAL":"3","CODIGO":"PPR-003","NOMBRE":"Carta de Aceptaci\u00f3n","DESCRIPCION":"Carta oficial de la entidad receptora \"Instituto Tecnol\u00f3gico Superior Ibarra\" que confirma la aceptaci\u00f3n del o los estudiantes para realizar las pr\u00e1cticas de servicio comunitario en sus instalaciones.","ORDEN":"3","OBLIGATORIO":"1","ACTIVO":"1","FECHA_CREACION":"2026-03-23 19:56:13","FECHA_ACTUALIZACION":"2026-03-23 19:56:13","REQUERIDO":"1"},{"ID_TIPO_DOCUMENTO_PREPROFESIONAL":"4","CODIGO":"PPR-004","NOMBRE":"Solicitud Institucional Valorada","DESCRIPCION":"Documento de solicitud formal dirigido al Sr. Rector, Dr. Mario Montenegro, pidiendo la aprobaci\u00f3n institucional para la realizaci\u00f3n de las pr\u00e1cticas de servicio comunitario.","ORDEN":"4","OBLIGATORIO":"1","ACTIVO":"1","FECHA_CREACION":"2026-03-23 19:56:13","FECHA_ACTUALIZACION":"2026-03-23 19:56:13","REQUERIDO":"1"},{"ID_TIPO_DOCUMENTO_PREPROFESIONAL":"5","CODIGO":"PPR-005","NOMBRE":"Certificado de Culminaci\u00f3n de Horas","DESCRIPCION":"Certificado emitido por la entidad receptora \"Instituto Tecnol\u00f3gico Superior Ibarra\" que acredita que el estudiante ha completado las 60 horas requeridas de pr\u00e1cticas de servicio comunitario.","ORDEN":"5","OBLIGATORIO":"1","ACTIVO":"1","FECHA_CREACION":"2026-03-23 19:56:13","FECHA_ACTUALIZACION":"2026-03-23 19:56:13","REQUERIDO":"1"},{"ID_TIPO_DOCUMENTO_PREPROFESIONAL":"6","CODIGO":"PPR-006","NOMBRE":"Hojas de Asistencia","DESCRIPCION":"Registro f\u00edsico de la asistencia del estudiante en la entidad receptora. Incluye las firmas y sellos para validar las horas de trabajo.","ORDEN":"6","OBLIGATORIO":"1","ACTIVO":"1","FECHA_CREACION":"2026-03-23 19:56:13","FECHA_ACTUALIZACION":"2026-03-23 19:56:13","REQUERIDO":"1"},{"ID_TIPO_DOCUMENTO_PREPROFESIONAL":"7","CODIGO":"PPR-007","NOMBRE":"Ficha de Registro de Actividades","DESCRIPCION":"Documento detallado en el que el estudiante registra las actividades espec\u00edficas realizadas durante sus pr\u00e1cticas, incluyendo fechas y descripciones.","ORDEN":"7","OBLIGATORIO":"1","ACTIVO":"1","FECHA_CREACION":"2026-03-23 19:56:13","FECHA_ACTUALIZACION":"2026-03-23 19:56:13","REQUERIDO":"1"},{"ID_TIPO_DOCUMENTO_PREPROFESIONAL":"8","CODIGO":"PPR-008","NOMBRE":"R\u00fabrica de Evaluaci\u00f3n de Entidad","DESCRIPCION":"Formulario de evaluaci\u00f3n del desempe\u00f1o del estudiante, llenado y sellado por la entidad receptora. Valora aspectos como la responsabilidad, la proactividad y la calidad del trabajo.","ORDEN":"8","OBLIGATORIO":"1","ACTIVO":"1","FECHA_CREACION":"2026-03-23 19:56:13","FECHA_ACTUALIZACION":"2026-03-23 19:56:13","REQUERIDO":"1"},{"ID_TIPO_DOCUMENTO_PREPROFESIONAL":"9","CODIGO":"PPR-009","NOMBRE":"Ficha de Control y Seguimiento Docente","DESCRIPCION":"Documento utilizado por el tutor docente para registrar el seguimiento acad\u00e9mico del estudiante durante las pr\u00e1cticas. Incluye visitas o revisiones peri\u00f3dicas.","ORDEN":"9","OBLIGATORIO":"1","ACTIVO":"1","FECHA_CREACION":"2026-03-23 19:56:13","FECHA_ACTUALIZACION":"2026-03-23 19:56:13","REQUERIDO":"1"},{"ID_TIPO_DOCUMENTO_PREPROFESIONAL":"10","CODIGO":"PPR-010","NOMBRE":"R\u00fabrica de Evaluaci\u00f3n Docente","DESCRIPCION":"R\u00fabrica de evaluaci\u00f3n llenada y firmada por el tutor docente. Califica el desempe\u00f1o del estudiante en base a los criterios acad\u00e9micos del programa.","ORDEN":"10","OBLIGATORIO":"1","ACTIVO":"1","FECHA_CREACION":"2026-03-23 19:56:13","FECHA_ACTUALIZACION":"2026-03-23 19:56:13","REQUERIDO":"1"},{"ID_TIPO_DOCUMENTO_PREPROFESIONAL":"11","CODIGO":"PPR-011","NOMBRE":"R\u00fabrica de Evaluaci\u00f3n de Resultados","DESCRIPCION":"Evaluaci\u00f3n final realizada por el Departamento de Vinculaci\u00f3n con la Sociedad, que valora los resultados y el impacto del proyecto de servicio comunitario en su conjunto.","ORDEN":"11","OBLIGATORIO":"1","ACTIVO":"1","FECHA_CREACION":"2026-03-23 19:56:13","FECHA_ACTUALIZACION":"2026-03-23 19:56:13","REQUERIDO":"1"},{"ID_TIPO_DOCUMENTO_PREPROFESIONAL":"12","CODIGO":"PPR-012","NOMBRE":"Evidencia Fotogr\u00e1fica y Digital","DESCRIPCION":"Material de apoyo visual y digital, como fotos, capturas, videos o impresiones, que documenta y comprueba la realizaci\u00f3n de las actividades y trabajos del proyecto.","ORDEN":"12","OBLIGATORIO":"1","ACTIVO":"1","FECHA_CREACION":"2026-03-23 19:56:13","FECHA_ACTUALIZACION":"2026-03-23 19:56:13","REQUERIDO":"1"}]
DEBUG - 2026-03-24 16:16:06 --> Session: Class initialized using 'CodeIgniter\Session\Handlers\FileHandler' driver.
DEBUG - 2026-03-24 16:16:06 --> Consulta SQL: SELECT *
FROM `TAB_DOCUMENTOS_PRACTICAS_PREPROFESIONALES` `dp`
DEBUG - 2026-03-24 16:16:06 --> Resultados obtenidos: 9
DEBUG - 2026-03-24 16:16:06 --> Documentos obtenidos: [{"ID_DOCUMENTO_PREPROFESIONAL":"17","ID_PRACTICA_PREPROFESIONAL":"2","ID_TIPO_DOCUMENTO":"9","ID_ESTADO_REVISION":"4","NOMBRE_ARCHIVO":"ficha_control_seguimiento_002_20250920.pdf","NOMBRE_ORIGINAL":"Ficha Control Seguimiento - Mar\u00eda.pdf","TIPO_ARCHIVO":"application\/pdf","TAMANO_ARCHIVO":"112233","RUTA_ARCHIVO":"\/uploads\/documentos-practicas\/","FECHA_SUBIDA":"2025-09-20 10:15:00","FECHA_REVISION":"2025-09-20 12:45:00","ID_REVISOR":"5","OBSERVACIONES":"Ficha de control y seguimiento docente","OBSERVACIONES_REVISOR":"Faltan las firmas del tutor docente, documento inv\u00e1lido","VERSION":"1","ACTIVO":"1","FECHA_CREACION":"2026-03-23 19:56:13","FECHA_ACTUALIZACION":"2026-03-23 19:56:13","ID_TIPO_DOCUMENTO_PREPROFESIONAL":"9","TIPO_DOCUMENTO_CODIGO":"PPR-009","TIPO_DOCUMENTO_NOMBRE":"Ficha de Control y Seguimiento Docente","TIPO_DOCUMENTO_DESCRIPCION":"Documento utilizado por el tutor docente para registrar el seguimiento acad\u00e9mico del estudiante durante las pr\u00e1cticas. Incluye visitas o revisiones peri\u00f3dicas.","TIPO_DOCUMENTO_ORDEN":"9","TIPO_DOCUMENTO_OBLIGATORIO":"1","ESTADO_REVISION":"Rechazado","ID_ESTUDIANTE":"2","ENTIDAD_RECEPTORA":"Banco del Pac\u00edfico","ESTUDIANTE_NOMBRE":"Mar\u00eda Elena Garc\u00eda Torres","NOMBRE_ESTUDIANTE":"Mar\u00eda Elena","APELLIDO_ESTUDIANTE":"Garc\u00eda Torres","CEDULA_ESTUDIANTE":"1002345678"},{"ID_DOCUMENTO_PREPROFESIONAL":"15","ID_PRACTICA_PREPROFESIONAL":"2","ID_TIPO_DOCUMENTO":"7","ID_ESTADO_REVISION":"5","NOMBRE_ARCHIVO":"ficha_registro_actividades_002_20250915.pdf","NOMBRE_ORIGINAL":"Ficha Registro Actividades - Mar\u00eda.pdf","TIPO_ARCHIVO":"application\/pdf","TAMANO_ARCHIVO":"98765","RUTA_ARCHIVO":"\/uploads\/documentos-practicas\/","FECHA_SUBIDA":"2025-09-15 11:30:00","FECHA_REVISION":"2025-09-15 14:20:00","ID_REVISOR":"5","OBSERVACIONES":"Ficha de registro de actividades","OBSERVACIONES_REVISOR":"Descripci\u00f3n de actividades muy general, especificar m\u00e1s detalles","VERSION":"1","ACTIVO":"1","FECHA_CREACION":"2026-03-23 19:56:13","FECHA_ACTUALIZACION":"2026-03-23 19:56:13","ID_TIPO_DOCUMENTO_PREPROFESIONAL":"7","TIPO_DOCUMENTO_CODIGO":"PPR-007","TIPO_DOCUMENTO_NOMBRE":"Ficha de Registro de Actividades","TIPO_DOCUMENTO_DESCRIPCION":"Documento detallado en el que el estudiante registra las actividades espec\u00edficas realizadas durante sus pr\u00e1cticas, incluyendo fechas y descripciones.","TIPO_DOCUMENTO_ORDEN":"7","TIPO_DOCUMENTO_OBLIGATORIO":"1","ESTADO_REVISION":"Requiere Correcci\u00f3n","ID_ESTUDIANTE":"2","ENTIDAD_RECEPTORA":"Banco del Pac\u00edfico","ESTUDIANTE_NOMBRE":"Mar\u00eda Elena Garc\u00eda Torres","NOMBRE_ESTUDIANTE":"Mar\u00eda Elena","APELLIDO_ESTUDIANTE":"Garc\u00eda Torres","CEDULA_ESTUDIANTE":"1002345678"},{"ID_DOCUMENTO_PREPROFESIONAL":"14","ID_PRACTICA_PREPROFESIONAL":"1","ID_TIPO_DOCUMENTO":"6","ID_ESTADO_REVISION":"5","NOMBRE_ARCHIVO":"hojas_asistencia_001_20250830.pdf","NOMBRE_ORIGINAL":"Hojas de Asistencia - Juan Carlos.pdf","TIPO_ARCHIVO":"application\/pdf","TAMANO_ARCHIVO":"123456","RUTA_ARCHIVO":"\/uploads\/documentos-practicas\/","FECHA_SUBIDA":"2025-08-30 16:15:00","FECHA_REVISION":"2025-08-30 17:45:00","ID_REVISOR":"4","OBSERVACIONES":"Hojas de asistencia completas","OBSERVACIONES_REVISOR":"Faltan firmas en algunas fechas, corregir y volver a subir","VERSION":"1","ACTIVO":"1","FECHA_CREACION":"2026-03-23 19:56:13","FECHA_ACTUALIZACION":"2026-03-23 19:56:13","ID_TIPO_DOCUMENTO_PREPROFESIONAL":"6","TIPO_DOCUMENTO_CODIGO":"PPR-006","TIPO_DOCUMENTO_NOMBRE":"Hojas de Asistencia","TIPO_DOCUMENTO_DESCRIPCION":"Registro f\u00edsico de la asistencia del estudiante en la entidad receptora. Incluye las firmas y sellos para validar las horas de trabajo.","TIPO_DOCUMENTO_ORDEN":"6","TIPO_DOCUMENTO_OBLIGATORIO":"1","ESTADO_REVISION":"Requiere Correcci\u00f3n","ID_ESTUDIANTE":"1","ENTIDAD_RECEPTORA":"Hospital San Vicente de Pa\u00fal","ESTUDIANTE_NOMBRE":"Juan Carlos P\u00e9rez L\u00f3pez","NOMBRE_ESTUDIANTE":"Juan Carlos","APELLIDO_ESTUDIANTE":"P\u00e9rez L\u00f3pez","CEDULA_ESTUDIANTE":"1001234567"},{"ID_DOCUMENTO_PREPROFESIONAL":"16","ID_PRACTICA_PREPROFESIONAL":"1","ID_TIPO_DOCUMENTO":"8","ID_ESTADO_REVISION":"4","NOMBRE_ARCHIVO":"rubrica_evaluacion_entidad_001_20250825.pdf","NOMBRE_ORIGINAL":"R\u00fabrica Evaluaci\u00f3n Entidad - Juan.pdf","TIPO_ARCHIVO":"application\/pdf","TAMANO_ARCHIVO":"87654","RUTA_ARCHIVO":"\/uploads\/documentos-practicas\/","FECHA_SUBIDA":"2025-08-25 15:00:00","FECHA_REVISION":"2025-08-25 16:30:00","ID_REVISOR":"4","OBSERVACIONES":"R\u00fabrica de evaluaci\u00f3n de entidad","OBSERVACIONES_REVISOR":"Documento no tiene sello oficial de la entidad, rechazado","VERSION":"1","ACTIVO":"1","FECHA_CREACION":"2026-03-23 19:56:13","FECHA_ACTUALIZACION":"2026-03-23 19:56:13","ID_TIPO_DOCUMENTO_PREPROFESIONAL":"8","TIPO_DOCUMENTO_CODIGO":"PPR-008","TIPO_DOCUMENTO_NOMBRE":"R\u00fabrica de Evaluaci\u00f3n de Entidad","TIPO_DOCUMENTO_DESCRIPCION":"Formulario de evaluaci\u00f3n del desempe\u00f1o del estudiante, llenado y sellado por la entidad receptora. Valora aspectos como la responsabilidad, la proactividad y la calidad del trabajo.","TIPO_DOCUMENTO_ORDEN":"8","TIPO_DOCUMENTO_OBLIGATORIO":"1","ESTADO_REVISION":"Rechazado","ID_ESTUDIANTE":"1","ENTIDAD_RECEPTORA":"Hospital San Vicente de Pa\u00fal","ESTUDIANTE_NOMBRE":"Juan Carlos P\u00e9rez L\u00f3pez","NOMBRE_ESTUDIANTE":"Juan Carlos","APELLIDO_ESTUDIANTE":"P\u00e9rez L\u00f3pez","CEDULA_ESTUDIANTE":"1001234567"},{"ID_DOCUMENTO_PREPROFESIONAL":"5","ID_PRACTICA_PREPROFESIONAL":"2","ID_TIPO_DOCUMENTO":"2","ID_ESTADO_REVISION":"3","NOMBRE_ARCHIVO":"oficio_entidad_receptora_002_20250702.pdf","NOMBRE_ORIGINAL":"Oficio Entidad Receptora - Banco.pdf","TIPO_ARCHIVO":"application\/pdf","TAMANO_ARCHIVO":"178944","RUTA_ARCHIVO":"\/uploads\/documentos-practicas\/","FECHA_SUBIDA":"2025-07-02 15:45:00","FECHA_REVISION":"2025-07-02 17:20:00","ID_REVISOR":"5","OBSERVACIONES":"Oficio enviado a la entidad receptora","OBSERVACIONES_REVISOR":"Oficio formal y bien estructurado","VERSION":"1","ACTIVO":"1","FECHA_CREACION":"2026-03-23 19:56:13","FECHA_ACTUALIZACION":"2026-03-23 19:56:13","ID_TIPO_DOCUMENTO_PREPROFESIONAL":"2","TIPO_DOCUMENTO_CODIGO":"PPR-002","TIPO_DOCUMENTO_NOMBRE":"Oficio a Entidad Receptora","TIPO_DOCUMENTO_DESCRIPCION":"Carta formal enviada por el estudiante a la instituci\u00f3n \"Instituto Tecnol\u00f3gico Superior Ibarra\", con el prop\u00f3sito de solicitar la oportunidad de realizar sus pr\u00e1cticas de servicio comunitario.","TIPO_DOCUMENTO_ORDEN":"2","TIPO_DOCUMENTO_OBLIGATORIO":"1","ESTADO_REVISION":"Aprobado","ID_ESTUDIANTE":"2","ENTIDAD_RECEPTORA":"Banco del Pac\u00edfico","ESTUDIANTE_NOMBRE":"Mar\u00eda Elena Garc\u00eda Torres","NOMBRE_ESTUDIANTE":"Mar\u00eda Elena","APELLIDO_ESTUDIANTE":"Garc\u00eda Torres","CEDULA_ESTUDIANTE":"1002345678"},{"ID_DOCUMENTO_PREPROFESIONAL":"4","ID_PRACTICA_PREPROFESIONAL":"2","ID_TIPO_DOCUMENTO":"1","ID_ESTADO_REVISION":"3","NOMBRE_ARCHIVO":"oficio_asignacion_tutor_002_20250701.pdf","NOMBRE_ORIGINAL":"Oficio Asignaci\u00f3n Tutor - Mar\u00eda Elena.pdf","TIPO_ARCHIVO":"application\/pdf","TAMANO_ARCHIVO":"234880","RUTA_ARCHIVO":"\/uploads\/documentos-practicas\/","FECHA_SUBIDA":"2025-07-01 11:00:00","FECHA_REVISION":"2025-07-01 13:15:00","ID_REVISOR":"5","OBSERVACIONES":"Documento oficial de asignaci\u00f3n","OBSERVACIONES_REVISOR":"Asignaci\u00f3n correcta del tutor","VERSION":"1","ACTIVO":"1","FECHA_CREACION":"2026-03-23 19:56:13","FECHA_ACTUALIZACION":"2026-03-23 19:56:13","ID_TIPO_DOCUMENTO_PREPROFESIONAL":"1","TIPO_DOCUMENTO_CODIGO":"PPR-001","TIPO_DOCUMENTO_NOMBRE":"Oficio de Asignaci\u00f3n de Tutor","TIPO_DOCUMENTO_DESCRIPCION":"Documento oficial emitido por la coordinaci\u00f3n de la carrera que designa al docente responsable de la tutor\u00eda y seguimiento de las pr\u00e1cticas de servicio comunitario del estudiante.","TIPO_DOCUMENTO_ORDEN":"1","TIPO_DOCUMENTO_OBLIGATORIO":"1","ESTADO_REVISION":"Aprobado","ID_ESTUDIANTE":"2","ENTIDAD_RECEPTORA":"Banco del Pac\u00edfico","ESTUDIANTE_NOMBRE":"Mar\u00eda Elena Garc\u00eda Torres","NOMBRE_ESTUDIANTE":"Mar\u00eda Elena","APELLIDO_ESTUDIANTE":"Garc\u00eda Torres","CEDULA_ESTUDIANTE":"1002345678"},{"ID_DOCUMENTO_PREPROFESIONAL":"3","ID_PRACTICA_PREPROFESIONAL":"1","ID_TIPO_DOCUMENTO":"3","ID_ESTADO_REVISION":"3","NOMBRE_ARCHIVO":"carta_aceptacion_001_20250603.pdf","NOMBRE_ORIGINAL":"Carta Aceptaci\u00f3n - Hospital.pdf","TIPO_ARCHIVO":"application\/pdf","TAMANO_ARCHIVO":"156672","RUTA_ARCHIVO":"\/uploads\/documentos-practicas\/","FECHA_SUBIDA":"2025-06-03 09:15:00","FECHA_REVISION":"2025-06-03 11:20:00","ID_REVISOR":"4","OBSERVACIONES":"Carta de aceptaci\u00f3n de la entidad","OBSERVACIONES_REVISOR":"Carta oficial con sello institucional","VERSION":"1","ACTIVO":"1","FECHA_CREACION":"2026-03-23 19:56:13","FECHA_ACTUALIZACION":"2026-03-23 19:56:13","ID_TIPO_DOCUMENTO_PREPROFESIONAL":"3","TIPO_DOCUMENTO_CODIGO":"PPR-003","TIPO_DOCUMENTO_NOMBRE":"Carta de Aceptaci\u00f3n","TIPO_DOCUMENTO_DESCRIPCION":"Carta oficial de la entidad receptora \"Instituto Tecnol\u00f3gico Superior Ibarra\" que confirma la aceptaci\u00f3n del o los estudiantes para realizar las pr\u00e1cticas de servicio comunitario en sus instalaciones.","TIPO_DOCUMENTO_ORDEN":"3","TIPO_DOCUMENTO_OBLIGATORIO":"1","ESTADO_REVISION":"Aprobado","ID_ESTUDIANTE":"1","ENTIDAD_RECEPTORA":"Hospital San Vicente de Pa\u00fal","ESTUDIANTE_NOMBRE":"Juan Carlos P\u00e9rez L\u00f3pez","NOMBRE_ESTUDIANTE":"Juan Carlos","APELLIDO_ESTUDIANTE":"P\u00e9rez L\u00f3pez","CEDULA_ESTUDIANTE":"1001234567"},{"ID_DOCUMENTO_PREPROFESIONAL":"2","ID_PRACTICA_PREPROFESIONAL":"1","ID_TIPO_DOCUMENTO":"2","ID_ESTADO_REVISION":"3","NOMBRE_ARCHIVO":"oficio_entidad_receptora_001_20250602.pdf","NOMBRE_ORIGINAL":"Oficio Entidad Receptora - Hospital.pdf","TIPO_ARCHIVO":"application\/pdf","TAMANO_ARCHIVO":"189440","RUTA_ARCHIVO":"\/uploads\/documentos-practicas\/","FECHA_SUBIDA":"2025-06-02 14:30:00","FECHA_REVISION":"2025-06-02 16:45:00","ID_REVISOR":"4","OBSERVACIONES":"Oficio enviado a la entidad receptora","OBSERVACIONES_REVISOR":"Oficio bien redactado y formal","VERSION":"1","ACTIVO":"1","FECHA_CREACION":"2026-03-23 19:56:13","FECHA_ACTUALIZACION":"2026-03-23 19:56:13","ID_TIPO_DOCUMENTO_PREPROFESIONAL":"2","TIPO_DOCUMENTO_CODIGO":"PPR-002","TIPO_DOCUMENTO_NOMBRE":"Oficio a Entidad Receptora","TIPO_DOCUMENTO_DESCRIPCION":"Carta formal enviada por el estudiante a la instituci\u00f3n \"Instituto Tecnol\u00f3gico Superior Ibarra\", con el prop\u00f3sito de solicitar la oportunidad de realizar sus pr\u00e1cticas de servicio comunitario.","TIPO_DOCUMENTO_ORDEN":"2","TIPO_DOCUMENTO_OBLIGATORIO":"1","ESTADO_REVISION":"Aprobado","ID_ESTUDIANTE":"1","ENTIDAD_RECEPTORA":"Hospital San Vicente de Pa\u00fal","ESTUDIANTE_NOMBRE":"Juan Carlos P\u00e9rez L\u00f3pez","NOMBRE_ESTUDIANTE":"Juan Carlos","APELLIDO_ESTUDIANTE":"P\u00e9rez L\u00f3pez","CEDULA_ESTUDIANTE":"1001234567"},{"ID_DOCUMENTO_PREPROFESIONAL":"1","ID_PRACTICA_PREPROFESIONAL":"1","ID_TIPO_DOCUMENTO":"1","ID_ESTADO_REVISION":"3","NOMBRE_ARCHIVO":"oficio_asignacion_tutor_001_20250601.pdf","NOMBRE_ORIGINAL":"Oficio Asignaci\u00f3n Tutor - Juan Carlos.pdf","TIPO_ARCHIVO":"application\/pdf","TAMANO_ARCHIVO":"245760","RUTA_ARCHIVO":"\/uploads\/documentos-practicas\/","FECHA_SUBIDA":"2025-06-01 10:00:00","FECHA_REVISION":"2025-06-01 14:30:00","ID_REVISOR":"4","OBSERVACIONES":"Documento oficial de asignaci\u00f3n","OBSERVACIONES_REVISOR":"Documento aprobado correctamente","VERSION":"1","ACTIVO":"1","FECHA_CREACION":"2026-03-23 19:56:13","FECHA_ACTUALIZACION":"2026-03-23 19:56:13","ID_TIPO_DOCUMENTO_PREPROFESIONAL":"1","TIPO_DOCUMENTO_CODIGO":"PPR-001","TIPO_DOCUMENTO_NOMBRE":"Oficio de Asignaci\u00f3n de Tutor","TIPO_DOCUMENTO_DESCRIPCION":"Documento oficial emitido por la coordinaci\u00f3n de la carrera que designa al docente responsable de la tutor\u00eda y seguimiento de las pr\u00e1cticas de servicio comunitario del estudiante.","TIPO_DOCUMENTO_ORDEN":"1","TIPO_DOCUMENTO_OBLIGATORIO":"1","ESTADO_REVISION":"Aprobado","ID_ESTUDIANTE":"1","ENTIDAD_RECEPTORA":"Hospital San Vicente de Pa\u00fal","ESTUDIANTE_NOMBRE":"Juan Carlos P\u00e9rez L\u00f3pez","NOMBRE_ESTUDIANTE":"Juan Carlos","APELLIDO_ESTUDIANTE":"P\u00e9rez L\u00f3pez","CEDULA_ESTUDIANTE":"1001234567"}]
DEBUG - 2026-03-24 16:17:20 --> Session: Class initialized using 'CodeIgniter\Session\Handlers\FileHandler' driver.
DEBUG - 2026-03-24 16:17:20 --> Consulta SQL: SELECT *
FROM `TAB_DOCUMENTOS_PRACTICAS_PREPROFESIONALES` `dp`
DEBUG - 2026-03-24 16:17:20 --> Resultados obtenidos: 9
DEBUG - 2026-03-24 16:17:20 --> Tipos de documentos en index: [{"ID_TIPO_DOCUMENTO_PREPROFESIONAL":"1","CODIGO":"PPR-001","NOMBRE":"Oficio de Asignaci\u00f3n de Tutor","DESCRIPCION":"Documento oficial emitido por la coordinaci\u00f3n de la carrera que designa al docente responsable de la tutor\u00eda y seguimiento de las pr\u00e1cticas de servicio comunitario del estudiante.","ORDEN":"1","OBLIGATORIO":"1","ACTIVO":"1","FECHA_CREACION":"2026-03-23 19:56:13","FECHA_ACTUALIZACION":"2026-03-23 19:56:13","REQUERIDO":"1"},{"ID_TIPO_DOCUMENTO_PREPROFESIONAL":"2","CODIGO":"PPR-002","NOMBRE":"Oficio a Entidad Receptora","DESCRIPCION":"Carta formal enviada por el estudiante a la instituci\u00f3n \"Instituto Tecnol\u00f3gico Superior Ibarra\", con el prop\u00f3sito de solicitar la oportunidad de realizar sus pr\u00e1cticas de servicio comunitario.","ORDEN":"2","OBLIGATORIO":"1","ACTIVO":"1","FECHA_CREACION":"2026-03-23 19:56:13","FECHA_ACTUALIZACION":"2026-03-23 20:03:37","REQUERIDO":"1"},{"ID_TIPO_DOCUMENTO_PREPROFESIONAL":"3","CODIGO":"PPR-003","NOMBRE":"Carta de Aceptaci\u00f3n","DESCRIPCION":"Carta oficial de la entidad receptora \"Instituto Tecnol\u00f3gico Superior Ibarra\" que confirma la aceptaci\u00f3n del o los estudiantes para realizar las pr\u00e1cticas de servicio comunitario en sus instalaciones.","ORDEN":"3","OBLIGATORIO":"1","ACTIVO":"1","FECHA_CREACION":"2026-03-23 19:56:13","FECHA_ACTUALIZACION":"2026-03-23 19:56:13","REQUERIDO":"1"},{"ID_TIPO_DOCUMENTO_PREPROFESIONAL":"4","CODIGO":"PPR-004","NOMBRE":"Solicitud Institucional Valorada","DESCRIPCION":"Documento de solicitud formal dirigido al Sr. Rector, Dr. Mario Montenegro, pidiendo la aprobaci\u00f3n institucional para la realizaci\u00f3n de las pr\u00e1cticas de servicio comunitario.","ORDEN":"4","OBLIGATORIO":"1","ACTIVO":"1","FECHA_CREACION":"2026-03-23 19:56:13","FECHA_ACTUALIZACION":"2026-03-23 19:56:13","REQUERIDO":"1"},{"ID_TIPO_DOCUMENTO_PREPROFESIONAL":"5","CODIGO":"PPR-005","NOMBRE":"Certificado de Culminaci\u00f3n de Horas","DESCRIPCION":"Certificado emitido por la entidad receptora \"Instituto Tecnol\u00f3gico Superior Ibarra\" que acredita que el estudiante ha completado las 60 horas requeridas de pr\u00e1cticas de servicio comunitario.","ORDEN":"5","OBLIGATORIO":"1","ACTIVO":"1","FECHA_CREACION":"2026-03-23 19:56:13","FECHA_ACTUALIZACION":"2026-03-23 19:56:13","REQUERIDO":"1"},{"ID_TIPO_DOCUMENTO_PREPROFESIONAL":"6","CODIGO":"PPR-006","NOMBRE":"Hojas de Asistencia","DESCRIPCION":"Registro f\u00edsico de la asistencia del estudiante en la entidad receptora. Incluye las firmas y sellos para validar las horas de trabajo.","ORDEN":"6","OBLIGATORIO":"1","ACTIVO":"1","FECHA_CREACION":"2026-03-23 19:56:13","FECHA_ACTUALIZACION":"2026-03-23 19:56:13","REQUERIDO":"1"},{"ID_TIPO_DOCUMENTO_PREPROFESIONAL":"7","CODIGO":"PPR-007","NOMBRE":"Ficha de Registro de Actividades","DESCRIPCION":"Documento detallado en el que el estudiante registra las actividades espec\u00edficas realizadas durante sus pr\u00e1cticas, incluyendo fechas y descripciones.","ORDEN":"7","OBLIGATORIO":"1","ACTIVO":"1","FECHA_CREACION":"2026-03-23 19:56:13","FECHA_ACTUALIZACION":"2026-03-23 19:56:13","REQUERIDO":"1"},{"ID_TIPO_DOCUMENTO_PREPROFESIONAL":"8","CODIGO":"PPR-008","NOMBRE":"R\u00fabrica de Evaluaci\u00f3n de Entidad","DESCRIPCION":"Formulario de evaluaci\u00f3n del desempe\u00f1o del estudiante, llenado y sellado por la entidad receptora. Valora aspectos como la responsabilidad, la proactividad y la calidad del trabajo.","ORDEN":"8","OBLIGATORIO":"1","ACTIVO":"1","FECHA_CREACION":"2026-03-23 19:56:13","FECHA_ACTUALIZACION":"2026-03-23 19:56:13","REQUERIDO":"1"},{"ID_TIPO_DOCUMENTO_PREPROFESIONAL":"9","CODIGO":"PPR-009","NOMBRE":"Ficha de Control y Seguimiento Docente","DESCRIPCION":"Documento utilizado por el tutor docente para registrar el seguimiento acad\u00e9mico del estudiante durante las pr\u00e1cticas. Incluye visitas o revisiones peri\u00f3dicas.","ORDEN":"9","OBLIGATORIO":"1","ACTIVO":"1","FECHA_CREACION":"2026-03-23 19:56:13","FECHA_ACTUALIZACION":"2026-03-23 19:56:13","REQUERIDO":"1"},{"ID_TIPO_DOCUMENTO_PREPROFESIONAL":"10","CODIGO":"PPR-010","NOMBRE":"R\u00fabrica de Evaluaci\u00f3n Docente","DESCRIPCION":"R\u00fabrica de evaluaci\u00f3n llenada y firmada por el tutor docente. Califica el desempe\u00f1o del estudiante en base a los criterios acad\u00e9micos del programa.","ORDEN":"10","OBLIGATORIO":"1","ACTIVO":"1","FECHA_CREACION":"2026-03-23 19:56:13","FECHA_ACTUALIZACION":"2026-03-23 19:56:13","REQUERIDO":"1"},{"ID_TIPO_DOCUMENTO_PREPROFESIONAL":"11","CODIGO":"PPR-011","NOMBRE":"R\u00fabrica de Evaluaci\u00f3n de Resultados","DESCRIPCION":"Evaluaci\u00f3n final realizada por el Departamento de Vinculaci\u00f3n con la Sociedad, que valora los resultados y el impacto del proyecto de servicio comunitario en su conjunto.","ORDEN":"11","OBLIGATORIO":"1","ACTIVO":"1","FECHA_CREACION":"2026-03-23 19:56:13","FECHA_ACTUALIZACION":"2026-03-23 19:56:13","REQUERIDO":"1"},{"ID_TIPO_DOCUMENTO_PREPROFESIONAL":"12","CODIGO":"PPR-012","NOMBRE":"Evidencia Fotogr\u00e1fica y Digital","DESCRIPCION":"Material de apoyo visual y digital, como fotos, capturas, videos o impresiones, que documenta y comprueba la realizaci\u00f3n de las actividades y trabajos del proyecto.","ORDEN":"12","OBLIGATORIO":"1","ACTIVO":"1","FECHA_CREACION":"2026-03-23 19:56:13","FECHA_ACTUALIZACION":"2026-03-23 19:56:13","REQUERIDO":"1"}]
DEBUG - 2026-03-24 16:17:21 --> Session: Class initialized using 'CodeIgniter\Session\Handlers\FileHandler' driver.
DEBUG - 2026-03-24 16:17:21 --> Consulta SQL: SELECT *
FROM `TAB_DOCUMENTOS_PRACTICAS_PREPROFESIONALES` `dp`
DEBUG - 2026-03-24 16:17:21 --> Resultados obtenidos: 9
DEBUG - 2026-03-24 16:17:21 --> Documentos obtenidos: [{"ID_DOCUMENTO_PREPROFESIONAL":"17","ID_PRACTICA_PREPROFESIONAL":"2","ID_TIPO_DOCUMENTO":"9","ID_ESTADO_REVISION":"4","NOMBRE_ARCHIVO":"ficha_control_seguimiento_002_20250920.pdf","NOMBRE_ORIGINAL":"Ficha Control Seguimiento - Mar\u00eda.pdf","TIPO_ARCHIVO":"application\/pdf","TAMANO_ARCHIVO":"112233","RUTA_ARCHIVO":"\/uploads\/documentos-practicas\/","FECHA_SUBIDA":"2025-09-20 10:15:00","FECHA_REVISION":"2025-09-20 12:45:00","ID_REVISOR":"5","OBSERVACIONES":"Ficha de control y seguimiento docente","OBSERVACIONES_REVISOR":"Faltan las firmas del tutor docente, documento inv\u00e1lido","VERSION":"1","ACTIVO":"1","FECHA_CREACION":"2026-03-23 19:56:13","FECHA_ACTUALIZACION":"2026-03-23 19:56:13","ID_TIPO_DOCUMENTO_PREPROFESIONAL":"9","TIPO_DOCUMENTO_CODIGO":"PPR-009","TIPO_DOCUMENTO_NOMBRE":"Ficha de Control y Seguimiento Docente","TIPO_DOCUMENTO_DESCRIPCION":"Documento utilizado por el tutor docente para registrar el seguimiento acad\u00e9mico del estudiante durante las pr\u00e1cticas. Incluye visitas o revisiones peri\u00f3dicas.","TIPO_DOCUMENTO_ORDEN":"9","TIPO_DOCUMENTO_OBLIGATORIO":"1","ESTADO_REVISION":"Rechazado","ID_ESTUDIANTE":"2","ENTIDAD_RECEPTORA":"Banco del Pac\u00edfico","ESTUDIANTE_NOMBRE":"Mar\u00eda Elena Garc\u00eda Torres","NOMBRE_ESTUDIANTE":"Mar\u00eda Elena","APELLIDO_ESTUDIANTE":"Garc\u00eda Torres","CEDULA_ESTUDIANTE":"1002345678"},{"ID_DOCUMENTO_PREPROFESIONAL":"15","ID_PRACTICA_PREPROFESIONAL":"2","ID_TIPO_DOCUMENTO":"7","ID_ESTADO_REVISION":"5","NOMBRE_ARCHIVO":"ficha_registro_actividades_002_20250915.pdf","NOMBRE_ORIGINAL":"Ficha Registro Actividades - Mar\u00eda.pdf","TIPO_ARCHIVO":"application\/pdf","TAMANO_ARCHIVO":"98765","RUTA_ARCHIVO":"\/uploads\/documentos-practicas\/","FECHA_SUBIDA":"2025-09-15 11:30:00","FECHA_REVISION":"2025-09-15 14:20:00","ID_REVISOR":"5","OBSERVACIONES":"Ficha de registro de actividades","OBSERVACIONES_REVISOR":"Descripci\u00f3n de actividades muy general, especificar m\u00e1s detalles","VERSION":"1","ACTIVO":"1","FECHA_CREACION":"2026-03-23 19:56:13","FECHA_ACTUALIZACION":"2026-03-23 19:56:13","ID_TIPO_DOCUMENTO_PREPROFESIONAL":"7","TIPO_DOCUMENTO_CODIGO":"PPR-007","TIPO_DOCUMENTO_NOMBRE":"Ficha de Registro de Actividades","TIPO_DOCUMENTO_DESCRIPCION":"Documento detallado en el que el estudiante registra las actividades espec\u00edficas realizadas durante sus pr\u00e1cticas, incluyendo fechas y descripciones.","TIPO_DOCUMENTO_ORDEN":"7","TIPO_DOCUMENTO_OBLIGATORIO":"1","ESTADO_REVISION":"Requiere Correcci\u00f3n","ID_ESTUDIANTE":"2","ENTIDAD_RECEPTORA":"Banco del Pac\u00edfico","ESTUDIANTE_NOMBRE":"Mar\u00eda Elena Garc\u00eda Torres","NOMBRE_ESTUDIANTE":"Mar\u00eda Elena","APELLIDO_ESTUDIANTE":"Garc\u00eda Torres","CEDULA_ESTUDIANTE":"1002345678"},{"ID_DOCUMENTO_PREPROFESIONAL":"14","ID_PRACTICA_PREPROFESIONAL":"1","ID_TIPO_DOCUMENTO":"6","ID_ESTADO_REVISION":"5","NOMBRE_ARCHIVO":"hojas_asistencia_001_20250830.pdf","NOMBRE_ORIGINAL":"Hojas de Asistencia - Juan Carlos.pdf","TIPO_ARCHIVO":"application\/pdf","TAMANO_ARCHIVO":"123456","RUTA_ARCHIVO":"\/uploads\/documentos-practicas\/","FECHA_SUBIDA":"2025-08-30 16:15:00","FECHA_REVISION":"2025-08-30 17:45:00","ID_REVISOR":"4","OBSERVACIONES":"Hojas de asistencia completas","OBSERVACIONES_REVISOR":"Faltan firmas en algunas fechas, corregir y volver a subir","VERSION":"1","ACTIVO":"1","FECHA_CREACION":"2026-03-23 19:56:13","FECHA_ACTUALIZACION":"2026-03-23 19:56:13","ID_TIPO_DOCUMENTO_PREPROFESIONAL":"6","TIPO_DOCUMENTO_CODIGO":"PPR-006","TIPO_DOCUMENTO_NOMBRE":"Hojas de Asistencia","TIPO_DOCUMENTO_DESCRIPCION":"Registro f\u00edsico de la asistencia del estudiante en la entidad receptora. Incluye las firmas y sellos para validar las horas de trabajo.","TIPO_DOCUMENTO_ORDEN":"6","TIPO_DOCUMENTO_OBLIGATORIO":"1","ESTADO_REVISION":"Requiere Correcci\u00f3n","ID_ESTUDIANTE":"1","ENTIDAD_RECEPTORA":"Hospital San Vicente de Pa\u00fal","ESTUDIANTE_NOMBRE":"Juan Carlos P\u00e9rez L\u00f3pez","NOMBRE_ESTUDIANTE":"Juan Carlos","APELLIDO_ESTUDIANTE":"P\u00e9rez L\u00f3pez","CEDULA_ESTUDIANTE":"1001234567"},{"ID_DOCUMENTO_PREPROFESIONAL":"16","ID_PRACTICA_PREPROFESIONAL":"1","ID_TIPO_DOCUMENTO":"8","ID_ESTADO_REVISION":"4","NOMBRE_ARCHIVO":"rubrica_evaluacion_entidad_001_20250825.pdf","NOMBRE_ORIGINAL":"R\u00fabrica Evaluaci\u00f3n Entidad - Juan.pdf","TIPO_ARCHIVO":"application\/pdf","TAMANO_ARCHIVO":"87654","RUTA_ARCHIVO":"\/uploads\/documentos-practicas\/","FECHA_SUBIDA":"2025-08-25 15:00:00","FECHA_REVISION":"2025-08-25 16:30:00","ID_REVISOR":"4","OBSERVACIONES":"R\u00fabrica de evaluaci\u00f3n de entidad","OBSERVACIONES_REVISOR":"Documento no tiene sello oficial de la entidad, rechazado","VERSION":"1","ACTIVO":"1","FECHA_CREACION":"2026-03-23 19:56:13","FECHA_ACTUALIZACION":"2026-03-23 19:56:13","ID_TIPO_DOCUMENTO_PREPROFESIONAL":"8","TIPO_DOCUMENTO_CODIGO":"PPR-008","TIPO_DOCUMENTO_NOMBRE":"R\u00fabrica de Evaluaci\u00f3n de Entidad","TIPO_DOCUMENTO_DESCRIPCION":"Formulario de evaluaci\u00f3n del desempe\u00f1o del estudiante, llenado y sellado por la entidad receptora. Valora aspectos como la responsabilidad, la proactividad y la calidad del trabajo.","TIPO_DOCUMENTO_ORDEN":"8","TIPO_DOCUMENTO_OBLIGATORIO":"1","ESTADO_REVISION":"Rechazado","ID_ESTUDIANTE":"1","ENTIDAD_RECEPTORA":"Hospital San Vicente de Pa\u00fal","ESTUDIANTE_NOMBRE":"Juan Carlos P\u00e9rez L\u00f3pez","NOMBRE_ESTUDIANTE":"Juan Carlos","APELLIDO_ESTUDIANTE":"P\u00e9rez L\u00f3pez","CEDULA_ESTUDIANTE":"1001234567"},{"ID_DOCUMENTO_PREPROFESIONAL":"5","ID_PRACTICA_PREPROFESIONAL":"2","ID_TIPO_DOCUMENTO":"2","ID_ESTADO_REVISION":"3","NOMBRE_ARCHIVO":"oficio_entidad_receptora_002_20250702.pdf","NOMBRE_ORIGINAL":"Oficio Entidad Receptora - Banco.pdf","TIPO_ARCHIVO":"application\/pdf","TAMANO_ARCHIVO":"178944","RUTA_ARCHIVO":"\/uploads\/documentos-practicas\/","FECHA_SUBIDA":"2025-07-02 15:45:00","FECHA_REVISION":"2025-07-02 17:20:00","ID_REVISOR":"5","OBSERVACIONES":"Oficio enviado a la entidad receptora","OBSERVACIONES_REVISOR":"Oficio formal y bien estructurado","VERSION":"1","ACTIVO":"1","FECHA_CREACION":"2026-03-23 19:56:13","FECHA_ACTUALIZACION":"2026-03-23 19:56:13","ID_TIPO_DOCUMENTO_PREPROFESIONAL":"2","TIPO_DOCUMENTO_CODIGO":"PPR-002","TIPO_DOCUMENTO_NOMBRE":"Oficio a Entidad Receptora","TIPO_DOCUMENTO_DESCRIPCION":"Carta formal enviada por el estudiante a la instituci\u00f3n \"Instituto Tecnol\u00f3gico Superior Ibarra\", con el prop\u00f3sito de solicitar la oportunidad de realizar sus pr\u00e1cticas de servicio comunitario.","TIPO_DOCUMENTO_ORDEN":"2","TIPO_DOCUMENTO_OBLIGATORIO":"1","ESTADO_REVISION":"Aprobado","ID_ESTUDIANTE":"2","ENTIDAD_RECEPTORA":"Banco del Pac\u00edfico","ESTUDIANTE_NOMBRE":"Mar\u00eda Elena Garc\u00eda Torres","NOMBRE_ESTUDIANTE":"Mar\u00eda Elena","APELLIDO_ESTUDIANTE":"Garc\u00eda Torres","CEDULA_ESTUDIANTE":"1002345678"},{"ID_DOCUMENTO_PREPROFESIONAL":"4","ID_PRACTICA_PREPROFESIONAL":"2","ID_TIPO_DOCUMENTO":"1","ID_ESTADO_REVISION":"3","NOMBRE_ARCHIVO":"oficio_asignacion_tutor_002_20250701.pdf","NOMBRE_ORIGINAL":"Oficio Asignaci\u00f3n Tutor - Mar\u00eda Elena.pdf","TIPO_ARCHIVO":"application\/pdf","TAMANO_ARCHIVO":"234880","RUTA_ARCHIVO":"\/uploads\/documentos-practicas\/","FECHA_SUBIDA":"2025-07-01 11:00:00","FECHA_REVISION":"2025-07-01 13:15:00","ID_REVISOR":"5","OBSERVACIONES":"Documento oficial de asignaci\u00f3n","OBSERVACIONES_REVISOR":"Asignaci\u00f3n correcta del tutor","VERSION":"1","ACTIVO":"1","FECHA_CREACION":"2026-03-23 19:56:13","FECHA_ACTUALIZACION":"2026-03-23 19:56:13","ID_TIPO_DOCUMENTO_PREPROFESIONAL":"1","TIPO_DOCUMENTO_CODIGO":"PPR-001","TIPO_DOCUMENTO_NOMBRE":"Oficio de Asignaci\u00f3n de Tutor","TIPO_DOCUMENTO_DESCRIPCION":"Documento oficial emitido por la coordinaci\u00f3n de la carrera que designa al docente responsable de la tutor\u00eda y seguimiento de las pr\u00e1cticas de servicio comunitario del estudiante.","TIPO_DOCUMENTO_ORDEN":"1","TIPO_DOCUMENTO_OBLIGATORIO":"1","ESTADO_REVISION":"Aprobado","ID_ESTUDIANTE":"2","ENTIDAD_RECEPTORA":"Banco del Pac\u00edfico","ESTUDIANTE_NOMBRE":"Mar\u00eda Elena Garc\u00eda Torres","NOMBRE_ESTUDIANTE":"Mar\u00eda Elena","APELLIDO_ESTUDIANTE":"Garc\u00eda Torres","CEDULA_ESTUDIANTE":"1002345678"},{"ID_DOCUMENTO_PREPROFESIONAL":"3","ID_PRACTICA_PREPROFESIONAL":"1","ID_TIPO_DOCUMENTO":"3","ID_ESTADO_REVISION":"3","NOMBRE_ARCHIVO":"carta_aceptacion_001_20250603.pdf","NOMBRE_ORIGINAL":"Carta Aceptaci\u00f3n - Hospital.pdf","TIPO_ARCHIVO":"application\/pdf","TAMANO_ARCHIVO":"156672","RUTA_ARCHIVO":"\/uploads\/documentos-practicas\/","FECHA_SUBIDA":"2025-06-03 09:15:00","FECHA_REVISION":"2025-06-03 11:20:00","ID_REVISOR":"4","OBSERVACIONES":"Carta de aceptaci\u00f3n de la entidad","OBSERVACIONES_REVISOR":"Carta oficial con sello institucional","VERSION":"1","ACTIVO":"1","FECHA_CREACION":"2026-03-23 19:56:13","FECHA_ACTUALIZACION":"2026-03-23 19:56:13","ID_TIPO_DOCUMENTO_PREPROFESIONAL":"3","TIPO_DOCUMENTO_CODIGO":"PPR-003","TIPO_DOCUMENTO_NOMBRE":"Carta de Aceptaci\u00f3n","TIPO_DOCUMENTO_DESCRIPCION":"Carta oficial de la entidad receptora \"Instituto Tecnol\u00f3gico Superior Ibarra\" que confirma la aceptaci\u00f3n del o los estudiantes para realizar las pr\u00e1cticas de servicio comunitario en sus instalaciones.","TIPO_DOCUMENTO_ORDEN":"3","TIPO_DOCUMENTO_OBLIGATORIO":"1","ESTADO_REVISION":"Aprobado","ID_ESTUDIANTE":"1","ENTIDAD_RECEPTORA":"Hospital San Vicente de Pa\u00fal","ESTUDIANTE_NOMBRE":"Juan Carlos P\u00e9rez L\u00f3pez","NOMBRE_ESTUDIANTE":"Juan Carlos","APELLIDO_ESTUDIANTE":"P\u00e9rez L\u00f3pez","CEDULA_ESTUDIANTE":"1001234567"},{"ID_DOCUMENTO_PREPROFESIONAL":"2","ID_PRACTICA_PREPROFESIONAL":"1","ID_TIPO_DOCUMENTO":"2","ID_ESTADO_REVISION":"3","NOMBRE_ARCHIVO":"oficio_entidad_receptora_001_20250602.pdf","NOMBRE_ORIGINAL":"Oficio Entidad Receptora - Hospital.pdf","TIPO_ARCHIVO":"application\/pdf","TAMANO_ARCHIVO":"189440","RUTA_ARCHIVO":"\/uploads\/documentos-practicas\/","FECHA_SUBIDA":"2025-06-02 14:30:00","FECHA_REVISION":"2025-06-02 16:45:00","ID_REVISOR":"4","OBSERVACIONES":"Oficio enviado a la entidad receptora","OBSERVACIONES_REVISOR":"Oficio bien redactado y formal","VERSION":"1","ACTIVO":"1","FECHA_CREACION":"2026-03-23 19:56:13","FECHA_ACTUALIZACION":"2026-03-23 19:56:13","ID_TIPO_DOCUMENTO_PREPROFESIONAL":"2","TIPO_DOCUMENTO_CODIGO":"PPR-002","TIPO_DOCUMENTO_NOMBRE":"Oficio a Entidad Receptora","TIPO_DOCUMENTO_DESCRIPCION":"Carta formal enviada por el estudiante a la instituci\u00f3n \"Instituto Tecnol\u00f3gico Superior Ibarra\", con el prop\u00f3sito de solicitar la oportunidad de realizar sus pr\u00e1cticas de servicio comunitario.","TIPO_DOCUMENTO_ORDEN":"2","TIPO_DOCUMENTO_OBLIGATORIO":"1","ESTADO_REVISION":"Aprobado","ID_ESTUDIANTE":"1","ENTIDAD_RECEPTORA":"Hospital San Vicente de Pa\u00fal","ESTUDIANTE_NOMBRE":"Juan Carlos P\u00e9rez L\u00f3pez","NOMBRE_ESTUDIANTE":"Juan Carlos","APELLIDO_ESTUDIANTE":"P\u00e9rez L\u00f3pez","CEDULA_ESTUDIANTE":"1001234567"},{"ID_DOCUMENTO_PREPROFESIONAL":"1","ID_PRACTICA_PREPROFESIONAL":"1","ID_TIPO_DOCUMENTO":"1","ID_ESTADO_REVISION":"3","NOMBRE_ARCHIVO":"oficio_asignacion_tutor_001_20250601.pdf","NOMBRE_ORIGINAL":"Oficio Asignaci\u00f3n Tutor - Juan Carlos.pdf","TIPO_ARCHIVO":"application\/pdf","TAMANO_ARCHIVO":"245760","RUTA_ARCHIVO":"\/uploads\/documentos-practicas\/","FECHA_SUBIDA":"2025-06-01 10:00:00","FECHA_REVISION":"2025-06-01 14:30:00","ID_REVISOR":"4","OBSERVACIONES":"Documento oficial de asignaci\u00f3n","OBSERVACIONES_REVISOR":"Documento aprobado correctamente","VERSION":"1","ACTIVO":"1","FECHA_CREACION":"2026-03-23 19:56:13","FECHA_ACTUALIZACION":"2026-03-23 19:56:13","ID_TIPO_DOCUMENTO_PREPROFESIONAL":"1","TIPO_DOCUMENTO_CODIGO":"PPR-001","TIPO_DOCUMENTO_NOMBRE":"Oficio de Asignaci\u00f3n de Tutor","TIPO_DOCUMENTO_DESCRIPCION":"Documento oficial emitido por la coordinaci\u00f3n de la carrera que designa al docente responsable de la tutor\u00eda y seguimiento de las pr\u00e1cticas de servicio comunitario del estudiante.","TIPO_DOCUMENTO_ORDEN":"1","TIPO_DOCUMENTO_OBLIGATORIO":"1","ESTADO_REVISION":"Aprobado","ID_ESTUDIANTE":"1","ENTIDAD_RECEPTORA":"Hospital San Vicente de Pa\u00fal","ESTUDIANTE_NOMBRE":"Juan Carlos P\u00e9rez L\u00f3pez","NOMBRE_ESTUDIANTE":"Juan Carlos","APELLIDO_ESTUDIANTE":"P\u00e9rez L\u00f3pez","CEDULA_ESTUDIANTE":"1001234567"}]
DEBUG - 2026-03-24 16:17:28 --> Session: Class initialized using 'CodeIgniter\Session\Handlers\FileHandler' driver.
ERROR - 2026-03-24 16:17:28 --> mysqli_sql_exception: Unknown column 'TAB_ROLES.NOMBRE_ROL' in 'where clause' in C:\xampp\htdocs\ITSI\vendor\codeigniter4\framework\system\Database\MySQLi\Connection.php:327
Stack trace:
#0 C:\xampp\htdocs\ITSI\vendor\codeigniter4\framework\system\Database\MySQLi\Connection.php(327): mysqli->query('SELECT `TAB_USU...', 0)
#1 C:\xampp\htdocs\ITSI\vendor\codeigniter4\framework\system\Database\BaseConnection.php(738): CodeIgniter\Database\MySQLi\Connection->execute('SELECT `TAB_USU...')
#2 C:\xampp\htdocs\ITSI\vendor\codeigniter4\framework\system\Database\BaseConnection.php(652): CodeIgniter\Database\BaseConnection->simpleQuery('SELECT `TAB_USU...')
#3 C:\xampp\htdocs\ITSI\vendor\codeigniter4\framework\system\Database\BaseBuilder.php(1649): CodeIgniter\Database\BaseConnection->query('SELECT `TAB_USU...', Array, false)
#4 C:\xampp\htdocs\ITSI\vendor\codeigniter4\framework\system\Model.php(286): CodeIgniter\Database\BaseBuilder->get()
#5 C:\xampp\htdocs\ITSI\vendor\codeigniter4\framework\system\BaseModel.php(679): CodeIgniter\Model->doFindAll(0, 0)
#6 C:\xampp\htdocs\ITSI\app\Controllers\admin\DocumentosServicioComunitarioAdminController.php(494): CodeIgniter\BaseModel->findAll()
#7 C:\xampp\htdocs\ITSI\app\Controllers\admin\DocumentosServicioComunitarioAdminController.php(58): App\Controllers\admin\DocumentosServicioComunitarioAdminController->getEstudiantes()
#8 C:\xampp\htdocs\ITSI\vendor\codeigniter4\framework\system\CodeIgniter.php(933): App\Controllers\admin\DocumentosServicioComunitarioAdminController->index()
#9 C:\xampp\htdocs\ITSI\vendor\codeigniter4\framework\system\CodeIgniter.php(507): CodeIgniter\CodeIgniter->runController(Object(App\Controllers\admin\DocumentosServicioComunitarioAdminController))
#10 C:\xampp\htdocs\ITSI\vendor\codeigniter4\framework\system\CodeIgniter.php(354): CodeIgniter\CodeIgniter->handleRequest(NULL, Object(Config\Cache), false)
#11 C:\xampp\htdocs\ITSI\vendor\codeigniter4\framework\system\Boot.php(334): CodeIgniter\CodeIgniter->run()
#12 C:\xampp\htdocs\ITSI\vendor\codeigniter4\framework\system\Boot.php(67): CodeIgniter\Boot::runCodeIgniter(Object(CodeIgniter\CodeIgniter))
#13 C:\xampp\htdocs\ITSI\public\index.php(59): CodeIgniter\Boot::bootWeb(Object(Config\Paths))
#14 {main}
DEBUG - 2026-03-24 16:17:29 --> Session: Class initialized using 'CodeIgniter\Session\Handlers\FileHandler' driver.
DEBUG - 2026-03-24 16:17:40 --> Session: Class initialized using 'CodeIgniter\Session\Handlers\FileHandler' driver.
DEBUG - 2026-03-24 16:17:45 --> Session: Class initialized using 'CodeIgniter\Session\Handlers\FileHandler' driver.
DEBUG - 2026-03-24 16:18:06 --> Session: Class initialized using 'CodeIgniter\Session\Handlers\FileHandler' driver.
INFO - 2026-03-24 16:18:06 --> Iniciando proceso de cierre de sesión para usuario: ycampues
INFO - 2026-03-24 16:18:06 --> Sesión cerrada exitosamente
DEBUG - 2026-03-24 16:18:06 --> Session: Class initialized using 'CodeIgniter\Session\Handlers\FileHandler' driver.
DEBUG - 2026-03-24 16:18:12 --> Session: Class initialized using 'CodeIgniter\Session\Handlers\FileHandler' driver.
DEBUG - 2026-03-24 16:18:12 --> Session: Class initialized using 'CodeIgniter\Session\Handlers\FileHandler' driver.
DEBUG - 2026-03-24 16:18:13 --> Session: Class initialized using 'CodeIgniter\Session\Handlers\FileHandler' driver.
DEBUG - 2026-03-24 16:18:21 --> Session: Class initialized using 'CodeIgniter\Session\Handlers\FileHandler' driver.
DEBUG - 2026-03-24 16:18:21 --> Session: Class initialized using 'CodeIgniter\Session\Handlers\FileHandler' driver.
DEBUG - 2026-03-24 16:18:30 --> Session: Class initialized using 'CodeIgniter\Session\Handlers\FileHandler' driver.
ERROR - 2026-03-24 16:18:30 --> Recuperación de contraseña: configure fromEmail en app/Config/Email.php
ERROR - 2026-03-24 16:18:30 --> No se pudo enviar el correo de recuperación a: yamilex.campues2023@itsi.edu.ec
DEBUG - 2026-03-24 16:18:30 --> Session: Class initialized using 'CodeIgniter\Session\Handlers\FileHandler' driver.
ERROR - 2026-03-24 16:18:30 --> Recuperación de contraseña: configure fromEmail en app/Config/Email.php
ERROR - 2026-03-24 16:18:30 --> No se pudo enviar el correo de recuperación a: yamilex.campues2023@itsi.edu.ec
DEBUG - 2026-03-24 16:18:30 --> Session: Class initialized using 'CodeIgniter\Session\Handlers\FileHandler' driver.
DEBUG - 2026-03-24 16:25:46 --> Session: Class initialized using 'CodeIgniter\Session\Handlers\FileHandler' driver.
DEBUG - 2026-03-24 16:25:49 --> Session: Class initialized using 'CodeIgniter\Session\Handlers\FileHandler' driver.
ERROR - 2026-03-24 16:25:49 --> Recuperación de contraseña: defina email.fromEmail en .env o fromEmail en app/Config/Email.php
ERROR - 2026-03-24 16:25:49 --> No se pudo enviar el correo de recuperación a: yamilex.campues2023@itsi.edu.ec
DEBUG - 2026-03-24 16:25:49 --> Session: Class initialized using 'CodeIgniter\Session\Handlers\FileHandler' driver.
DEBUG - 2026-03-24 16:25:56 --> Session: Class initialized using 'CodeIgniter\Session\Handlers\FileHandler' driver.
DEBUG - 2026-03-24 16:36:10 --> Session: Class initialized using 'CodeIgniter\Session\Handlers\FileHandler' driver.
DEBUG - 2026-03-24 16:36:13 --> Session: Class initialized using 'CodeIgniter\Session\Handlers\FileHandler' driver.
ERROR - 2026-03-24 16:36:13 --> Recuperación de contraseña: defina email.fromEmail en .env o fromEmail en app/Config/Email.php
ERROR - 2026-03-24 16:36:13 --> No se pudo enviar el correo de recuperación a: yamilex.campues2023@itsi.edu.ec
DEBUG - 2026-03-24 16:36:13 --> Session: Class initialized using 'CodeIgniter\Session\Handlers\FileHandler' driver.
DEBUG - 2026-03-24 16:36:17 --> Session: Class initialized using 'CodeIgniter\Session\Handlers\FileHandler' driver.
DEBUG - 2026-03-24 16:37:40 --> Session: Class initialized using 'CodeIgniter\Session\Handlers\FileHandler' driver.
DEBUG - 2026-03-24 16:37:40 --> Session: Class initialized using 'CodeIgniter\Session\Handlers\FileHandler' driver.
DEBUG - 2026-03-24 16:37:47 --> Session: Class initialized using 'CodeIgniter\Session\Handlers\FileHandler' driver.
DEBUG - 2026-03-24 16:37:47 --> Session: Class initialized using 'CodeIgniter\Session\Handlers\FileHandler' driver.
DEBUG - 2026-03-24 16:37:53 --> Session: Class initialized using 'CodeIgniter\Session\Handlers\FileHandler' driver.
DEBUG - 2026-03-24 16:37:53 --> Session: Class initialized using 'CodeIgniter\Session\Handlers\FileHandler' driver.
DEBUG - 2026-03-24 16:37:56 --> Session: Class initialized using 'CodeIgniter\Session\Handlers\FileHandler' driver.
DEBUG - 2026-03-24 16:37:59 --> Session: Class initialized using 'CodeIgniter\Session\Handlers\FileHandler' driver.
DEBUG - 2026-03-24 16:37:59 --> Session: Class initialized using 'CodeIgniter\Session\Handlers\FileHandler' driver.
DEBUG - 2026-03-24 16:38:04 --> Session: Class initialized using 'CodeIgniter\Session\Handlers\FileHandler' driver.
DEBUG - 2026-03-24 16:38:10 --> Session: Class initialized using 'CodeIgniter\Session\Handlers\FileHandler' driver.
INFO - 2026-03-24 16:38:10 --> Usuario autenticado: paguirre con rol: 3 - requiere cambio password: no
DEBUG - 2026-03-24 16:38:10 --> Session: Class initialized using 'CodeIgniter\Session\Handlers\FileHandler' driver.
ERROR - 2026-03-24 16:38:10 --> mysqli_sql_exception: Table 'itsi.instituciones_convenios' doesn't exist in C:\xampp\htdocs\ITSI\vendor\codeigniter4\framework\system\Database\MySQLi\Connection.php:327
Stack trace:
#0 C:\xampp\htdocs\ITSI\vendor\codeigniter4\framework\system\Database\MySQLi\Connection.php(327): mysqli->query('SELECT `pp`.*, ...', 0)
#1 C:\xampp\htdocs\ITSI\vendor\codeigniter4\framework\system\Database\BaseConnection.php(738): CodeIgniter\Database\MySQLi\Connection->execute('SELECT `pp`.*, ...')
#2 C:\xampp\htdocs\ITSI\vendor\codeigniter4\framework\system\Database\BaseConnection.php(652): CodeIgniter\Database\BaseConnection->simpleQuery('SELECT `pp`.*, ...')
#3 C:\xampp\htdocs\ITSI\vendor\codeigniter4\framework\system\Database\BaseBuilder.php(1649): CodeIgniter\Database\BaseConnection->query('SELECT `pp`.*, ...', Array, false)
#4 C:\xampp\htdocs\ITSI\app\Controllers\estudiante\DashboardEstudianteController.php(96): CodeIgniter\Database\BaseBuilder->get()
#5 C:\xampp\htdocs\ITSI\vendor\codeigniter4\framework\system\CodeIgniter.php(933): App\Controllers\estudiante\DashboardEstudianteController->index()
#6 C:\xampp\htdocs\ITSI\vendor\codeigniter4\framework\system\CodeIgniter.php(507): CodeIgniter\CodeIgniter->runController(Object(App\Controllers\estudiante\DashboardEstudianteController))
#7 C:\xampp\htdocs\ITSI\vendor\codeigniter4\framework\system\CodeIgniter.php(354): CodeIgniter\CodeIgniter->handleRequest(NULL, Object(Config\Cache), false)
#8 C:\xampp\htdocs\ITSI\vendor\codeigniter4\framework\system\Boot.php(334): CodeIgniter\CodeIgniter->run()
#9 C:\xampp\htdocs\ITSI\vendor\codeigniter4\framework\system\Boot.php(67): CodeIgniter\Boot::runCodeIgniter(Object(CodeIgniter\CodeIgniter))
#10 C:\xampp\htdocs\ITSI\public\index.php(59): CodeIgniter\Boot::bootWeb(Object(Config\Paths))
#11 {main}
ERROR - 2026-03-24 16:38:10 --> Dashboard preprofesionales: Table 'itsi.instituciones_convenios' doesn't exist
ERROR - 2026-03-24 16:38:10 --> mysqli_sql_exception: Table 'itsi.instituciones_convenios' doesn't exist in C:\xampp\htdocs\ITSI\vendor\codeigniter4\framework\system\Database\MySQLi\Connection.php:327
Stack trace:
#0 C:\xampp\htdocs\ITSI\vendor\codeigniter4\framework\system\Database\MySQLi\Connection.php(327): mysqli->query('SELECT `sc`.*, ...', 0)
#1 C:\xampp\htdocs\ITSI\vendor\codeigniter4\framework\system\Database\BaseConnection.php(738): CodeIgniter\Database\MySQLi\Connection->execute('SELECT `sc`.*, ...')
#2 C:\xampp\htdocs\ITSI\vendor\codeigniter4\framework\system\Database\BaseConnection.php(652): CodeIgniter\Database\BaseConnection->simpleQuery('SELECT `sc`.*, ...')
#3 C:\xampp\htdocs\ITSI\vendor\codeigniter4\framework\system\Database\BaseBuilder.php(1649): CodeIgniter\Database\BaseConnection->query('SELECT `sc`.*, ...', Array, false)
#4 C:\xampp\htdocs\ITSI\app\Controllers\estudiante\DashboardEstudianteController.php(123): CodeIgniter\Database\BaseBuilder->get()
#5 C:\xampp\htdocs\ITSI\vendor\codeigniter4\framework\system\CodeIgniter.php(933): App\Controllers\estudiante\DashboardEstudianteController->index()
#6 C:\xampp\htdocs\ITSI\vendor\codeigniter4\framework\system\CodeIgniter.php(507): CodeIgniter\CodeIgniter->runController(Object(App\Controllers\estudiante\DashboardEstudianteController))
#7 C:\xampp\htdocs\ITSI\vendor\codeigniter4\framework\system\CodeIgniter.php(354): CodeIgniter\CodeIgniter->handleRequest(NULL, Object(Config\Cache), false)
#8 C:\xampp\htdocs\ITSI\vendor\codeigniter4\framework\system\Boot.php(334): CodeIgniter\CodeIgniter->run()
#9 C:\xampp\htdocs\ITSI\vendor\codeigniter4\framework\system\Boot.php(67): CodeIgniter\Boot::runCodeIgniter(Object(CodeIgniter\CodeIgniter))
#10 C:\xampp\htdocs\ITSI\public\index.php(59): CodeIgniter\Boot::bootWeb(Object(Config\Paths))
#11 {main}
ERROR - 2026-03-24 16:38:10 --> Dashboard servicio comunitario: Table 'itsi.instituciones_convenios' doesn't exist
DEBUG - 2026-03-24 16:38:13 --> Session: Class initialized using 'CodeIgniter\Session\Handlers\FileHandler' driver.
ERROR - 2026-03-24 16:38:13 --> mysqli_sql_exception: Table 'itsi.instituciones_convenios' doesn't exist in C:\xampp\htdocs\ITSI\vendor\codeigniter4\framework\system\Database\MySQLi\Connection.php:327
Stack trace:
#0 C:\xampp\htdocs\ITSI\vendor\codeigniter4\framework\system\Database\MySQLi\Connection.php(327): mysqli->query('SELECT `pp`.*, ...', 0)
#1 C:\xampp\htdocs\ITSI\vendor\codeigniter4\framework\system\Database\BaseConnection.php(738): CodeIgniter\Database\MySQLi\Connection->execute('SELECT `pp`.*, ...')
#2 C:\xampp\htdocs\ITSI\vendor\codeigniter4\framework\system\Database\BaseConnection.php(652): CodeIgniter\Database\BaseConnection->simpleQuery('SELECT `pp`.*, ...')
#3 C:\xampp\htdocs\ITSI\vendor\codeigniter4\framework\system\Database\BaseBuilder.php(1649): CodeIgniter\Database\BaseConnection->query('SELECT `pp`.*, ...', Array, false)
#4 C:\xampp\htdocs\ITSI\app\Controllers\estudiante\DashboardEstudianteController.php(96): CodeIgniter\Database\BaseBuilder->get()
#5 C:\xampp\htdocs\ITSI\vendor\codeigniter4\framework\system\CodeIgniter.php(933): App\Controllers\estudiante\DashboardEstudianteController->index()
#6 C:\xampp\htdocs\ITSI\vendor\codeigniter4\framework\system\CodeIgniter.php(507): CodeIgniter\CodeIgniter->runController(Object(App\Controllers\estudiante\DashboardEstudianteController))
#7 C:\xampp\htdocs\ITSI\vendor\codeigniter4\framework\system\CodeIgniter.php(354): CodeIgniter\CodeIgniter->handleRequest(NULL, Object(Config\Cache), false)
#8 C:\xampp\htdocs\ITSI\vendor\codeigniter4\framework\system\Boot.php(334): CodeIgniter\CodeIgniter->run()
#9 C:\xampp\htdocs\ITSI\vendor\codeigniter4\framework\system\Boot.php(67): CodeIgniter\Boot::runCodeIgniter(Object(CodeIgniter\CodeIgniter))
#10 C:\xampp\htdocs\ITSI\public\index.php(59): CodeIgniter\Boot::bootWeb(Object(Config\Paths))
#11 {main}
ERROR - 2026-03-24 16:38:13 --> Dashboard preprofesionales: Table 'itsi.instituciones_convenios' doesn't exist
ERROR - 2026-03-24 16:38:13 --> mysqli_sql_exception: Table 'itsi.instituciones_convenios' doesn't exist in C:\xampp\htdocs\ITSI\vendor\codeigniter4\framework\system\Database\MySQLi\Connection.php:327
Stack trace:
#0 C:\xampp\htdocs\ITSI\vendor\codeigniter4\framework\system\Database\MySQLi\Connection.php(327): mysqli->query('SELECT `sc`.*, ...', 0)
#1 C:\xampp\htdocs\ITSI\vendor\codeigniter4\framework\system\Database\BaseConnection.php(738): CodeIgniter\Database\MySQLi\Connection->execute('SELECT `sc`.*, ...')
#2 C:\xampp\htdocs\ITSI\vendor\codeigniter4\framework\system\Database\BaseConnection.php(652): CodeIgniter\Database\BaseConnection->simpleQuery('SELECT `sc`.*, ...')
#3 C:\xampp\htdocs\ITSI\vendor\codeigniter4\framework\system\Database\BaseBuilder.php(1649): CodeIgniter\Database\BaseConnection->query('SELECT `sc`.*, ...', Array, false)
#4 C:\xampp\htdocs\ITSI\app\Controllers\estudiante\DashboardEstudianteController.php(123): CodeIgniter\Database\BaseBuilder->get()
#5 C:\xampp\htdocs\ITSI\vendor\codeigniter4\framework\system\CodeIgniter.php(933): App\Controllers\estudiante\DashboardEstudianteController->index()
#6 C:\xampp\htdocs\ITSI\vendor\codeigniter4\framework\system\CodeIgniter.php(507): CodeIgniter\CodeIgniter->runController(Object(App\Controllers\estudiante\DashboardEstudianteController))
#7 C:\xampp\htdocs\ITSI\vendor\codeigniter4\framework\system\CodeIgniter.php(354): CodeIgniter\CodeIgniter->handleRequest(NULL, Object(Config\Cache), false)
#8 C:\xampp\htdocs\ITSI\vendor\codeigniter4\framework\system\Boot.php(334): CodeIgniter\CodeIgniter->run()
#9 C:\xampp\htdocs\ITSI\vendor\codeigniter4\framework\system\Boot.php(67): CodeIgniter\Boot::runCodeIgniter(Object(CodeIgniter\CodeIgniter))
#10 C:\xampp\htdocs\ITSI\public\index.php(59): CodeIgniter\Boot::bootWeb(Object(Config\Paths))
#11 {main}
ERROR - 2026-03-24 16:38:13 --> Dashboard servicio comunitario: Table 'itsi.instituciones_convenios' doesn't exist
DEBUG - 2026-03-24 16:38:22 --> Session: Class initialized using 'CodeIgniter\Session\Handlers\FileHandler' driver.
DEBUG - 2026-03-24 16:38:22 --> Session: Class initialized using 'CodeIgniter\Session\Handlers\FileHandler' driver.
DEBUG - 2026-03-24 16:39:06 --> Session: Class initialized using 'CodeIgniter\Session\Handlers\FileHandler' driver.
DEBUG - 2026-03-24 16:42:28 --> Session: Class initialized using 'CodeIgniter\Session\Handlers\FileHandler' driver.
DEBUG - 2026-03-24 16:42:29 --> Session: Class initialized using 'CodeIgniter\Session\Handlers\FileHandler' driver.
DEBUG - 2026-03-24 16:42:31 --> Session: Class initialized using 'CodeIgniter\Session\Handlers\FileHandler' driver.
DEBUG - 2026-03-24 16:42:31 --> Session: Class initialized using 'CodeIgniter\Session\Handlers\FileHandler' driver.
DEBUG - 2026-03-24 16:42:32 --> Session: Class initialized using 'CodeIgniter\Session\Handlers\FileHandler' driver.
DEBUG - 2026-03-24 16:42:33 --> Session: Class initialized using 'CodeIgniter\Session\Handlers\FileHandler' driver.
DEBUG - 2026-03-24 16:42:33 --> Session: Class initialized using 'CodeIgniter\Session\Handlers\FileHandler' driver.
DEBUG - 2026-03-24 16:43:04 --> Session: Class initialized using 'CodeIgniter\Session\Handlers\FileHandler' driver.
DEBUG - 2026-03-24 16:43:04 --> Session: Class initialized using 'CodeIgniter\Session\Handlers\FileHandler' driver.
DEBUG - 2026-03-24 16:43:05 --> Session: Class initialized using 'CodeIgniter\Session\Handlers\FileHandler' driver.
DEBUG - 2026-03-24 16:43:12 --> Session: Class initialized using 'CodeIgniter\Session\Handlers\FileHandler' driver.
DEBUG - 2026-03-24 16:43:12 --> Session: Class initialized using 'CodeIgniter\Session\Handlers\FileHandler' driver.
DEBUG - 2026-03-24 16:43:12 --> Session: Class initialized using 'CodeIgniter\Session\Handlers\FileHandler' driver.
DEBUG - 2026-03-24 16:43:17 --> Session: Class initialized using 'CodeIgniter\Session\Handlers\FileHandler' driver.
DEBUG - 2026-03-24 16:43:18 --> Session: Class initialized using 'CodeIgniter\Session\Handlers\FileHandler' driver.
DEBUG - 2026-03-24 16:43:18 --> Session: Class initialized using 'CodeIgniter\Session\Handlers\FileHandler' driver.
DEBUG - 2026-03-24 16:43:25 --> Session: Class initialized using 'CodeIgniter\Session\Handlers\FileHandler' driver.
DEBUG - 2026-03-24 16:43:25 --> Session: Class initialized using 'CodeIgniter\Session\Handlers\FileHandler' driver.
DEBUG - 2026-03-24 16:43:25 --> Session: Class initialized using 'CodeIgniter\Session\Handlers\FileHandler' driver.
DEBUG - 2026-03-24 16:45:32 --> Session: Class initialized using 'CodeIgniter\Session\Handlers\FileHandler' driver.
DEBUG - 2026-03-24 16:49:50 --> Session: Class initialized using 'CodeIgniter\Session\Handlers\FileHandler' driver.
ERROR - 2026-03-24 16:49:50 --> mysqli_sql_exception: Table 'itsi.instituciones_convenios' doesn't exist in C:\xampp\htdocs\ITSI\vendor\codeigniter4\framework\system\Database\MySQLi\Connection.php:327
Stack trace:
#0 C:\xampp\htdocs\ITSI\vendor\codeigniter4\framework\system\Database\MySQLi\Connection.php(327): mysqli->query('SELECT `pp`.*, ...', 0)
#1 C:\xampp\htdocs\ITSI\vendor\codeigniter4\framework\system\Database\BaseConnection.php(738): CodeIgniter\Database\MySQLi\Connection->execute('SELECT `pp`.*, ...')
#2 C:\xampp\htdocs\ITSI\vendor\codeigniter4\framework\system\Database\BaseConnection.php(652): CodeIgniter\Database\BaseConnection->simpleQuery('SELECT `pp`.*, ...')
#3 C:\xampp\htdocs\ITSI\vendor\codeigniter4\framework\system\Database\BaseBuilder.php(1649): CodeIgniter\Database\BaseConnection->query('SELECT `pp`.*, ...', Array, false)
#4 C:\xampp\htdocs\ITSI\app\Controllers\estudiante\DashboardEstudianteController.php(96): CodeIgniter\Database\BaseBuilder->get()
#5 C:\xampp\htdocs\ITSI\vendor\codeigniter4\framework\system\CodeIgniter.php(933): App\Controllers\estudiante\DashboardEstudianteController->index()
#6 C:\xampp\htdocs\ITSI\vendor\codeigniter4\framework\system\CodeIgniter.php(507): CodeIgniter\CodeIgniter->runController(Object(App\Controllers\estudiante\DashboardEstudianteController))
#7 C:\xampp\htdocs\ITSI\vendor\codeigniter4\framework\system\CodeIgniter.php(354): CodeIgniter\CodeIgniter->handleRequest(NULL, Object(Config\Cache), false)
#8 C:\xampp\htdocs\ITSI\vendor\codeigniter4\framework\system\Boot.php(334): CodeIgniter\CodeIgniter->run()
#9 C:\xampp\htdocs\ITSI\vendor\codeigniter4\framework\system\Boot.php(67): CodeIgniter\Boot::runCodeIgniter(Object(CodeIgniter\CodeIgniter))
#10 C:\xampp\htdocs\ITSI\public\index.php(59): CodeIgniter\Boot::bootWeb(Object(Config\Paths))
#11 {main}
ERROR - 2026-03-24 16:49:50 --> Dashboard preprofesionales: Table 'itsi.instituciones_convenios' doesn't exist
ERROR - 2026-03-24 16:49:50 --> mysqli_sql_exception: Table 'itsi.instituciones_convenios' doesn't exist in C:\xampp\htdocs\ITSI\vendor\codeigniter4\framework\system\Database\MySQLi\Connection.php:327
Stack trace:
#0 C:\xampp\htdocs\ITSI\vendor\codeigniter4\framework\system\Database\MySQLi\Connection.php(327): mysqli->query('SELECT `sc`.*, ...', 0)
#1 C:\xampp\htdocs\ITSI\vendor\codeigniter4\framework\system\Database\BaseConnection.php(738): CodeIgniter\Database\MySQLi\Connection->execute('SELECT `sc`.*, ...')
#2 C:\xampp\htdocs\ITSI\vendor\codeigniter4\framework\system\Database\BaseConnection.php(652): CodeIgniter\Database\BaseConnection->simpleQuery('SELECT `sc`.*, ...')
#3 C:\xampp\htdocs\ITSI\vendor\codeigniter4\framework\system\Database\BaseBuilder.php(1649): CodeIgniter\Database\BaseConnection->query('SELECT `sc`.*, ...', Array, false)
#4 C:\xampp\htdocs\ITSI\app\Controllers\estudiante\DashboardEstudianteController.php(123): CodeIgniter\Database\BaseBuilder->get()
#5 C:\xampp\htdocs\ITSI\vendor\codeigniter4\framework\system\CodeIgniter.php(933): App\Controllers\estudiante\DashboardEstudianteController->index()
#6 C:\xampp\htdocs\ITSI\vendor\codeigniter4\framework\system\CodeIgniter.php(507): CodeIgniter\CodeIgniter->runController(Object(App\Controllers\estudiante\DashboardEstudianteController))
#7 C:\xampp\htdocs\ITSI\vendor\codeigniter4\framework\system\CodeIgniter.php(354): CodeIgniter\CodeIgniter->handleRequest(NULL, Object(Config\Cache), false)
#8 C:\xampp\htdocs\ITSI\vendor\codeigniter4\framework\system\Boot.php(334): CodeIgniter\CodeIgniter->run()
#9 C:\xampp\htdocs\ITSI\vendor\codeigniter4\framework\system\Boot.php(67): CodeIgniter\Boot::runCodeIgniter(Object(CodeIgniter\CodeIgniter))
#10 C:\xampp\htdocs\ITSI\public\index.php(59): CodeIgniter\Boot::bootWeb(Object(Config\Paths))
#11 {main}
ERROR - 2026-03-24 16:49:50 --> Dashboard servicio comunitario: Table 'itsi.instituciones_convenios' doesn't exist
DEBUG - 2026-03-24 16:50:21 --> Session: Class initialized using 'CodeIgniter\Session\Handlers\FileHandler' driver.
ERROR - 2026-03-24 16:50:21 --> mysqli_sql_exception: Table 'itsi.instituciones_convenios' doesn't exist in C:\xampp\htdocs\ITSI\vendor\codeigniter4\framework\system\Database\MySQLi\Connection.php:327
Stack trace:
#0 C:\xampp\htdocs\ITSI\vendor\codeigniter4\framework\system\Database\MySQLi\Connection.php(327): mysqli->query('SELECT `pp`.*, ...', 0)
#1 C:\xampp\htdocs\ITSI\vendor\codeigniter4\framework\system\Database\BaseConnection.php(738): CodeIgniter\Database\MySQLi\Connection->execute('SELECT `pp`.*, ...')
#2 C:\xampp\htdocs\ITSI\vendor\codeigniter4\framework\system\Database\BaseConnection.php(652): CodeIgniter\Database\BaseConnection->simpleQuery('SELECT `pp`.*, ...')
#3 C:\xampp\htdocs\ITSI\vendor\codeigniter4\framework\system\Database\BaseBuilder.php(1649): CodeIgniter\Database\BaseConnection->query('SELECT `pp`.*, ...', Array, false)
#4 C:\xampp\htdocs\ITSI\app\Controllers\estudiante\DashboardEstudianteController.php(96): CodeIgniter\Database\BaseBuilder->get()
#5 C:\xampp\htdocs\ITSI\vendor\codeigniter4\framework\system\CodeIgniter.php(933): App\Controllers\estudiante\DashboardEstudianteController->index()
#6 C:\xampp\htdocs\ITSI\vendor\codeigniter4\framework\system\CodeIgniter.php(507): CodeIgniter\CodeIgniter->runController(Object(App\Controllers\estudiante\DashboardEstudianteController))
#7 C:\xampp\htdocs\ITSI\vendor\codeigniter4\framework\system\CodeIgniter.php(354): CodeIgniter\CodeIgniter->handleRequest(NULL, Object(Config\Cache), false)
#8 C:\xampp\htdocs\ITSI\vendor\codeigniter4\framework\system\Boot.php(334): CodeIgniter\CodeIgniter->run()
#9 C:\xampp\htdocs\ITSI\vendor\codeigniter4\framework\system\Boot.php(67): CodeIgniter\Boot::runCodeIgniter(Object(CodeIgniter\CodeIgniter))
#10 C:\xampp\htdocs\ITSI\public\index.php(59): CodeIgniter\Boot::bootWeb(Object(Config\Paths))
#11 {main}
ERROR - 2026-03-24 16:50:21 --> Dashboard preprofesionales: Table 'itsi.instituciones_convenios' doesn't exist
ERROR - 2026-03-24 16:50:21 --> mysqli_sql_exception: Table 'itsi.instituciones_convenios' doesn't exist in C:\xampp\htdocs\ITSI\vendor\codeigniter4\framework\system\Database\MySQLi\Connection.php:327
Stack trace:
#0 C:\xampp\htdocs\ITSI\vendor\codeigniter4\framework\system\Database\MySQLi\Connection.php(327): mysqli->query('SELECT `sc`.*, ...', 0)
#1 C:\xampp\htdocs\ITSI\vendor\codeigniter4\framework\system\Database\BaseConnection.php(738): CodeIgniter\Database\MySQLi\Connection->execute('SELECT `sc`.*, ...')
#2 C:\xampp\htdocs\ITSI\vendor\codeigniter4\framework\system\Database\BaseConnection.php(652): CodeIgniter\Database\BaseConnection->simpleQuery('SELECT `sc`.*, ...')
#3 C:\xampp\htdocs\ITSI\vendor\codeigniter4\framework\system\Database\BaseBuilder.php(1649): CodeIgniter\Database\BaseConnection->query('SELECT `sc`.*, ...', Array, false)
#4 C:\xampp\htdocs\ITSI\app\Controllers\estudiante\DashboardEstudianteController.php(123): CodeIgniter\Database\BaseBuilder->get()
#5 C:\xampp\htdocs\ITSI\vendor\codeigniter4\framework\system\CodeIgniter.php(933): App\Controllers\estudiante\DashboardEstudianteController->index()
#6 C:\xampp\htdocs\ITSI\vendor\codeigniter4\framework\system\CodeIgniter.php(507): CodeIgniter\CodeIgniter->runController(Object(App\Controllers\estudiante\DashboardEstudianteController))
#7 C:\xampp\htdocs\ITSI\vendor\codeigniter4\framework\system\CodeIgniter.php(354): CodeIgniter\CodeIgniter->handleRequest(NULL, Object(Config\Cache), false)
#8 C:\xampp\htdocs\ITSI\vendor\codeigniter4\framework\system\Boot.php(334): CodeIgniter\CodeIgniter->run()
#9 C:\xampp\htdocs\ITSI\vendor\codeigniter4\framework\system\Boot.php(67): CodeIgniter\Boot::runCodeIgniter(Object(CodeIgniter\CodeIgniter))
#10 C:\xampp\htdocs\ITSI\public\index.php(59): CodeIgniter\Boot::bootWeb(Object(Config\Paths))
#11 {main}
ERROR - 2026-03-24 16:50:21 --> Dashboard servicio comunitario: Table 'itsi.instituciones_convenios' doesn't exist
DEBUG - 2026-03-24 16:50:22 --> Session: Class initialized using 'CodeIgniter\Session\Handlers\FileHandler' driver.
DEBUG - 2026-03-24 16:50:23 --> Session: Class initialized using 'CodeIgniter\Session\Handlers\FileHandler' driver.
DEBUG - 2026-03-24 16:50:23 --> Session: Class initialized using 'CodeIgniter\Session\Handlers\FileHandler' driver.
DEBUG - 2026-03-24 16:50:23 --> Session: Class initialized using 'CodeIgniter\Session\Handlers\FileHandler' driver.
DEBUG - 2026-03-24 16:50:24 --> Session: Class initialized using 'CodeIgniter\Session\Handlers\FileHandler' driver.
DEBUG - 2026-03-24 16:50:25 --> Session: Class initialized using 'CodeIgniter\Session\Handlers\FileHandler' driver.
DEBUG - 2026-03-24 16:50:26 --> Session: Class initialized using 'CodeIgniter\Session\Handlers\FileHandler' driver.
ERROR - 2026-03-24 16:50:26 --> mysqli_sql_exception: Table 'itsi.instituciones_convenios' doesn't exist in C:\xampp\htdocs\ITSI\vendor\codeigniter4\framework\system\Database\MySQLi\Connection.php:327
Stack trace:
#0 C:\xampp\htdocs\ITSI\vendor\codeigniter4\framework\system\Database\MySQLi\Connection.php(327): mysqli->query('SELECT pp.ID_PR...', 0)
#1 C:\xampp\htdocs\ITSI\vendor\codeigniter4\framework\system\Database\BaseConnection.php(738): CodeIgniter\Database\MySQLi\Connection->execute('SELECT pp.ID_PR...')
#2 C:\xampp\htdocs\ITSI\vendor\codeigniter4\framework\system\Database\BaseConnection.php(652): CodeIgniter\Database\BaseConnection->simpleQuery('SELECT pp.ID_PR...')
#3 C:\xampp\htdocs\ITSI\vendor\codeigniter4\framework\system\Database\BaseBuilder.php(1649): CodeIgniter\Database\BaseConnection->query('SELECT pp.ID_PR...', Array, false)
#4 C:\xampp\htdocs\ITSI\app\Controllers\estudiante\DocumentosPracticasEstudianteController.php(105): CodeIgniter\Database\BaseBuilder->get()
#5 C:\xampp\htdocs\ITSI\app\Controllers\estudiante\DocumentosPracticasEstudianteController.php(48): App\Controllers\estudiante\DocumentosPracticasEstudianteController->obtenerPracticasDocumentacionEstudiante(3)
#6 C:\xampp\htdocs\ITSI\vendor\codeigniter4\framework\system\CodeIgniter.php(933): App\Controllers\estudiante\DocumentosPracticasEstudianteController->index()
#7 C:\xampp\htdocs\ITSI\vendor\codeigniter4\framework\system\CodeIgniter.php(507): CodeIgniter\CodeIgniter->runController(Object(App\Controllers\estudiante\DocumentosPracticasEstudianteController))
#8 C:\xampp\htdocs\ITSI\vendor\codeigniter4\framework\system\CodeIgniter.php(354): CodeIgniter\CodeIgniter->handleRequest(NULL, Object(Config\Cache), false)
#9 C:\xampp\htdocs\ITSI\vendor\codeigniter4\framework\system\Boot.php(334): CodeIgniter\CodeIgniter->run()
#10 C:\xampp\htdocs\ITSI\vendor\codeigniter4\framework\system\Boot.php(67): CodeIgniter\Boot::runCodeIgniter(Object(CodeIgniter\CodeIgniter))
#11 C:\xampp\htdocs\ITSI\public\index.php(59): CodeIgniter\Boot::bootWeb(Object(Config\Paths))
#12 {main}
ERROR - 2026-03-24 16:50:26 --> obtenerPracticasDocumentacionEstudiante: Table 'itsi.instituciones_convenios' doesn't exist
ERROR - 2026-03-24 16:50:26 --> mysqli_sql_exception: Not unique table/alias: 'dp' in C:\xampp\htdocs\ITSI\vendor\codeigniter4\framework\system\Database\MySQLi\Connection.php:327
Stack trace:
#0 C:\xampp\htdocs\ITSI\vendor\codeigniter4\framework\system\Database\MySQLi\Connection.php(327): mysqli->query('SELECT `tdp`.`I...', 0)
#1 C:\xampp\htdocs\ITSI\vendor\codeigniter4\framework\system\Database\BaseConnection.php(738): CodeIgniter\Database\MySQLi\Connection->execute('SELECT `tdp`.`I...')
#2 C:\xampp\htdocs\ITSI\vendor\codeigniter4\framework\system\Database\BaseConnection.php(652): CodeIgniter\Database\BaseConnection->simpleQuery('SELECT `tdp`.`I...')
#3 C:\xampp\htdocs\ITSI\vendor\codeigniter4\framework\system\Database\BaseBuilder.php(1649): CodeIgniter\Database\BaseConnection->query('SELECT `tdp`.`I...', Array, false)
#4 C:\xampp\htdocs\ITSI\app\Models\DocumentosPracticasModel.php(471): CodeIgniter\Database\BaseBuilder->get()
#5 C:\xampp\htdocs\ITSI\app\Controllers\estudiante\DocumentosPracticasEstudianteController.php(331): App\Models\DocumentosPracticasModel->getProgresoEstudiante(3)
#6 C:\xampp\htdocs\ITSI\app\Controllers\estudiante\DocumentosPracticasEstudianteController.php(54): App\Controllers\estudiante\DocumentosPracticasEstudianteController->getProgresoEstudiante(3)
#7 C:\xampp\htdocs\ITSI\vendor\codeigniter4\framework\system\CodeIgniter.php(933): App\Controllers\estudiante\DocumentosPracticasEstudianteController->index()
#8 C:\xampp\htdocs\ITSI\vendor\codeigniter4\framework\system\CodeIgniter.php(507): CodeIgniter\CodeIgniter->runController(Object(App\Controllers\estudiante\DocumentosPracticasEstudianteController))
#9 C:\xampp\htdocs\ITSI\vendor\codeigniter4\framework\system\CodeIgniter.php(354): CodeIgniter\CodeIgniter->handleRequest(NULL, Object(Config\Cache), false)
#10 C:\xampp\htdocs\ITSI\vendor\codeigniter4\framework\system\Boot.php(334): CodeIgniter\CodeIgniter->run()
#11 C:\xampp\htdocs\ITSI\vendor\codeigniter4\framework\system\Boot.php(67): CodeIgniter\Boot::runCodeIgniter(Object(CodeIgniter\CodeIgniter))
#12 C:\xampp\htdocs\ITSI\public\index.php(59): CodeIgniter\Boot::bootWeb(Object(Config\Paths))
#13 {main}
CRITICAL - 2026-03-24 16:50:26 --> CodeIgniter\Database\Exceptions\DatabaseException: Not unique table/alias: 'dp'
[Method: GET, Route: estudiante/documentos-practicas]
in SYSTEMPATH\Database\BaseConnection.php on line 692.
 1 SYSTEMPATH\Database\BaseBuilder.php(1649): CodeIgniter\Database\BaseConnection->query('SELECT `tdp`.`ID_TIPO_DOCUMENTO_PREPROFESIONAL`, `tdp`.`CODIGO`, `tdp`.`NOMBRE` as `TIPO_DOCUMENTO_NOMBRE`, MAX(dp.ID_DOCUMENTO_PREPROFESIONAL) as ID_DOCUMENTO_PREPROFESIONAL, MAX(dp.FECHA_SUBIDA) as FECHA_SUBIDA, CASE MAX(dp.ID_ESTADO_REVISION)
                WHEN 1 THEN \'Pendiente\'
                WHEN 2 THEN \'En Revisión\'
                WHEN 3 THEN \'Aprobado\'
                WHEN 4 THEN \'Rechazado\'
                WHEN 5 THEN \'Requiere Corrección\'
                ELSE \'Pendiente\'
            END as ESTADO_REVISION, MAX(dp.OBSERVACIONES_REVISOR) as OBSERVACIONES_REVISOR
FROM (`TAB_DOCUMENTOS_PRACTICAS_PREPROFESIONALES` `dp`, `TAB_TIPOS_DOCUMENTOS_PREPROFESIONALES` `tdp`)
LEFT JOIN `TAB_DOCUMENTOS_PRACTICAS_PREPROFESIONALES` `dp` ON `dp`.`ID_TIPO_DOCUMENTO` = `tdp`.`ID_TIPO_DOCUMENTO_PREPROFESIONAL` AND `dp`.`ID_PRACTICA_PREPROFESIONAL` IN (0)
GROUP BY `tdp`.`ID_TIPO_DOCUMENTO_PREPROFESIONAL`, `tdp`.`CODIGO`, `tdp`.`NOMBRE`
ORDER BY `tdp`.`CODIGO` ASC', [], false)
 2 APPPATH\Models\DocumentosPracticasModel.php(471): CodeIgniter\Database\BaseBuilder->get()
 3 APPPATH\Controllers\estudiante\DocumentosPracticasEstudianteController.php(331): App\Models\DocumentosPracticasModel->getProgresoEstudiante(3)
 4 APPPATH\Controllers\estudiante\DocumentosPracticasEstudianteController.php(54): App\Controllers\estudiante\DocumentosPracticasEstudianteController->getProgresoEstudiante(3)
 5 SYSTEMPATH\CodeIgniter.php(933): App\Controllers\estudiante\DocumentosPracticasEstudianteController->index()
 6 SYSTEMPATH\CodeIgniter.php(507): CodeIgniter\CodeIgniter->runController(Object(App\Controllers\estudiante\DocumentosPracticasEstudianteController))
 7 SYSTEMPATH\CodeIgniter.php(354): CodeIgniter\CodeIgniter->handleRequest(null, Object(Config\Cache), false)
 8 SYSTEMPATH\Boot.php(334): CodeIgniter\CodeIgniter->run()
 9 SYSTEMPATH\Boot.php(67): CodeIgniter\Boot::runCodeIgniter(Object(CodeIgniter\CodeIgniter))
10 FCPATH\index.php(59): CodeIgniter\Boot::bootWeb(Object(Config\Paths))
CRITICAL - 2026-03-24 16:50:26 --> [Caused by] CodeIgniter\Database\Exceptions\DatabaseException: Not unique table/alias: 'dp'
in SYSTEMPATH\Database\MySQLi\Connection.php on line 332.
 1 SYSTEMPATH\Database\BaseConnection.php(738): CodeIgniter\Database\MySQLi\Connection->execute('SELECT `tdp`.`ID_TIPO_DOCUMENTO_PREPROFESIONAL`, `tdp`.`CODIGO`, `tdp`.`NOMBRE` as `TIPO_DOCUMENTO_NOMBRE`, MAX(dp.ID_DOCUMENTO_PREPROFESIONAL) as ID_DOCUMENTO_PREPROFESIONAL, MAX(dp.FECHA_SUBIDA) as FECHA_SUBIDA, CASE MAX(dp.ID_ESTADO_REVISION)
                WHEN 1 THEN \'Pendiente\'
                WHEN 2 THEN \'En Revisión\'
                WHEN 3 THEN \'Aprobado\'
                WHEN 4 THEN \'Rechazado\'
                WHEN 5 THEN \'Requiere Corrección\'
                ELSE \'Pendiente\'
            END as ESTADO_REVISION, MAX(dp.OBSERVACIONES_REVISOR) as OBSERVACIONES_REVISOR
FROM (`TAB_DOCUMENTOS_PRACTICAS_PREPROFESIONALES` `dp`, `TAB_TIPOS_DOCUMENTOS_PREPROFESIONALES` `tdp`)
LEFT JOIN `TAB_DOCUMENTOS_PRACTICAS_PREPROFESIONALES` `dp` ON `dp`.`ID_TIPO_DOCUMENTO` = `tdp`.`ID_TIPO_DOCUMENTO_PREPROFESIONAL` AND `dp`.`ID_PRACTICA_PREPROFESIONAL` IN (0)
GROUP BY `tdp`.`ID_TIPO_DOCUMENTO_PREPROFESIONAL`, `tdp`.`CODIGO`, `tdp`.`NOMBRE`
ORDER BY `tdp`.`CODIGO` ASC')
 2 SYSTEMPATH\Database\BaseConnection.php(652): CodeIgniter\Database\BaseConnection->simpleQuery('SELECT `tdp`.`ID_TIPO_DOCUMENTO_PREPROFESIONAL`, `tdp`.`CODIGO`, `tdp`.`NOMBRE` as `TIPO_DOCUMENTO_NOMBRE`, MAX(dp.ID_DOCUMENTO_PREPROFESIONAL) as ID_DOCUMENTO_PREPROFESIONAL, MAX(dp.FECHA_SUBIDA) as FECHA_SUBIDA, CASE MAX(dp.ID_ESTADO_REVISION)
                WHEN 1 THEN \'Pendiente\'
                WHEN 2 THEN \'En Revisión\'
                WHEN 3 THEN \'Aprobado\'
                WHEN 4 THEN \'Rechazado\'
                WHEN 5 THEN \'Requiere Corrección\'
                ELSE \'Pendiente\'
            END as ESTADO_REVISION, MAX(dp.OBSERVACIONES_REVISOR) as OBSERVACIONES_REVISOR
FROM (`TAB_DOCUMENTOS_PRACTICAS_PREPROFESIONALES` `dp`, `TAB_TIPOS_DOCUMENTOS_PREPROFESIONALES` `tdp`)
LEFT JOIN `TAB_DOCUMENTOS_PRACTICAS_PREPROFESIONALES` `dp` ON `dp`.`ID_TIPO_DOCUMENTO` = `tdp`.`ID_TIPO_DOCUMENTO_PREPROFESIONAL` AND `dp`.`ID_PRACTICA_PREPROFESIONAL` IN (0)
GROUP BY `tdp`.`ID_TIPO_DOCUMENTO_PREPROFESIONAL`, `tdp`.`CODIGO`, `tdp`.`NOMBRE`
ORDER BY `tdp`.`CODIGO` ASC')
 3 SYSTEMPATH\Database\BaseBuilder.php(1649): CodeIgniter\Database\BaseConnection->query('SELECT `tdp`.`ID_TIPO_DOCUMENTO_PREPROFESIONAL`, `tdp`.`CODIGO`, `tdp`.`NOMBRE` as `TIPO_DOCUMENTO_NOMBRE`, MAX(dp.ID_DOCUMENTO_PREPROFESIONAL) as ID_DOCUMENTO_PREPROFESIONAL, MAX(dp.FECHA_SUBIDA) as FECHA_SUBIDA, CASE MAX(dp.ID_ESTADO_REVISION)
                WHEN 1 THEN \'Pendiente\'
                WHEN 2 THEN \'En Revisión\'
                WHEN 3 THEN \'Aprobado\'
                WHEN 4 THEN \'Rechazado\'
                WHEN 5 THEN \'Requiere Corrección\'
                ELSE \'Pendiente\'
            END as ESTADO_REVISION, MAX(dp.OBSERVACIONES_REVISOR) as OBSERVACIONES_REVISOR
FROM (`TAB_DOCUMENTOS_PRACTICAS_PREPROFESIONALES` `dp`, `TAB_TIPOS_DOCUMENTOS_PREPROFESIONALES` `tdp`)
LEFT JOIN `TAB_DOCUMENTOS_PRACTICAS_PREPROFESIONALES` `dp` ON `dp`.`ID_TIPO_DOCUMENTO` = `tdp`.`ID_TIPO_DOCUMENTO_PREPROFESIONAL` AND `dp`.`ID_PRACTICA_PREPROFESIONAL` IN (0)
GROUP BY `tdp`.`ID_TIPO_DOCUMENTO_PREPROFESIONAL`, `tdp`.`CODIGO`, `tdp`.`NOMBRE`
ORDER BY `tdp`.`CODIGO` ASC', [], false)
 4 APPPATH\Models\DocumentosPracticasModel.php(471): CodeIgniter\Database\BaseBuilder->get()
 5 APPPATH\Controllers\estudiante\DocumentosPracticasEstudianteController.php(331): App\Models\DocumentosPracticasModel->getProgresoEstudiante(3)
 6 APPPATH\Controllers\estudiante\DocumentosPracticasEstudianteController.php(54): App\Controllers\estudiante\DocumentosPracticasEstudianteController->getProgresoEstudiante(3)
 7 SYSTEMPATH\CodeIgniter.php(933): App\Controllers\estudiante\DocumentosPracticasEstudianteController->index()
 8 SYSTEMPATH\CodeIgniter.php(507): CodeIgniter\CodeIgniter->runController(Object(App\Controllers\estudiante\DocumentosPracticasEstudianteController))
 9 SYSTEMPATH\CodeIgniter.php(354): CodeIgniter\CodeIgniter->handleRequest(null, Object(Config\Cache), false)
10 SYSTEMPATH\Boot.php(334): CodeIgniter\CodeIgniter->run()
11 SYSTEMPATH\Boot.php(67): CodeIgniter\Boot::runCodeIgniter(Object(CodeIgniter\CodeIgniter))
12 FCPATH\index.php(59): CodeIgniter\Boot::bootWeb(Object(Config\Paths))
CRITICAL - 2026-03-24 16:50:26 --> [Caused by] mysqli_sql_exception: Not unique table/alias: 'dp'
in SYSTEMPATH\Database\MySQLi\Connection.php on line 327.
 1 SYSTEMPATH\Database\MySQLi\Connection.php(327): mysqli->query('SELECT `tdp`.`ID_TIPO_DOCUMENTO_PREPROFESIONAL`, `tdp`.`CODIGO`, `tdp`.`NOMBRE` as `TIPO_DOCUMENTO_NOMBRE`, MAX(dp.ID_DOCUMENTO_PREPROFESIONAL) as ID_DOCUMENTO_PREPROFESIONAL, MAX(dp.FECHA_SUBIDA) as FECHA_SUBIDA, CASE MAX(dp.ID_ESTADO_REVISION)
                WHEN 1 THEN \'Pendiente\'
                WHEN 2 THEN \'En Revisión\'
                WHEN 3 THEN \'Aprobado\'
                WHEN 4 THEN \'Rechazado\'
                WHEN 5 THEN \'Requiere Corrección\'
                ELSE \'Pendiente\'
            END as ESTADO_REVISION, MAX(dp.OBSERVACIONES_REVISOR) as OBSERVACIONES_REVISOR
FROM (`TAB_DOCUMENTOS_PRACTICAS_PREPROFESIONALES` `dp`, `TAB_TIPOS_DOCUMENTOS_PREPROFESIONALES` `tdp`)
LEFT JOIN `TAB_DOCUMENTOS_PRACTICAS_PREPROFESIONALES` `dp` ON `dp`.`ID_TIPO_DOCUMENTO` = `tdp`.`ID_TIPO_DOCUMENTO_PREPROFESIONAL` AND `dp`.`ID_PRACTICA_PREPROFESIONAL` IN (0)
GROUP BY `tdp`.`ID_TIPO_DOCUMENTO_PREPROFESIONAL`, `tdp`.`CODIGO`, `tdp`.`NOMBRE`
ORDER BY `tdp`.`CODIGO` ASC', 0)
 2 SYSTEMPATH\Database\BaseConnection.php(738): CodeIgniter\Database\MySQLi\Connection->execute('SELECT `tdp`.`ID_TIPO_DOCUMENTO_PREPROFESIONAL`, `tdp`.`CODIGO`, `tdp`.`NOMBRE` as `TIPO_DOCUMENTO_NOMBRE`, MAX(dp.ID_DOCUMENTO_PREPROFESIONAL) as ID_DOCUMENTO_PREPROFESIONAL, MAX(dp.FECHA_SUBIDA) as FECHA_SUBIDA, CASE MAX(dp.ID_ESTADO_REVISION)
                WHEN 1 THEN \'Pendiente\'
                WHEN 2 THEN \'En Revisión\'
                WHEN 3 THEN \'Aprobado\'
                WHEN 4 THEN \'Rechazado\'
                WHEN 5 THEN \'Requiere Corrección\'
                ELSE \'Pendiente\'
            END as ESTADO_REVISION, MAX(dp.OBSERVACIONES_REVISOR) as OBSERVACIONES_REVISOR
FROM (`TAB_DOCUMENTOS_PRACTICAS_PREPROFESIONALES` `dp`, `TAB_TIPOS_DOCUMENTOS_PREPROFESIONALES` `tdp`)
LEFT JOIN `TAB_DOCUMENTOS_PRACTICAS_PREPROFESIONALES` `dp` ON `dp`.`ID_TIPO_DOCUMENTO` = `tdp`.`ID_TIPO_DOCUMENTO_PREPROFESIONAL` AND `dp`.`ID_PRACTICA_PREPROFESIONAL` IN (0)
GROUP BY `tdp`.`ID_TIPO_DOCUMENTO_PREPROFESIONAL`, `tdp`.`CODIGO`, `tdp`.`NOMBRE`
ORDER BY `tdp`.`CODIGO` ASC')
 3 SYSTEMPATH\Database\BaseConnection.php(652): CodeIgniter\Database\BaseConnection->simpleQuery('SELECT `tdp`.`ID_TIPO_DOCUMENTO_PREPROFESIONAL`, `tdp`.`CODIGO`, `tdp`.`NOMBRE` as `TIPO_DOCUMENTO_NOMBRE`, MAX(dp.ID_DOCUMENTO_PREPROFESIONAL) as ID_DOCUMENTO_PREPROFESIONAL, MAX(dp.FECHA_SUBIDA) as FECHA_SUBIDA, CASE MAX(dp.ID_ESTADO_REVISION)
                WHEN 1 THEN \'Pendiente\'
                WHEN 2 THEN \'En Revisión\'
                WHEN 3 THEN \'Aprobado\'
                WHEN 4 THEN \'Rechazado\'
                WHEN 5 THEN \'Requiere Corrección\'
                ELSE \'Pendiente\'
            END as ESTADO_REVISION, MAX(dp.OBSERVACIONES_REVISOR) as OBSERVACIONES_REVISOR
FROM (`TAB_DOCUMENTOS_PRACTICAS_PREPROFESIONALES` `dp`, `TAB_TIPOS_DOCUMENTOS_PREPROFESIONALES` `tdp`)
LEFT JOIN `TAB_DOCUMENTOS_PRACTICAS_PREPROFESIONALES` `dp` ON `dp`.`ID_TIPO_DOCUMENTO` = `tdp`.`ID_TIPO_DOCUMENTO_PREPROFESIONAL` AND `dp`.`ID_PRACTICA_PREPROFESIONAL` IN (0)
GROUP BY `tdp`.`ID_TIPO_DOCUMENTO_PREPROFESIONAL`, `tdp`.`CODIGO`, `tdp`.`NOMBRE`
ORDER BY `tdp`.`CODIGO` ASC')
 4 SYSTEMPATH\Database\BaseBuilder.php(1649): CodeIgniter\Database\BaseConnection->query('SELECT `tdp`.`ID_TIPO_DOCUMENTO_PREPROFESIONAL`, `tdp`.`CODIGO`, `tdp`.`NOMBRE` as `TIPO_DOCUMENTO_NOMBRE`, MAX(dp.ID_DOCUMENTO_PREPROFESIONAL) as ID_DOCUMENTO_PREPROFESIONAL, MAX(dp.FECHA_SUBIDA) as FECHA_SUBIDA, CASE MAX(dp.ID_ESTADO_REVISION)
                WHEN 1 THEN \'Pendiente\'
                WHEN 2 THEN \'En Revisión\'
                WHEN 3 THEN \'Aprobado\'
                WHEN 4 THEN \'Rechazado\'
                WHEN 5 THEN \'Requiere Corrección\'
                ELSE \'Pendiente\'
            END as ESTADO_REVISION, MAX(dp.OBSERVACIONES_REVISOR) as OBSERVACIONES_REVISOR
FROM (`TAB_DOCUMENTOS_PRACTICAS_PREPROFESIONALES` `dp`, `TAB_TIPOS_DOCUMENTOS_PREPROFESIONALES` `tdp`)
LEFT JOIN `TAB_DOCUMENTOS_PRACTICAS_PREPROFESIONALES` `dp` ON `dp`.`ID_TIPO_DOCUMENTO` = `tdp`.`ID_TIPO_DOCUMENTO_PREPROFESIONAL` AND `dp`.`ID_PRACTICA_PREPROFESIONAL` IN (0)
GROUP BY `tdp`.`ID_TIPO_DOCUMENTO_PREPROFESIONAL`, `tdp`.`CODIGO`, `tdp`.`NOMBRE`
ORDER BY `tdp`.`CODIGO` ASC', [], false)
 5 APPPATH\Models\DocumentosPracticasModel.php(471): CodeIgniter\Database\BaseBuilder->get()
 6 APPPATH\Controllers\estudiante\DocumentosPracticasEstudianteController.php(331): App\Models\DocumentosPracticasModel->getProgresoEstudiante(3)
 7 APPPATH\Controllers\estudiante\DocumentosPracticasEstudianteController.php(54): App\Controllers\estudiante\DocumentosPracticasEstudianteController->getProgresoEstudiante(3)
 8 SYSTEMPATH\CodeIgniter.php(933): App\Controllers\estudiante\DocumentosPracticasEstudianteController->index()
 9 SYSTEMPATH\CodeIgniter.php(507): CodeIgniter\CodeIgniter->runController(Object(App\Controllers\estudiante\DocumentosPracticasEstudianteController))
10 SYSTEMPATH\CodeIgniter.php(354): CodeIgniter\CodeIgniter->handleRequest(null, Object(Config\Cache), false)
11 SYSTEMPATH\Boot.php(334): CodeIgniter\CodeIgniter->run()
12 SYSTEMPATH\Boot.php(67): CodeIgniter\Boot::runCodeIgniter(Object(CodeIgniter\CodeIgniter))
13 FCPATH\index.php(59): CodeIgniter\Boot::bootWeb(Object(Config\Paths))
DEBUG - 2026-03-24 16:50:46 --> Session: Class initialized using 'CodeIgniter\Session\Handlers\FileHandler' driver.
ERROR - 2026-03-24 16:50:46 --> mysqli_sql_exception: Table 'itsi.instituciones_convenios' doesn't exist in C:\xampp\htdocs\ITSI\vendor\codeigniter4\framework\system\Database\MySQLi\Connection.php:327
Stack trace:
#0 C:\xampp\htdocs\ITSI\vendor\codeigniter4\framework\system\Database\MySQLi\Connection.php(327): mysqli->query('SELECT pp.ID_PR...', 0)
#1 C:\xampp\htdocs\ITSI\vendor\codeigniter4\framework\system\Database\BaseConnection.php(738): CodeIgniter\Database\MySQLi\Connection->execute('SELECT pp.ID_PR...')
#2 C:\xampp\htdocs\ITSI\vendor\codeigniter4\framework\system\Database\BaseConnection.php(652): CodeIgniter\Database\BaseConnection->simpleQuery('SELECT pp.ID_PR...')
#3 C:\xampp\htdocs\ITSI\vendor\codeigniter4\framework\system\Database\BaseBuilder.php(1649): CodeIgniter\Database\BaseConnection->query('SELECT pp.ID_PR...', Array, false)
#4 C:\xampp\htdocs\ITSI\app\Controllers\estudiante\DocumentosPracticasEstudianteController.php(105): CodeIgniter\Database\BaseBuilder->get()
#5 C:\xampp\htdocs\ITSI\app\Controllers\estudiante\DocumentosPracticasEstudianteController.php(48): App\Controllers\estudiante\DocumentosPracticasEstudianteController->obtenerPracticasDocumentacionEstudiante(3)
#6 C:\xampp\htdocs\ITSI\vendor\codeigniter4\framework\system\CodeIgniter.php(933): App\Controllers\estudiante\DocumentosPracticasEstudianteController->index()
#7 C:\xampp\htdocs\ITSI\vendor\codeigniter4\framework\system\CodeIgniter.php(507): CodeIgniter\CodeIgniter->runController(Object(App\Controllers\estudiante\DocumentosPracticasEstudianteController))
#8 C:\xampp\htdocs\ITSI\vendor\codeigniter4\framework\system\CodeIgniter.php(354): CodeIgniter\CodeIgniter->handleRequest(NULL, Object(Config\Cache), false)
#9 C:\xampp\htdocs\ITSI\vendor\codeigniter4\framework\system\Boot.php(334): CodeIgniter\CodeIgniter->run()
#10 C:\xampp\htdocs\ITSI\vendor\codeigniter4\framework\system\Boot.php(67): CodeIgniter\Boot::runCodeIgniter(Object(CodeIgniter\CodeIgniter))
#11 C:\xampp\htdocs\ITSI\public\index.php(59): CodeIgniter\Boot::bootWeb(Object(Config\Paths))
#12 {main}
ERROR - 2026-03-24 16:50:46 --> obtenerPracticasDocumentacionEstudiante: Table 'itsi.instituciones_convenios' doesn't exist
ERROR - 2026-03-24 16:50:46 --> mysqli_sql_exception: Not unique table/alias: 'dp' in C:\xampp\htdocs\ITSI\vendor\codeigniter4\framework\system\Database\MySQLi\Connection.php:327
Stack trace:
#0 C:\xampp\htdocs\ITSI\vendor\codeigniter4\framework\system\Database\MySQLi\Connection.php(327): mysqli->query('SELECT `tdp`.`I...', 0)
#1 C:\xampp\htdocs\ITSI\vendor\codeigniter4\framework\system\Database\BaseConnection.php(738): CodeIgniter\Database\MySQLi\Connection->execute('SELECT `tdp`.`I...')
#2 C:\xampp\htdocs\ITSI\vendor\codeigniter4\framework\system\Database\BaseConnection.php(652): CodeIgniter\Database\BaseConnection->simpleQuery('SELECT `tdp`.`I...')
#3 C:\xampp\htdocs\ITSI\vendor\codeigniter4\framework\system\Database\BaseBuilder.php(1649): CodeIgniter\Database\BaseConnection->query('SELECT `tdp`.`I...', Array, false)
#4 C:\xampp\htdocs\ITSI\app\Models\DocumentosPracticasModel.php(471): CodeIgniter\Database\BaseBuilder->get()
#5 C:\xampp\htdocs\ITSI\app\Controllers\estudiante\DocumentosPracticasEstudianteController.php(331): App\Models\DocumentosPracticasModel->getProgresoEstudiante(3)
#6 C:\xampp\htdocs\ITSI\app\Controllers\estudiante\DocumentosPracticasEstudianteController.php(54): App\Controllers\estudiante\DocumentosPracticasEstudianteController->getProgresoEstudiante(3)
#7 C:\xampp\htdocs\ITSI\vendor\codeigniter4\framework\system\CodeIgniter.php(933): App\Controllers\estudiante\DocumentosPracticasEstudianteController->index()
#8 C:\xampp\htdocs\ITSI\vendor\codeigniter4\framework\system\CodeIgniter.php(507): CodeIgniter\CodeIgniter->runController(Object(App\Controllers\estudiante\DocumentosPracticasEstudianteController))
#9 C:\xampp\htdocs\ITSI\vendor\codeigniter4\framework\system\CodeIgniter.php(354): CodeIgniter\CodeIgniter->handleRequest(NULL, Object(Config\Cache), false)
#10 C:\xampp\htdocs\ITSI\vendor\codeigniter4\framework\system\Boot.php(334): CodeIgniter\CodeIgniter->run()
#11 C:\xampp\htdocs\ITSI\vendor\codeigniter4\framework\system\Boot.php(67): CodeIgniter\Boot::runCodeIgniter(Object(CodeIgniter\CodeIgniter))
#12 C:\xampp\htdocs\ITSI\public\index.php(59): CodeIgniter\Boot::bootWeb(Object(Config\Paths))
#13 {main}
CRITICAL - 2026-03-24 16:50:46 --> CodeIgniter\Database\Exceptions\DatabaseException: Not unique table/alias: 'dp'
[Method: GET, Route: estudiante/documentos-practicas]
in SYSTEMPATH\Database\BaseConnection.php on line 692.
 1 SYSTEMPATH\Database\BaseBuilder.php(1649): CodeIgniter\Database\BaseConnection->query('SELECT `tdp`.`ID_TIPO_DOCUMENTO_PREPROFESIONAL`, `tdp`.`CODIGO`, `tdp`.`NOMBRE` as `TIPO_DOCUMENTO_NOMBRE`, MAX(dp.ID_DOCUMENTO_PREPROFESIONAL) as ID_DOCUMENTO_PREPROFESIONAL, MAX(dp.FECHA_SUBIDA) as FECHA_SUBIDA, CASE MAX(dp.ID_ESTADO_REVISION)
                WHEN 1 THEN \'Pendiente\'
                WHEN 2 THEN \'En Revisión\'
                WHEN 3 THEN \'Aprobado\'
                WHEN 4 THEN \'Rechazado\'
                WHEN 5 THEN \'Requiere Corrección\'
                ELSE \'Pendiente\'
            END as ESTADO_REVISION, MAX(dp.OBSERVACIONES_REVISOR) as OBSERVACIONES_REVISOR
FROM (`TAB_DOCUMENTOS_PRACTICAS_PREPROFESIONALES` `dp`, `TAB_TIPOS_DOCUMENTOS_PREPROFESIONALES` `tdp`)
LEFT JOIN `TAB_DOCUMENTOS_PRACTICAS_PREPROFESIONALES` `dp` ON `dp`.`ID_TIPO_DOCUMENTO` = `tdp`.`ID_TIPO_DOCUMENTO_PREPROFESIONAL` AND `dp`.`ID_PRACTICA_PREPROFESIONAL` IN (0)
GROUP BY `tdp`.`ID_TIPO_DOCUMENTO_PREPROFESIONAL`, `tdp`.`CODIGO`, `tdp`.`NOMBRE`
ORDER BY `tdp`.`CODIGO` ASC', [], false)
 2 APPPATH\Models\DocumentosPracticasModel.php(471): CodeIgniter\Database\BaseBuilder->get()
 3 APPPATH\Controllers\estudiante\DocumentosPracticasEstudianteController.php(331): App\Models\DocumentosPracticasModel->getProgresoEstudiante(3)
 4 APPPATH\Controllers\estudiante\DocumentosPracticasEstudianteController.php(54): App\Controllers\estudiante\DocumentosPracticasEstudianteController->getProgresoEstudiante(3)
 5 SYSTEMPATH\CodeIgniter.php(933): App\Controllers\estudiante\DocumentosPracticasEstudianteController->index()
 6 SYSTEMPATH\CodeIgniter.php(507): CodeIgniter\CodeIgniter->runController(Object(App\Controllers\estudiante\DocumentosPracticasEstudianteController))
 7 SYSTEMPATH\CodeIgniter.php(354): CodeIgniter\CodeIgniter->handleRequest(null, Object(Config\Cache), false)
 8 SYSTEMPATH\Boot.php(334): CodeIgniter\CodeIgniter->run()
 9 SYSTEMPATH\Boot.php(67): CodeIgniter\Boot::runCodeIgniter(Object(CodeIgniter\CodeIgniter))
10 FCPATH\index.php(59): CodeIgniter\Boot::bootWeb(Object(Config\Paths))
CRITICAL - 2026-03-24 16:50:46 --> [Caused by] CodeIgniter\Database\Exceptions\DatabaseException: Not unique table/alias: 'dp'
in SYSTEMPATH\Database\MySQLi\Connection.php on line 332.
 1 SYSTEMPATH\Database\BaseConnection.php(738): CodeIgniter\Database\MySQLi\Connection->execute('SELECT `tdp`.`ID_TIPO_DOCUMENTO_PREPROFESIONAL`, `tdp`.`CODIGO`, `tdp`.`NOMBRE` as `TIPO_DOCUMENTO_NOMBRE`, MAX(dp.ID_DOCUMENTO_PREPROFESIONAL) as ID_DOCUMENTO_PREPROFESIONAL, MAX(dp.FECHA_SUBIDA) as FECHA_SUBIDA, CASE MAX(dp.ID_ESTADO_REVISION)
                WHEN 1 THEN \'Pendiente\'
                WHEN 2 THEN \'En Revisión\'
                WHEN 3 THEN \'Aprobado\'
                WHEN 4 THEN \'Rechazado\'
                WHEN 5 THEN \'Requiere Corrección\'
                ELSE \'Pendiente\'
            END as ESTADO_REVISION, MAX(dp.OBSERVACIONES_REVISOR) as OBSERVACIONES_REVISOR
FROM (`TAB_DOCUMENTOS_PRACTICAS_PREPROFESIONALES` `dp`, `TAB_TIPOS_DOCUMENTOS_PREPROFESIONALES` `tdp`)
LEFT JOIN `TAB_DOCUMENTOS_PRACTICAS_PREPROFESIONALES` `dp` ON `dp`.`ID_TIPO_DOCUMENTO` = `tdp`.`ID_TIPO_DOCUMENTO_PREPROFESIONAL` AND `dp`.`ID_PRACTICA_PREPROFESIONAL` IN (0)
GROUP BY `tdp`.`ID_TIPO_DOCUMENTO_PREPROFESIONAL`, `tdp`.`CODIGO`, `tdp`.`NOMBRE`
ORDER BY `tdp`.`CODIGO` ASC')
 2 SYSTEMPATH\Database\BaseConnection.php(652): CodeIgniter\Database\BaseConnection->simpleQuery('SELECT `tdp`.`ID_TIPO_DOCUMENTO_PREPROFESIONAL`, `tdp`.`CODIGO`, `tdp`.`NOMBRE` as `TIPO_DOCUMENTO_NOMBRE`, MAX(dp.ID_DOCUMENTO_PREPROFESIONAL) as ID_DOCUMENTO_PREPROFESIONAL, MAX(dp.FECHA_SUBIDA) as FECHA_SUBIDA, CASE MAX(dp.ID_ESTADO_REVISION)
                WHEN 1 THEN \'Pendiente\'
                WHEN 2 THEN \'En Revisión\'
                WHEN 3 THEN \'Aprobado\'
                WHEN 4 THEN \'Rechazado\'
                WHEN 5 THEN \'Requiere Corrección\'
                ELSE \'Pendiente\'
            END as ESTADO_REVISION, MAX(dp.OBSERVACIONES_REVISOR) as OBSERVACIONES_REVISOR
FROM (`TAB_DOCUMENTOS_PRACTICAS_PREPROFESIONALES` `dp`, `TAB_TIPOS_DOCUMENTOS_PREPROFESIONALES` `tdp`)
LEFT JOIN `TAB_DOCUMENTOS_PRACTICAS_PREPROFESIONALES` `dp` ON `dp`.`ID_TIPO_DOCUMENTO` = `tdp`.`ID_TIPO_DOCUMENTO_PREPROFESIONAL` AND `dp`.`ID_PRACTICA_PREPROFESIONAL` IN (0)
GROUP BY `tdp`.`ID_TIPO_DOCUMENTO_PREPROFESIONAL`, `tdp`.`CODIGO`, `tdp`.`NOMBRE`
ORDER BY `tdp`.`CODIGO` ASC')
 3 SYSTEMPATH\Database\BaseBuilder.php(1649): CodeIgniter\Database\BaseConnection->query('SELECT `tdp`.`ID_TIPO_DOCUMENTO_PREPROFESIONAL`, `tdp`.`CODIGO`, `tdp`.`NOMBRE` as `TIPO_DOCUMENTO_NOMBRE`, MAX(dp.ID_DOCUMENTO_PREPROFESIONAL) as ID_DOCUMENTO_PREPROFESIONAL, MAX(dp.FECHA_SUBIDA) as FECHA_SUBIDA, CASE MAX(dp.ID_ESTADO_REVISION)
                WHEN 1 THEN \'Pendiente\'
                WHEN 2 THEN \'En Revisión\'
                WHEN 3 THEN \'Aprobado\'
                WHEN 4 THEN \'Rechazado\'
                WHEN 5 THEN \'Requiere Corrección\'
                ELSE \'Pendiente\'
            END as ESTADO_REVISION, MAX(dp.OBSERVACIONES_REVISOR) as OBSERVACIONES_REVISOR
FROM (`TAB_DOCUMENTOS_PRACTICAS_PREPROFESIONALES` `dp`, `TAB_TIPOS_DOCUMENTOS_PREPROFESIONALES` `tdp`)
LEFT JOIN `TAB_DOCUMENTOS_PRACTICAS_PREPROFESIONALES` `dp` ON `dp`.`ID_TIPO_DOCUMENTO` = `tdp`.`ID_TIPO_DOCUMENTO_PREPROFESIONAL` AND `dp`.`ID_PRACTICA_PREPROFESIONAL` IN (0)
GROUP BY `tdp`.`ID_TIPO_DOCUMENTO_PREPROFESIONAL`, `tdp`.`CODIGO`, `tdp`.`NOMBRE`
ORDER BY `tdp`.`CODIGO` ASC', [], false)
 4 APPPATH\Models\DocumentosPracticasModel.php(471): CodeIgniter\Database\BaseBuilder->get()
 5 APPPATH\Controllers\estudiante\DocumentosPracticasEstudianteController.php(331): App\Models\DocumentosPracticasModel->getProgresoEstudiante(3)
 6 APPPATH\Controllers\estudiante\DocumentosPracticasEstudianteController.php(54): App\Controllers\estudiante\DocumentosPracticasEstudianteController->getProgresoEstudiante(3)
 7 SYSTEMPATH\CodeIgniter.php(933): App\Controllers\estudiante\DocumentosPracticasEstudianteController->index()
 8 SYSTEMPATH\CodeIgniter.php(507): CodeIgniter\CodeIgniter->runController(Object(App\Controllers\estudiante\DocumentosPracticasEstudianteController))
 9 SYSTEMPATH\CodeIgniter.php(354): CodeIgniter\CodeIgniter->handleRequest(null, Object(Config\Cache), false)
10 SYSTEMPATH\Boot.php(334): CodeIgniter\CodeIgniter->run()
11 SYSTEMPATH\Boot.php(67): CodeIgniter\Boot::runCodeIgniter(Object(CodeIgniter\CodeIgniter))
12 FCPATH\index.php(59): CodeIgniter\Boot::bootWeb(Object(Config\Paths))
CRITICAL - 2026-03-24 16:50:46 --> [Caused by] mysqli_sql_exception: Not unique table/alias: 'dp'
in SYSTEMPATH\Database\MySQLi\Connection.php on line 327.
 1 SYSTEMPATH\Database\MySQLi\Connection.php(327): mysqli->query('SELECT `tdp`.`ID_TIPO_DOCUMENTO_PREPROFESIONAL`, `tdp`.`CODIGO`, `tdp`.`NOMBRE` as `TIPO_DOCUMENTO_NOMBRE`, MAX(dp.ID_DOCUMENTO_PREPROFESIONAL) as ID_DOCUMENTO_PREPROFESIONAL, MAX(dp.FECHA_SUBIDA) as FECHA_SUBIDA, CASE MAX(dp.ID_ESTADO_REVISION)
                WHEN 1 THEN \'Pendiente\'
                WHEN 2 THEN \'En Revisión\'
                WHEN 3 THEN \'Aprobado\'
                WHEN 4 THEN \'Rechazado\'
                WHEN 5 THEN \'Requiere Corrección\'
                ELSE \'Pendiente\'
            END as ESTADO_REVISION, MAX(dp.OBSERVACIONES_REVISOR) as OBSERVACIONES_REVISOR
FROM (`TAB_DOCUMENTOS_PRACTICAS_PREPROFESIONALES` `dp`, `TAB_TIPOS_DOCUMENTOS_PREPROFESIONALES` `tdp`)
LEFT JOIN `TAB_DOCUMENTOS_PRACTICAS_PREPROFESIONALES` `dp` ON `dp`.`ID_TIPO_DOCUMENTO` = `tdp`.`ID_TIPO_DOCUMENTO_PREPROFESIONAL` AND `dp`.`ID_PRACTICA_PREPROFESIONAL` IN (0)
GROUP BY `tdp`.`ID_TIPO_DOCUMENTO_PREPROFESIONAL`, `tdp`.`CODIGO`, `tdp`.`NOMBRE`
ORDER BY `tdp`.`CODIGO` ASC', 0)
 2 SYSTEMPATH\Database\BaseConnection.php(738): CodeIgniter\Database\MySQLi\Connection->execute('SELECT `tdp`.`ID_TIPO_DOCUMENTO_PREPROFESIONAL`, `tdp`.`CODIGO`, `tdp`.`NOMBRE` as `TIPO_DOCUMENTO_NOMBRE`, MAX(dp.ID_DOCUMENTO_PREPROFESIONAL) as ID_DOCUMENTO_PREPROFESIONAL, MAX(dp.FECHA_SUBIDA) as FECHA_SUBIDA, CASE MAX(dp.ID_ESTADO_REVISION)
                WHEN 1 THEN \'Pendiente\'
                WHEN 2 THEN \'En Revisión\'
                WHEN 3 THEN \'Aprobado\'
                WHEN 4 THEN \'Rechazado\'
                WHEN 5 THEN \'Requiere Corrección\'
                ELSE \'Pendiente\'
            END as ESTADO_REVISION, MAX(dp.OBSERVACIONES_REVISOR) as OBSERVACIONES_REVISOR
FROM (`TAB_DOCUMENTOS_PRACTICAS_PREPROFESIONALES` `dp`, `TAB_TIPOS_DOCUMENTOS_PREPROFESIONALES` `tdp`)
LEFT JOIN `TAB_DOCUMENTOS_PRACTICAS_PREPROFESIONALES` `dp` ON `dp`.`ID_TIPO_DOCUMENTO` = `tdp`.`ID_TIPO_DOCUMENTO_PREPROFESIONAL` AND `dp`.`ID_PRACTICA_PREPROFESIONAL` IN (0)
GROUP BY `tdp`.`ID_TIPO_DOCUMENTO_PREPROFESIONAL`, `tdp`.`CODIGO`, `tdp`.`NOMBRE`
ORDER BY `tdp`.`CODIGO` ASC')
 3 SYSTEMPATH\Database\BaseConnection.php(652): CodeIgniter\Database\BaseConnection->simpleQuery('SELECT `tdp`.`ID_TIPO_DOCUMENTO_PREPROFESIONAL`, `tdp`.`CODIGO`, `tdp`.`NOMBRE` as `TIPO_DOCUMENTO_NOMBRE`, MAX(dp.ID_DOCUMENTO_PREPROFESIONAL) as ID_DOCUMENTO_PREPROFESIONAL, MAX(dp.FECHA_SUBIDA) as FECHA_SUBIDA, CASE MAX(dp.ID_ESTADO_REVISION)
                WHEN 1 THEN \'Pendiente\'
                WHEN 2 THEN \'En Revisión\'
                WHEN 3 THEN \'Aprobado\'
                WHEN 4 THEN \'Rechazado\'
                WHEN 5 THEN \'Requiere Corrección\'
                ELSE \'Pendiente\'
            END as ESTADO_REVISION, MAX(dp.OBSERVACIONES_REVISOR) as OBSERVACIONES_REVISOR
FROM (`TAB_DOCUMENTOS_PRACTICAS_PREPROFESIONALES` `dp`, `TAB_TIPOS_DOCUMENTOS_PREPROFESIONALES` `tdp`)
LEFT JOIN `TAB_DOCUMENTOS_PRACTICAS_PREPROFESIONALES` `dp` ON `dp`.`ID_TIPO_DOCUMENTO` = `tdp`.`ID_TIPO_DOCUMENTO_PREPROFESIONAL` AND `dp`.`ID_PRACTICA_PREPROFESIONAL` IN (0)
GROUP BY `tdp`.`ID_TIPO_DOCUMENTO_PREPROFESIONAL`, `tdp`.`CODIGO`, `tdp`.`NOMBRE`
ORDER BY `tdp`.`CODIGO` ASC')
 4 SYSTEMPATH\Database\BaseBuilder.php(1649): CodeIgniter\Database\BaseConnection->query('SELECT `tdp`.`ID_TIPO_DOCUMENTO_PREPROFESIONAL`, `tdp`.`CODIGO`, `tdp`.`NOMBRE` as `TIPO_DOCUMENTO_NOMBRE`, MAX(dp.ID_DOCUMENTO_PREPROFESIONAL) as ID_DOCUMENTO_PREPROFESIONAL, MAX(dp.FECHA_SUBIDA) as FECHA_SUBIDA, CASE MAX(dp.ID_ESTADO_REVISION)
                WHEN 1 THEN \'Pendiente\'
                WHEN 2 THEN \'En Revisión\'
                WHEN 3 THEN \'Aprobado\'
                WHEN 4 THEN \'Rechazado\'
                WHEN 5 THEN \'Requiere Corrección\'
                ELSE \'Pendiente\'
            END as ESTADO_REVISION, MAX(dp.OBSERVACIONES_REVISOR) as OBSERVACIONES_REVISOR
FROM (`TAB_DOCUMENTOS_PRACTICAS_PREPROFESIONALES` `dp`, `TAB_TIPOS_DOCUMENTOS_PREPROFESIONALES` `tdp`)
LEFT JOIN `TAB_DOCUMENTOS_PRACTICAS_PREPROFESIONALES` `dp` ON `dp`.`ID_TIPO_DOCUMENTO` = `tdp`.`ID_TIPO_DOCUMENTO_PREPROFESIONAL` AND `dp`.`ID_PRACTICA_PREPROFESIONAL` IN (0)
GROUP BY `tdp`.`ID_TIPO_DOCUMENTO_PREPROFESIONAL`, `tdp`.`CODIGO`, `tdp`.`NOMBRE`
ORDER BY `tdp`.`CODIGO` ASC', [], false)
 5 APPPATH\Models\DocumentosPracticasModel.php(471): CodeIgniter\Database\BaseBuilder->get()
 6 APPPATH\Controllers\estudiante\DocumentosPracticasEstudianteController.php(331): App\Models\DocumentosPracticasModel->getProgresoEstudiante(3)
 7 APPPATH\Controllers\estudiante\DocumentosPracticasEstudianteController.php(54): App\Controllers\estudiante\DocumentosPracticasEstudianteController->getProgresoEstudiante(3)
 8 SYSTEMPATH\CodeIgniter.php(933): App\Controllers\estudiante\DocumentosPracticasEstudianteController->index()
 9 SYSTEMPATH\CodeIgniter.php(507): CodeIgniter\CodeIgniter->runController(Object(App\Controllers\estudiante\DocumentosPracticasEstudianteController))
10 SYSTEMPATH\CodeIgniter.php(354): CodeIgniter\CodeIgniter->handleRequest(null, Object(Config\Cache), false)
11 SYSTEMPATH\Boot.php(334): CodeIgniter\CodeIgniter->run()
12 SYSTEMPATH\Boot.php(67): CodeIgniter\Boot::runCodeIgniter(Object(CodeIgniter\CodeIgniter))
13 FCPATH\index.php(59): CodeIgniter\Boot::bootWeb(Object(Config\Paths))
DEBUG - 2026-03-24 16:52:47 --> Session: Class initialized using 'CodeIgniter\Session\Handlers\FileHandler' driver.
ERROR - 2026-03-24 16:52:47 --> mysqli_sql_exception: Table 'itsi.instituciones_convenios' doesn't exist in C:\xampp\htdocs\ITSI\vendor\codeigniter4\framework\system\Database\MySQLi\Connection.php:327
Stack trace:
#0 C:\xampp\htdocs\ITSI\vendor\codeigniter4\framework\system\Database\MySQLi\Connection.php(327): mysqli->query('SELECT pp.ID_PR...', 0)
#1 C:\xampp\htdocs\ITSI\vendor\codeigniter4\framework\system\Database\BaseConnection.php(738): CodeIgniter\Database\MySQLi\Connection->execute('SELECT pp.ID_PR...')
#2 C:\xampp\htdocs\ITSI\vendor\codeigniter4\framework\system\Database\BaseConnection.php(652): CodeIgniter\Database\BaseConnection->simpleQuery('SELECT pp.ID_PR...')
#3 C:\xampp\htdocs\ITSI\vendor\codeigniter4\framework\system\Database\BaseBuilder.php(1649): CodeIgniter\Database\BaseConnection->query('SELECT pp.ID_PR...', Array, false)
#4 C:\xampp\htdocs\ITSI\app\Controllers\estudiante\DocumentosPracticasEstudianteController.php(105): CodeIgniter\Database\BaseBuilder->get()
#5 C:\xampp\htdocs\ITSI\app\Controllers\estudiante\DocumentosPracticasEstudianteController.php(48): App\Controllers\estudiante\DocumentosPracticasEstudianteController->obtenerPracticasDocumentacionEstudiante(3)
#6 C:\xampp\htdocs\ITSI\vendor\codeigniter4\framework\system\CodeIgniter.php(933): App\Controllers\estudiante\DocumentosPracticasEstudianteController->index()
#7 C:\xampp\htdocs\ITSI\vendor\codeigniter4\framework\system\CodeIgniter.php(507): CodeIgniter\CodeIgniter->runController(Object(App\Controllers\estudiante\DocumentosPracticasEstudianteController))
#8 C:\xampp\htdocs\ITSI\vendor\codeigniter4\framework\system\CodeIgniter.php(354): CodeIgniter\CodeIgniter->handleRequest(NULL, Object(Config\Cache), false)
#9 C:\xampp\htdocs\ITSI\vendor\codeigniter4\framework\system\Boot.php(334): CodeIgniter\CodeIgniter->run()
#10 C:\xampp\htdocs\ITSI\vendor\codeigniter4\framework\system\Boot.php(67): CodeIgniter\Boot::runCodeIgniter(Object(CodeIgniter\CodeIgniter))
#11 C:\xampp\htdocs\ITSI\public\index.php(59): CodeIgniter\Boot::bootWeb(Object(Config\Paths))
#12 {main}
ERROR - 2026-03-24 16:52:47 --> obtenerPracticasDocumentacionEstudiante: Table 'itsi.instituciones_convenios' doesn't exist
DEBUG - 2026-03-24 16:52:53 --> Session: Class initialized using 'CodeIgniter\Session\Handlers\FileHandler' driver.
ERROR - 2026-03-24 16:52:53 --> mysqli_sql_exception: Table 'itsi.instituciones_convenios' doesn't exist in C:\xampp\htdocs\ITSI\vendor\codeigniter4\framework\system\Database\MySQLi\Connection.php:327
Stack trace:
#0 C:\xampp\htdocs\ITSI\vendor\codeigniter4\framework\system\Database\MySQLi\Connection.php(327): mysqli->query('SELECT sc.ID_SE...', 0)
#1 C:\xampp\htdocs\ITSI\vendor\codeigniter4\framework\system\Database\BaseConnection.php(738): CodeIgniter\Database\MySQLi\Connection->execute('SELECT sc.ID_SE...')
#2 C:\xampp\htdocs\ITSI\vendor\codeigniter4\framework\system\Database\BaseConnection.php(652): CodeIgniter\Database\BaseConnection->simpleQuery('SELECT sc.ID_SE...')
#3 C:\xampp\htdocs\ITSI\vendor\codeigniter4\framework\system\Database\BaseBuilder.php(1649): CodeIgniter\Database\BaseConnection->query('SELECT sc.ID_SE...', Array, false)
#4 C:\xampp\htdocs\ITSI\app\Controllers\estudiante\DocumentosServicioComunitarioEstudianteController.php(105): CodeIgniter\Database\BaseBuilder->get()
#5 C:\xampp\htdocs\ITSI\app\Controllers\estudiante\DocumentosServicioComunitarioEstudianteController.php(47): App\Controllers\estudiante\DocumentosServicioComunitarioEstudianteController->obtenerServiciosDocumentacionEstudiante(3)
#6 C:\xampp\htdocs\ITSI\vendor\codeigniter4\framework\system\CodeIgniter.php(933): App\Controllers\estudiante\DocumentosServicioComunitarioEstudianteController->index()
#7 C:\xampp\htdocs\ITSI\vendor\codeigniter4\framework\system\CodeIgniter.php(507): CodeIgniter\CodeIgniter->runController(Object(App\Controllers\estudiante\DocumentosServicioComunitarioEstudianteController))
#8 C:\xampp\htdocs\ITSI\vendor\codeigniter4\framework\system\CodeIgniter.php(354): CodeIgniter\CodeIgniter->handleRequest(NULL, Object(Config\Cache), false)
#9 C:\xampp\htdocs\ITSI\vendor\codeigniter4\framework\system\Boot.php(334): CodeIgniter\CodeIgniter->run()
#10 C:\xampp\htdocs\ITSI\vendor\codeigniter4\framework\system\Boot.php(67): CodeIgniter\Boot::runCodeIgniter(Object(CodeIgniter\CodeIgniter))
#11 C:\xampp\htdocs\ITSI\public\index.php(59): CodeIgniter\Boot::bootWeb(Object(Config\Paths))
#12 {main}
ERROR - 2026-03-24 16:52:53 --> obtenerServiciosDocumentacionEstudiante: Table 'itsi.instituciones_convenios' doesn't exist
DEBUG - 2026-03-24 16:52:56 --> Session: Class initialized using 'CodeIgniter\Session\Handlers\FileHandler' driver.
DEBUG - 2026-03-24 16:53:03 --> Session: Class initialized using 'CodeIgniter\Session\Handlers\FileHandler' driver.
DEBUG - 2026-03-24 16:53:04 --> Session: Class initialized using 'CodeIgniter\Session\Handlers\FileHandler' driver.
DEBUG - 2026-03-24 16:54:19 --> Session: Class initialized using 'CodeIgniter\Session\Handlers\FileHandler' driver.
DEBUG - 2026-03-24 16:55:38 --> Session: Class initialized using 'CodeIgniter\Session\Handlers\FileHandler' driver.
DEBUG - 2026-03-24 16:55:51 --> Session: Class initialized using 'CodeIgniter\Session\Handlers\FileHandler' driver.
DEBUG - 2026-03-24 16:56:18 --> Session: Class initialized using 'CodeIgniter\Session\Handlers\FileHandler' driver.
ERROR - 2026-03-24 16:56:18 --> mysqli_sql_exception: Table 'itsi.instituciones_convenios' doesn't exist in C:\xampp\htdocs\ITSI\vendor\codeigniter4\framework\system\Database\MySQLi\Connection.php:327
Stack trace:
#0 C:\xampp\htdocs\ITSI\vendor\codeigniter4\framework\system\Database\MySQLi\Connection.php(327): mysqli->query('SELECT `pp`.*, ...', 0)
#1 C:\xampp\htdocs\ITSI\vendor\codeigniter4\framework\system\Database\BaseConnection.php(738): CodeIgniter\Database\MySQLi\Connection->execute('SELECT `pp`.*, ...')
#2 C:\xampp\htdocs\ITSI\vendor\codeigniter4\framework\system\Database\BaseConnection.php(652): CodeIgniter\Database\BaseConnection->simpleQuery('SELECT `pp`.*, ...')
#3 C:\xampp\htdocs\ITSI\vendor\codeigniter4\framework\system\Database\BaseBuilder.php(1649): CodeIgniter\Database\BaseConnection->query('SELECT `pp`.*, ...', Array, false)
#4 C:\xampp\htdocs\ITSI\app\Controllers\estudiante\DashboardEstudianteController.php(96): CodeIgniter\Database\BaseBuilder->get()
#5 C:\xampp\htdocs\ITSI\vendor\codeigniter4\framework\system\CodeIgniter.php(933): App\Controllers\estudiante\DashboardEstudianteController->index()
#6 C:\xampp\htdocs\ITSI\vendor\codeigniter4\framework\system\CodeIgniter.php(507): CodeIgniter\CodeIgniter->runController(Object(App\Controllers\estudiante\DashboardEstudianteController))
#7 C:\xampp\htdocs\ITSI\vendor\codeigniter4\framework\system\CodeIgniter.php(354): CodeIgniter\CodeIgniter->handleRequest(NULL, Object(Config\Cache), false)
#8 C:\xampp\htdocs\ITSI\vendor\codeigniter4\framework\system\Boot.php(334): CodeIgniter\CodeIgniter->run()
#9 C:\xampp\htdocs\ITSI\vendor\codeigniter4\framework\system\Boot.php(67): CodeIgniter\Boot::runCodeIgniter(Object(CodeIgniter\CodeIgniter))
#10 C:\xampp\htdocs\ITSI\public\index.php(59): CodeIgniter\Boot::bootWeb(Object(Config\Paths))
#11 {main}
ERROR - 2026-03-24 16:56:18 --> Dashboard preprofesionales: Table 'itsi.instituciones_convenios' doesn't exist
ERROR - 2026-03-24 16:56:18 --> mysqli_sql_exception: Table 'itsi.instituciones_convenios' doesn't exist in C:\xampp\htdocs\ITSI\vendor\codeigniter4\framework\system\Database\MySQLi\Connection.php:327
Stack trace:
#0 C:\xampp\htdocs\ITSI\vendor\codeigniter4\framework\system\Database\MySQLi\Connection.php(327): mysqli->query('SELECT `sc`.*, ...', 0)
#1 C:\xampp\htdocs\ITSI\vendor\codeigniter4\framework\system\Database\BaseConnection.php(738): CodeIgniter\Database\MySQLi\Connection->execute('SELECT `sc`.*, ...')
#2 C:\xampp\htdocs\ITSI\vendor\codeigniter4\framework\system\Database\BaseConnection.php(652): CodeIgniter\Database\BaseConnection->simpleQuery('SELECT `sc`.*, ...')
#3 C:\xampp\htdocs\ITSI\vendor\codeigniter4\framework\system\Database\BaseBuilder.php(1649): CodeIgniter\Database\BaseConnection->query('SELECT `sc`.*, ...', Array, false)
#4 C:\xampp\htdocs\ITSI\app\Controllers\estudiante\DashboardEstudianteController.php(123): CodeIgniter\Database\BaseBuilder->get()
#5 C:\xampp\htdocs\ITSI\vendor\codeigniter4\framework\system\CodeIgniter.php(933): App\Controllers\estudiante\DashboardEstudianteController->index()
#6 C:\xampp\htdocs\ITSI\vendor\codeigniter4\framework\system\CodeIgniter.php(507): CodeIgniter\CodeIgniter->runController(Object(App\Controllers\estudiante\DashboardEstudianteController))
#7 C:\xampp\htdocs\ITSI\vendor\codeigniter4\framework\system\CodeIgniter.php(354): CodeIgniter\CodeIgniter->handleRequest(NULL, Object(Config\Cache), false)
#8 C:\xampp\htdocs\ITSI\vendor\codeigniter4\framework\system\Boot.php(334): CodeIgniter\CodeIgniter->run()
#9 C:\xampp\htdocs\ITSI\vendor\codeigniter4\framework\system\Boot.php(67): CodeIgniter\Boot::runCodeIgniter(Object(CodeIgniter\CodeIgniter))
#10 C:\xampp\htdocs\ITSI\public\index.php(59): CodeIgniter\Boot::bootWeb(Object(Config\Paths))
#11 {main}
ERROR - 2026-03-24 16:56:18 --> Dashboard servicio comunitario: Table 'itsi.instituciones_convenios' doesn't exist
DEBUG - 2026-03-24 16:56:22 --> Session: Class initialized using 'CodeIgniter\Session\Handlers\FileHandler' driver.
DEBUG - 2026-03-24 16:56:22 --> Session: Class initialized using 'CodeIgniter\Session\Handlers\FileHandler' driver.
DEBUG - 2026-03-24 16:56:31 --> Session: Class initialized using 'CodeIgniter\Session\Handlers\FileHandler' driver.
DEBUG - 2026-03-24 16:58:17 --> Session: Class initialized using 'CodeIgniter\Session\Handlers\FileHandler' driver.
DEBUG - 2026-03-24 16:58:23 --> Session: Class initialized using 'CodeIgniter\Session\Handlers\FileHandler' driver.
DEBUG - 2026-03-24 17:00:51 --> Session: Class initialized using 'CodeIgniter\Session\Handlers\FileHandler' driver.
DEBUG - 2026-03-24 17:00:56 --> Session: Class initialized using 'CodeIgniter\Session\Handlers\FileHandler' driver.
ERROR - 2026-03-24 17:00:56 --> mysqli_sql_exception: Table 'itsi.instituciones_convenios' doesn't exist in C:\xampp\htdocs\ITSI\vendor\codeigniter4\framework\system\Database\MySQLi\Connection.php:327
Stack trace:
#0 C:\xampp\htdocs\ITSI\vendor\codeigniter4\framework\system\Database\MySQLi\Connection.php(327): mysqli->query('SELECT `pp`.*, ...', 0)
#1 C:\xampp\htdocs\ITSI\vendor\codeigniter4\framework\system\Database\BaseConnection.php(738): CodeIgniter\Database\MySQLi\Connection->execute('SELECT `pp`.*, ...')
#2 C:\xampp\htdocs\ITSI\vendor\codeigniter4\framework\system\Database\BaseConnection.php(652): CodeIgniter\Database\BaseConnection->simpleQuery('SELECT `pp`.*, ...')
#3 C:\xampp\htdocs\ITSI\vendor\codeigniter4\framework\system\Database\BaseBuilder.php(1649): CodeIgniter\Database\BaseConnection->query('SELECT `pp`.*, ...', Array, false)
#4 C:\xampp\htdocs\ITSI\app\Controllers\estudiante\DashboardEstudianteController.php(96): CodeIgniter\Database\BaseBuilder->get()
#5 C:\xampp\htdocs\ITSI\vendor\codeigniter4\framework\system\CodeIgniter.php(933): App\Controllers\estudiante\DashboardEstudianteController->index()
#6 C:\xampp\htdocs\ITSI\vendor\codeigniter4\framework\system\CodeIgniter.php(507): CodeIgniter\CodeIgniter->runController(Object(App\Controllers\estudiante\DashboardEstudianteController))
#7 C:\xampp\htdocs\ITSI\vendor\codeigniter4\framework\system\CodeIgniter.php(354): CodeIgniter\CodeIgniter->handleRequest(NULL, Object(Config\Cache), false)
#8 C:\xampp\htdocs\ITSI\vendor\codeigniter4\framework\system\Boot.php(334): CodeIgniter\CodeIgniter->run()
#9 C:\xampp\htdocs\ITSI\vendor\codeigniter4\framework\system\Boot.php(67): CodeIgniter\Boot::runCodeIgniter(Object(CodeIgniter\CodeIgniter))
#10 C:\xampp\htdocs\ITSI\public\index.php(59): CodeIgniter\Boot::bootWeb(Object(Config\Paths))
#11 {main}
ERROR - 2026-03-24 17:00:56 --> Dashboard preprofesionales: Table 'itsi.instituciones_convenios' doesn't exist
ERROR - 2026-03-24 17:00:56 --> mysqli_sql_exception: Table 'itsi.instituciones_convenios' doesn't exist in C:\xampp\htdocs\ITSI\vendor\codeigniter4\framework\system\Database\MySQLi\Connection.php:327
Stack trace:
#0 C:\xampp\htdocs\ITSI\vendor\codeigniter4\framework\system\Database\MySQLi\Connection.php(327): mysqli->query('SELECT `sc`.*, ...', 0)
#1 C:\xampp\htdocs\ITSI\vendor\codeigniter4\framework\system\Database\BaseConnection.php(738): CodeIgniter\Database\MySQLi\Connection->execute('SELECT `sc`.*, ...')
#2 C:\xampp\htdocs\ITSI\vendor\codeigniter4\framework\system\Database\BaseConnection.php(652): CodeIgniter\Database\BaseConnection->simpleQuery('SELECT `sc`.*, ...')
#3 C:\xampp\htdocs\ITSI\vendor\codeigniter4\framework\system\Database\BaseBuilder.php(1649): CodeIgniter\Database\BaseConnection->query('SELECT `sc`.*, ...', Array, false)
#4 C:\xampp\htdocs\ITSI\app\Controllers\estudiante\DashboardEstudianteController.php(123): CodeIgniter\Database\BaseBuilder->get()
#5 C:\xampp\htdocs\ITSI\vendor\codeigniter4\framework\system\CodeIgniter.php(933): App\Controllers\estudiante\DashboardEstudianteController->index()
#6 C:\xampp\htdocs\ITSI\vendor\codeigniter4\framework\system\CodeIgniter.php(507): CodeIgniter\CodeIgniter->runController(Object(App\Controllers\estudiante\DashboardEstudianteController))
#7 C:\xampp\htdocs\ITSI\vendor\codeigniter4\framework\system\CodeIgniter.php(354): CodeIgniter\CodeIgniter->handleRequest(NULL, Object(Config\Cache), false)
#8 C:\xampp\htdocs\ITSI\vendor\codeigniter4\framework\system\Boot.php(334): CodeIgniter\CodeIgniter->run()
#9 C:\xampp\htdocs\ITSI\vendor\codeigniter4\framework\system\Boot.php(67): CodeIgniter\Boot::runCodeIgniter(Object(CodeIgniter\CodeIgniter))
#10 C:\xampp\htdocs\ITSI\public\index.php(59): CodeIgniter\Boot::bootWeb(Object(Config\Paths))
#11 {main}
ERROR - 2026-03-24 17:00:56 --> Dashboard servicio comunitario: Table 'itsi.instituciones_convenios' doesn't exist
DEBUG - 2026-03-24 17:01:03 --> Session: Class initialized using 'CodeIgniter\Session\Handlers\FileHandler' driver.
DEBUG - 2026-03-24 17:01:04 --> Session: Class initialized using 'CodeIgniter\Session\Handlers\FileHandler' driver.
DEBUG - 2026-03-24 17:01:04 --> Session: Class initialized using 'CodeIgniter\Session\Handlers\FileHandler' driver.
DEBUG - 2026-03-24 17:01:05 --> Session: Class initialized using 'CodeIgniter\Session\Handlers\FileHandler' driver.
DEBUG - 2026-03-24 17:01:05 --> Session: Class initialized using 'CodeIgniter\Session\Handlers\FileHandler' driver.
DEBUG - 2026-03-24 17:01:07 --> Session: Class initialized using 'CodeIgniter\Session\Handlers\FileHandler' driver.
ERROR - 2026-03-24 17:01:07 --> mysqli_sql_exception: Table 'itsi.instituciones_convenios' doesn't exist in C:\xampp\htdocs\ITSI\vendor\codeigniter4\framework\system\Database\MySQLi\Connection.php:327
Stack trace:
#0 C:\xampp\htdocs\ITSI\vendor\codeigniter4\framework\system\Database\MySQLi\Connection.php(327): mysqli->query('SELECT pp.ID_PR...', 0)
#1 C:\xampp\htdocs\ITSI\vendor\codeigniter4\framework\system\Database\BaseConnection.php(738): CodeIgniter\Database\MySQLi\Connection->execute('SELECT pp.ID_PR...')
#2 C:\xampp\htdocs\ITSI\vendor\codeigniter4\framework\system\Database\BaseConnection.php(652): CodeIgniter\Database\BaseConnection->simpleQuery('SELECT pp.ID_PR...')
#3 C:\xampp\htdocs\ITSI\vendor\codeigniter4\framework\system\Database\BaseBuilder.php(1649): CodeIgniter\Database\BaseConnection->query('SELECT pp.ID_PR...', Array, false)
#4 C:\xampp\htdocs\ITSI\app\Controllers\estudiante\DocumentosPracticasEstudianteController.php(105): CodeIgniter\Database\BaseBuilder->get()
#5 C:\xampp\htdocs\ITSI\app\Controllers\estudiante\DocumentosPracticasEstudianteController.php(48): App\Controllers\estudiante\DocumentosPracticasEstudianteController->obtenerPracticasDocumentacionEstudiante(3)
#6 C:\xampp\htdocs\ITSI\vendor\codeigniter4\framework\system\CodeIgniter.php(933): App\Controllers\estudiante\DocumentosPracticasEstudianteController->index()
#7 C:\xampp\htdocs\ITSI\vendor\codeigniter4\framework\system\CodeIgniter.php(507): CodeIgniter\CodeIgniter->runController(Object(App\Controllers\estudiante\DocumentosPracticasEstudianteController))
#8 C:\xampp\htdocs\ITSI\vendor\codeigniter4\framework\system\CodeIgniter.php(354): CodeIgniter\CodeIgniter->handleRequest(NULL, Object(Config\Cache), false)
#9 C:\xampp\htdocs\ITSI\vendor\codeigniter4\framework\system\Boot.php(334): CodeIgniter\CodeIgniter->run()
#10 C:\xampp\htdocs\ITSI\vendor\codeigniter4\framework\system\Boot.php(67): CodeIgniter\Boot::runCodeIgniter(Object(CodeIgniter\CodeIgniter))
#11 C:\xampp\htdocs\ITSI\public\index.php(59): CodeIgniter\Boot::bootWeb(Object(Config\Paths))
#12 {main}
ERROR - 2026-03-24 17:01:07 --> obtenerPracticasDocumentacionEstudiante: Table 'itsi.instituciones_convenios' doesn't exist
DEBUG - 2026-03-24 17:01:44 --> Session: Class initialized using 'CodeIgniter\Session\Handlers\FileHandler' driver.
DEBUG - 2026-03-24 17:02:23 --> Session: Class initialized using 'CodeIgniter\Session\Handlers\FileHandler' driver.
INFO - 2026-03-24 17:02:23 --> PerfilEstudianteController::update - Iniciando actualización de perfil
INFO - 2026-03-24 17:02:23 --> Sesión logged_in: true
INFO - 2026-03-24 17:02:23 --> ID Usuario: 3
INFO - 2026-03-24 17:02:23 --> Datos a actualizar - Usuario ID: 3 - Datos: {"CELULAR":"0991185430","DIRECCION":"Av. Atahualpa y Teodoro","EMAIL":"yamis_cp@hotmail.com","GENERO":"Masculino","ESTADO_CIVIL":"Casado\/a","NACIONALIDAD":"Ecuatoriano"}
DEBUG - 2026-03-24 17:02:23 --> Session: Class initialized using 'CodeIgniter\Session\Handlers\FileHandler' driver.
DEBUG - 2026-03-24 17:02:52 --> Session: Class initialized using 'CodeIgniter\Session\Handlers\FileHandler' driver.
DEBUG - 2026-03-24 17:02:53 --> Session: Class initialized using 'CodeIgniter\Session\Handlers\FileHandler' driver.
DEBUG - 2026-03-24 17:02:54 --> Session: Class initialized using 'CodeIgniter\Session\Handlers\FileHandler' driver.
ERROR - 2026-03-24 17:02:54 --> mysqli_sql_exception: Table 'itsi.instituciones_convenios' doesn't exist in C:\xampp\htdocs\ITSI\vendor\codeigniter4\framework\system\Database\MySQLi\Connection.php:327
Stack trace:
#0 C:\xampp\htdocs\ITSI\vendor\codeigniter4\framework\system\Database\MySQLi\Connection.php(327): mysqli->query('SELECT `pp`.*, ...', 0)
#1 C:\xampp\htdocs\ITSI\vendor\codeigniter4\framework\system\Database\BaseConnection.php(738): CodeIgniter\Database\MySQLi\Connection->execute('SELECT `pp`.*, ...')
#2 C:\xampp\htdocs\ITSI\vendor\codeigniter4\framework\system\Database\BaseConnection.php(652): CodeIgniter\Database\BaseConnection->simpleQuery('SELECT `pp`.*, ...')
#3 C:\xampp\htdocs\ITSI\vendor\codeigniter4\framework\system\Database\BaseBuilder.php(1649): CodeIgniter\Database\BaseConnection->query('SELECT `pp`.*, ...', Array, false)
#4 C:\xampp\htdocs\ITSI\app\Controllers\estudiante\DashboardEstudianteController.php(96): CodeIgniter\Database\BaseBuilder->get()
#5 C:\xampp\htdocs\ITSI\vendor\codeigniter4\framework\system\CodeIgniter.php(933): App\Controllers\estudiante\DashboardEstudianteController->index()
#6 C:\xampp\htdocs\ITSI\vendor\codeigniter4\framework\system\CodeIgniter.php(507): CodeIgniter\CodeIgniter->runController(Object(App\Controllers\estudiante\DashboardEstudianteController))
#7 C:\xampp\htdocs\ITSI\vendor\codeigniter4\framework\system\CodeIgniter.php(354): CodeIgniter\CodeIgniter->handleRequest(NULL, Object(Config\Cache), false)
#8 C:\xampp\htdocs\ITSI\vendor\codeigniter4\framework\system\Boot.php(334): CodeIgniter\CodeIgniter->run()
#9 C:\xampp\htdocs\ITSI\vendor\codeigniter4\framework\system\Boot.php(67): CodeIgniter\Boot::runCodeIgniter(Object(CodeIgniter\CodeIgniter))
#10 C:\xampp\htdocs\ITSI\public\index.php(59): CodeIgniter\Boot::bootWeb(Object(Config\Paths))
#11 {main}
ERROR - 2026-03-24 17:02:54 --> Dashboard preprofesionales: Table 'itsi.instituciones_convenios' doesn't exist
ERROR - 2026-03-24 17:02:54 --> mysqli_sql_exception: Table 'itsi.instituciones_convenios' doesn't exist in C:\xampp\htdocs\ITSI\vendor\codeigniter4\framework\system\Database\MySQLi\Connection.php:327
Stack trace:
#0 C:\xampp\htdocs\ITSI\vendor\codeigniter4\framework\system\Database\MySQLi\Connection.php(327): mysqli->query('SELECT `sc`.*, ...', 0)
#1 C:\xampp\htdocs\ITSI\vendor\codeigniter4\framework\system\Database\BaseConnection.php(738): CodeIgniter\Database\MySQLi\Connection->execute('SELECT `sc`.*, ...')
#2 C:\xampp\htdocs\ITSI\vendor\codeigniter4\framework\system\Database\BaseConnection.php(652): CodeIgniter\Database\BaseConnection->simpleQuery('SELECT `sc`.*, ...')
#3 C:\xampp\htdocs\ITSI\vendor\codeigniter4\framework\system\Database\BaseBuilder.php(1649): CodeIgniter\Database\BaseConnection->query('SELECT `sc`.*, ...', Array, false)
#4 C:\xampp\htdocs\ITSI\app\Controllers\estudiante\DashboardEstudianteController.php(123): CodeIgniter\Database\BaseBuilder->get()
#5 C:\xampp\htdocs\ITSI\vendor\codeigniter4\framework\system\CodeIgniter.php(933): App\Controllers\estudiante\DashboardEstudianteController->index()
#6 C:\xampp\htdocs\ITSI\vendor\codeigniter4\framework\system\CodeIgniter.php(507): CodeIgniter\CodeIgniter->runController(Object(App\Controllers\estudiante\DashboardEstudianteController))
#7 C:\xampp\htdocs\ITSI\vendor\codeigniter4\framework\system\CodeIgniter.php(354): CodeIgniter\CodeIgniter->handleRequest(NULL, Object(Config\Cache), false)
#8 C:\xampp\htdocs\ITSI\vendor\codeigniter4\framework\system\Boot.php(334): CodeIgniter\CodeIgniter->run()
#9 C:\xampp\htdocs\ITSI\vendor\codeigniter4\framework\system\Boot.php(67): CodeIgniter\Boot::runCodeIgniter(Object(CodeIgniter\CodeIgniter))
#10 C:\xampp\htdocs\ITSI\public\index.php(59): CodeIgniter\Boot::bootWeb(Object(Config\Paths))
#11 {main}
ERROR - 2026-03-24 17:02:54 --> Dashboard servicio comunitario: Table 'itsi.instituciones_convenios' doesn't exist
DEBUG - 2026-03-24 17:02:56 --> Session: Class initialized using 'CodeIgniter\Session\Handlers\FileHandler' driver.
DEBUG - 2026-03-24 17:03:09 --> Session: Class initialized using 'CodeIgniter\Session\Handlers\FileHandler' driver.
DEBUG - 2026-03-24 17:03:18 --> Session: Class initialized using 'CodeIgniter\Session\Handlers\FileHandler' driver.
DEBUG - 2026-03-24 17:03:25 --> Session: Class initialized using 'CodeIgniter\Session\Handlers\FileHandler' driver.
DEBUG - 2026-03-24 17:04:55 --> Session: Class initialized using 'CodeIgniter\Session\Handlers\FileHandler' driver.
ERROR - 2026-03-24 17:04:55 --> mysqli_sql_exception: Table 'itsi.instituciones_convenios' doesn't exist in C:\xampp\htdocs\ITSI\vendor\codeigniter4\framework\system\Database\MySQLi\Connection.php:327
Stack trace:
#0 C:\xampp\htdocs\ITSI\vendor\codeigniter4\framework\system\Database\MySQLi\Connection.php(327): mysqli->query('SELECT `pp`.*, ...', 0)
#1 C:\xampp\htdocs\ITSI\vendor\codeigniter4\framework\system\Database\BaseConnection.php(738): CodeIgniter\Database\MySQLi\Connection->execute('SELECT `pp`.*, ...')
#2 C:\xampp\htdocs\ITSI\vendor\codeigniter4\framework\system\Database\BaseConnection.php(652): CodeIgniter\Database\BaseConnection->simpleQuery('SELECT `pp`.*, ...')
#3 C:\xampp\htdocs\ITSI\vendor\codeigniter4\framework\system\Database\BaseBuilder.php(1649): CodeIgniter\Database\BaseConnection->query('SELECT `pp`.*, ...', Array, false)
#4 C:\xampp\htdocs\ITSI\app\Controllers\estudiante\DashboardEstudianteController.php(96): CodeIgniter\Database\BaseBuilder->get()
#5 C:\xampp\htdocs\ITSI\vendor\codeigniter4\framework\system\CodeIgniter.php(933): App\Controllers\estudiante\DashboardEstudianteController->index()
#6 C:\xampp\htdocs\ITSI\vendor\codeigniter4\framework\system\CodeIgniter.php(507): CodeIgniter\CodeIgniter->runController(Object(App\Controllers\estudiante\DashboardEstudianteController))
#7 C:\xampp\htdocs\ITSI\vendor\codeigniter4\framework\system\CodeIgniter.php(354): CodeIgniter\CodeIgniter->handleRequest(NULL, Object(Config\Cache), false)
#8 C:\xampp\htdocs\ITSI\vendor\codeigniter4\framework\system\Boot.php(334): CodeIgniter\CodeIgniter->run()
#9 C:\xampp\htdocs\ITSI\vendor\codeigniter4\framework\system\Boot.php(67): CodeIgniter\Boot::runCodeIgniter(Object(CodeIgniter\CodeIgniter))
#10 C:\xampp\htdocs\ITSI\public\index.php(59): CodeIgniter\Boot::bootWeb(Object(Config\Paths))
#11 {main}
ERROR - 2026-03-24 17:04:55 --> Dashboard preprofesionales: Table 'itsi.instituciones_convenios' doesn't exist
ERROR - 2026-03-24 17:04:55 --> mysqli_sql_exception: Table 'itsi.instituciones_convenios' doesn't exist in C:\xampp\htdocs\ITSI\vendor\codeigniter4\framework\system\Database\MySQLi\Connection.php:327
Stack trace:
#0 C:\xampp\htdocs\ITSI\vendor\codeigniter4\framework\system\Database\MySQLi\Connection.php(327): mysqli->query('SELECT `sc`.*, ...', 0)
#1 C:\xampp\htdocs\ITSI\vendor\codeigniter4\framework\system\Database\BaseConnection.php(738): CodeIgniter\Database\MySQLi\Connection->execute('SELECT `sc`.*, ...')
#2 C:\xampp\htdocs\ITSI\vendor\codeigniter4\framework\system\Database\BaseConnection.php(652): CodeIgniter\Database\BaseConnection->simpleQuery('SELECT `sc`.*, ...')
#3 C:\xampp\htdocs\ITSI\vendor\codeigniter4\framework\system\Database\BaseBuilder.php(1649): CodeIgniter\Database\BaseConnection->query('SELECT `sc`.*, ...', Array, false)
#4 C:\xampp\htdocs\ITSI\app\Controllers\estudiante\DashboardEstudianteController.php(123): CodeIgniter\Database\BaseBuilder->get()
#5 C:\xampp\htdocs\ITSI\vendor\codeigniter4\framework\system\CodeIgniter.php(933): App\Controllers\estudiante\DashboardEstudianteController->index()
#6 C:\xampp\htdocs\ITSI\vendor\codeigniter4\framework\system\CodeIgniter.php(507): CodeIgniter\CodeIgniter->runController(Object(App\Controllers\estudiante\DashboardEstudianteController))
#7 C:\xampp\htdocs\ITSI\vendor\codeigniter4\framework\system\CodeIgniter.php(354): CodeIgniter\CodeIgniter->handleRequest(NULL, Object(Config\Cache), false)
#8 C:\xampp\htdocs\ITSI\vendor\codeigniter4\framework\system\Boot.php(334): CodeIgniter\CodeIgniter->run()
#9 C:\xampp\htdocs\ITSI\vendor\codeigniter4\framework\system\Boot.php(67): CodeIgniter\Boot::runCodeIgniter(Object(CodeIgniter\CodeIgniter))
#10 C:\xampp\htdocs\ITSI\public\index.php(59): CodeIgniter\Boot::bootWeb(Object(Config\Paths))
#11 {main}
ERROR - 2026-03-24 17:04:55 --> Dashboard servicio comunitario: Table 'itsi.instituciones_convenios' doesn't exist
DEBUG - 2026-03-24 17:04:56 --> Session: Class initialized using 'CodeIgniter\Session\Handlers\FileHandler' driver.
DEBUG - 2026-03-24 17:04:57 --> Session: Class initialized using 'CodeIgniter\Session\Handlers\FileHandler' driver.
DEBUG - 2026-03-24 17:04:58 --> Session: Class initialized using 'CodeIgniter\Session\Handlers\FileHandler' driver.
DEBUG - 2026-03-24 17:04:58 --> Session: Class initialized using 'CodeIgniter\Session\Handlers\FileHandler' driver.
DEBUG - 2026-03-24 17:04:58 --> Session: Class initialized using 'CodeIgniter\Session\Handlers\FileHandler' driver.
DEBUG - 2026-03-24 17:04:59 --> Session: Class initialized using 'CodeIgniter\Session\Handlers\FileHandler' driver.
DEBUG - 2026-03-24 17:05:01 --> Session: Class initialized using 'CodeIgniter\Session\Handlers\FileHandler' driver.
ERROR - 2026-03-24 17:05:01 --> mysqli_sql_exception: Table 'itsi.instituciones_convenios' doesn't exist in C:\xampp\htdocs\ITSI\vendor\codeigniter4\framework\system\Database\MySQLi\Connection.php:327
Stack trace:
#0 C:\xampp\htdocs\ITSI\vendor\codeigniter4\framework\system\Database\MySQLi\Connection.php(327): mysqli->query('SELECT pp.ID_PR...', 0)
#1 C:\xampp\htdocs\ITSI\vendor\codeigniter4\framework\system\Database\BaseConnection.php(738): CodeIgniter\Database\MySQLi\Connection->execute('SELECT pp.ID_PR...')
#2 C:\xampp\htdocs\ITSI\vendor\codeigniter4\framework\system\Database\BaseConnection.php(652): CodeIgniter\Database\BaseConnection->simpleQuery('SELECT pp.ID_PR...')
#3 C:\xampp\htdocs\ITSI\vendor\codeigniter4\framework\system\Database\BaseBuilder.php(1649): CodeIgniter\Database\BaseConnection->query('SELECT pp.ID_PR...', Array, false)
#4 C:\xampp\htdocs\ITSI\app\Controllers\estudiante\DocumentosPracticasEstudianteController.php(105): CodeIgniter\Database\BaseBuilder->get()
#5 C:\xampp\htdocs\ITSI\app\Controllers\estudiante\DocumentosPracticasEstudianteController.php(48): App\Controllers\estudiante\DocumentosPracticasEstudianteController->obtenerPracticasDocumentacionEstudiante(3)
#6 C:\xampp\htdocs\ITSI\vendor\codeigniter4\framework\system\CodeIgniter.php(933): App\Controllers\estudiante\DocumentosPracticasEstudianteController->index()
#7 C:\xampp\htdocs\ITSI\vendor\codeigniter4\framework\system\CodeIgniter.php(507): CodeIgniter\CodeIgniter->runController(Object(App\Controllers\estudiante\DocumentosPracticasEstudianteController))
#8 C:\xampp\htdocs\ITSI\vendor\codeigniter4\framework\system\CodeIgniter.php(354): CodeIgniter\CodeIgniter->handleRequest(NULL, Object(Config\Cache), false)
#9 C:\xampp\htdocs\ITSI\vendor\codeigniter4\framework\system\Boot.php(334): CodeIgniter\CodeIgniter->run()
#10 C:\xampp\htdocs\ITSI\vendor\codeigniter4\framework\system\Boot.php(67): CodeIgniter\Boot::runCodeIgniter(Object(CodeIgniter\CodeIgniter))
#11 C:\xampp\htdocs\ITSI\public\index.php(59): CodeIgniter\Boot::bootWeb(Object(Config\Paths))
#12 {main}
ERROR - 2026-03-24 17:05:01 --> obtenerPracticasDocumentacionEstudiante: Table 'itsi.instituciones_convenios' doesn't exist
DEBUG - 2026-03-24 17:05:02 --> Session: Class initialized using 'CodeIgniter\Session\Handlers\FileHandler' driver.
DEBUG - 2026-03-24 17:05:03 --> Session: Class initialized using 'CodeIgniter\Session\Handlers\FileHandler' driver.
ERROR - 2026-03-24 17:05:03 --> mysqli_sql_exception: Table 'itsi.instituciones_convenios' doesn't exist in C:\xampp\htdocs\ITSI\vendor\codeigniter4\framework\system\Database\MySQLi\Connection.php:327
Stack trace:
#0 C:\xampp\htdocs\ITSI\vendor\codeigniter4\framework\system\Database\MySQLi\Connection.php(327): mysqli->query('SELECT sc.ID_SE...', 0)
#1 C:\xampp\htdocs\ITSI\vendor\codeigniter4\framework\system\Database\BaseConnection.php(738): CodeIgniter\Database\MySQLi\Connection->execute('SELECT sc.ID_SE...')
#2 C:\xampp\htdocs\ITSI\vendor\codeigniter4\framework\system\Database\BaseConnection.php(652): CodeIgniter\Database\BaseConnection->simpleQuery('SELECT sc.ID_SE...')
#3 C:\xampp\htdocs\ITSI\vendor\codeigniter4\framework\system\Database\BaseBuilder.php(1649): CodeIgniter\Database\BaseConnection->query('SELECT sc.ID_SE...', Array, false)
#4 C:\xampp\htdocs\ITSI\app\Controllers\estudiante\DocumentosServicioComunitarioEstudianteController.php(105): CodeIgniter\Database\BaseBuilder->get()
#5 C:\xampp\htdocs\ITSI\app\Controllers\estudiante\DocumentosServicioComunitarioEstudianteController.php(47): App\Controllers\estudiante\DocumentosServicioComunitarioEstudianteController->obtenerServiciosDocumentacionEstudiante(3)
#6 C:\xampp\htdocs\ITSI\vendor\codeigniter4\framework\system\CodeIgniter.php(933): App\Controllers\estudiante\DocumentosServicioComunitarioEstudianteController->index()
#7 C:\xampp\htdocs\ITSI\vendor\codeigniter4\framework\system\CodeIgniter.php(507): CodeIgniter\CodeIgniter->runController(Object(App\Controllers\estudiante\DocumentosServicioComunitarioEstudianteController))
#8 C:\xampp\htdocs\ITSI\vendor\codeigniter4\framework\system\CodeIgniter.php(354): CodeIgniter\CodeIgniter->handleRequest(NULL, Object(Config\Cache), false)
#9 C:\xampp\htdocs\ITSI\vendor\codeigniter4\framework\system\Boot.php(334): CodeIgniter\CodeIgniter->run()
#10 C:\xampp\htdocs\ITSI\vendor\codeigniter4\framework\system\Boot.php(67): CodeIgniter\Boot::runCodeIgniter(Object(CodeIgniter\CodeIgniter))
#11 C:\xampp\htdocs\ITSI\public\index.php(59): CodeIgniter\Boot::bootWeb(Object(Config\Paths))
#12 {main}
ERROR - 2026-03-24 17:05:03 --> obtenerServiciosDocumentacionEstudiante: Table 'itsi.instituciones_convenios' doesn't exist
DEBUG - 2026-03-24 17:05:04 --> Session: Class initialized using 'CodeIgniter\Session\Handlers\FileHandler' driver.
DEBUG - 2026-03-24 17:08:04 --> Session: Class initialized using 'CodeIgniter\Session\Handlers\FileHandler' driver.
DEBUG - 2026-03-24 17:08:10 --> Session: Class initialized using 'CodeIgniter\Session\Handlers\FileHandler' driver.
DEBUG - 2026-03-24 17:08:20 --> Session: Class initialized using 'CodeIgniter\Session\Handlers\FileHandler' driver.
DEBUG - 2026-03-24 17:09:33 --> Session: Class initialized using 'CodeIgniter\Session\Handlers\FileHandler' driver.
ERROR - 2026-03-24 17:09:33 --> mysqli_sql_exception: Table 'itsi.instituciones_convenios' doesn't exist in C:\xampp\htdocs\ITSI\vendor\codeigniter4\framework\system\Database\MySQLi\Connection.php:327
Stack trace:
#0 C:\xampp\htdocs\ITSI\vendor\codeigniter4\framework\system\Database\MySQLi\Connection.php(327): mysqli->query('SELECT `pp`.*, ...', 0)
#1 C:\xampp\htdocs\ITSI\vendor\codeigniter4\framework\system\Database\BaseConnection.php(738): CodeIgniter\Database\MySQLi\Connection->execute('SELECT `pp`.*, ...')
#2 C:\xampp\htdocs\ITSI\vendor\codeigniter4\framework\system\Database\BaseConnection.php(652): CodeIgniter\Database\BaseConnection->simpleQuery('SELECT `pp`.*, ...')
#3 C:\xampp\htdocs\ITSI\vendor\codeigniter4\framework\system\Database\BaseBuilder.php(1649): CodeIgniter\Database\BaseConnection->query('SELECT `pp`.*, ...', Array, false)
#4 C:\xampp\htdocs\ITSI\app\Controllers\estudiante\DashboardEstudianteController.php(96): CodeIgniter\Database\BaseBuilder->get()
#5 C:\xampp\htdocs\ITSI\vendor\codeigniter4\framework\system\CodeIgniter.php(933): App\Controllers\estudiante\DashboardEstudianteController->index()
#6 C:\xampp\htdocs\ITSI\vendor\codeigniter4\framework\system\CodeIgniter.php(507): CodeIgniter\CodeIgniter->runController(Object(App\Controllers\estudiante\DashboardEstudianteController))
#7 C:\xampp\htdocs\ITSI\vendor\codeigniter4\framework\system\CodeIgniter.php(354): CodeIgniter\CodeIgniter->handleRequest(NULL, Object(Config\Cache), false)
#8 C:\xampp\htdocs\ITSI\vendor\codeigniter4\framework\system\Boot.php(334): CodeIgniter\CodeIgniter->run()
#9 C:\xampp\htdocs\ITSI\vendor\codeigniter4\framework\system\Boot.php(67): CodeIgniter\Boot::runCodeIgniter(Object(CodeIgniter\CodeIgniter))
#10 C:\xampp\htdocs\ITSI\public\index.php(59): CodeIgniter\Boot::bootWeb(Object(Config\Paths))
#11 {main}
ERROR - 2026-03-24 17:09:33 --> Dashboard preprofesionales: Table 'itsi.instituciones_convenios' doesn't exist
ERROR - 2026-03-24 17:09:33 --> mysqli_sql_exception: Table 'itsi.instituciones_convenios' doesn't exist in C:\xampp\htdocs\ITSI\vendor\codeigniter4\framework\system\Database\MySQLi\Connection.php:327
Stack trace:
#0 C:\xampp\htdocs\ITSI\vendor\codeigniter4\framework\system\Database\MySQLi\Connection.php(327): mysqli->query('SELECT `sc`.*, ...', 0)
#1 C:\xampp\htdocs\ITSI\vendor\codeigniter4\framework\system\Database\BaseConnection.php(738): CodeIgniter\Database\MySQLi\Connection->execute('SELECT `sc`.*, ...')
#2 C:\xampp\htdocs\ITSI\vendor\codeigniter4\framework\system\Database\BaseConnection.php(652): CodeIgniter\Database\BaseConnection->simpleQuery('SELECT `sc`.*, ...')
#3 C:\xampp\htdocs\ITSI\vendor\codeigniter4\framework\system\Database\BaseBuilder.php(1649): CodeIgniter\Database\BaseConnection->query('SELECT `sc`.*, ...', Array, false)
#4 C:\xampp\htdocs\ITSI\app\Controllers\estudiante\DashboardEstudianteController.php(123): CodeIgniter\Database\BaseBuilder->get()
#5 C:\xampp\htdocs\ITSI\vendor\codeigniter4\framework\system\CodeIgniter.php(933): App\Controllers\estudiante\DashboardEstudianteController->index()
#6 C:\xampp\htdocs\ITSI\vendor\codeigniter4\framework\system\CodeIgniter.php(507): CodeIgniter\CodeIgniter->runController(Object(App\Controllers\estudiante\DashboardEstudianteController))
#7 C:\xampp\htdocs\ITSI\vendor\codeigniter4\framework\system\CodeIgniter.php(354): CodeIgniter\CodeIgniter->handleRequest(NULL, Object(Config\Cache), false)
#8 C:\xampp\htdocs\ITSI\vendor\codeigniter4\framework\system\Boot.php(334): CodeIgniter\CodeIgniter->run()
#9 C:\xampp\htdocs\ITSI\vendor\codeigniter4\framework\system\Boot.php(67): CodeIgniter\Boot::runCodeIgniter(Object(CodeIgniter\CodeIgniter))
#10 C:\xampp\htdocs\ITSI\public\index.php(59): CodeIgniter\Boot::bootWeb(Object(Config\Paths))
#11 {main}
ERROR - 2026-03-24 17:09:33 --> Dashboard servicio comunitario: Table 'itsi.instituciones_convenios' doesn't exist
DEBUG - 2026-03-24 17:09:42 --> Session: Class initialized using 'CodeIgniter\Session\Handlers\FileHandler' driver.
DEBUG - 2026-03-24 17:09:43 --> Session: Class initialized using 'CodeIgniter\Session\Handlers\FileHandler' driver.
DEBUG - 2026-03-24 17:09:52 --> Session: Class initialized using 'CodeIgniter\Session\Handlers\FileHandler' driver.
DEBUG - 2026-03-24 17:09:52 --> Session: Class initialized using 'CodeIgniter\Session\Handlers\FileHandler' driver.
DEBUG - 2026-03-24 17:09:52 --> Session: Class initialized using 'CodeIgniter\Session\Handlers\FileHandler' driver.
DEBUG - 2026-03-24 17:09:58 --> Session: Class initialized using 'CodeIgniter\Session\Handlers\FileHandler' driver.
DEBUG - 2026-03-24 17:10:07 --> Session: Class initialized using 'CodeIgniter\Session\Handlers\FileHandler' driver.
ERROR - 2026-03-24 17:10:07 --> mysqli_sql_exception: Table 'itsi.instituciones_convenios' doesn't exist in C:\xampp\htdocs\ITSI\vendor\codeigniter4\framework\system\Database\MySQLi\Connection.php:327
Stack trace:
#0 C:\xampp\htdocs\ITSI\vendor\codeigniter4\framework\system\Database\MySQLi\Connection.php(327): mysqli->query('SELECT pp.ID_PR...', 0)
#1 C:\xampp\htdocs\ITSI\vendor\codeigniter4\framework\system\Database\BaseConnection.php(738): CodeIgniter\Database\MySQLi\Connection->execute('SELECT pp.ID_PR...')
#2 C:\xampp\htdocs\ITSI\vendor\codeigniter4\framework\system\Database\BaseConnection.php(652): CodeIgniter\Database\BaseConnection->simpleQuery('SELECT pp.ID_PR...')
#3 C:\xampp\htdocs\ITSI\vendor\codeigniter4\framework\system\Database\BaseBuilder.php(1649): CodeIgniter\Database\BaseConnection->query('SELECT pp.ID_PR...', Array, false)
#4 C:\xampp\htdocs\ITSI\app\Controllers\estudiante\DocumentosPracticasEstudianteController.php(105): CodeIgniter\Database\BaseBuilder->get()
#5 C:\xampp\htdocs\ITSI\app\Controllers\estudiante\DocumentosPracticasEstudianteController.php(48): App\Controllers\estudiante\DocumentosPracticasEstudianteController->obtenerPracticasDocumentacionEstudiante(3)
#6 C:\xampp\htdocs\ITSI\vendor\codeigniter4\framework\system\CodeIgniter.php(933): App\Controllers\estudiante\DocumentosPracticasEstudianteController->index()
#7 C:\xampp\htdocs\ITSI\vendor\codeigniter4\framework\system\CodeIgniter.php(507): CodeIgniter\CodeIgniter->runController(Object(App\Controllers\estudiante\DocumentosPracticasEstudianteController))
#8 C:\xampp\htdocs\ITSI\vendor\codeigniter4\framework\system\CodeIgniter.php(354): CodeIgniter\CodeIgniter->handleRequest(NULL, Object(Config\Cache), false)
#9 C:\xampp\htdocs\ITSI\vendor\codeigniter4\framework\system\Boot.php(334): CodeIgniter\CodeIgniter->run()
#10 C:\xampp\htdocs\ITSI\vendor\codeigniter4\framework\system\Boot.php(67): CodeIgniter\Boot::runCodeIgniter(Object(CodeIgniter\CodeIgniter))
#11 C:\xampp\htdocs\ITSI\public\index.php(59): CodeIgniter\Boot::bootWeb(Object(Config\Paths))
#12 {main}
ERROR - 2026-03-24 17:10:07 --> obtenerPracticasDocumentacionEstudiante: Table 'itsi.instituciones_convenios' doesn't exist
DEBUG - 2026-03-24 17:10:29 --> Session: Class initialized using 'CodeIgniter\Session\Handlers\FileHandler' driver.
DEBUG - 2026-03-24 17:11:32 --> Session: Class initialized using 'CodeIgniter\Session\Handlers\FileHandler' driver.
DEBUG - 2026-03-24 17:11:37 --> Session: Class initialized using 'CodeIgniter\Session\Handlers\FileHandler' driver.
DEBUG - 2026-03-24 17:11:49 --> Session: Class initialized using 'CodeIgniter\Session\Handlers\FileHandler' driver.
DEBUG - 2026-03-24 17:17:09 --> Session: Class initialized using 'CodeIgniter\Session\Handlers\FileHandler' driver.
DEBUG - 2026-03-24 17:17:13 --> Session: Class initialized using 'CodeIgniter\Session\Handlers\FileHandler' driver.
DEBUG - 2026-03-24 17:17:18 --> Session: Class initialized using 'CodeIgniter\Session\Handlers\FileHandler' driver.
DEBUG - 2026-03-24 17:17:19 --> Session: Class initialized using 'CodeIgniter\Session\Handlers\FileHandler' driver.
DEBUG - 2026-03-24 17:17:20 --> Session: Class initialized using 'CodeIgniter\Session\Handlers\FileHandler' driver.
DEBUG - 2026-03-24 17:17:20 --> Session: Class initialized using 'CodeIgniter\Session\Handlers\FileHandler' driver.
DEBUG - 2026-03-24 17:17:21 --> Session: Class initialized using 'CodeIgniter\Session\Handlers\FileHandler' driver.
ERROR - 2026-03-24 17:17:21 --> mysqli_sql_exception: Table 'itsi.instituciones_convenios' doesn't exist in C:\xampp\htdocs\ITSI\vendor\codeigniter4\framework\system\Database\MySQLi\Connection.php:327
Stack trace:
#0 C:\xampp\htdocs\ITSI\vendor\codeigniter4\framework\system\Database\MySQLi\Connection.php(327): mysqli->query('SELECT pp.ID_PR...', 0)
#1 C:\xampp\htdocs\ITSI\vendor\codeigniter4\framework\system\Database\BaseConnection.php(738): CodeIgniter\Database\MySQLi\Connection->execute('SELECT pp.ID_PR...')
#2 C:\xampp\htdocs\ITSI\vendor\codeigniter4\framework\system\Database\BaseConnection.php(652): CodeIgniter\Database\BaseConnection->simpleQuery('SELECT pp.ID_PR...')
#3 C:\xampp\htdocs\ITSI\vendor\codeigniter4\framework\system\Database\BaseBuilder.php(1649): CodeIgniter\Database\BaseConnection->query('SELECT pp.ID_PR...', Array, false)
#4 C:\xampp\htdocs\ITSI\app\Controllers\estudiante\DocumentosPracticasEstudianteController.php(105): CodeIgniter\Database\BaseBuilder->get()
#5 C:\xampp\htdocs\ITSI\app\Controllers\estudiante\DocumentosPracticasEstudianteController.php(48): App\Controllers\estudiante\DocumentosPracticasEstudianteController->obtenerPracticasDocumentacionEstudiante(3)
#6 C:\xampp\htdocs\ITSI\vendor\codeigniter4\framework\system\CodeIgniter.php(933): App\Controllers\estudiante\DocumentosPracticasEstudianteController->index()
#7 C:\xampp\htdocs\ITSI\vendor\codeigniter4\framework\system\CodeIgniter.php(507): CodeIgniter\CodeIgniter->runController(Object(App\Controllers\estudiante\DocumentosPracticasEstudianteController))
#8 C:\xampp\htdocs\ITSI\vendor\codeigniter4\framework\system\CodeIgniter.php(354): CodeIgniter\CodeIgniter->handleRequest(NULL, Object(Config\Cache), false)
#9 C:\xampp\htdocs\ITSI\vendor\codeigniter4\framework\system\Boot.php(334): CodeIgniter\CodeIgniter->run()
#10 C:\xampp\htdocs\ITSI\vendor\codeigniter4\framework\system\Boot.php(67): CodeIgniter\Boot::runCodeIgniter(Object(CodeIgniter\CodeIgniter))
#11 C:\xampp\htdocs\ITSI\public\index.php(59): CodeIgniter\Boot::bootWeb(Object(Config\Paths))
#12 {main}
ERROR - 2026-03-24 17:17:21 --> obtenerPracticasDocumentacionEstudiante: Table 'itsi.instituciones_convenios' doesn't exist
DEBUG - 2026-03-24 17:23:31 --> Session: Class initialized using 'CodeIgniter\Session\Handlers\FileHandler' driver.
INFO - 2026-03-24 17:23:31 --> Iniciando proceso de cierre de sesión para usuario: paguirre
INFO - 2026-03-24 17:23:31 --> Sesión cerrada exitosamente
DEBUG - 2026-03-24 17:23:31 --> Session: Class initialized using 'CodeIgniter\Session\Handlers\FileHandler' driver.
DEBUG - 2026-03-24 17:27:04 --> Session: Class initialized using 'CodeIgniter\Session\Handlers\FileHandler' driver.
DEBUG - 2026-03-24 17:27:04 --> Session: Class initialized using 'CodeIgniter\Session\Handlers\FileHandler' driver.
DEBUG - 2026-03-24 17:27:08 --> Session: Class initialized using 'CodeIgniter\Session\Handlers\FileHandler' driver.
DEBUG - 2026-03-24 17:27:16 --> Session: Class initialized using 'CodeIgniter\Session\Handlers\FileHandler' driver.
ERROR - 2026-03-24 17:27:16 --> Recuperación de contraseña: defina email.fromEmail en .env o fromEmail en app/Config/Email.php
ERROR - 2026-03-24 17:27:16 --> No se pudo enviar el correo de recuperación a: yamis_cp@hotmail.com
DEBUG - 2026-03-24 17:27:16 --> Session: Class initialized using 'CodeIgniter\Session\Handlers\FileHandler' driver.
DEBUG - 2026-03-24 17:27:36 --> Session: Class initialized using 'CodeIgniter\Session\Handlers\FileHandler' driver.
DEBUG - 2026-03-24 17:27:36 --> Session: Class initialized using 'CodeIgniter\Session\Handlers\FileHandler' driver.
DEBUG - 2026-03-24 17:27:46 --> Session: Class initialized using 'CodeIgniter\Session\Handlers\FileHandler' driver.
INFO - 2026-03-24 17:27:46 --> Usuario autenticado: Paguirre con rol: 3 - requiere cambio password: no
DEBUG - 2026-03-24 17:27:46 --> Session: Class initialized using 'CodeIgniter\Session\Handlers\FileHandler' driver.
ERROR - 2026-03-24 17:27:46 --> mysqli_sql_exception: Table 'itsi.instituciones_convenios' doesn't exist in C:\xampp\htdocs\ITSI\vendor\codeigniter4\framework\system\Database\MySQLi\Connection.php:327
Stack trace:
#0 C:\xampp\htdocs\ITSI\vendor\codeigniter4\framework\system\Database\MySQLi\Connection.php(327): mysqli->query('SELECT `pp`.*, ...', 0)
#1 C:\xampp\htdocs\ITSI\vendor\codeigniter4\framework\system\Database\BaseConnection.php(738): CodeIgniter\Database\MySQLi\Connection->execute('SELECT `pp`.*, ...')
#2 C:\xampp\htdocs\ITSI\vendor\codeigniter4\framework\system\Database\BaseConnection.php(652): CodeIgniter\Database\BaseConnection->simpleQuery('SELECT `pp`.*, ...')
#3 C:\xampp\htdocs\ITSI\vendor\codeigniter4\framework\system\Database\BaseBuilder.php(1649): CodeIgniter\Database\BaseConnection->query('SELECT `pp`.*, ...', Array, false)
#4 C:\xampp\htdocs\ITSI\app\Controllers\estudiante\DashboardEstudianteController.php(96): CodeIgniter\Database\BaseBuilder->get()
#5 C:\xampp\htdocs\ITSI\vendor\codeigniter4\framework\system\CodeIgniter.php(933): App\Controllers\estudiante\DashboardEstudianteController->index()
#6 C:\xampp\htdocs\ITSI\vendor\codeigniter4\framework\system\CodeIgniter.php(507): CodeIgniter\CodeIgniter->runController(Object(App\Controllers\estudiante\DashboardEstudianteController))
#7 C:\xampp\htdocs\ITSI\vendor\codeigniter4\framework\system\CodeIgniter.php(354): CodeIgniter\CodeIgniter->handleRequest(NULL, Object(Config\Cache), false)
#8 C:\xampp\htdocs\ITSI\vendor\codeigniter4\framework\system\Boot.php(334): CodeIgniter\CodeIgniter->run()
#9 C:\xampp\htdocs\ITSI\vendor\codeigniter4\framework\system\Boot.php(67): CodeIgniter\Boot::runCodeIgniter(Object(CodeIgniter\CodeIgniter))
#10 C:\xampp\htdocs\ITSI\public\index.php(59): CodeIgniter\Boot::bootWeb(Object(Config\Paths))
#11 {main}
ERROR - 2026-03-24 17:27:46 --> Dashboard preprofesionales: Table 'itsi.instituciones_convenios' doesn't exist
ERROR - 2026-03-24 17:27:46 --> mysqli_sql_exception: Table 'itsi.instituciones_convenios' doesn't exist in C:\xampp\htdocs\ITSI\vendor\codeigniter4\framework\system\Database\MySQLi\Connection.php:327
Stack trace:
#0 C:\xampp\htdocs\ITSI\vendor\codeigniter4\framework\system\Database\MySQLi\Connection.php(327): mysqli->query('SELECT `sc`.*, ...', 0)
#1 C:\xampp\htdocs\ITSI\vendor\codeigniter4\framework\system\Database\BaseConnection.php(738): CodeIgniter\Database\MySQLi\Connection->execute('SELECT `sc`.*, ...')
#2 C:\xampp\htdocs\ITSI\vendor\codeigniter4\framework\system\Database\BaseConnection.php(652): CodeIgniter\Database\BaseConnection->simpleQuery('SELECT `sc`.*, ...')
#3 C:\xampp\htdocs\ITSI\vendor\codeigniter4\framework\system\Database\BaseBuilder.php(1649): CodeIgniter\Database\BaseConnection->query('SELECT `sc`.*, ...', Array, false)
#4 C:\xampp\htdocs\ITSI\app\Controllers\estudiante\DashboardEstudianteController.php(123): CodeIgniter\Database\BaseBuilder->get()
#5 C:\xampp\htdocs\ITSI\vendor\codeigniter4\framework\system\CodeIgniter.php(933): App\Controllers\estudiante\DashboardEstudianteController->index()
#6 C:\xampp\htdocs\ITSI\vendor\codeigniter4\framework\system\CodeIgniter.php(507): CodeIgniter\CodeIgniter->runController(Object(App\Controllers\estudiante\DashboardEstudianteController))
#7 C:\xampp\htdocs\ITSI\vendor\codeigniter4\framework\system\CodeIgniter.php(354): CodeIgniter\CodeIgniter->handleRequest(NULL, Object(Config\Cache), false)
#8 C:\xampp\htdocs\ITSI\vendor\codeigniter4\framework\system\Boot.php(334): CodeIgniter\CodeIgniter->run()
#9 C:\xampp\htdocs\ITSI\vendor\codeigniter4\framework\system\Boot.php(67): CodeIgniter\Boot::runCodeIgniter(Object(CodeIgniter\CodeIgniter))
#10 C:\xampp\htdocs\ITSI\public\index.php(59): CodeIgniter\Boot::bootWeb(Object(Config\Paths))
#11 {main}
ERROR - 2026-03-24 17:27:46 --> Dashboard servicio comunitario: Table 'itsi.instituciones_convenios' doesn't exist
DEBUG - 2026-03-24 17:29:38 --> Session: Class initialized using 'CodeIgniter\Session\Handlers\FileHandler' driver.
DEBUG - 2026-03-24 17:29:39 --> Session: Class initialized using 'CodeIgniter\Session\Handlers\FileHandler' driver.
DEBUG - 2026-03-24 17:29:54 --> Session: Class initialized using 'CodeIgniter\Session\Handlers\FileHandler' driver.
DEBUG - 2026-03-24 17:29:55 --> Session: Class initialized using 'CodeIgniter\Session\Handlers\FileHandler' driver.
DEBUG - 2026-03-24 17:29:55 --> Session: Class initialized using 'CodeIgniter\Session\Handlers\FileHandler' driver.
DEBUG - 2026-03-24 17:30:30 --> Session: Class initialized using 'CodeIgniter\Session\Handlers\FileHandler' driver.
DEBUG - 2026-03-24 17:31:58 --> Session: Class initialized using 'CodeIgniter\Session\Handlers\FileHandler' driver.
ERROR - 2026-03-24 17:31:59 --> mysqli_sql_exception: Table 'itsi.instituciones_convenios' doesn't exist in C:\xampp\htdocs\ITSI\vendor\codeigniter4\framework\system\Database\MySQLi\Connection.php:327
Stack trace:
#0 C:\xampp\htdocs\ITSI\vendor\codeigniter4\framework\system\Database\MySQLi\Connection.php(327): mysqli->query('SELECT pp.ID_PR...', 0)
#1 C:\xampp\htdocs\ITSI\vendor\codeigniter4\framework\system\Database\BaseConnection.php(738): CodeIgniter\Database\MySQLi\Connection->execute('SELECT pp.ID_PR...')
#2 C:\xampp\htdocs\ITSI\vendor\codeigniter4\framework\system\Database\BaseConnection.php(652): CodeIgniter\Database\BaseConnection->simpleQuery('SELECT pp.ID_PR...')
#3 C:\xampp\htdocs\ITSI\vendor\codeigniter4\framework\system\Database\BaseBuilder.php(1649): CodeIgniter\Database\BaseConnection->query('SELECT pp.ID_PR...', Array, false)
#4 C:\xampp\htdocs\ITSI\app\Controllers\estudiante\DocumentosPracticasEstudianteController.php(112): CodeIgniter\Database\BaseBuilder->get()
#5 C:\xampp\htdocs\ITSI\app\Controllers\estudiante\DocumentosPracticasEstudianteController.php(52): App\Controllers\estudiante\DocumentosPracticasEstudianteController->obtenerPracticasDocumentacionEstudiante(3)
#6 C:\xampp\htdocs\ITSI\vendor\codeigniter4\framework\system\CodeIgniter.php(933): App\Controllers\estudiante\DocumentosPracticasEstudianteController->index()
#7 C:\xampp\htdocs\ITSI\vendor\codeigniter4\framework\system\CodeIgniter.php(507): CodeIgniter\CodeIgniter->runController(Object(App\Controllers\estudiante\DocumentosPracticasEstudianteController))
#8 C:\xampp\htdocs\ITSI\vendor\codeigniter4\framework\system\CodeIgniter.php(354): CodeIgniter\CodeIgniter->handleRequest(NULL, Object(Config\Cache), false)
#9 C:\xampp\htdocs\ITSI\vendor\codeigniter4\framework\system\Boot.php(334): CodeIgniter\CodeIgniter->run()
#10 C:\xampp\htdocs\ITSI\vendor\codeigniter4\framework\system\Boot.php(67): CodeIgniter\Boot::runCodeIgniter(Object(CodeIgniter\CodeIgniter))
#11 C:\xampp\htdocs\ITSI\public\index.php(59): CodeIgniter\Boot::bootWeb(Object(Config\Paths))
#12 {main}
ERROR - 2026-03-24 17:31:59 --> obtenerPracticasDocumentacionEstudiante: Table 'itsi.instituciones_convenios' doesn't exist
DEBUG - 2026-03-24 17:35:30 --> Session: Class initialized using 'CodeIgniter\Session\Handlers\FileHandler' driver.
DEBUG - 2026-03-24 17:36:01 --> Session: Class initialized using 'CodeIgniter\Session\Handlers\FileHandler' driver.
ERROR - 2026-03-24 17:36:01 --> mysqli_sql_exception: Table 'itsi.instituciones_convenios' doesn't exist in C:\xampp\htdocs\ITSI\vendor\codeigniter4\framework\system\Database\MySQLi\Connection.php:327
Stack trace:
#0 C:\xampp\htdocs\ITSI\vendor\codeigniter4\framework\system\Database\MySQLi\Connection.php(327): mysqli->query('SELECT pp.ID_PR...', 0)
#1 C:\xampp\htdocs\ITSI\vendor\codeigniter4\framework\system\Database\BaseConnection.php(738): CodeIgniter\Database\MySQLi\Connection->execute('SELECT pp.ID_PR...')
#2 C:\xampp\htdocs\ITSI\vendor\codeigniter4\framework\system\Database\BaseConnection.php(652): CodeIgniter\Database\BaseConnection->simpleQuery('SELECT pp.ID_PR...')
#3 C:\xampp\htdocs\ITSI\vendor\codeigniter4\framework\system\Database\BaseBuilder.php(1649): CodeIgniter\Database\BaseConnection->query('SELECT pp.ID_PR...', Array, false)
#4 C:\xampp\htdocs\ITSI\app\Controllers\estudiante\DocumentosPracticasEstudianteController.php(112): CodeIgniter\Database\BaseBuilder->get()
#5 C:\xampp\htdocs\ITSI\app\Controllers\estudiante\DocumentosPracticasEstudianteController.php(52): App\Controllers\estudiante\DocumentosPracticasEstudianteController->obtenerPracticasDocumentacionEstudiante(3)
#6 C:\xampp\htdocs\ITSI\vendor\codeigniter4\framework\system\CodeIgniter.php(933): App\Controllers\estudiante\DocumentosPracticasEstudianteController->index()
#7 C:\xampp\htdocs\ITSI\vendor\codeigniter4\framework\system\CodeIgniter.php(507): CodeIgniter\CodeIgniter->runController(Object(App\Controllers\estudiante\DocumentosPracticasEstudianteController))
#8 C:\xampp\htdocs\ITSI\vendor\codeigniter4\framework\system\CodeIgniter.php(354): CodeIgniter\CodeIgniter->handleRequest(NULL, Object(Config\Cache), false)
#9 C:\xampp\htdocs\ITSI\vendor\codeigniter4\framework\system\Boot.php(334): CodeIgniter\CodeIgniter->run()
#10 C:\xampp\htdocs\ITSI\vendor\codeigniter4\framework\system\Boot.php(67): CodeIgniter\Boot::runCodeIgniter(Object(CodeIgniter\CodeIgniter))
#11 C:\xampp\htdocs\ITSI\public\index.php(59): CodeIgniter\Boot::bootWeb(Object(Config\Paths))
#12 {main}
ERROR - 2026-03-24 17:36:01 --> obtenerPracticasDocumentacionEstudiante: Table 'itsi.instituciones_convenios' doesn't exist
DEBUG - 2026-03-24 17:36:10 --> Session: Class initialized using 'CodeIgniter\Session\Handlers\FileHandler' driver.
DEBUG - 2026-03-24 17:36:30 --> Session: Class initialized using 'CodeIgniter\Session\Handlers\FileHandler' driver.
ERROR - 2026-03-24 17:36:30 --> mysqli_sql_exception: Table 'itsi.instituciones_convenios' doesn't exist in C:\xampp\htdocs\ITSI\vendor\codeigniter4\framework\system\Database\MySQLi\Connection.php:327
Stack trace:
#0 C:\xampp\htdocs\ITSI\vendor\codeigniter4\framework\system\Database\MySQLi\Connection.php(327): mysqli->query('SELECT sc.ID_SE...', 0)
#1 C:\xampp\htdocs\ITSI\vendor\codeigniter4\framework\system\Database\BaseConnection.php(738): CodeIgniter\Database\MySQLi\Connection->execute('SELECT sc.ID_SE...')
#2 C:\xampp\htdocs\ITSI\vendor\codeigniter4\framework\system\Database\BaseConnection.php(652): CodeIgniter\Database\BaseConnection->simpleQuery('SELECT sc.ID_SE...')
#3 C:\xampp\htdocs\ITSI\vendor\codeigniter4\framework\system\Database\BaseBuilder.php(1649): CodeIgniter\Database\BaseConnection->query('SELECT sc.ID_SE...', Array, false)
#4 C:\xampp\htdocs\ITSI\app\Controllers\estudiante\DocumentosServicioComunitarioEstudianteController.php(105): CodeIgniter\Database\BaseBuilder->get()
#5 C:\xampp\htdocs\ITSI\app\Controllers\estudiante\DocumentosServicioComunitarioEstudianteController.php(47): App\Controllers\estudiante\DocumentosServicioComunitarioEstudianteController->obtenerServiciosDocumentacionEstudiante(3)
#6 C:\xampp\htdocs\ITSI\vendor\codeigniter4\framework\system\CodeIgniter.php(933): App\Controllers\estudiante\DocumentosServicioComunitarioEstudianteController->index()
#7 C:\xampp\htdocs\ITSI\vendor\codeigniter4\framework\system\CodeIgniter.php(507): CodeIgniter\CodeIgniter->runController(Object(App\Controllers\estudiante\DocumentosServicioComunitarioEstudianteController))
#8 C:\xampp\htdocs\ITSI\vendor\codeigniter4\framework\system\CodeIgniter.php(354): CodeIgniter\CodeIgniter->handleRequest(NULL, Object(Config\Cache), false)
#9 C:\xampp\htdocs\ITSI\vendor\codeigniter4\framework\system\Boot.php(334): CodeIgniter\CodeIgniter->run()
#10 C:\xampp\htdocs\ITSI\vendor\codeigniter4\framework\system\Boot.php(67): CodeIgniter\Boot::runCodeIgniter(Object(CodeIgniter\CodeIgniter))
#11 C:\xampp\htdocs\ITSI\public\index.php(59): CodeIgniter\Boot::bootWeb(Object(Config\Paths))
#12 {main}
ERROR - 2026-03-24 17:36:30 --> obtenerServiciosDocumentacionEstudiante: Table 'itsi.instituciones_convenios' doesn't exist
DEBUG - 2026-03-24 17:40:32 --> Session: Class initialized using 'CodeIgniter\Session\Handlers\FileHandler' driver.
DEBUG - 2026-03-24 17:41:11 --> Session: Class initialized using 'CodeIgniter\Session\Handlers\FileHandler' driver.
DEBUG - 2026-03-24 17:41:11 --> Session: Class initialized using 'CodeIgniter\Session\Handlers\FileHandler' driver.
DEBUG - 2026-03-24 17:41:17 --> Session: Class initialized using 'CodeIgniter\Session\Handlers\FileHandler' driver.
DEBUG - 2026-03-24 17:41:35 --> Session: Class initialized using 'CodeIgniter\Session\Handlers\FileHandler' driver.
INFO - 2026-03-24 17:41:35 --> Iniciando proceso de cierre de sesión para usuario: paguirre
INFO - 2026-03-24 17:41:35 --> Sesión cerrada exitosamente
DEBUG - 2026-03-24 17:41:35 --> Session: Class initialized using 'CodeIgniter\Session\Handlers\FileHandler' driver.
DEBUG - 2026-03-24 17:41:55 --> Session: Class initialized using 'CodeIgniter\Session\Handlers\FileHandler' driver.
INFO - 2026-03-24 17:41:55 --> Usuario autenticado: 1004191845 con rol: 1 - requiere cambio password: no
DEBUG - 2026-03-24 17:41:55 --> Session: Class initialized using 'CodeIgniter\Session\Handlers\FileHandler' driver.
DEBUG - 2026-03-24 17:41:55 --> Estadísticas mensuales prácticas: [{"mes":"Abr 2025","preprofesionales":0,"servicioComunitario":0},{"mes":"May 2025","preprofesionales":0,"servicioComunitario":0},{"mes":"Jun 2025","preprofesionales":1,"servicioComunitario":0},{"mes":"Jul 2025","preprofesionales":1,"servicioComunitario":0},{"mes":"Ago 2025","preprofesionales":0,"servicioComunitario":1},{"mes":"Sep 2025","preprofesionales":1,"servicioComunitario":0},{"mes":"Oct 2025","preprofesionales":1,"servicioComunitario":0},{"mes":"Nov 2025","preprofesionales":0,"servicioComunitario":1},{"mes":"Dic 2025","preprofesionales":1,"servicioComunitario":0},{"mes":"Ene 2026","preprofesionales":0,"servicioComunitario":1},{"mes":"Feb 2026","preprofesionales":0,"servicioComunitario":1},{"mes":"Mar 2026","preprofesionales":0,"servicioComunitario":1}]
DEBUG - 2026-03-24 17:43:33 --> Session: Class initialized using 'CodeIgniter\Session\Handlers\FileHandler' driver.
DEBUG - 2026-03-24 17:43:52 --> Session: Class initialized using 'CodeIgniter\Session\Handlers\FileHandler' driver.
DEBUG - 2026-03-24 17:43:54 --> Session: Class initialized using 'CodeIgniter\Session\Handlers\FileHandler' driver.
DEBUG - 2026-03-24 17:43:58 --> Session: Class initialized using 'CodeIgniter\Session\Handlers\FileHandler' driver.
DEBUG - 2026-03-24 17:44:09 --> Session: Class initialized using 'CodeIgniter\Session\Handlers\FileHandler' driver.
DEBUG - 2026-03-24 17:44:10 --> Session: Class initialized using 'CodeIgniter\Session\Handlers\FileHandler' driver.
DEBUG - 2026-03-24 17:44:10 --> Session: Class initialized using 'CodeIgniter\Session\Handlers\FileHandler' driver.
DEBUG - 2026-03-24 17:44:10 --> Session: Class initialized using 'CodeIgniter\Session\Handlers\FileHandler' driver.
DEBUG - 2026-03-24 17:44:10 --> Session: Class initialized using 'CodeIgniter\Session\Handlers\FileHandler' driver.
DEBUG - 2026-03-24 17:44:12 --> Session: Class initialized using 'CodeIgniter\Session\Handlers\FileHandler' driver.
DEBUG - 2026-03-24 17:44:27 --> Session: Class initialized using 'CodeIgniter\Session\Handlers\FileHandler' driver.
DEBUG - 2026-03-24 17:44:27 --> Consulta SQL: SELECT *
FROM `TAB_DOCUMENTOS_PRACTICAS_PREPROFESIONALES` `dp`
DEBUG - 2026-03-24 17:44:27 --> Resultados obtenidos: 0
DEBUG - 2026-03-24 17:44:27 --> Tipos de documentos en index: [{"ID_TIPO_DOCUMENTO_PREPROFESIONAL":"1","CODIGO":"PPR-001","NOMBRE":"Oficio de Asignaci\u00f3n de Tutor","DESCRIPCION":"Documento oficial emitido por la coordinaci\u00f3n de la carrera que designa al docente responsable de la tutor\u00eda y seguimiento de las pr\u00e1cticas de servicio comunitario del estudiante.","ORDEN":"1","OBLIGATORIO":"1","ACTIVO":"1","FECHA_CREACION":"2026-03-23 19:56:13","FECHA_ACTUALIZACION":"2026-03-23 19:56:13","REQUERIDO":"1"},{"ID_TIPO_DOCUMENTO_PREPROFESIONAL":"2","CODIGO":"PPR-002","NOMBRE":"Oficio a Entidad Receptora","DESCRIPCION":"Carta formal enviada por el estudiante a la instituci\u00f3n \"Instituto Tecnol\u00f3gico Superior Ibarra\", con el prop\u00f3sito de solicitar la oportunidad de realizar sus pr\u00e1cticas de servicio comunitario.","ORDEN":"2","OBLIGATORIO":"1","ACTIVO":"1","FECHA_CREACION":"2026-03-23 19:56:13","FECHA_ACTUALIZACION":"2026-03-23 20:03:37","REQUERIDO":"1"},{"ID_TIPO_DOCUMENTO_PREPROFESIONAL":"3","CODIGO":"PPR-003","NOMBRE":"Carta de Aceptaci\u00f3n","DESCRIPCION":"Carta oficial de la entidad receptora \"Instituto Tecnol\u00f3gico Superior Ibarra\" que confirma la aceptaci\u00f3n del o los estudiantes para realizar las pr\u00e1cticas de servicio comunitario en sus instalaciones.","ORDEN":"3","OBLIGATORIO":"1","ACTIVO":"1","FECHA_CREACION":"2026-03-23 19:56:13","FECHA_ACTUALIZACION":"2026-03-23 19:56:13","REQUERIDO":"1"},{"ID_TIPO_DOCUMENTO_PREPROFESIONAL":"4","CODIGO":"PPR-004","NOMBRE":"Solicitud Institucional Valorada","DESCRIPCION":"Documento de solicitud formal dirigido al Sr. Rector, Dr. Mario Montenegro, pidiendo la aprobaci\u00f3n institucional para la realizaci\u00f3n de las pr\u00e1cticas de servicio comunitario.","ORDEN":"4","OBLIGATORIO":"1","ACTIVO":"1","FECHA_CREACION":"2026-03-23 19:56:13","FECHA_ACTUALIZACION":"2026-03-23 19:56:13","REQUERIDO":"1"},{"ID_TIPO_DOCUMENTO_PREPROFESIONAL":"5","CODIGO":"PPR-005","NOMBRE":"Certificado de Culminaci\u00f3n de Horas","DESCRIPCION":"Certificado emitido por la entidad receptora \"Instituto Tecnol\u00f3gico Superior Ibarra\" que acredita que el estudiante ha completado las 60 horas requeridas de pr\u00e1cticas de servicio comunitario.","ORDEN":"5","OBLIGATORIO":"1","ACTIVO":"1","FECHA_CREACION":"2026-03-23 19:56:13","FECHA_ACTUALIZACION":"2026-03-23 19:56:13","REQUERIDO":"1"},{"ID_TIPO_DOCUMENTO_PREPROFESIONAL":"6","CODIGO":"PPR-006","NOMBRE":"Hojas de Asistencia","DESCRIPCION":"Registro f\u00edsico de la asistencia del estudiante en la entidad receptora. Incluye las firmas y sellos para validar las horas de trabajo.","ORDEN":"6","OBLIGATORIO":"1","ACTIVO":"1","FECHA_CREACION":"2026-03-23 19:56:13","FECHA_ACTUALIZACION":"2026-03-23 19:56:13","REQUERIDO":"1"},{"ID_TIPO_DOCUMENTO_PREPROFESIONAL":"7","CODIGO":"PPR-007","NOMBRE":"Ficha de Registro de Actividades","DESCRIPCION":"Documento detallado en el que el estudiante registra las actividades espec\u00edficas realizadas durante sus pr\u00e1cticas, incluyendo fechas y descripciones.","ORDEN":"7","OBLIGATORIO":"1","ACTIVO":"1","FECHA_CREACION":"2026-03-23 19:56:13","FECHA_ACTUALIZACION":"2026-03-23 19:56:13","REQUERIDO":"1"},{"ID_TIPO_DOCUMENTO_PREPROFESIONAL":"8","CODIGO":"PPR-008","NOMBRE":"R\u00fabrica de Evaluaci\u00f3n de Entidad","DESCRIPCION":"Formulario de evaluaci\u00f3n del desempe\u00f1o del estudiante, llenado y sellado por la entidad receptora. Valora aspectos como la responsabilidad, la proactividad y la calidad del trabajo.","ORDEN":"8","OBLIGATORIO":"1","ACTIVO":"1","FECHA_CREACION":"2026-03-23 19:56:13","FECHA_ACTUALIZACION":"2026-03-23 19:56:13","REQUERIDO":"1"},{"ID_TIPO_DOCUMENTO_PREPROFESIONAL":"9","CODIGO":"PPR-009","NOMBRE":"Ficha de Control y Seguimiento Docente","DESCRIPCION":"Documento utilizado por el tutor docente para registrar el seguimiento acad\u00e9mico del estudiante durante las pr\u00e1cticas. Incluye visitas o revisiones peri\u00f3dicas.","ORDEN":"9","OBLIGATORIO":"1","ACTIVO":"1","FECHA_CREACION":"2026-03-23 19:56:13","FECHA_ACTUALIZACION":"2026-03-23 19:56:13","REQUERIDO":"1"},{"ID_TIPO_DOCUMENTO_PREPROFESIONAL":"10","CODIGO":"PPR-010","NOMBRE":"R\u00fabrica de Evaluaci\u00f3n Docente","DESCRIPCION":"R\u00fabrica de evaluaci\u00f3n llenada y firmada por el tutor docente. Califica el desempe\u00f1o del estudiante en base a los criterios acad\u00e9micos del programa.","ORDEN":"10","OBLIGATORIO":"1","ACTIVO":"1","FECHA_CREACION":"2026-03-23 19:56:13","FECHA_ACTUALIZACION":"2026-03-23 19:56:13","REQUERIDO":"1"},{"ID_TIPO_DOCUMENTO_PREPROFESIONAL":"11","CODIGO":"PPR-011","NOMBRE":"R\u00fabrica de Evaluaci\u00f3n de Resultados","DESCRIPCION":"Evaluaci\u00f3n final realizada por el Departamento de Vinculaci\u00f3n con la Sociedad, que valora los resultados y el impacto del proyecto de servicio comunitario en su conjunto.","ORDEN":"11","OBLIGATORIO":"1","ACTIVO":"1","FECHA_CREACION":"2026-03-23 19:56:13","FECHA_ACTUALIZACION":"2026-03-23 19:56:13","REQUERIDO":"1"},{"ID_TIPO_DOCUMENTO_PREPROFESIONAL":"12","CODIGO":"PPR-012","NOMBRE":"Evidencia Fotogr\u00e1fica y Digital","DESCRIPCION":"Material de apoyo visual y digital, como fotos, capturas, videos o impresiones, que documenta y comprueba la realizaci\u00f3n de las actividades y trabajos del proyecto.","ORDEN":"12","OBLIGATORIO":"1","ACTIVO":"1","FECHA_CREACION":"2026-03-23 19:56:13","FECHA_ACTUALIZACION":"2026-03-23 19:56:13","REQUERIDO":"1"}]
DEBUG - 2026-03-24 17:44:28 --> Session: Class initialized using 'CodeIgniter\Session\Handlers\FileHandler' driver.
DEBUG - 2026-03-24 17:44:28 --> Consulta SQL: SELECT *
FROM `TAB_DOCUMENTOS_PRACTICAS_PREPROFESIONALES` `dp`
DEBUG - 2026-03-24 17:44:28 --> Resultados obtenidos: 0
DEBUG - 2026-03-24 17:44:28 --> Documentos obtenidos: []
DEBUG - 2026-03-24 17:45:04 --> Session: Class initialized using 'CodeIgniter\Session\Handlers\FileHandler' driver.
DEBUG - 2026-03-24 17:47:39 --> Session: Class initialized using 'CodeIgniter\Session\Handlers\FileHandler' driver.
INFO - 2026-03-24 17:47:39 --> Iniciando proceso de cierre de sesión para usuario: ycampues
INFO - 2026-03-24 17:47:39 --> Sesión cerrada exitosamente
DEBUG - 2026-03-24 17:47:39 --> Session: Class initialized using 'CodeIgniter\Session\Handlers\FileHandler' driver.
DEBUG - 2026-03-24 17:47:51 --> Session: Class initialized using 'CodeIgniter\Session\Handlers\FileHandler' driver.
INFO - 2026-03-24 17:47:51 --> Usuario autenticado: paguirre con rol: 3 - requiere cambio password: no
DEBUG - 2026-03-24 17:47:52 --> Session: Class initialized using 'CodeIgniter\Session\Handlers\FileHandler' driver.
ERROR - 2026-03-24 17:47:52 --> mysqli_sql_exception: Table 'itsi.instituciones_convenios' doesn't exist in C:\xampp\htdocs\ITSI\vendor\codeigniter4\framework\system\Database\MySQLi\Connection.php:327
Stack trace:
#0 C:\xampp\htdocs\ITSI\vendor\codeigniter4\framework\system\Database\MySQLi\Connection.php(327): mysqli->query('SELECT `pp`.*, ...', 0)
#1 C:\xampp\htdocs\ITSI\vendor\codeigniter4\framework\system\Database\BaseConnection.php(738): CodeIgniter\Database\MySQLi\Connection->execute('SELECT `pp`.*, ...')
#2 C:\xampp\htdocs\ITSI\vendor\codeigniter4\framework\system\Database\BaseConnection.php(652): CodeIgniter\Database\BaseConnection->simpleQuery('SELECT `pp`.*, ...')
#3 C:\xampp\htdocs\ITSI\vendor\codeigniter4\framework\system\Database\BaseBuilder.php(1649): CodeIgniter\Database\BaseConnection->query('SELECT `pp`.*, ...', Array, false)
#4 C:\xampp\htdocs\ITSI\app\Controllers\estudiante\DashboardEstudianteController.php(96): CodeIgniter\Database\BaseBuilder->get()
#5 C:\xampp\htdocs\ITSI\vendor\codeigniter4\framework\system\CodeIgniter.php(933): App\Controllers\estudiante\DashboardEstudianteController->index()
#6 C:\xampp\htdocs\ITSI\vendor\codeigniter4\framework\system\CodeIgniter.php(507): CodeIgniter\CodeIgniter->runController(Object(App\Controllers\estudiante\DashboardEstudianteController))
#7 C:\xampp\htdocs\ITSI\vendor\codeigniter4\framework\system\CodeIgniter.php(354): CodeIgniter\CodeIgniter->handleRequest(NULL, Object(Config\Cache), false)
#8 C:\xampp\htdocs\ITSI\vendor\codeigniter4\framework\system\Boot.php(334): CodeIgniter\CodeIgniter->run()
#9 C:\xampp\htdocs\ITSI\vendor\codeigniter4\framework\system\Boot.php(67): CodeIgniter\Boot::runCodeIgniter(Object(CodeIgniter\CodeIgniter))
#10 C:\xampp\htdocs\ITSI\public\index.php(59): CodeIgniter\Boot::bootWeb(Object(Config\Paths))
#11 {main}
ERROR - 2026-03-24 17:47:52 --> Dashboard preprofesionales: Table 'itsi.instituciones_convenios' doesn't exist
ERROR - 2026-03-24 17:47:52 --> mysqli_sql_exception: Table 'itsi.instituciones_convenios' doesn't exist in C:\xampp\htdocs\ITSI\vendor\codeigniter4\framework\system\Database\MySQLi\Connection.php:327
Stack trace:
#0 C:\xampp\htdocs\ITSI\vendor\codeigniter4\framework\system\Database\MySQLi\Connection.php(327): mysqli->query('SELECT `sc`.*, ...', 0)
#1 C:\xampp\htdocs\ITSI\vendor\codeigniter4\framework\system\Database\BaseConnection.php(738): CodeIgniter\Database\MySQLi\Connection->execute('SELECT `sc`.*, ...')
#2 C:\xampp\htdocs\ITSI\vendor\codeigniter4\framework\system\Database\BaseConnection.php(652): CodeIgniter\Database\BaseConnection->simpleQuery('SELECT `sc`.*, ...')
#3 C:\xampp\htdocs\ITSI\vendor\codeigniter4\framework\system\Database\BaseBuilder.php(1649): CodeIgniter\Database\BaseConnection->query('SELECT `sc`.*, ...', Array, false)
#4 C:\xampp\htdocs\ITSI\app\Controllers\estudiante\DashboardEstudianteController.php(123): CodeIgniter\Database\BaseBuilder->get()
#5 C:\xampp\htdocs\ITSI\vendor\codeigniter4\framework\system\CodeIgniter.php(933): App\Controllers\estudiante\DashboardEstudianteController->index()
#6 C:\xampp\htdocs\ITSI\vendor\codeigniter4\framework\system\CodeIgniter.php(507): CodeIgniter\CodeIgniter->runController(Object(App\Controllers\estudiante\DashboardEstudianteController))
#7 C:\xampp\htdocs\ITSI\vendor\codeigniter4\framework\system\CodeIgniter.php(354): CodeIgniter\CodeIgniter->handleRequest(NULL, Object(Config\Cache), false)
#8 C:\xampp\htdocs\ITSI\vendor\codeigniter4\framework\system\Boot.php(334): CodeIgniter\CodeIgniter->run()
#9 C:\xampp\htdocs\ITSI\vendor\codeigniter4\framework\system\Boot.php(67): CodeIgniter\Boot::runCodeIgniter(Object(CodeIgniter\CodeIgniter))
#10 C:\xampp\htdocs\ITSI\public\index.php(59): CodeIgniter\Boot::bootWeb(Object(Config\Paths))
#11 {main}
ERROR - 2026-03-24 17:47:52 --> Dashboard servicio comunitario: Table 'itsi.instituciones_convenios' doesn't exist
DEBUG - 2026-03-24 17:48:22 --> Session: Class initialized using 'CodeIgniter\Session\Handlers\FileHandler' driver.
DEBUG - 2026-03-24 17:48:22 --> Session: Class initialized using 'CodeIgniter\Session\Handlers\FileHandler' driver.
DEBUG - 2026-03-24 17:58:14 --> Session: Class initialized using 'CodeIgniter\Session\Handlers\FileHandler' driver.
DEBUG - 2026-03-24 17:58:16 --> Session: Class initialized using 'CodeIgniter\Session\Handlers\FileHandler' driver.
DEBUG - 2026-03-24 17:58:16 --> Session: Class initialized using 'CodeIgniter\Session\Handlers\FileHandler' driver.
ERROR - 2026-03-24 17:58:16 --> mysqli_sql_exception: Table 'itsi.instituciones_convenios' doesn't exist in C:\xampp\htdocs\ITSI\vendor\codeigniter4\framework\system\Database\MySQLi\Connection.php:327
Stack trace:
#0 C:\xampp\htdocs\ITSI\vendor\codeigniter4\framework\system\Database\MySQLi\Connection.php(327): mysqli->query('SELECT pp.ID_PR...', 0)
#1 C:\xampp\htdocs\ITSI\vendor\codeigniter4\framework\system\Database\BaseConnection.php(738): CodeIgniter\Database\MySQLi\Connection->execute('SELECT pp.ID_PR...')
#2 C:\xampp\htdocs\ITSI\vendor\codeigniter4\framework\system\Database\BaseConnection.php(652): CodeIgniter\Database\BaseConnection->simpleQuery('SELECT pp.ID_PR...')
#3 C:\xampp\htdocs\ITSI\vendor\codeigniter4\framework\system\Database\BaseBuilder.php(1649): CodeIgniter\Database\BaseConnection->query('SELECT pp.ID_PR...', Array, false)
#4 C:\xampp\htdocs\ITSI\app\Controllers\estudiante\DocumentosPracticasEstudianteController.php(112): CodeIgniter\Database\BaseBuilder->get()
#5 C:\xampp\htdocs\ITSI\app\Controllers\estudiante\DocumentosPracticasEstudianteController.php(52): App\Controllers\estudiante\DocumentosPracticasEstudianteController->obtenerPracticasDocumentacionEstudiante(3)
#6 C:\xampp\htdocs\ITSI\vendor\codeigniter4\framework\system\CodeIgniter.php(933): App\Controllers\estudiante\DocumentosPracticasEstudianteController->index()
#7 C:\xampp\htdocs\ITSI\vendor\codeigniter4\framework\system\CodeIgniter.php(507): CodeIgniter\CodeIgniter->runController(Object(App\Controllers\estudiante\DocumentosPracticasEstudianteController))
#8 C:\xampp\htdocs\ITSI\vendor\codeigniter4\framework\system\CodeIgniter.php(354): CodeIgniter\CodeIgniter->handleRequest(NULL, Object(Config\Cache), false)
#9 C:\xampp\htdocs\ITSI\vendor\codeigniter4\framework\system\Boot.php(334): CodeIgniter\CodeIgniter->run()
#10 C:\xampp\htdocs\ITSI\vendor\codeigniter4\framework\system\Boot.php(67): CodeIgniter\Boot::runCodeIgniter(Object(CodeIgniter\CodeIgniter))
#11 C:\xampp\htdocs\ITSI\public\index.php(59): CodeIgniter\Boot::bootWeb(Object(Config\Paths))
#12 {main}
ERROR - 2026-03-24 17:58:16 --> obtenerPracticasDocumentacionEstudiante: Table 'itsi.instituciones_convenios' doesn't exist
DEBUG - 2026-03-24 17:58:21 --> Session: Class initialized using 'CodeIgniter\Session\Handlers\FileHandler' driver.
DEBUG - 2026-03-24 17:58:26 --> Session: Class initialized using 'CodeIgniter\Session\Handlers\FileHandler' driver.
ERROR - 2026-03-24 17:58:26 --> mysqli_sql_exception: Table 'itsi.instituciones_convenios' doesn't exist in C:\xampp\htdocs\ITSI\vendor\codeigniter4\framework\system\Database\MySQLi\Connection.php:327
Stack trace:
#0 C:\xampp\htdocs\ITSI\vendor\codeigniter4\framework\system\Database\MySQLi\Connection.php(327): mysqli->query('SELECT pp.ID_PR...', 0)
#1 C:\xampp\htdocs\ITSI\vendor\codeigniter4\framework\system\Database\BaseConnection.php(738): CodeIgniter\Database\MySQLi\Connection->execute('SELECT pp.ID_PR...')
#2 C:\xampp\htdocs\ITSI\vendor\codeigniter4\framework\system\Database\BaseConnection.php(652): CodeIgniter\Database\BaseConnection->simpleQuery('SELECT pp.ID_PR...')
#3 C:\xampp\htdocs\ITSI\vendor\codeigniter4\framework\system\Database\BaseBuilder.php(1649): CodeIgniter\Database\BaseConnection->query('SELECT pp.ID_PR...', Array, false)
#4 C:\xampp\htdocs\ITSI\app\Controllers\estudiante\DocumentosPracticasEstudianteController.php(112): CodeIgniter\Database\BaseBuilder->get()
#5 C:\xampp\htdocs\ITSI\app\Controllers\estudiante\DocumentosPracticasEstudianteController.php(52): App\Controllers\estudiante\DocumentosPracticasEstudianteController->obtenerPracticasDocumentacionEstudiante(3)
#6 C:\xampp\htdocs\ITSI\vendor\codeigniter4\framework\system\CodeIgniter.php(933): App\Controllers\estudiante\DocumentosPracticasEstudianteController->index()
#7 C:\xampp\htdocs\ITSI\vendor\codeigniter4\framework\system\CodeIgniter.php(507): CodeIgniter\CodeIgniter->runController(Object(App\Controllers\estudiante\DocumentosPracticasEstudianteController))
#8 C:\xampp\htdocs\ITSI\vendor\codeigniter4\framework\system\CodeIgniter.php(354): CodeIgniter\CodeIgniter->handleRequest(NULL, Object(Config\Cache), false)
#9 C:\xampp\htdocs\ITSI\vendor\codeigniter4\framework\system\Boot.php(334): CodeIgniter\CodeIgniter->run()
#10 C:\xampp\htdocs\ITSI\vendor\codeigniter4\framework\system\Boot.php(67): CodeIgniter\Boot::runCodeIgniter(Object(CodeIgniter\CodeIgniter))
#11 C:\xampp\htdocs\ITSI\public\index.php(59): CodeIgniter\Boot::bootWeb(Object(Config\Paths))
#12 {main}
ERROR - 2026-03-24 17:58:26 --> obtenerPracticasDocumentacionEstudiante: Table 'itsi.instituciones_convenios' doesn't exist
DEBUG - 2026-03-24 17:58:57 --> Session: Class initialized using 'CodeIgniter\Session\Handlers\FileHandler' driver.
ERROR - 2026-03-24 17:58:57 --> mysqli_sql_exception: Table 'itsi.instituciones_convenios' doesn't exist in C:\xampp\htdocs\ITSI\vendor\codeigniter4\framework\system\Database\MySQLi\Connection.php:327
Stack trace:
#0 C:\xampp\htdocs\ITSI\vendor\codeigniter4\framework\system\Database\MySQLi\Connection.php(327): mysqli->query('SELECT `pp`.*, ...', 0)
#1 C:\xampp\htdocs\ITSI\vendor\codeigniter4\framework\system\Database\BaseConnection.php(738): CodeIgniter\Database\MySQLi\Connection->execute('SELECT `pp`.*, ...')
#2 C:\xampp\htdocs\ITSI\vendor\codeigniter4\framework\system\Database\BaseConnection.php(652): CodeIgniter\Database\BaseConnection->simpleQuery('SELECT `pp`.*, ...')
#3 C:\xampp\htdocs\ITSI\vendor\codeigniter4\framework\system\Database\BaseBuilder.php(1649): CodeIgniter\Database\BaseConnection->query('SELECT `pp`.*, ...', Array, false)
#4 C:\xampp\htdocs\ITSI\app\Controllers\estudiante\DashboardEstudianteController.php(96): CodeIgniter\Database\BaseBuilder->get()
#5 C:\xampp\htdocs\ITSI\vendor\codeigniter4\framework\system\CodeIgniter.php(933): App\Controllers\estudiante\DashboardEstudianteController->index()
#6 C:\xampp\htdocs\ITSI\vendor\codeigniter4\framework\system\CodeIgniter.php(507): CodeIgniter\CodeIgniter->runController(Object(App\Controllers\estudiante\DashboardEstudianteController))
#7 C:\xampp\htdocs\ITSI\vendor\codeigniter4\framework\system\CodeIgniter.php(354): CodeIgniter\CodeIgniter->handleRequest(NULL, Object(Config\Cache), false)
#8 C:\xampp\htdocs\ITSI\vendor\codeigniter4\framework\system\Boot.php(334): CodeIgniter\CodeIgniter->run()
#9 C:\xampp\htdocs\ITSI\vendor\codeigniter4\framework\system\Boot.php(67): CodeIgniter\Boot::runCodeIgniter(Object(CodeIgniter\CodeIgniter))
#10 C:\xampp\htdocs\ITSI\public\index.php(59): CodeIgniter\Boot::bootWeb(Object(Config\Paths))
#11 {main}
ERROR - 2026-03-24 17:58:57 --> Dashboard preprofesionales: Table 'itsi.instituciones_convenios' doesn't exist
ERROR - 2026-03-24 17:58:57 --> mysqli_sql_exception: Table 'itsi.instituciones_convenios' doesn't exist in C:\xampp\htdocs\ITSI\vendor\codeigniter4\framework\system\Database\MySQLi\Connection.php:327
Stack trace:
#0 C:\xampp\htdocs\ITSI\vendor\codeigniter4\framework\system\Database\MySQLi\Connection.php(327): mysqli->query('SELECT `sc`.*, ...', 0)
#1 C:\xampp\htdocs\ITSI\vendor\codeigniter4\framework\system\Database\BaseConnection.php(738): CodeIgniter\Database\MySQLi\Connection->execute('SELECT `sc`.*, ...')
#2 C:\xampp\htdocs\ITSI\vendor\codeigniter4\framework\system\Database\BaseConnection.php(652): CodeIgniter\Database\BaseConnection->simpleQuery('SELECT `sc`.*, ...')
#3 C:\xampp\htdocs\ITSI\vendor\codeigniter4\framework\system\Database\BaseBuilder.php(1649): CodeIgniter\Database\BaseConnection->query('SELECT `sc`.*, ...', Array, false)
#4 C:\xampp\htdocs\ITSI\app\Controllers\estudiante\DashboardEstudianteController.php(123): CodeIgniter\Database\BaseBuilder->get()
#5 C:\xampp\htdocs\ITSI\vendor\codeigniter4\framework\system\CodeIgniter.php(933): App\Controllers\estudiante\DashboardEstudianteController->index()
#6 C:\xampp\htdocs\ITSI\vendor\codeigniter4\framework\system\CodeIgniter.php(507): CodeIgniter\CodeIgniter->runController(Object(App\Controllers\estudiante\DashboardEstudianteController))
#7 C:\xampp\htdocs\ITSI\vendor\codeigniter4\framework\system\CodeIgniter.php(354): CodeIgniter\CodeIgniter->handleRequest(NULL, Object(Config\Cache), false)
#8 C:\xampp\htdocs\ITSI\vendor\codeigniter4\framework\system\Boot.php(334): CodeIgniter\CodeIgniter->run()
#9 C:\xampp\htdocs\ITSI\vendor\codeigniter4\framework\system\Boot.php(67): CodeIgniter\Boot::runCodeIgniter(Object(CodeIgniter\CodeIgniter))
#10 C:\xampp\htdocs\ITSI\public\index.php(59): CodeIgniter\Boot::bootWeb(Object(Config\Paths))
#11 {main}
ERROR - 2026-03-24 17:58:57 --> Dashboard servicio comunitario: Table 'itsi.instituciones_convenios' doesn't exist
DEBUG - 2026-03-24 17:59:04 --> Session: Class initialized using 'CodeIgniter\Session\Handlers\FileHandler' driver.
DEBUG - 2026-03-24 17:59:05 --> Session: Class initialized using 'CodeIgniter\Session\Handlers\FileHandler' driver.
DEBUG - 2026-03-24 17:59:09 --> Session: Class initialized using 'CodeIgniter\Session\Handlers\FileHandler' driver.
DEBUG - 2026-03-24 17:59:09 --> Session: Class initialized using 'CodeIgniter\Session\Handlers\FileHandler' driver.
DEBUG - 2026-03-24 17:59:10 --> Session: Class initialized using 'CodeIgniter\Session\Handlers\FileHandler' driver.
DEBUG - 2026-03-24 17:59:12 --> Session: Class initialized using 'CodeIgniter\Session\Handlers\FileHandler' driver.
DEBUG - 2026-03-24 18:00:42 --> Session: Class initialized using 'CodeIgniter\Session\Handlers\FileHandler' driver.
ERROR - 2026-03-24 18:00:42 --> mysqli_sql_exception: Table 'itsi.instituciones_convenios' doesn't exist in C:\xampp\htdocs\ITSI\vendor\codeigniter4\framework\system\Database\MySQLi\Connection.php:327
Stack trace:
#0 C:\xampp\htdocs\ITSI\vendor\codeigniter4\framework\system\Database\MySQLi\Connection.php(327): mysqli->query('SELECT `pp`.*, ...', 0)
#1 C:\xampp\htdocs\ITSI\vendor\codeigniter4\framework\system\Database\BaseConnection.php(738): CodeIgniter\Database\MySQLi\Connection->execute('SELECT `pp`.*, ...')
#2 C:\xampp\htdocs\ITSI\vendor\codeigniter4\framework\system\Database\BaseConnection.php(652): CodeIgniter\Database\BaseConnection->simpleQuery('SELECT `pp`.*, ...')
#3 C:\xampp\htdocs\ITSI\vendor\codeigniter4\framework\system\Database\BaseBuilder.php(1649): CodeIgniter\Database\BaseConnection->query('SELECT `pp`.*, ...', Array, false)
#4 C:\xampp\htdocs\ITSI\app\Controllers\estudiante\DashboardEstudianteController.php(96): CodeIgniter\Database\BaseBuilder->get()
#5 C:\xampp\htdocs\ITSI\vendor\codeigniter4\framework\system\CodeIgniter.php(933): App\Controllers\estudiante\DashboardEstudianteController->index()
#6 C:\xampp\htdocs\ITSI\vendor\codeigniter4\framework\system\CodeIgniter.php(507): CodeIgniter\CodeIgniter->runController(Object(App\Controllers\estudiante\DashboardEstudianteController))
#7 C:\xampp\htdocs\ITSI\vendor\codeigniter4\framework\system\CodeIgniter.php(354): CodeIgniter\CodeIgniter->handleRequest(NULL, Object(Config\Cache), false)
#8 C:\xampp\htdocs\ITSI\vendor\codeigniter4\framework\system\Boot.php(334): CodeIgniter\CodeIgniter->run()
#9 C:\xampp\htdocs\ITSI\vendor\codeigniter4\framework\system\Boot.php(67): CodeIgniter\Boot::runCodeIgniter(Object(CodeIgniter\CodeIgniter))
#10 C:\xampp\htdocs\ITSI\public\index.php(59): CodeIgniter\Boot::bootWeb(Object(Config\Paths))
#11 {main}
ERROR - 2026-03-24 18:00:42 --> Dashboard preprofesionales: Table 'itsi.instituciones_convenios' doesn't exist
ERROR - 2026-03-24 18:00:42 --> mysqli_sql_exception: Table 'itsi.instituciones_convenios' doesn't exist in C:\xampp\htdocs\ITSI\vendor\codeigniter4\framework\system\Database\MySQLi\Connection.php:327
Stack trace:
#0 C:\xampp\htdocs\ITSI\vendor\codeigniter4\framework\system\Database\MySQLi\Connection.php(327): mysqli->query('SELECT `sc`.*, ...', 0)
#1 C:\xampp\htdocs\ITSI\vendor\codeigniter4\framework\system\Database\BaseConnection.php(738): CodeIgniter\Database\MySQLi\Connection->execute('SELECT `sc`.*, ...')
#2 C:\xampp\htdocs\ITSI\vendor\codeigniter4\framework\system\Database\BaseConnection.php(652): CodeIgniter\Database\BaseConnection->simpleQuery('SELECT `sc`.*, ...')
#3 C:\xampp\htdocs\ITSI\vendor\codeigniter4\framework\system\Database\BaseBuilder.php(1649): CodeIgniter\Database\BaseConnection->query('SELECT `sc`.*, ...', Array, false)
#4 C:\xampp\htdocs\ITSI\app\Controllers\estudiante\DashboardEstudianteController.php(123): CodeIgniter\Database\BaseBuilder->get()
#5 C:\xampp\htdocs\ITSI\vendor\codeigniter4\framework\system\CodeIgniter.php(933): App\Controllers\estudiante\DashboardEstudianteController->index()
#6 C:\xampp\htdocs\ITSI\vendor\codeigniter4\framework\system\CodeIgniter.php(507): CodeIgniter\CodeIgniter->runController(Object(App\Controllers\estudiante\DashboardEstudianteController))
#7 C:\xampp\htdocs\ITSI\vendor\codeigniter4\framework\system\CodeIgniter.php(354): CodeIgniter\CodeIgniter->handleRequest(NULL, Object(Config\Cache), false)
#8 C:\xampp\htdocs\ITSI\vendor\codeigniter4\framework\system\Boot.php(334): CodeIgniter\CodeIgniter->run()
#9 C:\xampp\htdocs\ITSI\vendor\codeigniter4\framework\system\Boot.php(67): CodeIgniter\Boot::runCodeIgniter(Object(CodeIgniter\CodeIgniter))
#10 C:\xampp\htdocs\ITSI\public\index.php(59): CodeIgniter\Boot::bootWeb(Object(Config\Paths))
#11 {main}
ERROR - 2026-03-24 18:00:42 --> Dashboard servicio comunitario: Table 'itsi.instituciones_convenios' doesn't exist
DEBUG - 2026-03-24 18:00:54 --> Session: Class initialized using 'CodeIgniter\Session\Handlers\FileHandler' driver.
DEBUG - 2026-03-24 18:21:04 --> Session: Class initialized using 'CodeIgniter\Session\Handlers\FileHandler' driver.
INFO - 2026-03-24 18:21:04 --> Iniciando proceso de cierre de sesión para usuario: paguirre
INFO - 2026-03-24 18:21:04 --> Sesión cerrada exitosamente
DEBUG - 2026-03-24 18:21:05 --> Session: Class initialized using 'CodeIgniter\Session\Handlers\FileHandler' driver.
DEBUG - 2026-03-24 21:22:27 --> Session: Class initialized using 'CodeIgniter\Session\Handlers\FileHandler' driver.
INFO - 2026-03-24 21:22:27 --> Usuario autenticado: paguirre con rol: 3 - requiere cambio password: no
DEBUG - 2026-03-24 21:22:28 --> Session: Class initialized using 'CodeIgniter\Session\Handlers\FileHandler' driver.
ERROR - 2026-03-24 21:22:28 --> mysqli_sql_exception: Table 'itsi.instituciones_convenios' doesn't exist in C:\xampp\htdocs\ITSI\vendor\codeigniter4\framework\system\Database\MySQLi\Connection.php:327
Stack trace:
#0 C:\xampp\htdocs\ITSI\vendor\codeigniter4\framework\system\Database\MySQLi\Connection.php(327): mysqli->query('SELECT `pp`.*, ...', 0)
#1 C:\xampp\htdocs\ITSI\vendor\codeigniter4\framework\system\Database\BaseConnection.php(738): CodeIgniter\Database\MySQLi\Connection->execute('SELECT `pp`.*, ...')
#2 C:\xampp\htdocs\ITSI\vendor\codeigniter4\framework\system\Database\BaseConnection.php(652): CodeIgniter\Database\BaseConnection->simpleQuery('SELECT `pp`.*, ...')
#3 C:\xampp\htdocs\ITSI\vendor\codeigniter4\framework\system\Database\BaseBuilder.php(1649): CodeIgniter\Database\BaseConnection->query('SELECT `pp`.*, ...', Array, false)
#4 C:\xampp\htdocs\ITSI\app\Controllers\estudiante\DashboardEstudianteController.php(96): CodeIgniter\Database\BaseBuilder->get()
#5 C:\xampp\htdocs\ITSI\vendor\codeigniter4\framework\system\CodeIgniter.php(933): App\Controllers\estudiante\DashboardEstudianteController->index()
#6 C:\xampp\htdocs\ITSI\vendor\codeigniter4\framework\system\CodeIgniter.php(507): CodeIgniter\CodeIgniter->runController(Object(App\Controllers\estudiante\DashboardEstudianteController))
#7 C:\xampp\htdocs\ITSI\vendor\codeigniter4\framework\system\CodeIgniter.php(354): CodeIgniter\CodeIgniter->handleRequest(NULL, Object(Config\Cache), false)
#8 C:\xampp\htdocs\ITSI\vendor\codeigniter4\framework\system\Boot.php(334): CodeIgniter\CodeIgniter->run()
#9 C:\xampp\htdocs\ITSI\vendor\codeigniter4\framework\system\Boot.php(67): CodeIgniter\Boot::runCodeIgniter(Object(CodeIgniter\CodeIgniter))
#10 C:\xampp\htdocs\ITSI\public\index.php(59): CodeIgniter\Boot::bootWeb(Object(Config\Paths))
#11 {main}
ERROR - 2026-03-24 21:22:28 --> Dashboard preprofesionales: Table 'itsi.instituciones_convenios' doesn't exist
ERROR - 2026-03-24 21:22:28 --> mysqli_sql_exception: Table 'itsi.instituciones_convenios' doesn't exist in C:\xampp\htdocs\ITSI\vendor\codeigniter4\framework\system\Database\MySQLi\Connection.php:327
Stack trace:
#0 C:\xampp\htdocs\ITSI\vendor\codeigniter4\framework\system\Database\MySQLi\Connection.php(327): mysqli->query('SELECT `sc`.*, ...', 0)
#1 C:\xampp\htdocs\ITSI\vendor\codeigniter4\framework\system\Database\BaseConnection.php(738): CodeIgniter\Database\MySQLi\Connection->execute('SELECT `sc`.*, ...')
#2 C:\xampp\htdocs\ITSI\vendor\codeigniter4\framework\system\Database\BaseConnection.php(652): CodeIgniter\Database\BaseConnection->simpleQuery('SELECT `sc`.*, ...')
#3 C:\xampp\htdocs\ITSI\vendor\codeigniter4\framework\system\Database\BaseBuilder.php(1649): CodeIgniter\Database\BaseConnection->query('SELECT `sc`.*, ...', Array, false)
#4 C:\xampp\htdocs\ITSI\app\Controllers\estudiante\DashboardEstudianteController.php(123): CodeIgniter\Database\BaseBuilder->get()
#5 C:\xampp\htdocs\ITSI\vendor\codeigniter4\framework\system\CodeIgniter.php(933): App\Controllers\estudiante\DashboardEstudianteController->index()
#6 C:\xampp\htdocs\ITSI\vendor\codeigniter4\framework\system\CodeIgniter.php(507): CodeIgniter\CodeIgniter->runController(Object(App\Controllers\estudiante\DashboardEstudianteController))
#7 C:\xampp\htdocs\ITSI\vendor\codeigniter4\framework\system\CodeIgniter.php(354): CodeIgniter\CodeIgniter->handleRequest(NULL, Object(Config\Cache), false)
#8 C:\xampp\htdocs\ITSI\vendor\codeigniter4\framework\system\Boot.php(334): CodeIgniter\CodeIgniter->run()
#9 C:\xampp\htdocs\ITSI\vendor\codeigniter4\framework\system\Boot.php(67): CodeIgniter\Boot::runCodeIgniter(Object(CodeIgniter\CodeIgniter))
#10 C:\xampp\htdocs\ITSI\public\index.php(59): CodeIgniter\Boot::bootWeb(Object(Config\Paths))
#11 {main}
ERROR - 2026-03-24 21:22:28 --> Dashboard servicio comunitario: Table 'itsi.instituciones_convenios' doesn't exist
DEBUG - 2026-03-24 21:22:30 --> Session: Class initialized using 'CodeIgniter\Session\Handlers\FileHandler' driver.
ERROR - 2026-03-24 21:22:30 --> mysqli_sql_exception: Table 'itsi.instituciones_convenios' doesn't exist in C:\xampp\htdocs\ITSI\vendor\codeigniter4\framework\system\Database\MySQLi\Connection.php:327
Stack trace:
#0 C:\xampp\htdocs\ITSI\vendor\codeigniter4\framework\system\Database\MySQLi\Connection.php(327): mysqli->query('SELECT pp.ID_PR...', 0)
#1 C:\xampp\htdocs\ITSI\vendor\codeigniter4\framework\system\Database\BaseConnection.php(738): CodeIgniter\Database\MySQLi\Connection->execute('SELECT pp.ID_PR...')
#2 C:\xampp\htdocs\ITSI\vendor\codeigniter4\framework\system\Database\BaseConnection.php(652): CodeIgniter\Database\BaseConnection->simpleQuery('SELECT pp.ID_PR...')
#3 C:\xampp\htdocs\ITSI\vendor\codeigniter4\framework\system\Database\BaseBuilder.php(1649): CodeIgniter\Database\BaseConnection->query('SELECT pp.ID_PR...', Array, false)
#4 C:\xampp\htdocs\ITSI\app\Controllers\estudiante\DocumentosPracticasEstudianteController.php(112): CodeIgniter\Database\BaseBuilder->get()
#5 C:\xampp\htdocs\ITSI\app\Controllers\estudiante\DocumentosPracticasEstudianteController.php(52): App\Controllers\estudiante\DocumentosPracticasEstudianteController->obtenerPracticasDocumentacionEstudiante(3)
#6 C:\xampp\htdocs\ITSI\vendor\codeigniter4\framework\system\CodeIgniter.php(933): App\Controllers\estudiante\DocumentosPracticasEstudianteController->index()
#7 C:\xampp\htdocs\ITSI\vendor\codeigniter4\framework\system\CodeIgniter.php(507): CodeIgniter\CodeIgniter->runController(Object(App\Controllers\estudiante\DocumentosPracticasEstudianteController))
#8 C:\xampp\htdocs\ITSI\vendor\codeigniter4\framework\system\CodeIgniter.php(354): CodeIgniter\CodeIgniter->handleRequest(NULL, Object(Config\Cache), false)
#9 C:\xampp\htdocs\ITSI\vendor\codeigniter4\framework\system\Boot.php(334): CodeIgniter\CodeIgniter->run()
#10 C:\xampp\htdocs\ITSI\vendor\codeigniter4\framework\system\Boot.php(67): CodeIgniter\Boot::runCodeIgniter(Object(CodeIgniter\CodeIgniter))
#11 C:\xampp\htdocs\ITSI\public\index.php(59): CodeIgniter\Boot::bootWeb(Object(Config\Paths))
#12 {main}
ERROR - 2026-03-24 21:22:30 --> obtenerPracticasDocumentacionEstudiante: Table 'itsi.instituciones_convenios' doesn't exist
DEBUG - 2026-03-24 21:27:44 --> Session: Class initialized using 'CodeIgniter\Session\Handlers\FileHandler' driver.
ERROR - 2026-03-24 21:27:44 --> mysqli_sql_exception: Table 'itsi.instituciones_convenios' doesn't exist in C:\xampp\htdocs\ITSI\vendor\codeigniter4\framework\system\Database\MySQLi\Connection.php:327
Stack trace:
#0 C:\xampp\htdocs\ITSI\vendor\codeigniter4\framework\system\Database\MySQLi\Connection.php(327): mysqli->query('SELECT pp.ID_PR...', 0)
#1 C:\xampp\htdocs\ITSI\vendor\codeigniter4\framework\system\Database\BaseConnection.php(738): CodeIgniter\Database\MySQLi\Connection->execute('SELECT pp.ID_PR...')
#2 C:\xampp\htdocs\ITSI\vendor\codeigniter4\framework\system\Database\BaseConnection.php(652): CodeIgniter\Database\BaseConnection->simpleQuery('SELECT pp.ID_PR...')
#3 C:\xampp\htdocs\ITSI\vendor\codeigniter4\framework\system\Database\BaseBuilder.php(1649): CodeIgniter\Database\BaseConnection->query('SELECT pp.ID_PR...', Array, false)
#4 C:\xampp\htdocs\ITSI\app\Controllers\estudiante\DocumentosPracticasEstudianteController.php(114): CodeIgniter\Database\BaseBuilder->get()
#5 C:\xampp\htdocs\ITSI\app\Controllers\estudiante\DocumentosPracticasEstudianteController.php(52): App\Controllers\estudiante\DocumentosPracticasEstudianteController->obtenerPracticasDocumentacionEstudiante(3)
#6 C:\xampp\htdocs\ITSI\vendor\codeigniter4\framework\system\CodeIgniter.php(933): App\Controllers\estudiante\DocumentosPracticasEstudianteController->index()
#7 C:\xampp\htdocs\ITSI\vendor\codeigniter4\framework\system\CodeIgniter.php(507): CodeIgniter\CodeIgniter->runController(Object(App\Controllers\estudiante\DocumentosPracticasEstudianteController))
#8 C:\xampp\htdocs\ITSI\vendor\codeigniter4\framework\system\CodeIgniter.php(354): CodeIgniter\CodeIgniter->handleRequest(NULL, Object(Config\Cache), false)
#9 C:\xampp\htdocs\ITSI\vendor\codeigniter4\framework\system\Boot.php(334): CodeIgniter\CodeIgniter->run()
#10 C:\xampp\htdocs\ITSI\vendor\codeigniter4\framework\system\Boot.php(67): CodeIgniter\Boot::runCodeIgniter(Object(CodeIgniter\CodeIgniter))
#11 C:\xampp\htdocs\ITSI\public\index.php(59): CodeIgniter\Boot::bootWeb(Object(Config\Paths))
#12 {main}
ERROR - 2026-03-24 21:27:44 --> obtenerPracticasDocumentacionEstudiante: Table 'itsi.instituciones_convenios' doesn't exist
DEBUG - 2026-03-24 21:28:29 --> Session: Class initialized using 'CodeIgniter\Session\Handlers\FileHandler' driver.
INFO - 2026-03-24 21:28:29 --> Iniciando proceso de cierre de sesión para usuario: paguirre
INFO - 2026-03-24 21:28:29 --> Sesión cerrada exitosamente
DEBUG - 2026-03-24 21:28:29 --> Session: Class initialized using 'CodeIgniter\Session\Handlers\FileHandler' driver.
DEBUG - 2026-03-24 21:28:36 --> Session: Class initialized using 'CodeIgniter\Session\Handlers\FileHandler' driver.
INFO - 2026-03-24 21:28:36 --> Usuario autenticado: 1004191845 con rol: 1 - requiere cambio password: no
DEBUG - 2026-03-24 21:28:36 --> Session: Class initialized using 'CodeIgniter\Session\Handlers\FileHandler' driver.
DEBUG - 2026-03-24 21:28:36 --> Estadísticas mensuales prácticas: [{"mes":"Abr 2025","preprofesionales":0,"servicioComunitario":0},{"mes":"May 2025","preprofesionales":0,"servicioComunitario":0},{"mes":"Jun 2025","preprofesionales":1,"servicioComunitario":0},{"mes":"Jul 2025","preprofesionales":1,"servicioComunitario":0},{"mes":"Ago 2025","preprofesionales":0,"servicioComunitario":1},{"mes":"Sep 2025","preprofesionales":1,"servicioComunitario":0},{"mes":"Oct 2025","preprofesionales":1,"servicioComunitario":0},{"mes":"Nov 2025","preprofesionales":0,"servicioComunitario":1},{"mes":"Dic 2025","preprofesionales":1,"servicioComunitario":0},{"mes":"Ene 2026","preprofesionales":0,"servicioComunitario":1},{"mes":"Feb 2026","preprofesionales":0,"servicioComunitario":1},{"mes":"Mar 2026","preprofesionales":0,"servicioComunitario":1}]
DEBUG - 2026-03-24 21:28:48 --> Session: Class initialized using 'CodeIgniter\Session\Handlers\FileHandler' driver.
DEBUG - 2026-03-24 21:28:50 --> Session: Class initialized using 'CodeIgniter\Session\Handlers\FileHandler' driver.
DEBUG - 2026-03-24 21:28:58 --> Session: Class initialized using 'CodeIgniter\Session\Handlers\FileHandler' driver.
DEBUG - 2026-03-24 21:29:00 --> Session: Class initialized using 'CodeIgniter\Session\Handlers\FileHandler' driver.
DEBUG - 2026-03-24 21:46:26 --> Session: Class initialized using 'CodeIgniter\Session\Handlers\FileHandler' driver.
DEBUG - 2026-03-24 21:46:28 --> Session: Class initialized using 'CodeIgniter\Session\Handlers\FileHandler' driver.
DEBUG - 2026-03-24 21:56:59 --> Session: Class initialized using 'CodeIgniter\Session\Handlers\FileHandler' driver.
INFO - 2026-03-24 21:56:59 --> Iniciando proceso de cierre de sesión para usuario: ycampues
INFO - 2026-03-24 21:56:59 --> Sesión cerrada exitosamente
DEBUG - 2026-03-24 21:56:59 --> Session: Class initialized using 'CodeIgniter\Session\Handlers\FileHandler' driver.
DEBUG - 2026-03-24 21:58:00 --> Session: Class initialized using 'CodeIgniter\Session\Handlers\FileHandler' driver.
DEBUG - 2026-03-24 21:58:00 --> Session: Class initialized using 'CodeIgniter\Session\Handlers\FileHandler' driver.
DEBUG - 2026-03-24 21:58:07 --> Session: Class initialized using 'CodeIgniter\Session\Handlers\FileHandler' driver.
INFO - 2026-03-24 21:58:07 --> Usuario autenticado: 1004191845 con rol: 1 - requiere cambio password: no
DEBUG - 2026-03-24 21:58:08 --> Session: Class initialized using 'CodeIgniter\Session\Handlers\FileHandler' driver.
DEBUG - 2026-03-24 21:58:08 --> Estadísticas mensuales prácticas: [{"mes":"Abr 2025","preprofesionales":0,"servicioComunitario":0},{"mes":"May 2025","preprofesionales":0,"servicioComunitario":0},{"mes":"Jun 2025","preprofesionales":1,"servicioComunitario":0},{"mes":"Jul 2025","preprofesionales":1,"servicioComunitario":0},{"mes":"Ago 2025","preprofesionales":0,"servicioComunitario":1},{"mes":"Sep 2025","preprofesionales":1,"servicioComunitario":0},{"mes":"Oct 2025","preprofesionales":1,"servicioComunitario":0},{"mes":"Nov 2025","preprofesionales":0,"servicioComunitario":1},{"mes":"Dic 2025","preprofesionales":1,"servicioComunitario":0},{"mes":"Ene 2026","preprofesionales":0,"servicioComunitario":1},{"mes":"Feb 2026","preprofesionales":0,"servicioComunitario":1},{"mes":"Mar 2026","preprofesionales":0,"servicioComunitario":1}]
DEBUG - 2026-03-24 21:58:10 --> Session: Class initialized using 'CodeIgniter\Session\Handlers\FileHandler' driver.
DEBUG - 2026-03-24 21:58:12 --> Session: Class initialized using 'CodeIgniter\Session\Handlers\FileHandler' driver.
DEBUG - 2026-03-24 22:00:11 --> Session: Class initialized using 'CodeIgniter\Session\Handlers\FileHandler' driver.
DEBUG - 2026-03-24 22:00:14 --> Session: Class initialized using 'CodeIgniter\Session\Handlers\FileHandler' driver.
DEBUG - 2026-03-24 22:00:54 --> Session: Class initialized using 'CodeIgniter\Session\Handlers\FileHandler' driver.
DEBUG - 2026-03-24 22:00:55 --> Session: Class initialized using 'CodeIgniter\Session\Handlers\FileHandler' driver.
DEBUG - 2026-03-24 22:01:17 --> Session: Class initialized using 'CodeIgniter\Session\Handlers\FileHandler' driver.
INFO - 2026-03-24 22:01:17 --> Notificaciones de práctica enviadas exitosamente
ERROR - 2026-03-24 22:01:17 --> Error enviando emails de notificación: Undefined array key "email"
ERROR - 2026-03-24 22:01:17 --> Error enviando email de notificación: Undefined array key "email"
DEBUG - 2026-03-24 22:01:19 --> Session: Class initialized using 'CodeIgniter\Session\Handlers\FileHandler' driver.
DEBUG - 2026-03-24 22:01:22 --> Session: Class initialized using 'CodeIgniter\Session\Handlers\FileHandler' driver.
DEBUG - 2026-03-24 22:01:22 --> Consulta SQL: SELECT *
FROM `TAB_DOCUMENTOS_PRACTICAS_PREPROFESIONALES` `dp`
DEBUG - 2026-03-24 22:01:22 --> Resultados obtenidos: 9
DEBUG - 2026-03-24 22:01:22 --> Tipos de documentos en index: [{"ID_TIPO_DOCUMENTO_PREPROFESIONAL":"1","CODIGO":"PPR-001","NOMBRE":"Oficio de Asignaci\u00f3n de Tutor","DESCRIPCION":"Documento oficial emitido por la coordinaci\u00f3n de la carrera que designa al docente responsable de la tutor\u00eda y seguimiento de las pr\u00e1cticas de servicio comunitario del estudiante.","ORDEN":"1","OBLIGATORIO":"1","ACTIVO":"1","FECHA_CREACION":"2026-03-23 19:56:13","FECHA_ACTUALIZACION":"2026-03-23 19:56:13","REQUERIDO":"1"},{"ID_TIPO_DOCUMENTO_PREPROFESIONAL":"2","CODIGO":"PPR-002","NOMBRE":"Oficio a Entidad Receptora","DESCRIPCION":"Carta formal enviada por el estudiante a la instituci\u00f3n \"Instituto Tecnol\u00f3gico Superior Ibarra\", con el prop\u00f3sito de solicitar la oportunidad de realizar sus pr\u00e1cticas de servicio comunitario.","ORDEN":"2","OBLIGATORIO":"1","ACTIVO":"1","FECHA_CREACION":"2026-03-23 19:56:13","FECHA_ACTUALIZACION":"2026-03-23 20:03:37","REQUERIDO":"1"},{"ID_TIPO_DOCUMENTO_PREPROFESIONAL":"3","CODIGO":"PPR-003","NOMBRE":"Carta de Aceptaci\u00f3n","DESCRIPCION":"Carta oficial de la entidad receptora \"Instituto Tecnol\u00f3gico Superior Ibarra\" que confirma la aceptaci\u00f3n del o los estudiantes para realizar las pr\u00e1cticas de servicio comunitario en sus instalaciones.","ORDEN":"3","OBLIGATORIO":"1","ACTIVO":"1","FECHA_CREACION":"2026-03-23 19:56:13","FECHA_ACTUALIZACION":"2026-03-23 19:56:13","REQUERIDO":"1"},{"ID_TIPO_DOCUMENTO_PREPROFESIONAL":"4","CODIGO":"PPR-004","NOMBRE":"Solicitud Institucional Valorada","DESCRIPCION":"Documento de solicitud formal dirigido al Sr. Rector, Dr. Mario Montenegro, pidiendo la aprobaci\u00f3n institucional para la realizaci\u00f3n de las pr\u00e1cticas de servicio comunitario.","ORDEN":"4","OBLIGATORIO":"1","ACTIVO":"1","FECHA_CREACION":"2026-03-23 19:56:13","FECHA_ACTUALIZACION":"2026-03-23 19:56:13","REQUERIDO":"1"},{"ID_TIPO_DOCUMENTO_PREPROFESIONAL":"5","CODIGO":"PPR-005","NOMBRE":"Certificado de Culminaci\u00f3n de Horas","DESCRIPCION":"Certificado emitido por la entidad receptora \"Instituto Tecnol\u00f3gico Superior Ibarra\" que acredita que el estudiante ha completado las 60 horas requeridas de pr\u00e1cticas de servicio comunitario.","ORDEN":"5","OBLIGATORIO":"1","ACTIVO":"1","FECHA_CREACION":"2026-03-23 19:56:13","FECHA_ACTUALIZACION":"2026-03-23 19:56:13","REQUERIDO":"1"},{"ID_TIPO_DOCUMENTO_PREPROFESIONAL":"6","CODIGO":"PPR-006","NOMBRE":"Hojas de Asistencia","DESCRIPCION":"Registro f\u00edsico de la asistencia del estudiante en la entidad receptora. Incluye las firmas y sellos para validar las horas de trabajo.","ORDEN":"6","OBLIGATORIO":"1","ACTIVO":"1","FECHA_CREACION":"2026-03-23 19:56:13","FECHA_ACTUALIZACION":"2026-03-23 19:56:13","REQUERIDO":"1"},{"ID_TIPO_DOCUMENTO_PREPROFESIONAL":"7","CODIGO":"PPR-007","NOMBRE":"Ficha de Registro de Actividades","DESCRIPCION":"Documento detallado en el que el estudiante registra las actividades espec\u00edficas realizadas durante sus pr\u00e1cticas, incluyendo fechas y descripciones.","ORDEN":"7","OBLIGATORIO":"1","ACTIVO":"1","FECHA_CREACION":"2026-03-23 19:56:13","FECHA_ACTUALIZACION":"2026-03-23 19:56:13","REQUERIDO":"1"},{"ID_TIPO_DOCUMENTO_PREPROFESIONAL":"8","CODIGO":"PPR-008","NOMBRE":"R\u00fabrica de Evaluaci\u00f3n de Entidad","DESCRIPCION":"Formulario de evaluaci\u00f3n del desempe\u00f1o del estudiante, llenado y sellado por la entidad receptora. Valora aspectos como la responsabilidad, la proactividad y la calidad del trabajo.","ORDEN":"8","OBLIGATORIO":"1","ACTIVO":"1","FECHA_CREACION":"2026-03-23 19:56:13","FECHA_ACTUALIZACION":"2026-03-23 19:56:13","REQUERIDO":"1"},{"ID_TIPO_DOCUMENTO_PREPROFESIONAL":"9","CODIGO":"PPR-009","NOMBRE":"Ficha de Control y Seguimiento Docente","DESCRIPCION":"Documento utilizado por el tutor docente para registrar el seguimiento acad\u00e9mico del estudiante durante las pr\u00e1cticas. Incluye visitas o revisiones peri\u00f3dicas.","ORDEN":"9","OBLIGATORIO":"1","ACTIVO":"1","FECHA_CREACION":"2026-03-23 19:56:13","FECHA_ACTUALIZACION":"2026-03-23 19:56:13","REQUERIDO":"1"},{"ID_TIPO_DOCUMENTO_PREPROFESIONAL":"10","CODIGO":"PPR-010","NOMBRE":"R\u00fabrica de Evaluaci\u00f3n Docente","DESCRIPCION":"R\u00fabrica de evaluaci\u00f3n llenada y firmada por el tutor docente. Califica el desempe\u00f1o del estudiante en base a los criterios acad\u00e9micos del programa.","ORDEN":"10","OBLIGATORIO":"1","ACTIVO":"1","FECHA_CREACION":"2026-03-23 19:56:13","FECHA_ACTUALIZACION":"2026-03-23 19:56:13","REQUERIDO":"1"},{"ID_TIPO_DOCUMENTO_PREPROFESIONAL":"11","CODIGO":"PPR-011","NOMBRE":"R\u00fabrica de Evaluaci\u00f3n de Resultados","DESCRIPCION":"Evaluaci\u00f3n final realizada por el Departamento de Vinculaci\u00f3n con la Sociedad, que valora los resultados y el impacto del proyecto de servicio comunitario en su conjunto.","ORDEN":"11","OBLIGATORIO":"1","ACTIVO":"1","FECHA_CREACION":"2026-03-23 19:56:13","FECHA_ACTUALIZACION":"2026-03-23 19:56:13","REQUERIDO":"1"},{"ID_TIPO_DOCUMENTO_PREPROFESIONAL":"12","CODIGO":"PPR-012","NOMBRE":"Evidencia Fotogr\u00e1fica y Digital","DESCRIPCION":"Material de apoyo visual y digital, como fotos, capturas, videos o impresiones, que documenta y comprueba la realizaci\u00f3n de las actividades y trabajos del proyecto.","ORDEN":"12","OBLIGATORIO":"1","ACTIVO":"1","FECHA_CREACION":"2026-03-23 19:56:13","FECHA_ACTUALIZACION":"2026-03-23 19:56:13","REQUERIDO":"1"}]
DEBUG - 2026-03-24 22:01:22 --> Session: Class initialized using 'CodeIgniter\Session\Handlers\FileHandler' driver.
DEBUG - 2026-03-24 22:01:22 --> Consulta SQL: SELECT *
FROM `TAB_DOCUMENTOS_PRACTICAS_PREPROFESIONALES` `dp`
DEBUG - 2026-03-24 22:01:22 --> Resultados obtenidos: 9
DEBUG - 2026-03-24 22:01:22 --> Documentos obtenidos: [{"ID_DOCUMENTO_PREPROFESIONAL":"17","ID_PRACTICA_PREPROFESIONAL":"2","ID_TIPO_DOCUMENTO":"9","ID_ESTADO_REVISION":"4","NOMBRE_ARCHIVO":"ficha_control_seguimiento_002_20250920.pdf","NOMBRE_ORIGINAL":"Ficha Control Seguimiento - Mar\u00eda.pdf","TIPO_ARCHIVO":"application\/pdf","TAMANO_ARCHIVO":"112233","RUTA_ARCHIVO":"\/uploads\/documentos-practicas\/","FECHA_SUBIDA":"2025-09-20 10:15:00","FECHA_REVISION":"2025-09-20 12:45:00","ID_REVISOR":"5","OBSERVACIONES":"Ficha de control y seguimiento docente","OBSERVACIONES_REVISOR":"Faltan las firmas del tutor docente, documento inv\u00e1lido","VERSION":"1","ACTIVO":"1","FECHA_CREACION":"2026-03-23 19:56:13","FECHA_ACTUALIZACION":"2026-03-23 19:56:13","ID_TIPO_DOCUMENTO_PREPROFESIONAL":"9","TIPO_DOCUMENTO_CODIGO":"PPR-009","TIPO_DOCUMENTO_NOMBRE":"Ficha de Control y Seguimiento Docente","TIPO_DOCUMENTO_DESCRIPCION":"Documento utilizado por el tutor docente para registrar el seguimiento acad\u00e9mico del estudiante durante las pr\u00e1cticas. Incluye visitas o revisiones peri\u00f3dicas.","TIPO_DOCUMENTO_ORDEN":"9","TIPO_DOCUMENTO_OBLIGATORIO":"1","ESTADO_REVISION":"Rechazado","ID_ESTUDIANTE":"2","ENTIDAD_RECEPTORA":"Banco del Pac\u00edfico","ESTUDIANTE_NOMBRE":"Mar\u00eda Elena Garc\u00eda Torres","NOMBRE_ESTUDIANTE":"Mar\u00eda Elena","APELLIDO_ESTUDIANTE":"Garc\u00eda Torres","CEDULA_ESTUDIANTE":"1002345678"},{"ID_DOCUMENTO_PREPROFESIONAL":"15","ID_PRACTICA_PREPROFESIONAL":"2","ID_TIPO_DOCUMENTO":"7","ID_ESTADO_REVISION":"5","NOMBRE_ARCHIVO":"ficha_registro_actividades_002_20250915.pdf","NOMBRE_ORIGINAL":"Ficha Registro Actividades - Mar\u00eda.pdf","TIPO_ARCHIVO":"application\/pdf","TAMANO_ARCHIVO":"98765","RUTA_ARCHIVO":"\/uploads\/documentos-practicas\/","FECHA_SUBIDA":"2025-09-15 11:30:00","FECHA_REVISION":"2025-09-15 14:20:00","ID_REVISOR":"5","OBSERVACIONES":"Ficha de registro de actividades","OBSERVACIONES_REVISOR":"Descripci\u00f3n de actividades muy general, especificar m\u00e1s detalles","VERSION":"1","ACTIVO":"1","FECHA_CREACION":"2026-03-23 19:56:13","FECHA_ACTUALIZACION":"2026-03-23 19:56:13","ID_TIPO_DOCUMENTO_PREPROFESIONAL":"7","TIPO_DOCUMENTO_CODIGO":"PPR-007","TIPO_DOCUMENTO_NOMBRE":"Ficha de Registro de Actividades","TIPO_DOCUMENTO_DESCRIPCION":"Documento detallado en el que el estudiante registra las actividades espec\u00edficas realizadas durante sus pr\u00e1cticas, incluyendo fechas y descripciones.","TIPO_DOCUMENTO_ORDEN":"7","TIPO_DOCUMENTO_OBLIGATORIO":"1","ESTADO_REVISION":"Requiere Correcci\u00f3n","ID_ESTUDIANTE":"2","ENTIDAD_RECEPTORA":"Banco del Pac\u00edfico","ESTUDIANTE_NOMBRE":"Mar\u00eda Elena Garc\u00eda Torres","NOMBRE_ESTUDIANTE":"Mar\u00eda Elena","APELLIDO_ESTUDIANTE":"Garc\u00eda Torres","CEDULA_ESTUDIANTE":"1002345678"},{"ID_DOCUMENTO_PREPROFESIONAL":"14","ID_PRACTICA_PREPROFESIONAL":"1","ID_TIPO_DOCUMENTO":"6","ID_ESTADO_REVISION":"5","NOMBRE_ARCHIVO":"hojas_asistencia_001_20250830.pdf","NOMBRE_ORIGINAL":"Hojas de Asistencia - Juan Carlos.pdf","TIPO_ARCHIVO":"application\/pdf","TAMANO_ARCHIVO":"123456","RUTA_ARCHIVO":"\/uploads\/documentos-practicas\/","FECHA_SUBIDA":"2025-08-30 16:15:00","FECHA_REVISION":"2025-08-30 17:45:00","ID_REVISOR":"4","OBSERVACIONES":"Hojas de asistencia completas","OBSERVACIONES_REVISOR":"Faltan firmas en algunas fechas, corregir y volver a subir","VERSION":"1","ACTIVO":"1","FECHA_CREACION":"2026-03-23 19:56:13","FECHA_ACTUALIZACION":"2026-03-23 19:56:13","ID_TIPO_DOCUMENTO_PREPROFESIONAL":"6","TIPO_DOCUMENTO_CODIGO":"PPR-006","TIPO_DOCUMENTO_NOMBRE":"Hojas de Asistencia","TIPO_DOCUMENTO_DESCRIPCION":"Registro f\u00edsico de la asistencia del estudiante en la entidad receptora. Incluye las firmas y sellos para validar las horas de trabajo.","TIPO_DOCUMENTO_ORDEN":"6","TIPO_DOCUMENTO_OBLIGATORIO":"1","ESTADO_REVISION":"Requiere Correcci\u00f3n","ID_ESTUDIANTE":"1","ENTIDAD_RECEPTORA":"Hospital San Vicente de Pa\u00fal","ESTUDIANTE_NOMBRE":"Juan Carlos P\u00e9rez L\u00f3pez","NOMBRE_ESTUDIANTE":"Juan Carlos","APELLIDO_ESTUDIANTE":"P\u00e9rez L\u00f3pez","CEDULA_ESTUDIANTE":"1001234567"},{"ID_DOCUMENTO_PREPROFESIONAL":"16","ID_PRACTICA_PREPROFESIONAL":"1","ID_TIPO_DOCUMENTO":"8","ID_ESTADO_REVISION":"4","NOMBRE_ARCHIVO":"rubrica_evaluacion_entidad_001_20250825.pdf","NOMBRE_ORIGINAL":"R\u00fabrica Evaluaci\u00f3n Entidad - Juan.pdf","TIPO_ARCHIVO":"application\/pdf","TAMANO_ARCHIVO":"87654","RUTA_ARCHIVO":"\/uploads\/documentos-practicas\/","FECHA_SUBIDA":"2025-08-25 15:00:00","FECHA_REVISION":"2025-08-25 16:30:00","ID_REVISOR":"4","OBSERVACIONES":"R\u00fabrica de evaluaci\u00f3n de entidad","OBSERVACIONES_REVISOR":"Documento no tiene sello oficial de la entidad, rechazado","VERSION":"1","ACTIVO":"1","FECHA_CREACION":"2026-03-23 19:56:13","FECHA_ACTUALIZACION":"2026-03-23 19:56:13","ID_TIPO_DOCUMENTO_PREPROFESIONAL":"8","TIPO_DOCUMENTO_CODIGO":"PPR-008","TIPO_DOCUMENTO_NOMBRE":"R\u00fabrica de Evaluaci\u00f3n de Entidad","TIPO_DOCUMENTO_DESCRIPCION":"Formulario de evaluaci\u00f3n del desempe\u00f1o del estudiante, llenado y sellado por la entidad receptora. Valora aspectos como la responsabilidad, la proactividad y la calidad del trabajo.","TIPO_DOCUMENTO_ORDEN":"8","TIPO_DOCUMENTO_OBLIGATORIO":"1","ESTADO_REVISION":"Rechazado","ID_ESTUDIANTE":"1","ENTIDAD_RECEPTORA":"Hospital San Vicente de Pa\u00fal","ESTUDIANTE_NOMBRE":"Juan Carlos P\u00e9rez L\u00f3pez","NOMBRE_ESTUDIANTE":"Juan Carlos","APELLIDO_ESTUDIANTE":"P\u00e9rez L\u00f3pez","CEDULA_ESTUDIANTE":"1001234567"},{"ID_DOCUMENTO_PREPROFESIONAL":"5","ID_PRACTICA_PREPROFESIONAL":"2","ID_TIPO_DOCUMENTO":"2","ID_ESTADO_REVISION":"3","NOMBRE_ARCHIVO":"oficio_entidad_receptora_002_20250702.pdf","NOMBRE_ORIGINAL":"Oficio Entidad Receptora - Banco.pdf","TIPO_ARCHIVO":"application\/pdf","TAMANO_ARCHIVO":"178944","RUTA_ARCHIVO":"\/uploads\/documentos-practicas\/","FECHA_SUBIDA":"2025-07-02 15:45:00","FECHA_REVISION":"2025-07-02 17:20:00","ID_REVISOR":"5","OBSERVACIONES":"Oficio enviado a la entidad receptora","OBSERVACIONES_REVISOR":"Oficio formal y bien estructurado","VERSION":"1","ACTIVO":"1","FECHA_CREACION":"2026-03-23 19:56:13","FECHA_ACTUALIZACION":"2026-03-23 19:56:13","ID_TIPO_DOCUMENTO_PREPROFESIONAL":"2","TIPO_DOCUMENTO_CODIGO":"PPR-002","TIPO_DOCUMENTO_NOMBRE":"Oficio a Entidad Receptora","TIPO_DOCUMENTO_DESCRIPCION":"Carta formal enviada por el estudiante a la instituci\u00f3n \"Instituto Tecnol\u00f3gico Superior Ibarra\", con el prop\u00f3sito de solicitar la oportunidad de realizar sus pr\u00e1cticas de servicio comunitario.","TIPO_DOCUMENTO_ORDEN":"2","TIPO_DOCUMENTO_OBLIGATORIO":"1","ESTADO_REVISION":"Aprobado","ID_ESTUDIANTE":"2","ENTIDAD_RECEPTORA":"Banco del Pac\u00edfico","ESTUDIANTE_NOMBRE":"Mar\u00eda Elena Garc\u00eda Torres","NOMBRE_ESTUDIANTE":"Mar\u00eda Elena","APELLIDO_ESTUDIANTE":"Garc\u00eda Torres","CEDULA_ESTUDIANTE":"1002345678"},{"ID_DOCUMENTO_PREPROFESIONAL":"4","ID_PRACTICA_PREPROFESIONAL":"2","ID_TIPO_DOCUMENTO":"1","ID_ESTADO_REVISION":"3","NOMBRE_ARCHIVO":"oficio_asignacion_tutor_002_20250701.pdf","NOMBRE_ORIGINAL":"Oficio Asignaci\u00f3n Tutor - Mar\u00eda Elena.pdf","TIPO_ARCHIVO":"application\/pdf","TAMANO_ARCHIVO":"234880","RUTA_ARCHIVO":"\/uploads\/documentos-practicas\/","FECHA_SUBIDA":"2025-07-01 11:00:00","FECHA_REVISION":"2025-07-01 13:15:00","ID_REVISOR":"5","OBSERVACIONES":"Documento oficial de asignaci\u00f3n","OBSERVACIONES_REVISOR":"Asignaci\u00f3n correcta del tutor","VERSION":"1","ACTIVO":"1","FECHA_CREACION":"2026-03-23 19:56:13","FECHA_ACTUALIZACION":"2026-03-23 19:56:13","ID_TIPO_DOCUMENTO_PREPROFESIONAL":"1","TIPO_DOCUMENTO_CODIGO":"PPR-001","TIPO_DOCUMENTO_NOMBRE":"Oficio de Asignaci\u00f3n de Tutor","TIPO_DOCUMENTO_DESCRIPCION":"Documento oficial emitido por la coordinaci\u00f3n de la carrera que designa al docente responsable de la tutor\u00eda y seguimiento de las pr\u00e1cticas de servicio comunitario del estudiante.","TIPO_DOCUMENTO_ORDEN":"1","TIPO_DOCUMENTO_OBLIGATORIO":"1","ESTADO_REVISION":"Aprobado","ID_ESTUDIANTE":"2","ENTIDAD_RECEPTORA":"Banco del Pac\u00edfico","ESTUDIANTE_NOMBRE":"Mar\u00eda Elena Garc\u00eda Torres","NOMBRE_ESTUDIANTE":"Mar\u00eda Elena","APELLIDO_ESTUDIANTE":"Garc\u00eda Torres","CEDULA_ESTUDIANTE":"1002345678"},{"ID_DOCUMENTO_PREPROFESIONAL":"3","ID_PRACTICA_PREPROFESIONAL":"1","ID_TIPO_DOCUMENTO":"3","ID_ESTADO_REVISION":"3","NOMBRE_ARCHIVO":"carta_aceptacion_001_20250603.pdf","NOMBRE_ORIGINAL":"Carta Aceptaci\u00f3n - Hospital.pdf","TIPO_ARCHIVO":"application\/pdf","TAMANO_ARCHIVO":"156672","RUTA_ARCHIVO":"\/uploads\/documentos-practicas\/","FECHA_SUBIDA":"2025-06-03 09:15:00","FECHA_REVISION":"2025-06-03 11:20:00","ID_REVISOR":"4","OBSERVACIONES":"Carta de aceptaci\u00f3n de la entidad","OBSERVACIONES_REVISOR":"Carta oficial con sello institucional","VERSION":"1","ACTIVO":"1","FECHA_CREACION":"2026-03-23 19:56:13","FECHA_ACTUALIZACION":"2026-03-23 19:56:13","ID_TIPO_DOCUMENTO_PREPROFESIONAL":"3","TIPO_DOCUMENTO_CODIGO":"PPR-003","TIPO_DOCUMENTO_NOMBRE":"Carta de Aceptaci\u00f3n","TIPO_DOCUMENTO_DESCRIPCION":"Carta oficial de la entidad receptora \"Instituto Tecnol\u00f3gico Superior Ibarra\" que confirma la aceptaci\u00f3n del o los estudiantes para realizar las pr\u00e1cticas de servicio comunitario en sus instalaciones.","TIPO_DOCUMENTO_ORDEN":"3","TIPO_DOCUMENTO_OBLIGATORIO":"1","ESTADO_REVISION":"Aprobado","ID_ESTUDIANTE":"1","ENTIDAD_RECEPTORA":"Hospital San Vicente de Pa\u00fal","ESTUDIANTE_NOMBRE":"Juan Carlos P\u00e9rez L\u00f3pez","NOMBRE_ESTUDIANTE":"Juan Carlos","APELLIDO_ESTUDIANTE":"P\u00e9rez L\u00f3pez","CEDULA_ESTUDIANTE":"1001234567"},{"ID_DOCUMENTO_PREPROFESIONAL":"2","ID_PRACTICA_PREPROFESIONAL":"1","ID_TIPO_DOCUMENTO":"2","ID_ESTADO_REVISION":"3","NOMBRE_ARCHIVO":"oficio_entidad_receptora_001_20250602.pdf","NOMBRE_ORIGINAL":"Oficio Entidad Receptora - Hospital.pdf","TIPO_ARCHIVO":"application\/pdf","TAMANO_ARCHIVO":"189440","RUTA_ARCHIVO":"\/uploads\/documentos-practicas\/","FECHA_SUBIDA":"2025-06-02 14:30:00","FECHA_REVISION":"2025-06-02 16:45:00","ID_REVISOR":"4","OBSERVACIONES":"Oficio enviado a la entidad receptora","OBSERVACIONES_REVISOR":"Oficio bien redactado y formal","VERSION":"1","ACTIVO":"1","FECHA_CREACION":"2026-03-23 19:56:13","FECHA_ACTUALIZACION":"2026-03-23 19:56:13","ID_TIPO_DOCUMENTO_PREPROFESIONAL":"2","TIPO_DOCUMENTO_CODIGO":"PPR-002","TIPO_DOCUMENTO_NOMBRE":"Oficio a Entidad Receptora","TIPO_DOCUMENTO_DESCRIPCION":"Carta formal enviada por el estudiante a la instituci\u00f3n \"Instituto Tecnol\u00f3gico Superior Ibarra\", con el prop\u00f3sito de solicitar la oportunidad de realizar sus pr\u00e1cticas de servicio comunitario.","TIPO_DOCUMENTO_ORDEN":"2","TIPO_DOCUMENTO_OBLIGATORIO":"1","ESTADO_REVISION":"Aprobado","ID_ESTUDIANTE":"1","ENTIDAD_RECEPTORA":"Hospital San Vicente de Pa\u00fal","ESTUDIANTE_NOMBRE":"Juan Carlos P\u00e9rez L\u00f3pez","NOMBRE_ESTUDIANTE":"Juan Carlos","APELLIDO_ESTUDIANTE":"P\u00e9rez L\u00f3pez","CEDULA_ESTUDIANTE":"1001234567"},{"ID_DOCUMENTO_PREPROFESIONAL":"1","ID_PRACTICA_PREPROFESIONAL":"1","ID_TIPO_DOCUMENTO":"1","ID_ESTADO_REVISION":"3","NOMBRE_ARCHIVO":"oficio_asignacion_tutor_001_20250601.pdf","NOMBRE_ORIGINAL":"Oficio Asignaci\u00f3n Tutor - Juan Carlos.pdf","TIPO_ARCHIVO":"application\/pdf","TAMANO_ARCHIVO":"245760","RUTA_ARCHIVO":"\/uploads\/documentos-practicas\/","FECHA_SUBIDA":"2025-06-01 10:00:00","FECHA_REVISION":"2025-06-01 14:30:00","ID_REVISOR":"4","OBSERVACIONES":"Documento oficial de asignaci\u00f3n","OBSERVACIONES_REVISOR":"Documento aprobado correctamente","VERSION":"1","ACTIVO":"1","FECHA_CREACION":"2026-03-23 19:56:13","FECHA_ACTUALIZACION":"2026-03-23 19:56:13","ID_TIPO_DOCUMENTO_PREPROFESIONAL":"1","TIPO_DOCUMENTO_CODIGO":"PPR-001","TIPO_DOCUMENTO_NOMBRE":"Oficio de Asignaci\u00f3n de Tutor","TIPO_DOCUMENTO_DESCRIPCION":"Documento oficial emitido por la coordinaci\u00f3n de la carrera que designa al docente responsable de la tutor\u00eda y seguimiento de las pr\u00e1cticas de servicio comunitario del estudiante.","TIPO_DOCUMENTO_ORDEN":"1","TIPO_DOCUMENTO_OBLIGATORIO":"1","ESTADO_REVISION":"Aprobado","ID_ESTUDIANTE":"1","ENTIDAD_RECEPTORA":"Hospital San Vicente de Pa\u00fal","ESTUDIANTE_NOMBRE":"Juan Carlos P\u00e9rez L\u00f3pez","NOMBRE_ESTUDIANTE":"Juan Carlos","APELLIDO_ESTUDIANTE":"P\u00e9rez L\u00f3pez","CEDULA_ESTUDIANTE":"1001234567"}]
DEBUG - 2026-03-24 22:01:26 --> Session: Class initialized using 'CodeIgniter\Session\Handlers\FileHandler' driver.
DEBUG - 2026-03-24 22:04:05 --> Session: Class initialized using 'CodeIgniter\Session\Handlers\FileHandler' driver.
DEBUG - 2026-03-24 22:04:17 --> Session: Class initialized using 'CodeIgniter\Session\Handlers\FileHandler' driver.
DEBUG - 2026-03-24 22:04:20 --> Session: Class initialized using 'CodeIgniter\Session\Handlers\FileHandler' driver.
INFO - 2026-03-24 22:04:21 --> Iniciando proceso de cierre de sesión para usuario: ycampues
INFO - 2026-03-24 22:04:21 --> Sesión cerrada exitosamente
DEBUG - 2026-03-24 22:04:21 --> Session: Class initialized using 'CodeIgniter\Session\Handlers\FileHandler' driver.
DEBUG - 2026-03-24 22:04:35 --> Session: Class initialized using 'CodeIgniter\Session\Handlers\FileHandler' driver.
INFO - 2026-03-24 22:04:35 --> Usuario autenticado: paguirre con rol: 3 - requiere cambio password: no
DEBUG - 2026-03-24 22:04:36 --> Session: Class initialized using 'CodeIgniter\Session\Handlers\FileHandler' driver.
ERROR - 2026-03-24 22:04:36 --> mysqli_sql_exception: Table 'itsi.instituciones_convenios' doesn't exist in C:\xampp\htdocs\ITSI\vendor\codeigniter4\framework\system\Database\MySQLi\Connection.php:327
Stack trace:
#0 C:\xampp\htdocs\ITSI\vendor\codeigniter4\framework\system\Database\MySQLi\Connection.php(327): mysqli->query('SELECT `pp`.*, ...', 0)
#1 C:\xampp\htdocs\ITSI\vendor\codeigniter4\framework\system\Database\BaseConnection.php(738): CodeIgniter\Database\MySQLi\Connection->execute('SELECT `pp`.*, ...')
#2 C:\xampp\htdocs\ITSI\vendor\codeigniter4\framework\system\Database\BaseConnection.php(652): CodeIgniter\Database\BaseConnection->simpleQuery('SELECT `pp`.*, ...')
#3 C:\xampp\htdocs\ITSI\vendor\codeigniter4\framework\system\Database\BaseBuilder.php(1649): CodeIgniter\Database\BaseConnection->query('SELECT `pp`.*, ...', Array, false)
#4 C:\xampp\htdocs\ITSI\app\Controllers\estudiante\DashboardEstudianteController.php(96): CodeIgniter\Database\BaseBuilder->get()
#5 C:\xampp\htdocs\ITSI\vendor\codeigniter4\framework\system\CodeIgniter.php(933): App\Controllers\estudiante\DashboardEstudianteController->index()
#6 C:\xampp\htdocs\ITSI\vendor\codeigniter4\framework\system\CodeIgniter.php(507): CodeIgniter\CodeIgniter->runController(Object(App\Controllers\estudiante\DashboardEstudianteController))
#7 C:\xampp\htdocs\ITSI\vendor\codeigniter4\framework\system\CodeIgniter.php(354): CodeIgniter\CodeIgniter->handleRequest(NULL, Object(Config\Cache), false)
#8 C:\xampp\htdocs\ITSI\vendor\codeigniter4\framework\system\Boot.php(334): CodeIgniter\CodeIgniter->run()
#9 C:\xampp\htdocs\ITSI\vendor\codeigniter4\framework\system\Boot.php(67): CodeIgniter\Boot::runCodeIgniter(Object(CodeIgniter\CodeIgniter))
#10 C:\xampp\htdocs\ITSI\public\index.php(59): CodeIgniter\Boot::bootWeb(Object(Config\Paths))
#11 {main}
ERROR - 2026-03-24 22:04:36 --> Dashboard preprofesionales: Table 'itsi.instituciones_convenios' doesn't exist
ERROR - 2026-03-24 22:04:36 --> mysqli_sql_exception: Table 'itsi.instituciones_convenios' doesn't exist in C:\xampp\htdocs\ITSI\vendor\codeigniter4\framework\system\Database\MySQLi\Connection.php:327
Stack trace:
#0 C:\xampp\htdocs\ITSI\vendor\codeigniter4\framework\system\Database\MySQLi\Connection.php(327): mysqli->query('SELECT `sc`.*, ...', 0)
#1 C:\xampp\htdocs\ITSI\vendor\codeigniter4\framework\system\Database\BaseConnection.php(738): CodeIgniter\Database\MySQLi\Connection->execute('SELECT `sc`.*, ...')
#2 C:\xampp\htdocs\ITSI\vendor\codeigniter4\framework\system\Database\BaseConnection.php(652): CodeIgniter\Database\BaseConnection->simpleQuery('SELECT `sc`.*, ...')
#3 C:\xampp\htdocs\ITSI\vendor\codeigniter4\framework\system\Database\BaseBuilder.php(1649): CodeIgniter\Database\BaseConnection->query('SELECT `sc`.*, ...', Array, false)
#4 C:\xampp\htdocs\ITSI\app\Controllers\estudiante\DashboardEstudianteController.php(123): CodeIgniter\Database\BaseBuilder->get()
#5 C:\xampp\htdocs\ITSI\vendor\codeigniter4\framework\system\CodeIgniter.php(933): App\Controllers\estudiante\DashboardEstudianteController->index()
#6 C:\xampp\htdocs\ITSI\vendor\codeigniter4\framework\system\CodeIgniter.php(507): CodeIgniter\CodeIgniter->runController(Object(App\Controllers\estudiante\DashboardEstudianteController))
#7 C:\xampp\htdocs\ITSI\vendor\codeigniter4\framework\system\CodeIgniter.php(354): CodeIgniter\CodeIgniter->handleRequest(NULL, Object(Config\Cache), false)
#8 C:\xampp\htdocs\ITSI\vendor\codeigniter4\framework\system\Boot.php(334): CodeIgniter\CodeIgniter->run()
#9 C:\xampp\htdocs\ITSI\vendor\codeigniter4\framework\system\Boot.php(67): CodeIgniter\Boot::runCodeIgniter(Object(CodeIgniter\CodeIgniter))
#10 C:\xampp\htdocs\ITSI\public\index.php(59): CodeIgniter\Boot::bootWeb(Object(Config\Paths))
#11 {main}
ERROR - 2026-03-24 22:04:36 --> Dashboard servicio comunitario: Table 'itsi.instituciones_convenios' doesn't exist
DEBUG - 2026-03-24 22:04:38 --> Session: Class initialized using 'CodeIgniter\Session\Handlers\FileHandler' driver.
ERROR - 2026-03-24 22:04:38 --> mysqli_sql_exception: Table 'itsi.instituciones_convenios' doesn't exist in C:\xampp\htdocs\ITSI\vendor\codeigniter4\framework\system\Database\MySQLi\Connection.php:327
Stack trace:
#0 C:\xampp\htdocs\ITSI\vendor\codeigniter4\framework\system\Database\MySQLi\Connection.php(327): mysqli->query('SELECT pp.ID_PR...', 0)
#1 C:\xampp\htdocs\ITSI\vendor\codeigniter4\framework\system\Database\BaseConnection.php(738): CodeIgniter\Database\MySQLi\Connection->execute('SELECT pp.ID_PR...')
#2 C:\xampp\htdocs\ITSI\vendor\codeigniter4\framework\system\Database\BaseConnection.php(652): CodeIgniter\Database\BaseConnection->simpleQuery('SELECT pp.ID_PR...')
#3 C:\xampp\htdocs\ITSI\vendor\codeigniter4\framework\system\Database\BaseBuilder.php(1649): CodeIgniter\Database\BaseConnection->query('SELECT pp.ID_PR...', Array, false)
#4 C:\xampp\htdocs\ITSI\app\Controllers\estudiante\DocumentosPracticasEstudianteController.php(114): CodeIgniter\Database\BaseBuilder->get()
#5 C:\xampp\htdocs\ITSI\app\Controllers\estudiante\DocumentosPracticasEstudianteController.php(52): App\Controllers\estudiante\DocumentosPracticasEstudianteController->obtenerPracticasDocumentacionEstudiante(3)
#6 C:\xampp\htdocs\ITSI\vendor\codeigniter4\framework\system\CodeIgniter.php(933): App\Controllers\estudiante\DocumentosPracticasEstudianteController->index()
#7 C:\xampp\htdocs\ITSI\vendor\codeigniter4\framework\system\CodeIgniter.php(507): CodeIgniter\CodeIgniter->runController(Object(App\Controllers\estudiante\DocumentosPracticasEstudianteController))
#8 C:\xampp\htdocs\ITSI\vendor\codeigniter4\framework\system\CodeIgniter.php(354): CodeIgniter\CodeIgniter->handleRequest(NULL, Object(Config\Cache), false)
#9 C:\xampp\htdocs\ITSI\vendor\codeigniter4\framework\system\Boot.php(334): CodeIgniter\CodeIgniter->run()
#10 C:\xampp\htdocs\ITSI\vendor\codeigniter4\framework\system\Boot.php(67): CodeIgniter\Boot::runCodeIgniter(Object(CodeIgniter\CodeIgniter))
#11 C:\xampp\htdocs\ITSI\public\index.php(59): CodeIgniter\Boot::bootWeb(Object(Config\Paths))
#12 {main}
ERROR - 2026-03-24 22:04:38 --> obtenerPracticasDocumentacionEstudiante: Table 'itsi.instituciones_convenios' doesn't exist
DEBUG - 2026-03-24 22:04:52 --> Session: Class initialized using 'CodeIgniter\Session\Handlers\FileHandler' driver.
INFO - 2026-03-24 22:04:52 --> Iniciando proceso de cierre de sesión para usuario: paguirre
INFO - 2026-03-24 22:04:52 --> Sesión cerrada exitosamente
DEBUG - 2026-03-24 22:04:52 --> Session: Class initialized using 'CodeIgniter\Session\Handlers\FileHandler' driver.
DEBUG - 2026-03-24 22:05:00 --> Session: Class initialized using 'CodeIgniter\Session\Handlers\FileHandler' driver.
INFO - 2026-03-24 22:05:00 --> Usuario autenticado: paguirre con rol: 3 - requiere cambio password: no
DEBUG - 2026-03-24 22:05:01 --> Session: Class initialized using 'CodeIgniter\Session\Handlers\FileHandler' driver.
ERROR - 2026-03-24 22:05:01 --> mysqli_sql_exception: Table 'itsi.instituciones_convenios' doesn't exist in C:\xampp\htdocs\ITSI\vendor\codeigniter4\framework\system\Database\MySQLi\Connection.php:327
Stack trace:
#0 C:\xampp\htdocs\ITSI\vendor\codeigniter4\framework\system\Database\MySQLi\Connection.php(327): mysqli->query('SELECT `pp`.*, ...', 0)
#1 C:\xampp\htdocs\ITSI\vendor\codeigniter4\framework\system\Database\BaseConnection.php(738): CodeIgniter\Database\MySQLi\Connection->execute('SELECT `pp`.*, ...')
#2 C:\xampp\htdocs\ITSI\vendor\codeigniter4\framework\system\Database\BaseConnection.php(652): CodeIgniter\Database\BaseConnection->simpleQuery('SELECT `pp`.*, ...')
#3 C:\xampp\htdocs\ITSI\vendor\codeigniter4\framework\system\Database\BaseBuilder.php(1649): CodeIgniter\Database\BaseConnection->query('SELECT `pp`.*, ...', Array, false)
#4 C:\xampp\htdocs\ITSI\app\Controllers\estudiante\DashboardEstudianteController.php(96): CodeIgniter\Database\BaseBuilder->get()
#5 C:\xampp\htdocs\ITSI\vendor\codeigniter4\framework\system\CodeIgniter.php(933): App\Controllers\estudiante\DashboardEstudianteController->index()
#6 C:\xampp\htdocs\ITSI\vendor\codeigniter4\framework\system\CodeIgniter.php(507): CodeIgniter\CodeIgniter->runController(Object(App\Controllers\estudiante\DashboardEstudianteController))
#7 C:\xampp\htdocs\ITSI\vendor\codeigniter4\framework\system\CodeIgniter.php(354): CodeIgniter\CodeIgniter->handleRequest(NULL, Object(Config\Cache), false)
#8 C:\xampp\htdocs\ITSI\vendor\codeigniter4\framework\system\Boot.php(334): CodeIgniter\CodeIgniter->run()
#9 C:\xampp\htdocs\ITSI\vendor\codeigniter4\framework\system\Boot.php(67): CodeIgniter\Boot::runCodeIgniter(Object(CodeIgniter\CodeIgniter))
#10 C:\xampp\htdocs\ITSI\public\index.php(59): CodeIgniter\Boot::bootWeb(Object(Config\Paths))
#11 {main}
ERROR - 2026-03-24 22:05:01 --> Dashboard preprofesionales: Table 'itsi.instituciones_convenios' doesn't exist
ERROR - 2026-03-24 22:05:01 --> mysqli_sql_exception: Table 'itsi.instituciones_convenios' doesn't exist in C:\xampp\htdocs\ITSI\vendor\codeigniter4\framework\system\Database\MySQLi\Connection.php:327
Stack trace:
#0 C:\xampp\htdocs\ITSI\vendor\codeigniter4\framework\system\Database\MySQLi\Connection.php(327): mysqli->query('SELECT `sc`.*, ...', 0)
#1 C:\xampp\htdocs\ITSI\vendor\codeigniter4\framework\system\Database\BaseConnection.php(738): CodeIgniter\Database\MySQLi\Connection->execute('SELECT `sc`.*, ...')
#2 C:\xampp\htdocs\ITSI\vendor\codeigniter4\framework\system\Database\BaseConnection.php(652): CodeIgniter\Database\BaseConnection->simpleQuery('SELECT `sc`.*, ...')
#3 C:\xampp\htdocs\ITSI\vendor\codeigniter4\framework\system\Database\BaseBuilder.php(1649): CodeIgniter\Database\BaseConnection->query('SELECT `sc`.*, ...', Array, false)
#4 C:\xampp\htdocs\ITSI\app\Controllers\estudiante\DashboardEstudianteController.php(123): CodeIgniter\Database\BaseBuilder->get()
#5 C:\xampp\htdocs\ITSI\vendor\codeigniter4\framework\system\CodeIgniter.php(933): App\Controllers\estudiante\DashboardEstudianteController->index()
#6 C:\xampp\htdocs\ITSI\vendor\codeigniter4\framework\system\CodeIgniter.php(507): CodeIgniter\CodeIgniter->runController(Object(App\Controllers\estudiante\DashboardEstudianteController))
#7 C:\xampp\htdocs\ITSI\vendor\codeigniter4\framework\system\CodeIgniter.php(354): CodeIgniter\CodeIgniter->handleRequest(NULL, Object(Config\Cache), false)
#8 C:\xampp\htdocs\ITSI\vendor\codeigniter4\framework\system\Boot.php(334): CodeIgniter\CodeIgniter->run()
#9 C:\xampp\htdocs\ITSI\vendor\codeigniter4\framework\system\Boot.php(67): CodeIgniter\Boot::runCodeIgniter(Object(CodeIgniter\CodeIgniter))
#10 C:\xampp\htdocs\ITSI\public\index.php(59): CodeIgniter\Boot::bootWeb(Object(Config\Paths))
#11 {main}
ERROR - 2026-03-24 22:05:01 --> Dashboard servicio comunitario: Table 'itsi.instituciones_convenios' doesn't exist
DEBUG - 2026-03-24 22:05:02 --> Session: Class initialized using 'CodeIgniter\Session\Handlers\FileHandler' driver.
ERROR - 2026-03-24 22:05:02 --> mysqli_sql_exception: Table 'itsi.instituciones_convenios' doesn't exist in C:\xampp\htdocs\ITSI\vendor\codeigniter4\framework\system\Database\MySQLi\Connection.php:327
Stack trace:
#0 C:\xampp\htdocs\ITSI\vendor\codeigniter4\framework\system\Database\MySQLi\Connection.php(327): mysqli->query('SELECT sc.ID_SE...', 0)
#1 C:\xampp\htdocs\ITSI\vendor\codeigniter4\framework\system\Database\BaseConnection.php(738): CodeIgniter\Database\MySQLi\Connection->execute('SELECT sc.ID_SE...')
#2 C:\xampp\htdocs\ITSI\vendor\codeigniter4\framework\system\Database\BaseConnection.php(652): CodeIgniter\Database\BaseConnection->simpleQuery('SELECT sc.ID_SE...')
#3 C:\xampp\htdocs\ITSI\vendor\codeigniter4\framework\system\Database\BaseBuilder.php(1649): CodeIgniter\Database\BaseConnection->query('SELECT sc.ID_SE...', Array, false)
#4 C:\xampp\htdocs\ITSI\app\Controllers\estudiante\DocumentosServicioComunitarioEstudianteController.php(105): CodeIgniter\Database\BaseBuilder->get()
#5 C:\xampp\htdocs\ITSI\app\Controllers\estudiante\DocumentosServicioComunitarioEstudianteController.php(47): App\Controllers\estudiante\DocumentosServicioComunitarioEstudianteController->obtenerServiciosDocumentacionEstudiante(3)
#6 C:\xampp\htdocs\ITSI\vendor\codeigniter4\framework\system\CodeIgniter.php(933): App\Controllers\estudiante\DocumentosServicioComunitarioEstudianteController->index()
#7 C:\xampp\htdocs\ITSI\vendor\codeigniter4\framework\system\CodeIgniter.php(507): CodeIgniter\CodeIgniter->runController(Object(App\Controllers\estudiante\DocumentosServicioComunitarioEstudianteController))
#8 C:\xampp\htdocs\ITSI\vendor\codeigniter4\framework\system\CodeIgniter.php(354): CodeIgniter\CodeIgniter->handleRequest(NULL, Object(Config\Cache), false)
#9 C:\xampp\htdocs\ITSI\vendor\codeigniter4\framework\system\Boot.php(334): CodeIgniter\CodeIgniter->run()
#10 C:\xampp\htdocs\ITSI\vendor\codeigniter4\framework\system\Boot.php(67): CodeIgniter\Boot::runCodeIgniter(Object(CodeIgniter\CodeIgniter))
#11 C:\xampp\htdocs\ITSI\public\index.php(59): CodeIgniter\Boot::bootWeb(Object(Config\Paths))
#12 {main}
ERROR - 2026-03-24 22:05:02 --> obtenerServiciosDocumentacionEstudiante: Table 'itsi.instituciones_convenios' doesn't exist
DEBUG - 2026-03-24 22:05:04 --> Session: Class initialized using 'CodeIgniter\Session\Handlers\FileHandler' driver.
ERROR - 2026-03-24 22:05:04 --> mysqli_sql_exception: Table 'itsi.instituciones_convenios' doesn't exist in C:\xampp\htdocs\ITSI\vendor\codeigniter4\framework\system\Database\MySQLi\Connection.php:327
Stack trace:
#0 C:\xampp\htdocs\ITSI\vendor\codeigniter4\framework\system\Database\MySQLi\Connection.php(327): mysqli->query('SELECT pp.ID_PR...', 0)
#1 C:\xampp\htdocs\ITSI\vendor\codeigniter4\framework\system\Database\BaseConnection.php(738): CodeIgniter\Database\MySQLi\Connection->execute('SELECT pp.ID_PR...')
#2 C:\xampp\htdocs\ITSI\vendor\codeigniter4\framework\system\Database\BaseConnection.php(652): CodeIgniter\Database\BaseConnection->simpleQuery('SELECT pp.ID_PR...')
#3 C:\xampp\htdocs\ITSI\vendor\codeigniter4\framework\system\Database\BaseBuilder.php(1649): CodeIgniter\Database\BaseConnection->query('SELECT pp.ID_PR...', Array, false)
#4 C:\xampp\htdocs\ITSI\app\Controllers\estudiante\DocumentosPracticasEstudianteController.php(114): CodeIgniter\Database\BaseBuilder->get()
#5 C:\xampp\htdocs\ITSI\app\Controllers\estudiante\DocumentosPracticasEstudianteController.php(52): App\Controllers\estudiante\DocumentosPracticasEstudianteController->obtenerPracticasDocumentacionEstudiante(3)
#6 C:\xampp\htdocs\ITSI\vendor\codeigniter4\framework\system\CodeIgniter.php(933): App\Controllers\estudiante\DocumentosPracticasEstudianteController->index()
#7 C:\xampp\htdocs\ITSI\vendor\codeigniter4\framework\system\CodeIgniter.php(507): CodeIgniter\CodeIgniter->runController(Object(App\Controllers\estudiante\DocumentosPracticasEstudianteController))
#8 C:\xampp\htdocs\ITSI\vendor\codeigniter4\framework\system\CodeIgniter.php(354): CodeIgniter\CodeIgniter->handleRequest(NULL, Object(Config\Cache), false)
#9 C:\xampp\htdocs\ITSI\vendor\codeigniter4\framework\system\Boot.php(334): CodeIgniter\CodeIgniter->run()
#10 C:\xampp\htdocs\ITSI\vendor\codeigniter4\framework\system\Boot.php(67): CodeIgniter\Boot::runCodeIgniter(Object(CodeIgniter\CodeIgniter))
#11 C:\xampp\htdocs\ITSI\public\index.php(59): CodeIgniter\Boot::bootWeb(Object(Config\Paths))
#12 {main}
ERROR - 2026-03-24 22:05:04 --> obtenerPracticasDocumentacionEstudiante: Table 'itsi.instituciones_convenios' doesn't exist
DEBUG - 2026-03-24 22:05:07 --> Session: Class initialized using 'CodeIgniter\Session\Handlers\FileHandler' driver.
INFO - 2026-03-24 22:05:07 --> Iniciando proceso de cierre de sesión para usuario: paguirre
INFO - 2026-03-24 22:05:07 --> Sesión cerrada exitosamente
DEBUG - 2026-03-24 22:05:07 --> Session: Class initialized using 'CodeIgniter\Session\Handlers\FileHandler' driver.
DEBUG - 2026-03-24 22:05:13 --> Session: Class initialized using 'CodeIgniter\Session\Handlers\FileHandler' driver.
INFO - 2026-03-24 22:05:13 --> Usuario autenticado: 1004191845 con rol: 1 - requiere cambio password: no
DEBUG - 2026-03-24 22:05:14 --> Session: Class initialized using 'CodeIgniter\Session\Handlers\FileHandler' driver.
DEBUG - 2026-03-24 22:05:14 --> Estadísticas mensuales prácticas: [{"mes":"Abr 2025","preprofesionales":0,"servicioComunitario":0},{"mes":"May 2025","preprofesionales":0,"servicioComunitario":0},{"mes":"Jun 2025","preprofesionales":1,"servicioComunitario":0},{"mes":"Jul 2025","preprofesionales":1,"servicioComunitario":0},{"mes":"Ago 2025","preprofesionales":0,"servicioComunitario":1},{"mes":"Sep 2025","preprofesionales":1,"servicioComunitario":0},{"mes":"Oct 2025","preprofesionales":1,"servicioComunitario":0},{"mes":"Nov 2025","preprofesionales":0,"servicioComunitario":1},{"mes":"Dic 2025","preprofesionales":1,"servicioComunitario":0},{"mes":"Ene 2026","preprofesionales":0,"servicioComunitario":1},{"mes":"Feb 2026","preprofesionales":0,"servicioComunitario":1},{"mes":"Mar 2026","preprofesionales":1,"servicioComunitario":1}]
DEBUG - 2026-03-24 22:05:16 --> Session: Class initialized using 'CodeIgniter\Session\Handlers\FileHandler' driver.
DEBUG - 2026-03-24 22:07:17 --> Session: Class initialized using 'CodeIgniter\Session\Handlers\FileHandler' driver.
DEBUG - 2026-03-24 22:07:17 --> Consulta SQL: SELECT *
FROM `TAB_DOCUMENTOS_PRACTICAS_PREPROFESIONALES` `dp`
DEBUG - 2026-03-24 22:07:17 --> Resultados obtenidos: 0
DEBUG - 2026-03-24 22:07:17 --> Tipos de documentos en index: [{"ID_TIPO_DOCUMENTO_PREPROFESIONAL":"1","CODIGO":"PPR-001","NOMBRE":"Oficio de Asignaci\u00f3n de Tutor","DESCRIPCION":"Documento oficial emitido por la coordinaci\u00f3n de la carrera que designa al docente responsable de la tutor\u00eda y seguimiento de las pr\u00e1cticas de servicio comunitario del estudiante.","ORDEN":"1","OBLIGATORIO":"1","ACTIVO":"1","FECHA_CREACION":"2026-03-23 19:56:13","FECHA_ACTUALIZACION":"2026-03-23 19:56:13","REQUERIDO":"1"},{"ID_TIPO_DOCUMENTO_PREPROFESIONAL":"2","CODIGO":"PPR-002","NOMBRE":"Oficio a Entidad Receptora","DESCRIPCION":"Carta formal enviada por el estudiante a la instituci\u00f3n \"Instituto Tecnol\u00f3gico Superior Ibarra\", con el prop\u00f3sito de solicitar la oportunidad de realizar sus pr\u00e1cticas de servicio comunitario.","ORDEN":"2","OBLIGATORIO":"1","ACTIVO":"1","FECHA_CREACION":"2026-03-23 19:56:13","FECHA_ACTUALIZACION":"2026-03-23 20:03:37","REQUERIDO":"1"},{"ID_TIPO_DOCUMENTO_PREPROFESIONAL":"3","CODIGO":"PPR-003","NOMBRE":"Carta de Aceptaci\u00f3n","DESCRIPCION":"Carta oficial de la entidad receptora \"Instituto Tecnol\u00f3gico Superior Ibarra\" que confirma la aceptaci\u00f3n del o los estudiantes para realizar las pr\u00e1cticas de servicio comunitario en sus instalaciones.","ORDEN":"3","OBLIGATORIO":"1","ACTIVO":"1","FECHA_CREACION":"2026-03-23 19:56:13","FECHA_ACTUALIZACION":"2026-03-23 19:56:13","REQUERIDO":"1"},{"ID_TIPO_DOCUMENTO_PREPROFESIONAL":"4","CODIGO":"PPR-004","NOMBRE":"Solicitud Institucional Valorada","DESCRIPCION":"Documento de solicitud formal dirigido al Sr. Rector, Dr. Mario Montenegro, pidiendo la aprobaci\u00f3n institucional para la realizaci\u00f3n de las pr\u00e1cticas de servicio comunitario.","ORDEN":"4","OBLIGATORIO":"1","ACTIVO":"1","FECHA_CREACION":"2026-03-23 19:56:13","FECHA_ACTUALIZACION":"2026-03-23 19:56:13","REQUERIDO":"1"},{"ID_TIPO_DOCUMENTO_PREPROFESIONAL":"5","CODIGO":"PPR-005","NOMBRE":"Certificado de Culminaci\u00f3n de Horas","DESCRIPCION":"Certificado emitido por la entidad receptora \"Instituto Tecnol\u00f3gico Superior Ibarra\" que acredita que el estudiante ha completado las 60 horas requeridas de pr\u00e1cticas de servicio comunitario.","ORDEN":"5","OBLIGATORIO":"1","ACTIVO":"1","FECHA_CREACION":"2026-03-23 19:56:13","FECHA_ACTUALIZACION":"2026-03-23 19:56:13","REQUERIDO":"1"},{"ID_TIPO_DOCUMENTO_PREPROFESIONAL":"6","CODIGO":"PPR-006","NOMBRE":"Hojas de Asistencia","DESCRIPCION":"Registro f\u00edsico de la asistencia del estudiante en la entidad receptora. Incluye las firmas y sellos para validar las horas de trabajo.","ORDEN":"6","OBLIGATORIO":"1","ACTIVO":"1","FECHA_CREACION":"2026-03-23 19:56:13","FECHA_ACTUALIZACION":"2026-03-23 19:56:13","REQUERIDO":"1"},{"ID_TIPO_DOCUMENTO_PREPROFESIONAL":"7","CODIGO":"PPR-007","NOMBRE":"Ficha de Registro de Actividades","DESCRIPCION":"Documento detallado en el que el estudiante registra las actividades espec\u00edficas realizadas durante sus pr\u00e1cticas, incluyendo fechas y descripciones.","ORDEN":"7","OBLIGATORIO":"1","ACTIVO":"1","FECHA_CREACION":"2026-03-23 19:56:13","FECHA_ACTUALIZACION":"2026-03-23 19:56:13","REQUERIDO":"1"},{"ID_TIPO_DOCUMENTO_PREPROFESIONAL":"8","CODIGO":"PPR-008","NOMBRE":"R\u00fabrica de Evaluaci\u00f3n de Entidad","DESCRIPCION":"Formulario de evaluaci\u00f3n del desempe\u00f1o del estudiante, llenado y sellado por la entidad receptora. Valora aspectos como la responsabilidad, la proactividad y la calidad del trabajo.","ORDEN":"8","OBLIGATORIO":"1","ACTIVO":"1","FECHA_CREACION":"2026-03-23 19:56:13","FECHA_ACTUALIZACION":"2026-03-23 19:56:13","REQUERIDO":"1"},{"ID_TIPO_DOCUMENTO_PREPROFESIONAL":"9","CODIGO":"PPR-009","NOMBRE":"Ficha de Control y Seguimiento Docente","DESCRIPCION":"Documento utilizado por el tutor docente para registrar el seguimiento acad\u00e9mico del estudiante durante las pr\u00e1cticas. Incluye visitas o revisiones peri\u00f3dicas.","ORDEN":"9","OBLIGATORIO":"1","ACTIVO":"1","FECHA_CREACION":"2026-03-23 19:56:13","FECHA_ACTUALIZACION":"2026-03-23 19:56:13","REQUERIDO":"1"},{"ID_TIPO_DOCUMENTO_PREPROFESIONAL":"10","CODIGO":"PPR-010","NOMBRE":"R\u00fabrica de Evaluaci\u00f3n Docente","DESCRIPCION":"R\u00fabrica de evaluaci\u00f3n llenada y firmada por el tutor docente. Califica el desempe\u00f1o del estudiante en base a los criterios acad\u00e9micos del programa.","ORDEN":"10","OBLIGATORIO":"1","ACTIVO":"1","FECHA_CREACION":"2026-03-23 19:56:13","FECHA_ACTUALIZACION":"2026-03-23 19:56:13","REQUERIDO":"1"},{"ID_TIPO_DOCUMENTO_PREPROFESIONAL":"11","CODIGO":"PPR-011","NOMBRE":"R\u00fabrica de Evaluaci\u00f3n de Resultados","DESCRIPCION":"Evaluaci\u00f3n final realizada por el Departamento de Vinculaci\u00f3n con la Sociedad, que valora los resultados y el impacto del proyecto de servicio comunitario en su conjunto.","ORDEN":"11","OBLIGATORIO":"1","ACTIVO":"1","FECHA_CREACION":"2026-03-23 19:56:13","FECHA_ACTUALIZACION":"2026-03-23 19:56:13","REQUERIDO":"1"},{"ID_TIPO_DOCUMENTO_PREPROFESIONAL":"12","CODIGO":"PPR-012","NOMBRE":"Evidencia Fotogr\u00e1fica y Digital","DESCRIPCION":"Material de apoyo visual y digital, como fotos, capturas, videos o impresiones, que documenta y comprueba la realizaci\u00f3n de las actividades y trabajos del proyecto.","ORDEN":"12","OBLIGATORIO":"1","ACTIVO":"1","FECHA_CREACION":"2026-03-23 19:56:13","FECHA_ACTUALIZACION":"2026-03-23 19:56:13","REQUERIDO":"1"}]
DEBUG - 2026-03-24 22:07:18 --> Session: Class initialized using 'CodeIgniter\Session\Handlers\FileHandler' driver.
DEBUG - 2026-03-24 22:07:18 --> Consulta SQL: SELECT *
FROM `TAB_DOCUMENTOS_PRACTICAS_PREPROFESIONALES` `dp`
DEBUG - 2026-03-24 22:07:18 --> Resultados obtenidos: 0
DEBUG - 2026-03-24 22:07:18 --> Documentos obtenidos: []
DEBUG - 2026-03-24 22:14:05 --> Session: Class initialized using 'CodeIgniter\Session\Handlers\FileHandler' driver.
DEBUG - 2026-03-24 22:14:07 --> Session: Class initialized using 'CodeIgniter\Session\Handlers\FileHandler' driver.
DEBUG - 2026-03-24 22:16:01 --> Session: Class initialized using 'CodeIgniter\Session\Handlers\FileHandler' driver.
DEBUG - 2026-03-24 22:16:03 --> Session: Class initialized using 'CodeIgniter\Session\Handlers\FileHandler' driver.
