DEBUG - 2026-03-17 07:43:45 --> Session: Class initialized using 'CodeIgniter\Session\Handlers\FileHandler' driver.
DEBUG - 2026-03-17 07:43:55 --> Session: Class initialized using 'CodeIgniter\Session\Handlers\FileHandler' driver.
DEBUG - 2026-03-17 07:43:56 --> Session: Class initialized using 'CodeIgniter\Session\Handlers\FileHandler' driver.
DEBUG - 2026-03-17 07:44:09 --> Session: Class initialized using 'CodeIgniter\Session\Handlers\FileHandler' driver.
INFO - 2026-03-17 07:44:09 --> Usuario autenticado: paguirre con rol: 3 - requiere cambio password: no
DEBUG - 2026-03-17 07:44:09 --> Session: Class initialized using 'CodeIgniter\Session\Handlers\FileHandler' driver.
ERROR - 2026-03-17 07:44:09 --> mysqli_sql_exception: Table 'itsi.instituciones_convenios' doesn't exist in C:\xampp\htdocs\ITSI\vendor\codeigniter4\framework\system\Database\MySQLi\Connection.php:327
Stack trace:
#0 C:\xampp\htdocs\ITSI\vendor\codeigniter4\framework\system\Database\MySQLi\Connection.php(327): mysqli->query('SELECT `pp`.*, ...', 0)
#1 C:\xampp\htdocs\ITSI\vendor\codeigniter4\framework\system\Database\BaseConnection.php(738): CodeIgniter\Database\MySQLi\Connection->execute('SELECT `pp`.*, ...')
#2 C:\xampp\htdocs\ITSI\vendor\codeigniter4\framework\system\Database\BaseConnection.php(652): CodeIgniter\Database\BaseConnection->simpleQuery('SELECT `pp`.*, ...')
#3 C:\xampp\htdocs\ITSI\vendor\codeigniter4\framework\system\Database\BaseBuilder.php(1649): CodeIgniter\Database\BaseConnection->query('SELECT `pp`.*, ...', Array, false)
#4 C:\xampp\htdocs\ITSI\app\Controllers\estudiante\DashboardEstudianteController.php(89): CodeIgniter\Database\BaseBuilder->get()
#5 C:\xampp\htdocs\ITSI\vendor\codeigniter4\framework\system\CodeIgniter.php(933): App\Controllers\estudiante\DashboardEstudianteController->index()
#6 C:\xampp\htdocs\ITSI\vendor\codeigniter4\framework\system\CodeIgniter.php(507): CodeIgniter\CodeIgniter->runController(Object(App\Controllers\estudiante\DashboardEstudianteController))
#7 C:\xampp\htdocs\ITSI\vendor\codeigniter4\framework\system\CodeIgniter.php(354): CodeIgniter\CodeIgniter->handleRequest(NULL, Object(Config\Cache), false)
#8 C:\xampp\htdocs\ITSI\vendor\codeigniter4\framework\system\Boot.php(334): CodeIgniter\CodeIgniter->run()
#9 C:\xampp\htdocs\ITSI\vendor\codeigniter4\framework\system\Boot.php(67): CodeIgniter\Boot::runCodeIgniter(Object(CodeIgniter\CodeIgniter))
#10 C:\xampp\htdocs\ITSI\public\index.php(59): CodeIgniter\Boot::bootWeb(Object(Config\Paths))
#11 {main}
ERROR - 2026-03-17 07:44:09 --> Dashboard preprofesionales: Table 'itsi.instituciones_convenios' doesn't exist
ERROR - 2026-03-17 07:44:09 --> mysqli_sql_exception: Table 'itsi.instituciones_convenios' doesn't exist in C:\xampp\htdocs\ITSI\vendor\codeigniter4\framework\system\Database\MySQLi\Connection.php:327
Stack trace:
#0 C:\xampp\htdocs\ITSI\vendor\codeigniter4\framework\system\Database\MySQLi\Connection.php(327): mysqli->query('SELECT `sc`.*, ...', 0)
#1 C:\xampp\htdocs\ITSI\vendor\codeigniter4\framework\system\Database\BaseConnection.php(738): CodeIgniter\Database\MySQLi\Connection->execute('SELECT `sc`.*, ...')
#2 C:\xampp\htdocs\ITSI\vendor\codeigniter4\framework\system\Database\BaseConnection.php(652): CodeIgniter\Database\BaseConnection->simpleQuery('SELECT `sc`.*, ...')
#3 C:\xampp\htdocs\ITSI\vendor\codeigniter4\framework\system\Database\BaseBuilder.php(1649): CodeIgniter\Database\BaseConnection->query('SELECT `sc`.*, ...', Array, false)
#4 C:\xampp\htdocs\ITSI\app\Controllers\estudiante\DashboardEstudianteController.php(116): CodeIgniter\Database\BaseBuilder->get()
#5 C:\xampp\htdocs\ITSI\vendor\codeigniter4\framework\system\CodeIgniter.php(933): App\Controllers\estudiante\DashboardEstudianteController->index()
#6 C:\xampp\htdocs\ITSI\vendor\codeigniter4\framework\system\CodeIgniter.php(507): CodeIgniter\CodeIgniter->runController(Object(App\Controllers\estudiante\DashboardEstudianteController))
#7 C:\xampp\htdocs\ITSI\vendor\codeigniter4\framework\system\CodeIgniter.php(354): CodeIgniter\CodeIgniter->handleRequest(NULL, Object(Config\Cache), false)
#8 C:\xampp\htdocs\ITSI\vendor\codeigniter4\framework\system\Boot.php(334): CodeIgniter\CodeIgniter->run()
#9 C:\xampp\htdocs\ITSI\vendor\codeigniter4\framework\system\Boot.php(67): CodeIgniter\Boot::runCodeIgniter(Object(CodeIgniter\CodeIgniter))
#10 C:\xampp\htdocs\ITSI\public\index.php(59): CodeIgniter\Boot::bootWeb(Object(Config\Paths))
#11 {main}
ERROR - 2026-03-17 07:44:09 --> Dashboard servicio comunitario: Table 'itsi.instituciones_convenios' doesn't exist
DEBUG - 2026-03-17 07:44:33 --> Session: Class initialized using 'CodeIgniter\Session\Handlers\FileHandler' driver.
DEBUG - 2026-03-17 07:44:34 --> Session: Class initialized using 'CodeIgniter\Session\Handlers\FileHandler' driver.
DEBUG - 2026-03-17 07:44:34 --> Session: Class initialized using 'CodeIgniter\Session\Handlers\FileHandler' driver.
DEBUG - 2026-03-17 07:44:42 --> Session: Class initialized using 'CodeIgniter\Session\Handlers\FileHandler' driver.
DEBUG - 2026-03-17 07:45:29 --> Session: Class initialized using 'CodeIgniter\Session\Handlers\FileHandler' driver.
DEBUG - 2026-03-17 07:51:49 --> Session: Class initialized using 'CodeIgniter\Session\Handlers\FileHandler' driver.
INFO - 2026-03-17 07:51:49 --> Iniciando proceso de cierre de sesión para usuario: paguirre
INFO - 2026-03-17 07:51:49 --> Sesión cerrada exitosamente
DEBUG - 2026-03-17 07:51:50 --> Session: Class initialized using 'CodeIgniter\Session\Handlers\FileHandler' driver.
DEBUG - 2026-03-17 07:52:04 --> Session: Class initialized using 'CodeIgniter\Session\Handlers\FileHandler' driver.
INFO - 2026-03-17 07:52:05 --> Usuario autenticado: 1004191845 con rol: 1 - requiere cambio password: no
DEBUG - 2026-03-17 07:52:05 --> Session: Class initialized using 'CodeIgniter\Session\Handlers\FileHandler' driver.
DEBUG - 2026-03-17 07:52:05 --> Estadísticas mensuales prácticas: [{"mes":"Abr 2025","preprofesionales":0,"servicioComunitario":0},{"mes":"May 2025","preprofesionales":0,"servicioComunitario":0},{"mes":"Jun 2025","preprofesionales":1,"servicioComunitario":0},{"mes":"Jul 2025","preprofesionales":1,"servicioComunitario":0},{"mes":"Ago 2025","preprofesionales":0,"servicioComunitario":1},{"mes":"Sep 2025","preprofesionales":1,"servicioComunitario":0},{"mes":"Oct 2025","preprofesionales":1,"servicioComunitario":0},{"mes":"Nov 2025","preprofesionales":0,"servicioComunitario":1},{"mes":"Dic 2025","preprofesionales":1,"servicioComunitario":0},{"mes":"Ene 2026","preprofesionales":0,"servicioComunitario":1},{"mes":"Feb 2026","preprofesionales":0,"servicioComunitario":1},{"mes":"Mar 2026","preprofesionales":0,"servicioComunitario":1}]
DEBUG - 2026-03-17 07:52:09 --> Session: Class initialized using 'CodeIgniter\Session\Handlers\FileHandler' driver.
DEBUG - 2026-03-17 08:01:36 --> Session: Class initialized using 'CodeIgniter\Session\Handlers\FileHandler' driver.
DEBUG - 2026-03-17 08:01:39 --> Session: Class initialized using 'CodeIgniter\Session\Handlers\FileHandler' driver.
DEBUG - 2026-03-17 08:04:21 --> Session: Class initialized using 'CodeIgniter\Session\Handlers\FileHandler' driver.
ERROR - 2026-03-17 08:04:21 --> mysqli_sql_exception: Unknown column 'dsc.ESTADO_REVISION' in 'field list' in C:\xampp\htdocs\ITSI\vendor\codeigniter4\framework\system\Database\MySQLi\Connection.php:327
Stack trace:
#0 C:\xampp\htdocs\ITSI\vendor\codeigniter4\framework\system\Database\MySQLi\Connection.php(327): mysqli->query('SELECT COUNT(*)...', 0)
#1 C:\xampp\htdocs\ITSI\vendor\codeigniter4\framework\system\Database\BaseConnection.php(738): CodeIgniter\Database\MySQLi\Connection->execute('SELECT COUNT(*)...')
#2 C:\xampp\htdocs\ITSI\vendor\codeigniter4\framework\system\Database\BaseConnection.php(652): CodeIgniter\Database\BaseConnection->simpleQuery('SELECT COUNT(*)...')
#3 C:\xampp\htdocs\ITSI\vendor\codeigniter4\framework\system\Database\BaseBuilder.php(1649): CodeIgniter\Database\BaseConnection->query('SELECT COUNT(*)...', Array, false)
#4 C:\xampp\htdocs\ITSI\app\Models\DocumentosServicioComunitarioModel.php(137): CodeIgniter\Database\BaseBuilder->get()
#5 C:\xampp\htdocs\ITSI\app\Controllers\admin\DocumentosAdminController.php(45): App\Models\DocumentosServicioComunitarioModel->getEstadisticasDocumentos()
#6 C:\xampp\htdocs\ITSI\vendor\codeigniter4\framework\system\CodeIgniter.php(933): App\Controllers\admin\DocumentosAdminController->documentosServicioComunitario()
#7 C:\xampp\htdocs\ITSI\vendor\codeigniter4\framework\system\CodeIgniter.php(507): CodeIgniter\CodeIgniter->runController(Object(App\Controllers\admin\DocumentosAdminController))
#8 C:\xampp\htdocs\ITSI\vendor\codeigniter4\framework\system\CodeIgniter.php(354): CodeIgniter\CodeIgniter->handleRequest(NULL, Object(Config\Cache), false)
#9 C:\xampp\htdocs\ITSI\vendor\codeigniter4\framework\system\Boot.php(334): CodeIgniter\CodeIgniter->run()
#10 C:\xampp\htdocs\ITSI\vendor\codeigniter4\framework\system\Boot.php(67): CodeIgniter\Boot::runCodeIgniter(Object(CodeIgniter\CodeIgniter))
#11 C:\xampp\htdocs\ITSI\public\index.php(59): CodeIgniter\Boot::bootWeb(Object(Config\Paths))
#12 {main}
DEBUG - 2026-03-17 08:04:44 --> Consulta SQL: SELECT *
FROM `TAB_DOCUMENTOS_PRACTICAS_PREPROFESIONALES` `dp`
DEBUG - 2026-03-17 08:04:44 --> Resultados obtenidos: 9
DEBUG - 2026-03-17 08:04:44 --> Tipos de documentos en index: [{"ID_TIPO_DOCUMENTO_PREPROFESIONAL":"1","CODIGO":"PPR-001","NOMBRE":"Oficio de Asignaci\u00f3n de Tutor","DESCRIPCION":"Documento oficial emitido por la coordinaci\u00f3n de la carrera que designa al docente responsable de la tutor\u00eda y seguimiento de las pr\u00e1cticas de servicio comunitario del estudiante.","ORDEN":"1","OBLIGATORIO":"1","ACTIVO":"1","FECHA_CREACION":"2025-09-04 06:59:17","FECHA_ACTUALIZACION":"2025-09-04 06:59:17"},{"ID_TIPO_DOCUMENTO_PREPROFESIONAL":"2","CODIGO":"PPR-002","NOMBRE":"Oficio a Entidad Receptora","DESCRIPCION":"Carta formal enviada por el estudiante a la instituci\u00f3n \"Instituto Tecnol\u00f3gico Superior Ibarra\", con el prop\u00f3sito de solicitar la oportunidad de realizar sus pr\u00e1cticas de servicio comunitario.","ORDEN":"2","OBLIGATORIO":"1","ACTIVO":"1","FECHA_CREACION":"2025-09-04 06:59:17","FECHA_ACTUALIZACION":"2025-09-04 06:59:17"},{"ID_TIPO_DOCUMENTO_PREPROFESIONAL":"3","CODIGO":"PPR-003","NOMBRE":"Carta de Aceptaci\u00f3n","DESCRIPCION":"Carta oficial de la entidad receptora \"Instituto Tecnol\u00f3gico Superior Ibarra\" que confirma la aceptaci\u00f3n del o los estudiantes para realizar las pr\u00e1cticas de servicio comunitario en sus instalaciones.","ORDEN":"3","OBLIGATORIO":"1","ACTIVO":"1","FECHA_CREACION":"2025-09-04 06:59:17","FECHA_ACTUALIZACION":"2025-09-04 06:59:17"},{"ID_TIPO_DOCUMENTO_PREPROFESIONAL":"4","CODIGO":"PPR-004","NOMBRE":"Solicitud Institucional Valorada","DESCRIPCION":"Documento de solicitud formal dirigido al Sr. Rector, Dr. Mario Montenegro, pidiendo la aprobaci\u00f3n institucional para la realizaci\u00f3n de las pr\u00e1cticas de servicio comunitario.","ORDEN":"4","OBLIGATORIO":"1","ACTIVO":"1","FECHA_CREACION":"2025-09-04 06:59:17","FECHA_ACTUALIZACION":"2025-09-04 06:59:17"},{"ID_TIPO_DOCUMENTO_PREPROFESIONAL":"5","CODIGO":"PPR-005","NOMBRE":"Certificado de Culminaci\u00f3n de Horas","DESCRIPCION":"Certificado emitido por la entidad receptora \"Instituto Tecnol\u00f3gico Superior Ibarra\" que acredita que el estudiante ha completado las 60 horas requeridas de pr\u00e1cticas de servicio comunitario.","ORDEN":"5","OBLIGATORIO":"1","ACTIVO":"1","FECHA_CREACION":"2025-09-04 06:59:17","FECHA_ACTUALIZACION":"2025-09-04 06:59:17"},{"ID_TIPO_DOCUMENTO_PREPROFESIONAL":"6","CODIGO":"PPR-006","NOMBRE":"Hojas de Asistencia","DESCRIPCION":"Registro f\u00edsico de la asistencia del estudiante en la entidad receptora. Incluye las firmas y sellos para validar las horas de trabajo.","ORDEN":"6","OBLIGATORIO":"1","ACTIVO":"1","FECHA_CREACION":"2025-09-04 06:59:17","FECHA_ACTUALIZACION":"2025-09-04 06:59:17"},{"ID_TIPO_DOCUMENTO_PREPROFESIONAL":"7","CODIGO":"PPR-007","NOMBRE":"Ficha de Registro de Actividades","DESCRIPCION":"Documento detallado en el que el estudiante registra las actividades espec\u00edficas realizadas durante sus pr\u00e1cticas, incluyendo fechas y descripciones.","ORDEN":"7","OBLIGATORIO":"1","ACTIVO":"1","FECHA_CREACION":"2025-09-04 06:59:17","FECHA_ACTUALIZACION":"2025-09-04 06:59:17"},{"ID_TIPO_DOCUMENTO_PREPROFESIONAL":"8","CODIGO":"PPR-008","NOMBRE":"R\u00fabrica de Evaluaci\u00f3n de Entidad","DESCRIPCION":"Formulario de evaluaci\u00f3n del desempe\u00f1o del estudiante, llenado y sellado por la entidad receptora. Valora aspectos como la responsabilidad, la proactividad y la calidad del trabajo.","ORDEN":"8","OBLIGATORIO":"1","ACTIVO":"1","FECHA_CREACION":"2025-09-04 06:59:17","FECHA_ACTUALIZACION":"2025-09-04 06:59:17"},{"ID_TIPO_DOCUMENTO_PREPROFESIONAL":"9","CODIGO":"PPR-009","NOMBRE":"Ficha de Control y Seguimiento Docente","DESCRIPCION":"Documento utilizado por el tutor docente para registrar el seguimiento acad\u00e9mico del estudiante durante las pr\u00e1cticas. Incluye visitas o revisiones peri\u00f3dicas.","ORDEN":"9","OBLIGATORIO":"1","ACTIVO":"1","FECHA_CREACION":"2025-09-04 06:59:17","FECHA_ACTUALIZACION":"2025-09-04 06:59:17"},{"ID_TIPO_DOCUMENTO_PREPROFESIONAL":"10","CODIGO":"PPR-010","NOMBRE":"R\u00fabrica de Evaluaci\u00f3n Docente","DESCRIPCION":"R\u00fabrica de evaluaci\u00f3n llenada y firmada por el tutor docente. Califica el desempe\u00f1o del estudiante en base a los criterios acad\u00e9micos del programa.","ORDEN":"10","OBLIGATORIO":"1","ACTIVO":"1","FECHA_CREACION":"2025-09-04 06:59:17","FECHA_ACTUALIZACION":"2025-09-04 06:59:17"},{"ID_TIPO_DOCUMENTO_PREPROFESIONAL":"11","CODIGO":"PPR-011","NOMBRE":"R\u00fabrica de Evaluaci\u00f3n de Resultados","DESCRIPCION":"Evaluaci\u00f3n final realizada por el Departamento de Vinculaci\u00f3n con la Sociedad, que valora los resultados y el impacto del proyecto de servicio comunitario en su conjunto.","ORDEN":"11","OBLIGATORIO":"1","ACTIVO":"1","FECHA_CREACION":"2025-09-04 06:59:17","FECHA_ACTUALIZACION":"2025-09-04 06:59:17"},{"ID_TIPO_DOCUMENTO_PREPROFESIONAL":"12","CODIGO":"PPR-012","NOMBRE":"Evidencia Fotogr\u00e1fica y Digital","DESCRIPCION":"Material de apoyo visual y digital, como fotos, capturas, videos o impresiones, que documenta y comprueba la realizaci\u00f3n de las actividades y trabajos del proyecto.","ORDEN":"12","OBLIGATORIO":"1","ACTIVO":"1","FECHA_CREACION":"2025-09-04 06:59:17","FECHA_ACTUALIZACION":"2025-09-04 06:59:17"}]
DEBUG - 2026-03-17 08:04:44 --> Session: Class initialized using 'CodeIgniter\Session\Handlers\FileHandler' driver.
DEBUG - 2026-03-17 08:04:45 --> Consulta SQL: SELECT *
FROM `TAB_DOCUMENTOS_PRACTICAS_PREPROFESIONALES` `dp`
DEBUG - 2026-03-17 08:04:45 --> Resultados obtenidos: 9
DEBUG - 2026-03-17 08:04:45 --> Documentos obtenidos: [{"ID_DOCUMENTO_PREPROFESIONAL":"17","ID_PRACTICA_PREPROFESIONAL":"2","ID_TIPO_DOCUMENTO":"9","ID_ESTADO_REVISION":"4","NOMBRE_ARCHIVO":"ficha_control_seguimiento_002_20250920.pdf","NOMBRE_ORIGINAL":"Ficha Control Seguimiento - Mar\u00eda.pdf","TIPO_ARCHIVO":"application\/pdf","TAMANO_ARCHIVO":"112233","RUTA_ARCHIVO":"\/uploads\/documentos-practicas\/","FECHA_SUBIDA":"2025-09-20 10:15:00","FECHA_REVISION":"2025-09-20 12:45:00","ID_REVISOR":"18","OBSERVACIONES":"Ficha de control y seguimiento docente","OBSERVACIONES_REVISOR":"Faltan las firmas del tutor docente, documento inv\u00e1lido","VERSION":"1","ACTIVO":"1","FECHA_CREACION":"2025-09-04 06:59:17","FECHA_ACTUALIZACION":"2025-09-04 06:59:17","ID_TIPO_DOCUMENTO_PREPROFESIONAL":"9","TIPO_DOCUMENTO_CODIGO":"PPR-009","TIPO_DOCUMENTO_NOMBRE":"Ficha de Control y Seguimiento Docente","TIPO_DOCUMENTO_DESCRIPCION":"Documento utilizado por el tutor docente para registrar el seguimiento acad\u00e9mico del estudiante durante las pr\u00e1cticas. Incluye visitas o revisiones peri\u00f3dicas.","TIPO_DOCUMENTO_ORDEN":"9","TIPO_DOCUMENTO_OBLIGATORIO":"1","ESTADO_REVISION":"Rechazado","ID_ESTUDIANTE":"2","ENTIDAD_RECEPTORA":"Banco del Pac\u00edfico","ESTUDIANTE_NOMBRE":"Mar\u00eda Elena Garc\u00eda Torres","NOMBRE_ESTUDIANTE":"Mar\u00eda Elena","APELLIDO_ESTUDIANTE":"Garc\u00eda Torres","CEDULA_ESTUDIANTE":"1002345678"},{"ID_DOCUMENTO_PREPROFESIONAL":"15","ID_PRACTICA_PREPROFESIONAL":"2","ID_TIPO_DOCUMENTO":"7","ID_ESTADO_REVISION":"5","NOMBRE_ARCHIVO":"ficha_registro_actividades_002_20250915.pdf","NOMBRE_ORIGINAL":"Ficha Registro Actividades - Mar\u00eda.pdf","TIPO_ARCHIVO":"application\/pdf","TAMANO_ARCHIVO":"98765","RUTA_ARCHIVO":"\/uploads\/documentos-practicas\/","FECHA_SUBIDA":"2025-09-15 11:30:00","FECHA_REVISION":"2025-09-15 14:20:00","ID_REVISOR":"18","OBSERVACIONES":"Ficha de registro de actividades","OBSERVACIONES_REVISOR":"Descripci\u00f3n de actividades muy general, especificar m\u00e1s detalles","VERSION":"1","ACTIVO":"1","FECHA_CREACION":"2025-09-04 06:59:17","FECHA_ACTUALIZACION":"2025-09-04 06:59:17","ID_TIPO_DOCUMENTO_PREPROFESIONAL":"7","TIPO_DOCUMENTO_CODIGO":"PPR-007","TIPO_DOCUMENTO_NOMBRE":"Ficha de Registro de Actividades","TIPO_DOCUMENTO_DESCRIPCION":"Documento detallado en el que el estudiante registra las actividades espec\u00edficas realizadas durante sus pr\u00e1cticas, incluyendo fechas y descripciones.","TIPO_DOCUMENTO_ORDEN":"7","TIPO_DOCUMENTO_OBLIGATORIO":"1","ESTADO_REVISION":"Requiere Correcci\u00f3n","ID_ESTUDIANTE":"2","ENTIDAD_RECEPTORA":"Banco del Pac\u00edfico","ESTUDIANTE_NOMBRE":"Mar\u00eda Elena Garc\u00eda Torres","NOMBRE_ESTUDIANTE":"Mar\u00eda Elena","APELLIDO_ESTUDIANTE":"Garc\u00eda Torres","CEDULA_ESTUDIANTE":"1002345678"},{"ID_DOCUMENTO_PREPROFESIONAL":"14","ID_PRACTICA_PREPROFESIONAL":"1","ID_TIPO_DOCUMENTO":"6","ID_ESTADO_REVISION":"5","NOMBRE_ARCHIVO":"hojas_asistencia_001_20250830.pdf","NOMBRE_ORIGINAL":"Hojas de Asistencia - Juan Carlos.pdf","TIPO_ARCHIVO":"application\/pdf","TAMANO_ARCHIVO":"123456","RUTA_ARCHIVO":"\/uploads\/documentos-practicas\/","FECHA_SUBIDA":"2025-08-30 16:15:00","FECHA_REVISION":"2025-08-30 17:45:00","ID_REVISOR":"17","OBSERVACIONES":"Hojas de asistencia completas","OBSERVACIONES_REVISOR":"Faltan firmas en algunas fechas, corregir y volver a subir","VERSION":"1","ACTIVO":"1","FECHA_CREACION":"2025-09-04 06:59:17","FECHA_ACTUALIZACION":"2025-09-04 06:59:17","ID_TIPO_DOCUMENTO_PREPROFESIONAL":"6","TIPO_DOCUMENTO_CODIGO":"PPR-006","TIPO_DOCUMENTO_NOMBRE":"Hojas de Asistencia","TIPO_DOCUMENTO_DESCRIPCION":"Registro f\u00edsico de la asistencia del estudiante en la entidad receptora. Incluye las firmas y sellos para validar las horas de trabajo.","TIPO_DOCUMENTO_ORDEN":"6","TIPO_DOCUMENTO_OBLIGATORIO":"1","ESTADO_REVISION":"Requiere Correcci\u00f3n","ID_ESTUDIANTE":"1","ENTIDAD_RECEPTORA":"Hospital San Vicente de Pa\u00fal","ESTUDIANTE_NOMBRE":"Juan Carlos P\u00e9rez L\u00f3pez","NOMBRE_ESTUDIANTE":"Juan Carlos","APELLIDO_ESTUDIANTE":"P\u00e9rez L\u00f3pez","CEDULA_ESTUDIANTE":"1001234567"},{"ID_DOCUMENTO_PREPROFESIONAL":"16","ID_PRACTICA_PREPROFESIONAL":"1","ID_TIPO_DOCUMENTO":"8","ID_ESTADO_REVISION":"4","NOMBRE_ARCHIVO":"rubrica_evaluacion_entidad_001_20250825.pdf","NOMBRE_ORIGINAL":"R\u00fabrica Evaluaci\u00f3n Entidad - Juan.pdf","TIPO_ARCHIVO":"application\/pdf","TAMANO_ARCHIVO":"87654","RUTA_ARCHIVO":"\/uploads\/documentos-practicas\/","FECHA_SUBIDA":"2025-08-25 15:00:00","FECHA_REVISION":"2025-08-25 16:30:00","ID_REVISOR":"17","OBSERVACIONES":"R\u00fabrica de evaluaci\u00f3n de entidad","OBSERVACIONES_REVISOR":"Documento no tiene sello oficial de la entidad, rechazado","VERSION":"1","ACTIVO":"1","FECHA_CREACION":"2025-09-04 06:59:17","FECHA_ACTUALIZACION":"2025-09-04 06:59:17","ID_TIPO_DOCUMENTO_PREPROFESIONAL":"8","TIPO_DOCUMENTO_CODIGO":"PPR-008","TIPO_DOCUMENTO_NOMBRE":"R\u00fabrica de Evaluaci\u00f3n de Entidad","TIPO_DOCUMENTO_DESCRIPCION":"Formulario de evaluaci\u00f3n del desempe\u00f1o del estudiante, llenado y sellado por la entidad receptora. Valora aspectos como la responsabilidad, la proactividad y la calidad del trabajo.","TIPO_DOCUMENTO_ORDEN":"8","TIPO_DOCUMENTO_OBLIGATORIO":"1","ESTADO_REVISION":"Rechazado","ID_ESTUDIANTE":"1","ENTIDAD_RECEPTORA":"Hospital San Vicente de Pa\u00fal","ESTUDIANTE_NOMBRE":"Juan Carlos P\u00e9rez L\u00f3pez","NOMBRE_ESTUDIANTE":"Juan Carlos","APELLIDO_ESTUDIANTE":"P\u00e9rez L\u00f3pez","CEDULA_ESTUDIANTE":"1001234567"},{"ID_DOCUMENTO_PREPROFESIONAL":"5","ID_PRACTICA_PREPROFESIONAL":"2","ID_TIPO_DOCUMENTO":"2","ID_ESTADO_REVISION":"3","NOMBRE_ARCHIVO":"oficio_entidad_receptora_002_20250702.pdf","NOMBRE_ORIGINAL":"Oficio Entidad Receptora - Banco.pdf","TIPO_ARCHIVO":"application\/pdf","TAMANO_ARCHIVO":"178944","RUTA_ARCHIVO":"\/uploads\/documentos-practicas\/","FECHA_SUBIDA":"2025-07-02 15:45:00","FECHA_REVISION":"2025-07-02 17:20:00","ID_REVISOR":"18","OBSERVACIONES":"Oficio enviado a la entidad receptora","OBSERVACIONES_REVISOR":"Oficio formal y bien estructurado","VERSION":"1","ACTIVO":"1","FECHA_CREACION":"2025-09-04 06:59:17","FECHA_ACTUALIZACION":"2025-09-04 06:59:17","ID_TIPO_DOCUMENTO_PREPROFESIONAL":"2","TIPO_DOCUMENTO_CODIGO":"PPR-002","TIPO_DOCUMENTO_NOMBRE":"Oficio a Entidad Receptora","TIPO_DOCUMENTO_DESCRIPCION":"Carta formal enviada por el estudiante a la instituci\u00f3n \"Instituto Tecnol\u00f3gico Superior Ibarra\", con el prop\u00f3sito de solicitar la oportunidad de realizar sus pr\u00e1cticas de servicio comunitario.","TIPO_DOCUMENTO_ORDEN":"2","TIPO_DOCUMENTO_OBLIGATORIO":"1","ESTADO_REVISION":"Aprobado","ID_ESTUDIANTE":"2","ENTIDAD_RECEPTORA":"Banco del Pac\u00edfico","ESTUDIANTE_NOMBRE":"Mar\u00eda Elena Garc\u00eda Torres","NOMBRE_ESTUDIANTE":"Mar\u00eda Elena","APELLIDO_ESTUDIANTE":"Garc\u00eda Torres","CEDULA_ESTUDIANTE":"1002345678"},{"ID_DOCUMENTO_PREPROFESIONAL":"4","ID_PRACTICA_PREPROFESIONAL":"2","ID_TIPO_DOCUMENTO":"1","ID_ESTADO_REVISION":"3","NOMBRE_ARCHIVO":"oficio_asignacion_tutor_002_20250701.pdf","NOMBRE_ORIGINAL":"Oficio Asignaci\u00f3n Tutor - Mar\u00eda Elena.pdf","TIPO_ARCHIVO":"application\/pdf","TAMANO_ARCHIVO":"234880","RUTA_ARCHIVO":"\/uploads\/documentos-practicas\/","FECHA_SUBIDA":"2025-07-01 11:00:00","FECHA_REVISION":"2025-07-01 13:15:00","ID_REVISOR":"18","OBSERVACIONES":"Documento oficial de asignaci\u00f3n","OBSERVACIONES_REVISOR":"Asignaci\u00f3n correcta del tutor","VERSION":"1","ACTIVO":"1","FECHA_CREACION":"2025-09-04 06:59:17","FECHA_ACTUALIZACION":"2025-09-04 06:59:17","ID_TIPO_DOCUMENTO_PREPROFESIONAL":"1","TIPO_DOCUMENTO_CODIGO":"PPR-001","TIPO_DOCUMENTO_NOMBRE":"Oficio de Asignaci\u00f3n de Tutor","TIPO_DOCUMENTO_DESCRIPCION":"Documento oficial emitido por la coordinaci\u00f3n de la carrera que designa al docente responsable de la tutor\u00eda y seguimiento de las pr\u00e1cticas de servicio comunitario del estudiante.","TIPO_DOCUMENTO_ORDEN":"1","TIPO_DOCUMENTO_OBLIGATORIO":"1","ESTADO_REVISION":"Aprobado","ID_ESTUDIANTE":"2","ENTIDAD_RECEPTORA":"Banco del Pac\u00edfico","ESTUDIANTE_NOMBRE":"Mar\u00eda Elena Garc\u00eda Torres","NOMBRE_ESTUDIANTE":"Mar\u00eda Elena","APELLIDO_ESTUDIANTE":"Garc\u00eda Torres","CEDULA_ESTUDIANTE":"1002345678"},{"ID_DOCUMENTO_PREPROFESIONAL":"3","ID_PRACTICA_PREPROFESIONAL":"1","ID_TIPO_DOCUMENTO":"3","ID_ESTADO_REVISION":"3","NOMBRE_ARCHIVO":"carta_aceptacion_001_20250603.pdf","NOMBRE_ORIGINAL":"Carta Aceptaci\u00f3n - Hospital.pdf","TIPO_ARCHIVO":"application\/pdf","TAMANO_ARCHIVO":"156672","RUTA_ARCHIVO":"\/uploads\/documentos-practicas\/","FECHA_SUBIDA":"2025-06-03 09:15:00","FECHA_REVISION":"2025-06-03 11:20:00","ID_REVISOR":"17","OBSERVACIONES":"Carta de aceptaci\u00f3n de la entidad","OBSERVACIONES_REVISOR":"Carta oficial con sello institucional","VERSION":"1","ACTIVO":"1","FECHA_CREACION":"2025-09-04 06:59:17","FECHA_ACTUALIZACION":"2025-09-04 06:59:17","ID_TIPO_DOCUMENTO_PREPROFESIONAL":"3","TIPO_DOCUMENTO_CODIGO":"PPR-003","TIPO_DOCUMENTO_NOMBRE":"Carta de Aceptaci\u00f3n","TIPO_DOCUMENTO_DESCRIPCION":"Carta oficial de la entidad receptora \"Instituto Tecnol\u00f3gico Superior Ibarra\" que confirma la aceptaci\u00f3n del o los estudiantes para realizar las pr\u00e1cticas de servicio comunitario en sus instalaciones.","TIPO_DOCUMENTO_ORDEN":"3","TIPO_DOCUMENTO_OBLIGATORIO":"1","ESTADO_REVISION":"Aprobado","ID_ESTUDIANTE":"1","ENTIDAD_RECEPTORA":"Hospital San Vicente de Pa\u00fal","ESTUDIANTE_NOMBRE":"Juan Carlos P\u00e9rez L\u00f3pez","NOMBRE_ESTUDIANTE":"Juan Carlos","APELLIDO_ESTUDIANTE":"P\u00e9rez L\u00f3pez","CEDULA_ESTUDIANTE":"1001234567"},{"ID_DOCUMENTO_PREPROFESIONAL":"2","ID_PRACTICA_PREPROFESIONAL":"1","ID_TIPO_DOCUMENTO":"2","ID_ESTADO_REVISION":"3","NOMBRE_ARCHIVO":"oficio_entidad_receptora_001_20250602.pdf","NOMBRE_ORIGINAL":"Oficio Entidad Receptora - Hospital.pdf","TIPO_ARCHIVO":"application\/pdf","TAMANO_ARCHIVO":"189440","RUTA_ARCHIVO":"\/uploads\/documentos-practicas\/","FECHA_SUBIDA":"2025-06-02 14:30:00","FECHA_REVISION":"2025-06-02 16:45:00","ID_REVISOR":"17","OBSERVACIONES":"Oficio enviado a la entidad receptora","OBSERVACIONES_REVISOR":"Oficio bien redactado y formal","VERSION":"1","ACTIVO":"1","FECHA_CREACION":"2025-09-04 06:59:17","FECHA_ACTUALIZACION":"2025-09-04 06:59:17","ID_TIPO_DOCUMENTO_PREPROFESIONAL":"2","TIPO_DOCUMENTO_CODIGO":"PPR-002","TIPO_DOCUMENTO_NOMBRE":"Oficio a Entidad Receptora","TIPO_DOCUMENTO_DESCRIPCION":"Carta formal enviada por el estudiante a la instituci\u00f3n \"Instituto Tecnol\u00f3gico Superior Ibarra\", con el prop\u00f3sito de solicitar la oportunidad de realizar sus pr\u00e1cticas de servicio comunitario.","TIPO_DOCUMENTO_ORDEN":"2","TIPO_DOCUMENTO_OBLIGATORIO":"1","ESTADO_REVISION":"Aprobado","ID_ESTUDIANTE":"1","ENTIDAD_RECEPTORA":"Hospital San Vicente de Pa\u00fal","ESTUDIANTE_NOMBRE":"Juan Carlos P\u00e9rez L\u00f3pez","NOMBRE_ESTUDIANTE":"Juan Carlos","APELLIDO_ESTUDIANTE":"P\u00e9rez L\u00f3pez","CEDULA_ESTUDIANTE":"1001234567"},{"ID_DOCUMENTO_PREPROFESIONAL":"1","ID_PRACTICA_PREPROFESIONAL":"1","ID_TIPO_DOCUMENTO":"1","ID_ESTADO_REVISION":"3","NOMBRE_ARCHIVO":"oficio_asignacion_tutor_001_20250601.pdf","NOMBRE_ORIGINAL":"Oficio Asignaci\u00f3n Tutor - Juan Carlos.pdf","TIPO_ARCHIVO":"application\/pdf","TAMANO_ARCHIVO":"245760","RUTA_ARCHIVO":"\/uploads\/documentos-practicas\/","FECHA_SUBIDA":"2025-06-01 10:00:00","FECHA_REVISION":"2025-06-01 14:30:00","ID_REVISOR":"17","OBSERVACIONES":"Documento oficial de asignaci\u00f3n","OBSERVACIONES_REVISOR":"Documento aprobado correctamente","VERSION":"1","ACTIVO":"1","FECHA_CREACION":"2025-09-04 06:59:17","FECHA_ACTUALIZACION":"2025-09-04 06:59:17","ID_TIPO_DOCUMENTO_PREPROFESIONAL":"1","TIPO_DOCUMENTO_CODIGO":"PPR-001","TIPO_DOCUMENTO_NOMBRE":"Oficio de Asignaci\u00f3n de Tutor","TIPO_DOCUMENTO_DESCRIPCION":"Documento oficial emitido por la coordinaci\u00f3n de la carrera que designa al docente responsable de la tutor\u00eda y seguimiento de las pr\u00e1cticas de servicio comunitario del estudiante.","TIPO_DOCUMENTO_ORDEN":"1","TIPO_DOCUMENTO_OBLIGATORIO":"1","ESTADO_REVISION":"Aprobado","ID_ESTUDIANTE":"1","ENTIDAD_RECEPTORA":"Hospital San Vicente de Pa\u00fal","ESTUDIANTE_NOMBRE":"Juan Carlos P\u00e9rez L\u00f3pez","NOMBRE_ESTUDIANTE":"Juan Carlos","APELLIDO_ESTUDIANTE":"P\u00e9rez L\u00f3pez","CEDULA_ESTUDIANTE":"1001234567"}]
DEBUG - 2026-03-17 08:04:53 --> Session: Class initialized using 'CodeIgniter\Session\Handlers\FileHandler' driver.
DEBUG - 2026-03-17 16:10:42 --> Session: Class initialized using 'CodeIgniter\Session\Handlers\FileHandler' driver.
INFO - 2026-03-17 16:10:42 --> Iniciando proceso de cierre de sesión para usuario: desconocido
INFO - 2026-03-17 16:10:42 --> Sesión cerrada exitosamente
DEBUG - 2026-03-17 16:10:42 --> Session: Class initialized using 'CodeIgniter\Session\Handlers\FileHandler' driver.
DEBUG - 2026-03-17 16:13:19 --> Session: Class initialized using 'CodeIgniter\Session\Handlers\FileHandler' driver.
INFO - 2026-03-17 16:13:19 --> Usuario autenticado: 1004191845 con rol: 1 - requiere cambio password: no
DEBUG - 2026-03-17 16:13:19 --> Session: Class initialized using 'CodeIgniter\Session\Handlers\FileHandler' driver.
DEBUG - 2026-03-17 16:13:19 --> Estadísticas mensuales prácticas: [{"mes":"Abr 2025","preprofesionales":0,"servicioComunitario":0},{"mes":"May 2025","preprofesionales":0,"servicioComunitario":0},{"mes":"Jun 2025","preprofesionales":1,"servicioComunitario":0},{"mes":"Jul 2025","preprofesionales":1,"servicioComunitario":0},{"mes":"Ago 2025","preprofesionales":0,"servicioComunitario":1},{"mes":"Sep 2025","preprofesionales":1,"servicioComunitario":0},{"mes":"Oct 2025","preprofesionales":1,"servicioComunitario":0},{"mes":"Nov 2025","preprofesionales":0,"servicioComunitario":1},{"mes":"Dic 2025","preprofesionales":1,"servicioComunitario":0},{"mes":"Ene 2026","preprofesionales":0,"servicioComunitario":1},{"mes":"Feb 2026","preprofesionales":0,"servicioComunitario":1},{"mes":"Mar 2026","preprofesionales":0,"servicioComunitario":1}]
DEBUG - 2026-03-17 16:13:21 --> Session: Class initialized using 'CodeIgniter\Session\Handlers\FileHandler' driver.
DEBUG - 2026-03-17 16:23:26 --> Session: Class initialized using 'CodeIgniter\Session\Handlers\FileHandler' driver.
INFO - 2026-03-17 16:23:26 --> Iniciando proceso de cierre de sesión para usuario: ycampues
INFO - 2026-03-17 16:23:26 --> Sesión cerrada exitosamente
DEBUG - 2026-03-17 16:23:26 --> Session: Class initialized using 'CodeIgniter\Session\Handlers\FileHandler' driver.
DEBUG - 2026-03-17 16:37:06 --> Session: Class initialized using 'CodeIgniter\Session\Handlers\FileHandler' driver.
INFO - 2026-03-17 16:37:07 --> Usuario autenticado: 1004191845 con rol: 1 - requiere cambio password: no
DEBUG - 2026-03-17 16:37:08 --> Session: Class initialized using 'CodeIgniter\Session\Handlers\FileHandler' driver.
DEBUG - 2026-03-17 16:37:09 --> Estadísticas mensuales prácticas: [{"mes":"Abr 2025","preprofesionales":0,"servicioComunitario":0},{"mes":"May 2025","preprofesionales":0,"servicioComunitario":0},{"mes":"Jun 2025","preprofesionales":1,"servicioComunitario":0},{"mes":"Jul 2025","preprofesionales":1,"servicioComunitario":0},{"mes":"Ago 2025","preprofesionales":0,"servicioComunitario":1},{"mes":"Sep 2025","preprofesionales":1,"servicioComunitario":0},{"mes":"Oct 2025","preprofesionales":1,"servicioComunitario":0},{"mes":"Nov 2025","preprofesionales":0,"servicioComunitario":1},{"mes":"Dic 2025","preprofesionales":1,"servicioComunitario":0},{"mes":"Ene 2026","preprofesionales":0,"servicioComunitario":1},{"mes":"Feb 2026","preprofesionales":0,"servicioComunitario":1},{"mes":"Mar 2026","preprofesionales":0,"servicioComunitario":1}]
DEBUG - 2026-03-17 16:37:15 --> Session: Class initialized using 'CodeIgniter\Session\Handlers\FileHandler' driver.
ERROR - 2026-03-17 16:37:17 --> mysqli_sql_exception: Unknown column 'dc.ID_CARRERA' in 'on clause' in C:\xampp\htdocs\ITSI\vendor\codeigniter4\framework\system\Database\MySQLi\Connection.php:327
Stack trace:
#0 C:\xampp\htdocs\ITSI\vendor\codeigniter4\framework\system\Database\MySQLi\Connection.php(327): mysqli->query('SELECT `dc`.*, ...', 0)
#1 C:\xampp\htdocs\ITSI\vendor\codeigniter4\framework\system\Database\BaseConnection.php(738): CodeIgniter\Database\MySQLi\Connection->execute('SELECT `dc`.*, ...')
#2 C:\xampp\htdocs\ITSI\vendor\codeigniter4\framework\system\Database\BaseConnection.php(652): CodeIgniter\Database\BaseConnection->simpleQuery('SELECT `dc`.*, ...')
#3 C:\xampp\htdocs\ITSI\vendor\codeigniter4\framework\system\Database\BaseBuilder.php(1649): CodeIgniter\Database\BaseConnection->query('SELECT `dc`.*, ...', Array, false)
#4 C:\xampp\htdocs\ITSI\app\Models\DetallesConveniosModel.php(53): CodeIgniter\Database\BaseBuilder->get()
#5 C:\xampp\htdocs\ITSI\app\Controllers\admin\ConveniosAdminController.php(30): App\Models\DetallesConveniosModel->getConveniosCompletos()
#6 C:\xampp\htdocs\ITSI\vendor\codeigniter4\framework\system\CodeIgniter.php(933): App\Controllers\admin\ConveniosAdminController->index()
#7 C:\xampp\htdocs\ITSI\vendor\codeigniter4\framework\system\CodeIgniter.php(507): CodeIgniter\CodeIgniter->runController(Object(App\Controllers\admin\ConveniosAdminController))
#8 C:\xampp\htdocs\ITSI\vendor\codeigniter4\framework\system\CodeIgniter.php(354): CodeIgniter\CodeIgniter->handleRequest(NULL, Object(Config\Cache), false)
#9 C:\xampp\htdocs\ITSI\vendor\codeigniter4\framework\system\Boot.php(334): CodeIgniter\CodeIgniter->run()
#10 C:\xampp\htdocs\ITSI\vendor\codeigniter4\framework\system\Boot.php(67): CodeIgniter\Boot::runCodeIgniter(Object(CodeIgniter\CodeIgniter))
#11 C:\xampp\htdocs\ITSI\public\index.php(59): CodeIgniter\Boot::bootWeb(Object(Config\Paths))
#12 {main}
CRITICAL - 2026-03-17 16:37:17 --> CodeIgniter\Database\Exceptions\DatabaseException: Unknown column 'dc.ID_CARRERA' in 'on clause'
[Method: GET, Route: admin/convenios]
in SYSTEMPATH\Database\BaseConnection.php on line 692.
 1 SYSTEMPATH\Database\BaseBuilder.php(1649): CodeIgniter\Database\BaseConnection->query('SELECT `dc`.*, `ic`.`NOMBRE`, `ic`.`RUC`, `ic`.`REPRESENTANTE_LEGAL`, `ic`.`LOGO`, `tc`.`CONVENIO` as `TIPO_CONVENIO`, `ti`.`INSTITUCION` as `TIPO_INSTITUCION`, `c`.`NOMBRE` as `CARRERA_NOMBRE`
FROM `TAB_DETALLES_CONVENIOS` `dc`
JOIN `TAB_INSTITUCIONES_CONVENIOS` `ic` ON `ic`.`ID_INSTITUCION_CONVENIO` = `dc`.`ID_INSTITUCION_CONVENIO`
JOIN `TAB_TIPOS_CONVENIOS` `tc` ON `tc`.`ID_TIPO_CONVENIO` = `dc`.`ID_TIPO_CONVENIO`
JOIN `TAB_TIPOS_INSTITUCION` `ti` ON `ti`.`ID_TIPO_INSTITUCION` = `ic`.`ID_TIPO_INSTITUCION`
LEFT JOIN `TAB_CARRERAS` `c` ON `c`.`ID_CARRERA` = `dc`.`ID_CARRERA`', [], false)
 2 APPPATH\Models\DetallesConveniosModel.php(53): CodeIgniter\Database\BaseBuilder->get()
 3 APPPATH\Controllers\admin\ConveniosAdminController.php(30): App\Models\DetallesConveniosModel->getConveniosCompletos()
 4 SYSTEMPATH\CodeIgniter.php(933): App\Controllers\admin\ConveniosAdminController->index()
 5 SYSTEMPATH\CodeIgniter.php(507): CodeIgniter\CodeIgniter->runController(Object(App\Controllers\admin\ConveniosAdminController))
 6 SYSTEMPATH\CodeIgniter.php(354): CodeIgniter\CodeIgniter->handleRequest(null, Object(Config\Cache), false)
 7 SYSTEMPATH\Boot.php(334): CodeIgniter\CodeIgniter->run()
 8 SYSTEMPATH\Boot.php(67): CodeIgniter\Boot::runCodeIgniter(Object(CodeIgniter\CodeIgniter))
 9 FCPATH\index.php(59): CodeIgniter\Boot::bootWeb(Object(Config\Paths))
CRITICAL - 2026-03-17 16:37:17 --> [Caused by] CodeIgniter\Database\Exceptions\DatabaseException: Unknown column 'dc.ID_CARRERA' in 'on clause'
in SYSTEMPATH\Database\MySQLi\Connection.php on line 332.
 1 SYSTEMPATH\Database\BaseConnection.php(738): CodeIgniter\Database\MySQLi\Connection->execute('SELECT `dc`.*, `ic`.`NOMBRE`, `ic`.`RUC`, `ic`.`REPRESENTANTE_LEGAL`, `ic`.`LOGO`, `tc`.`CONVENIO` as `TIPO_CONVENIO`, `ti`.`INSTITUCION` as `TIPO_INSTITUCION`, `c`.`NOMBRE` as `CARRERA_NOMBRE`
FROM `TAB_DETALLES_CONVENIOS` `dc`
JOIN `TAB_INSTITUCIONES_CONVENIOS` `ic` ON `ic`.`ID_INSTITUCION_CONVENIO` = `dc`.`ID_INSTITUCION_CONVENIO`
JOIN `TAB_TIPOS_CONVENIOS` `tc` ON `tc`.`ID_TIPO_CONVENIO` = `dc`.`ID_TIPO_CONVENIO`
JOIN `TAB_TIPOS_INSTITUCION` `ti` ON `ti`.`ID_TIPO_INSTITUCION` = `ic`.`ID_TIPO_INSTITUCION`
LEFT JOIN `TAB_CARRERAS` `c` ON `c`.`ID_CARRERA` = `dc`.`ID_CARRERA`')
 2 SYSTEMPATH\Database\BaseConnection.php(652): CodeIgniter\Database\BaseConnection->simpleQuery('SELECT `dc`.*, `ic`.`NOMBRE`, `ic`.`RUC`, `ic`.`REPRESENTANTE_LEGAL`, `ic`.`LOGO`, `tc`.`CONVENIO` as `TIPO_CONVENIO`, `ti`.`INSTITUCION` as `TIPO_INSTITUCION`, `c`.`NOMBRE` as `CARRERA_NOMBRE`
FROM `TAB_DETALLES_CONVENIOS` `dc`
JOIN `TAB_INSTITUCIONES_CONVENIOS` `ic` ON `ic`.`ID_INSTITUCION_CONVENIO` = `dc`.`ID_INSTITUCION_CONVENIO`
JOIN `TAB_TIPOS_CONVENIOS` `tc` ON `tc`.`ID_TIPO_CONVENIO` = `dc`.`ID_TIPO_CONVENIO`
JOIN `TAB_TIPOS_INSTITUCION` `ti` ON `ti`.`ID_TIPO_INSTITUCION` = `ic`.`ID_TIPO_INSTITUCION`
LEFT JOIN `TAB_CARRERAS` `c` ON `c`.`ID_CARRERA` = `dc`.`ID_CARRERA`')
 3 SYSTEMPATH\Database\BaseBuilder.php(1649): CodeIgniter\Database\BaseConnection->query('SELECT `dc`.*, `ic`.`NOMBRE`, `ic`.`RUC`, `ic`.`REPRESENTANTE_LEGAL`, `ic`.`LOGO`, `tc`.`CONVENIO` as `TIPO_CONVENIO`, `ti`.`INSTITUCION` as `TIPO_INSTITUCION`, `c`.`NOMBRE` as `CARRERA_NOMBRE`
FROM `TAB_DETALLES_CONVENIOS` `dc`
JOIN `TAB_INSTITUCIONES_CONVENIOS` `ic` ON `ic`.`ID_INSTITUCION_CONVENIO` = `dc`.`ID_INSTITUCION_CONVENIO`
JOIN `TAB_TIPOS_CONVENIOS` `tc` ON `tc`.`ID_TIPO_CONVENIO` = `dc`.`ID_TIPO_CONVENIO`
JOIN `TAB_TIPOS_INSTITUCION` `ti` ON `ti`.`ID_TIPO_INSTITUCION` = `ic`.`ID_TIPO_INSTITUCION`
LEFT JOIN `TAB_CARRERAS` `c` ON `c`.`ID_CARRERA` = `dc`.`ID_CARRERA`', [], false)
 4 APPPATH\Models\DetallesConveniosModel.php(53): CodeIgniter\Database\BaseBuilder->get()
 5 APPPATH\Controllers\admin\ConveniosAdminController.php(30): App\Models\DetallesConveniosModel->getConveniosCompletos()
 6 SYSTEMPATH\CodeIgniter.php(933): App\Controllers\admin\ConveniosAdminController->index()
 7 SYSTEMPATH\CodeIgniter.php(507): CodeIgniter\CodeIgniter->runController(Object(App\Controllers\admin\ConveniosAdminController))
 8 SYSTEMPATH\CodeIgniter.php(354): CodeIgniter\CodeIgniter->handleRequest(null, Object(Config\Cache), false)
 9 SYSTEMPATH\Boot.php(334): CodeIgniter\CodeIgniter->run()
10 SYSTEMPATH\Boot.php(67): CodeIgniter\Boot::runCodeIgniter(Object(CodeIgniter\CodeIgniter))
11 FCPATH\index.php(59): CodeIgniter\Boot::bootWeb(Object(Config\Paths))
CRITICAL - 2026-03-17 16:37:17 --> [Caused by] mysqli_sql_exception: Unknown column 'dc.ID_CARRERA' in 'on clause'
in SYSTEMPATH\Database\MySQLi\Connection.php on line 327.
 1 SYSTEMPATH\Database\MySQLi\Connection.php(327): mysqli->query('SELECT `dc`.*, `ic`.`NOMBRE`, `ic`.`RUC`, `ic`.`REPRESENTANTE_LEGAL`, `ic`.`LOGO`, `tc`.`CONVENIO` as `TIPO_CONVENIO`, `ti`.`INSTITUCION` as `TIPO_INSTITUCION`, `c`.`NOMBRE` as `CARRERA_NOMBRE`
FROM `TAB_DETALLES_CONVENIOS` `dc`
JOIN `TAB_INSTITUCIONES_CONVENIOS` `ic` ON `ic`.`ID_INSTITUCION_CONVENIO` = `dc`.`ID_INSTITUCION_CONVENIO`
JOIN `TAB_TIPOS_CONVENIOS` `tc` ON `tc`.`ID_TIPO_CONVENIO` = `dc`.`ID_TIPO_CONVENIO`
JOIN `TAB_TIPOS_INSTITUCION` `ti` ON `ti`.`ID_TIPO_INSTITUCION` = `ic`.`ID_TIPO_INSTITUCION`
LEFT JOIN `TAB_CARRERAS` `c` ON `c`.`ID_CARRERA` = `dc`.`ID_CARRERA`', 0)
 2 SYSTEMPATH\Database\BaseConnection.php(738): CodeIgniter\Database\MySQLi\Connection->execute('SELECT `dc`.*, `ic`.`NOMBRE`, `ic`.`RUC`, `ic`.`REPRESENTANTE_LEGAL`, `ic`.`LOGO`, `tc`.`CONVENIO` as `TIPO_CONVENIO`, `ti`.`INSTITUCION` as `TIPO_INSTITUCION`, `c`.`NOMBRE` as `CARRERA_NOMBRE`
FROM `TAB_DETALLES_CONVENIOS` `dc`
JOIN `TAB_INSTITUCIONES_CONVENIOS` `ic` ON `ic`.`ID_INSTITUCION_CONVENIO` = `dc`.`ID_INSTITUCION_CONVENIO`
JOIN `TAB_TIPOS_CONVENIOS` `tc` ON `tc`.`ID_TIPO_CONVENIO` = `dc`.`ID_TIPO_CONVENIO`
JOIN `TAB_TIPOS_INSTITUCION` `ti` ON `ti`.`ID_TIPO_INSTITUCION` = `ic`.`ID_TIPO_INSTITUCION`
LEFT JOIN `TAB_CARRERAS` `c` ON `c`.`ID_CARRERA` = `dc`.`ID_CARRERA`')
 3 SYSTEMPATH\Database\BaseConnection.php(652): CodeIgniter\Database\BaseConnection->simpleQuery('SELECT `dc`.*, `ic`.`NOMBRE`, `ic`.`RUC`, `ic`.`REPRESENTANTE_LEGAL`, `ic`.`LOGO`, `tc`.`CONVENIO` as `TIPO_CONVENIO`, `ti`.`INSTITUCION` as `TIPO_INSTITUCION`, `c`.`NOMBRE` as `CARRERA_NOMBRE`
FROM `TAB_DETALLES_CONVENIOS` `dc`
JOIN `TAB_INSTITUCIONES_CONVENIOS` `ic` ON `ic`.`ID_INSTITUCION_CONVENIO` = `dc`.`ID_INSTITUCION_CONVENIO`
JOIN `TAB_TIPOS_CONVENIOS` `tc` ON `tc`.`ID_TIPO_CONVENIO` = `dc`.`ID_TIPO_CONVENIO`
JOIN `TAB_TIPOS_INSTITUCION` `ti` ON `ti`.`ID_TIPO_INSTITUCION` = `ic`.`ID_TIPO_INSTITUCION`
LEFT JOIN `TAB_CARRERAS` `c` ON `c`.`ID_CARRERA` = `dc`.`ID_CARRERA`')
 4 SYSTEMPATH\Database\BaseBuilder.php(1649): CodeIgniter\Database\BaseConnection->query('SELECT `dc`.*, `ic`.`NOMBRE`, `ic`.`RUC`, `ic`.`REPRESENTANTE_LEGAL`, `ic`.`LOGO`, `tc`.`CONVENIO` as `TIPO_CONVENIO`, `ti`.`INSTITUCION` as `TIPO_INSTITUCION`, `c`.`NOMBRE` as `CARRERA_NOMBRE`
FROM `TAB_DETALLES_CONVENIOS` `dc`
JOIN `TAB_INSTITUCIONES_CONVENIOS` `ic` ON `ic`.`ID_INSTITUCION_CONVENIO` = `dc`.`ID_INSTITUCION_CONVENIO`
JOIN `TAB_TIPOS_CONVENIOS` `tc` ON `tc`.`ID_TIPO_CONVENIO` = `dc`.`ID_TIPO_CONVENIO`
JOIN `TAB_TIPOS_INSTITUCION` `ti` ON `ti`.`ID_TIPO_INSTITUCION` = `ic`.`ID_TIPO_INSTITUCION`
LEFT JOIN `TAB_CARRERAS` `c` ON `c`.`ID_CARRERA` = `dc`.`ID_CARRERA`', [], false)
 5 APPPATH\Models\DetallesConveniosModel.php(53): CodeIgniter\Database\BaseBuilder->get()
 6 APPPATH\Controllers\admin\ConveniosAdminController.php(30): App\Models\DetallesConveniosModel->getConveniosCompletos()
 7 SYSTEMPATH\CodeIgniter.php(933): App\Controllers\admin\ConveniosAdminController->index()
 8 SYSTEMPATH\CodeIgniter.php(507): CodeIgniter\CodeIgniter->runController(Object(App\Controllers\admin\ConveniosAdminController))
 9 SYSTEMPATH\CodeIgniter.php(354): CodeIgniter\CodeIgniter->handleRequest(null, Object(Config\Cache), false)
10 SYSTEMPATH\Boot.php(334): CodeIgniter\CodeIgniter->run()
11 SYSTEMPATH\Boot.php(67): CodeIgniter\Boot::runCodeIgniter(Object(CodeIgniter\CodeIgniter))
12 FCPATH\index.php(59): CodeIgniter\Boot::bootWeb(Object(Config\Paths))
ERROR - 2026-03-17 16:38:09 --> mysqli_sql_exception: Unknown column 'dc.ID_CARRERA' in 'on clause' in C:\xampp\htdocs\ITSI\vendor\codeigniter4\framework\system\Database\MySQLi\Connection.php:327
Stack trace:
#0 C:\xampp\htdocs\ITSI\vendor\codeigniter4\framework\system\Database\MySQLi\Connection.php(327): mysqli->query('SELECT `dc`.*, ...', 0)
#1 C:\xampp\htdocs\ITSI\vendor\codeigniter4\framework\system\Database\BaseConnection.php(738): CodeIgniter\Database\MySQLi\Connection->execute('SELECT `dc`.*, ...')
#2 C:\xampp\htdocs\ITSI\vendor\codeigniter4\framework\system\Database\BaseConnection.php(652): CodeIgniter\Database\BaseConnection->simpleQuery('SELECT `dc`.*, ...')
#3 C:\xampp\htdocs\ITSI\vendor\codeigniter4\framework\system\Database\BaseBuilder.php(1649): CodeIgniter\Database\BaseConnection->query('SELECT `dc`.*, ...', Array, false)
#4 C:\xampp\htdocs\ITSI\app\Models\DetallesConveniosModel.php(53): CodeIgniter\Database\BaseBuilder->get()
#5 C:\xampp\htdocs\ITSI\app\Controllers\admin\ConveniosAdminController.php(30): App\Models\DetallesConveniosModel->getConveniosCompletos()
#6 C:\xampp\htdocs\ITSI\vendor\codeigniter4\framework\system\CodeIgniter.php(933): App\Controllers\admin\ConveniosAdminController->index()
#7 C:\xampp\htdocs\ITSI\vendor\codeigniter4\framework\system\CodeIgniter.php(507): CodeIgniter\CodeIgniter->runController(Object(App\Controllers\admin\ConveniosAdminController))
#8 C:\xampp\htdocs\ITSI\vendor\codeigniter4\framework\system\CodeIgniter.php(354): CodeIgniter\CodeIgniter->handleRequest(NULL, Object(Config\Cache), false)
#9 C:\xampp\htdocs\ITSI\vendor\codeigniter4\framework\system\Boot.php(334): CodeIgniter\CodeIgniter->run()
#10 C:\xampp\htdocs\ITSI\vendor\codeigniter4\framework\system\Boot.php(67): CodeIgniter\Boot::runCodeIgniter(Object(CodeIgniter\CodeIgniter))
#11 C:\xampp\htdocs\ITSI\public\index.php(59): CodeIgniter\Boot::bootWeb(Object(Config\Paths))
#12 {main}
CRITICAL - 2026-03-17 16:38:09 --> CodeIgniter\Database\Exceptions\DatabaseException: Unknown column 'dc.ID_CARRERA' in 'on clause'
[Method: GET, Route: admin/convenios]
in SYSTEMPATH\Database\BaseConnection.php on line 692.
 1 SYSTEMPATH\Database\BaseBuilder.php(1649): CodeIgniter\Database\BaseConnection->query('SELECT `dc`.*, `ic`.`NOMBRE`, `ic`.`RUC`, `ic`.`REPRESENTANTE_LEGAL`, `ic`.`LOGO`, `tc`.`CONVENIO` as `TIPO_CONVENIO`, `ti`.`INSTITUCION` as `TIPO_INSTITUCION`, `c`.`NOMBRE` as `CARRERA_NOMBRE`
FROM `TAB_DETALLES_CONVENIOS` `dc`
JOIN `TAB_INSTITUCIONES_CONVENIOS` `ic` ON `ic`.`ID_INSTITUCION_CONVENIO` = `dc`.`ID_INSTITUCION_CONVENIO`
JOIN `TAB_TIPOS_CONVENIOS` `tc` ON `tc`.`ID_TIPO_CONVENIO` = `dc`.`ID_TIPO_CONVENIO`
JOIN `TAB_TIPOS_INSTITUCION` `ti` ON `ti`.`ID_TIPO_INSTITUCION` = `ic`.`ID_TIPO_INSTITUCION`
LEFT JOIN `TAB_CARRERAS` `c` ON `c`.`ID_CARRERA` = `dc`.`ID_CARRERA`', [], false)
 2 APPPATH\Models\DetallesConveniosModel.php(53): CodeIgniter\Database\BaseBuilder->get()
 3 APPPATH\Controllers\admin\ConveniosAdminController.php(30): App\Models\DetallesConveniosModel->getConveniosCompletos()
 4 SYSTEMPATH\CodeIgniter.php(933): App\Controllers\admin\ConveniosAdminController->index()
 5 SYSTEMPATH\CodeIgniter.php(507): CodeIgniter\CodeIgniter->runController(Object(App\Controllers\admin\ConveniosAdminController))
 6 SYSTEMPATH\CodeIgniter.php(354): CodeIgniter\CodeIgniter->handleRequest(null, Object(Config\Cache), false)
 7 SYSTEMPATH\Boot.php(334): CodeIgniter\CodeIgniter->run()
 8 SYSTEMPATH\Boot.php(67): CodeIgniter\Boot::runCodeIgniter(Object(CodeIgniter\CodeIgniter))
 9 FCPATH\index.php(59): CodeIgniter\Boot::bootWeb(Object(Config\Paths))
CRITICAL - 2026-03-17 16:38:09 --> [Caused by] CodeIgniter\Database\Exceptions\DatabaseException: Unknown column 'dc.ID_CARRERA' in 'on clause'
in SYSTEMPATH\Database\MySQLi\Connection.php on line 332.
 1 SYSTEMPATH\Database\BaseConnection.php(738): CodeIgniter\Database\MySQLi\Connection->execute('SELECT `dc`.*, `ic`.`NOMBRE`, `ic`.`RUC`, `ic`.`REPRESENTANTE_LEGAL`, `ic`.`LOGO`, `tc`.`CONVENIO` as `TIPO_CONVENIO`, `ti`.`INSTITUCION` as `TIPO_INSTITUCION`, `c`.`NOMBRE` as `CARRERA_NOMBRE`
FROM `TAB_DETALLES_CONVENIOS` `dc`
JOIN `TAB_INSTITUCIONES_CONVENIOS` `ic` ON `ic`.`ID_INSTITUCION_CONVENIO` = `dc`.`ID_INSTITUCION_CONVENIO`
JOIN `TAB_TIPOS_CONVENIOS` `tc` ON `tc`.`ID_TIPO_CONVENIO` = `dc`.`ID_TIPO_CONVENIO`
JOIN `TAB_TIPOS_INSTITUCION` `ti` ON `ti`.`ID_TIPO_INSTITUCION` = `ic`.`ID_TIPO_INSTITUCION`
LEFT JOIN `TAB_CARRERAS` `c` ON `c`.`ID_CARRERA` = `dc`.`ID_CARRERA`')
 2 SYSTEMPATH\Database\BaseConnection.php(652): CodeIgniter\Database\BaseConnection->simpleQuery('SELECT `dc`.*, `ic`.`NOMBRE`, `ic`.`RUC`, `ic`.`REPRESENTANTE_LEGAL`, `ic`.`LOGO`, `tc`.`CONVENIO` as `TIPO_CONVENIO`, `ti`.`INSTITUCION` as `TIPO_INSTITUCION`, `c`.`NOMBRE` as `CARRERA_NOMBRE`
FROM `TAB_DETALLES_CONVENIOS` `dc`
JOIN `TAB_INSTITUCIONES_CONVENIOS` `ic` ON `ic`.`ID_INSTITUCION_CONVENIO` = `dc`.`ID_INSTITUCION_CONVENIO`
JOIN `TAB_TIPOS_CONVENIOS` `tc` ON `tc`.`ID_TIPO_CONVENIO` = `dc`.`ID_TIPO_CONVENIO`
JOIN `TAB_TIPOS_INSTITUCION` `ti` ON `ti`.`ID_TIPO_INSTITUCION` = `ic`.`ID_TIPO_INSTITUCION`
LEFT JOIN `TAB_CARRERAS` `c` ON `c`.`ID_CARRERA` = `dc`.`ID_CARRERA`')
 3 SYSTEMPATH\Database\BaseBuilder.php(1649): CodeIgniter\Database\BaseConnection->query('SELECT `dc`.*, `ic`.`NOMBRE`, `ic`.`RUC`, `ic`.`REPRESENTANTE_LEGAL`, `ic`.`LOGO`, `tc`.`CONVENIO` as `TIPO_CONVENIO`, `ti`.`INSTITUCION` as `TIPO_INSTITUCION`, `c`.`NOMBRE` as `CARRERA_NOMBRE`
FROM `TAB_DETALLES_CONVENIOS` `dc`
JOIN `TAB_INSTITUCIONES_CONVENIOS` `ic` ON `ic`.`ID_INSTITUCION_CONVENIO` = `dc`.`ID_INSTITUCION_CONVENIO`
JOIN `TAB_TIPOS_CONVENIOS` `tc` ON `tc`.`ID_TIPO_CONVENIO` = `dc`.`ID_TIPO_CONVENIO`
JOIN `TAB_TIPOS_INSTITUCION` `ti` ON `ti`.`ID_TIPO_INSTITUCION` = `ic`.`ID_TIPO_INSTITUCION`
LEFT JOIN `TAB_CARRERAS` `c` ON `c`.`ID_CARRERA` = `dc`.`ID_CARRERA`', [], false)
 4 APPPATH\Models\DetallesConveniosModel.php(53): CodeIgniter\Database\BaseBuilder->get()
 5 APPPATH\Controllers\admin\ConveniosAdminController.php(30): App\Models\DetallesConveniosModel->getConveniosCompletos()
 6 SYSTEMPATH\CodeIgniter.php(933): App\Controllers\admin\ConveniosAdminController->index()
 7 SYSTEMPATH\CodeIgniter.php(507): CodeIgniter\CodeIgniter->runController(Object(App\Controllers\admin\ConveniosAdminController))
 8 SYSTEMPATH\CodeIgniter.php(354): CodeIgniter\CodeIgniter->handleRequest(null, Object(Config\Cache), false)
 9 SYSTEMPATH\Boot.php(334): CodeIgniter\CodeIgniter->run()
10 SYSTEMPATH\Boot.php(67): CodeIgniter\Boot::runCodeIgniter(Object(CodeIgniter\CodeIgniter))
11 FCPATH\index.php(59): CodeIgniter\Boot::bootWeb(Object(Config\Paths))
CRITICAL - 2026-03-17 16:38:09 --> [Caused by] mysqli_sql_exception: Unknown column 'dc.ID_CARRERA' in 'on clause'
in SYSTEMPATH\Database\MySQLi\Connection.php on line 327.
 1 SYSTEMPATH\Database\MySQLi\Connection.php(327): mysqli->query('SELECT `dc`.*, `ic`.`NOMBRE`, `ic`.`RUC`, `ic`.`REPRESENTANTE_LEGAL`, `ic`.`LOGO`, `tc`.`CONVENIO` as `TIPO_CONVENIO`, `ti`.`INSTITUCION` as `TIPO_INSTITUCION`, `c`.`NOMBRE` as `CARRERA_NOMBRE`
FROM `TAB_DETALLES_CONVENIOS` `dc`
JOIN `TAB_INSTITUCIONES_CONVENIOS` `ic` ON `ic`.`ID_INSTITUCION_CONVENIO` = `dc`.`ID_INSTITUCION_CONVENIO`
JOIN `TAB_TIPOS_CONVENIOS` `tc` ON `tc`.`ID_TIPO_CONVENIO` = `dc`.`ID_TIPO_CONVENIO`
JOIN `TAB_TIPOS_INSTITUCION` `ti` ON `ti`.`ID_TIPO_INSTITUCION` = `ic`.`ID_TIPO_INSTITUCION`
LEFT JOIN `TAB_CARRERAS` `c` ON `c`.`ID_CARRERA` = `dc`.`ID_CARRERA`', 0)
 2 SYSTEMPATH\Database\BaseConnection.php(738): CodeIgniter\Database\MySQLi\Connection->execute('SELECT `dc`.*, `ic`.`NOMBRE`, `ic`.`RUC`, `ic`.`REPRESENTANTE_LEGAL`, `ic`.`LOGO`, `tc`.`CONVENIO` as `TIPO_CONVENIO`, `ti`.`INSTITUCION` as `TIPO_INSTITUCION`, `c`.`NOMBRE` as `CARRERA_NOMBRE`
FROM `TAB_DETALLES_CONVENIOS` `dc`
JOIN `TAB_INSTITUCIONES_CONVENIOS` `ic` ON `ic`.`ID_INSTITUCION_CONVENIO` = `dc`.`ID_INSTITUCION_CONVENIO`
JOIN `TAB_TIPOS_CONVENIOS` `tc` ON `tc`.`ID_TIPO_CONVENIO` = `dc`.`ID_TIPO_CONVENIO`
JOIN `TAB_TIPOS_INSTITUCION` `ti` ON `ti`.`ID_TIPO_INSTITUCION` = `ic`.`ID_TIPO_INSTITUCION`
LEFT JOIN `TAB_CARRERAS` `c` ON `c`.`ID_CARRERA` = `dc`.`ID_CARRERA`')
 3 SYSTEMPATH\Database\BaseConnection.php(652): CodeIgniter\Database\BaseConnection->simpleQuery('SELECT `dc`.*, `ic`.`NOMBRE`, `ic`.`RUC`, `ic`.`REPRESENTANTE_LEGAL`, `ic`.`LOGO`, `tc`.`CONVENIO` as `TIPO_CONVENIO`, `ti`.`INSTITUCION` as `TIPO_INSTITUCION`, `c`.`NOMBRE` as `CARRERA_NOMBRE`
FROM `TAB_DETALLES_CONVENIOS` `dc`
JOIN `TAB_INSTITUCIONES_CONVENIOS` `ic` ON `ic`.`ID_INSTITUCION_CONVENIO` = `dc`.`ID_INSTITUCION_CONVENIO`
JOIN `TAB_TIPOS_CONVENIOS` `tc` ON `tc`.`ID_TIPO_CONVENIO` = `dc`.`ID_TIPO_CONVENIO`
JOIN `TAB_TIPOS_INSTITUCION` `ti` ON `ti`.`ID_TIPO_INSTITUCION` = `ic`.`ID_TIPO_INSTITUCION`
LEFT JOIN `TAB_CARRERAS` `c` ON `c`.`ID_CARRERA` = `dc`.`ID_CARRERA`')
 4 SYSTEMPATH\Database\BaseBuilder.php(1649): CodeIgniter\Database\BaseConnection->query('SELECT `dc`.*, `ic`.`NOMBRE`, `ic`.`RUC`, `ic`.`REPRESENTANTE_LEGAL`, `ic`.`LOGO`, `tc`.`CONVENIO` as `TIPO_CONVENIO`, `ti`.`INSTITUCION` as `TIPO_INSTITUCION`, `c`.`NOMBRE` as `CARRERA_NOMBRE`
FROM `TAB_DETALLES_CONVENIOS` `dc`
JOIN `TAB_INSTITUCIONES_CONVENIOS` `ic` ON `ic`.`ID_INSTITUCION_CONVENIO` = `dc`.`ID_INSTITUCION_CONVENIO`
JOIN `TAB_TIPOS_CONVENIOS` `tc` ON `tc`.`ID_TIPO_CONVENIO` = `dc`.`ID_TIPO_CONVENIO`
JOIN `TAB_TIPOS_INSTITUCION` `ti` ON `ti`.`ID_TIPO_INSTITUCION` = `ic`.`ID_TIPO_INSTITUCION`
LEFT JOIN `TAB_CARRERAS` `c` ON `c`.`ID_CARRERA` = `dc`.`ID_CARRERA`', [], false)
 5 APPPATH\Models\DetallesConveniosModel.php(53): CodeIgniter\Database\BaseBuilder->get()
 6 APPPATH\Controllers\admin\ConveniosAdminController.php(30): App\Models\DetallesConveniosModel->getConveniosCompletos()
 7 SYSTEMPATH\CodeIgniter.php(933): App\Controllers\admin\ConveniosAdminController->index()
 8 SYSTEMPATH\CodeIgniter.php(507): CodeIgniter\CodeIgniter->runController(Object(App\Controllers\admin\ConveniosAdminController))
 9 SYSTEMPATH\CodeIgniter.php(354): CodeIgniter\CodeIgniter->handleRequest(null, Object(Config\Cache), false)
10 SYSTEMPATH\Boot.php(334): CodeIgniter\CodeIgniter->run()
11 SYSTEMPATH\Boot.php(67): CodeIgniter\Boot::runCodeIgniter(Object(CodeIgniter\CodeIgniter))
12 FCPATH\index.php(59): CodeIgniter\Boot::bootWeb(Object(Config\Paths))
ERROR - 2026-03-17 16:38:22 --> mysqli_sql_exception: Unknown column 'dc.ID_CARRERA' in 'on clause' in C:\xampp\htdocs\ITSI\vendor\codeigniter4\framework\system\Database\MySQLi\Connection.php:327
Stack trace:
#0 C:\xampp\htdocs\ITSI\vendor\codeigniter4\framework\system\Database\MySQLi\Connection.php(327): mysqli->query('SELECT `dc`.*, ...', 0)
#1 C:\xampp\htdocs\ITSI\vendor\codeigniter4\framework\system\Database\BaseConnection.php(738): CodeIgniter\Database\MySQLi\Connection->execute('SELECT `dc`.*, ...')
#2 C:\xampp\htdocs\ITSI\vendor\codeigniter4\framework\system\Database\BaseConnection.php(652): CodeIgniter\Database\BaseConnection->simpleQuery('SELECT `dc`.*, ...')
#3 C:\xampp\htdocs\ITSI\vendor\codeigniter4\framework\system\Database\BaseBuilder.php(1649): CodeIgniter\Database\BaseConnection->query('SELECT `dc`.*, ...', Array, false)
#4 C:\xampp\htdocs\ITSI\app\Models\DetallesConveniosModel.php(53): CodeIgniter\Database\BaseBuilder->get()
#5 C:\xampp\htdocs\ITSI\app\Controllers\admin\ConveniosAdminController.php(30): App\Models\DetallesConveniosModel->getConveniosCompletos()
#6 C:\xampp\htdocs\ITSI\vendor\codeigniter4\framework\system\CodeIgniter.php(933): App\Controllers\admin\ConveniosAdminController->index()
#7 C:\xampp\htdocs\ITSI\vendor\codeigniter4\framework\system\CodeIgniter.php(507): CodeIgniter\CodeIgniter->runController(Object(App\Controllers\admin\ConveniosAdminController))
#8 C:\xampp\htdocs\ITSI\vendor\codeigniter4\framework\system\CodeIgniter.php(354): CodeIgniter\CodeIgniter->handleRequest(NULL, Object(Config\Cache), false)
#9 C:\xampp\htdocs\ITSI\vendor\codeigniter4\framework\system\Boot.php(334): CodeIgniter\CodeIgniter->run()
#10 C:\xampp\htdocs\ITSI\vendor\codeigniter4\framework\system\Boot.php(67): CodeIgniter\Boot::runCodeIgniter(Object(CodeIgniter\CodeIgniter))
#11 C:\xampp\htdocs\ITSI\public\index.php(59): CodeIgniter\Boot::bootWeb(Object(Config\Paths))
#12 {main}
CRITICAL - 2026-03-17 16:38:22 --> CodeIgniter\Database\Exceptions\DatabaseException: Unknown column 'dc.ID_CARRERA' in 'on clause'
[Method: GET, Route: admin/convenios]
in SYSTEMPATH\Database\BaseConnection.php on line 692.
 1 SYSTEMPATH\Database\BaseBuilder.php(1649): CodeIgniter\Database\BaseConnection->query('SELECT `dc`.*, `ic`.`NOMBRE`, `ic`.`RUC`, `ic`.`REPRESENTANTE_LEGAL`, `ic`.`LOGO`, `tc`.`CONVENIO` as `TIPO_CONVENIO`, `ti`.`INSTITUCION` as `TIPO_INSTITUCION`, `c`.`NOMBRE` as `CARRERA_NOMBRE`
FROM `TAB_DETALLES_CONVENIOS` `dc`
JOIN `TAB_INSTITUCIONES_CONVENIOS` `ic` ON `ic`.`ID_INSTITUCION_CONVENIO` = `dc`.`ID_INSTITUCION_CONVENIO`
JOIN `TAB_TIPOS_CONVENIOS` `tc` ON `tc`.`ID_TIPO_CONVENIO` = `dc`.`ID_TIPO_CONVENIO`
JOIN `TAB_TIPOS_INSTITUCION` `ti` ON `ti`.`ID_TIPO_INSTITUCION` = `ic`.`ID_TIPO_INSTITUCION`
LEFT JOIN `TAB_CARRERAS` `c` ON `c`.`ID_CARRERA` = `dc`.`ID_CARRERA`', [], false)
 2 APPPATH\Models\DetallesConveniosModel.php(53): CodeIgniter\Database\BaseBuilder->get()
 3 APPPATH\Controllers\admin\ConveniosAdminController.php(30): App\Models\DetallesConveniosModel->getConveniosCompletos()
 4 SYSTEMPATH\CodeIgniter.php(933): App\Controllers\admin\ConveniosAdminController->index()
 5 SYSTEMPATH\CodeIgniter.php(507): CodeIgniter\CodeIgniter->runController(Object(App\Controllers\admin\ConveniosAdminController))
 6 SYSTEMPATH\CodeIgniter.php(354): CodeIgniter\CodeIgniter->handleRequest(null, Object(Config\Cache), false)
 7 SYSTEMPATH\Boot.php(334): CodeIgniter\CodeIgniter->run()
 8 SYSTEMPATH\Boot.php(67): CodeIgniter\Boot::runCodeIgniter(Object(CodeIgniter\CodeIgniter))
 9 FCPATH\index.php(59): CodeIgniter\Boot::bootWeb(Object(Config\Paths))
CRITICAL - 2026-03-17 16:38:22 --> [Caused by] CodeIgniter\Database\Exceptions\DatabaseException: Unknown column 'dc.ID_CARRERA' in 'on clause'
in SYSTEMPATH\Database\MySQLi\Connection.php on line 332.
 1 SYSTEMPATH\Database\BaseConnection.php(738): CodeIgniter\Database\MySQLi\Connection->execute('SELECT `dc`.*, `ic`.`NOMBRE`, `ic`.`RUC`, `ic`.`REPRESENTANTE_LEGAL`, `ic`.`LOGO`, `tc`.`CONVENIO` as `TIPO_CONVENIO`, `ti`.`INSTITUCION` as `TIPO_INSTITUCION`, `c`.`NOMBRE` as `CARRERA_NOMBRE`
FROM `TAB_DETALLES_CONVENIOS` `dc`
JOIN `TAB_INSTITUCIONES_CONVENIOS` `ic` ON `ic`.`ID_INSTITUCION_CONVENIO` = `dc`.`ID_INSTITUCION_CONVENIO`
JOIN `TAB_TIPOS_CONVENIOS` `tc` ON `tc`.`ID_TIPO_CONVENIO` = `dc`.`ID_TIPO_CONVENIO`
JOIN `TAB_TIPOS_INSTITUCION` `ti` ON `ti`.`ID_TIPO_INSTITUCION` = `ic`.`ID_TIPO_INSTITUCION`
LEFT JOIN `TAB_CARRERAS` `c` ON `c`.`ID_CARRERA` = `dc`.`ID_CARRERA`')
 2 SYSTEMPATH\Database\BaseConnection.php(652): CodeIgniter\Database\BaseConnection->simpleQuery('SELECT `dc`.*, `ic`.`NOMBRE`, `ic`.`RUC`, `ic`.`REPRESENTANTE_LEGAL`, `ic`.`LOGO`, `tc`.`CONVENIO` as `TIPO_CONVENIO`, `ti`.`INSTITUCION` as `TIPO_INSTITUCION`, `c`.`NOMBRE` as `CARRERA_NOMBRE`
FROM `TAB_DETALLES_CONVENIOS` `dc`
JOIN `TAB_INSTITUCIONES_CONVENIOS` `ic` ON `ic`.`ID_INSTITUCION_CONVENIO` = `dc`.`ID_INSTITUCION_CONVENIO`
JOIN `TAB_TIPOS_CONVENIOS` `tc` ON `tc`.`ID_TIPO_CONVENIO` = `dc`.`ID_TIPO_CONVENIO`
JOIN `TAB_TIPOS_INSTITUCION` `ti` ON `ti`.`ID_TIPO_INSTITUCION` = `ic`.`ID_TIPO_INSTITUCION`
LEFT JOIN `TAB_CARRERAS` `c` ON `c`.`ID_CARRERA` = `dc`.`ID_CARRERA`')
 3 SYSTEMPATH\Database\BaseBuilder.php(1649): CodeIgniter\Database\BaseConnection->query('SELECT `dc`.*, `ic`.`NOMBRE`, `ic`.`RUC`, `ic`.`REPRESENTANTE_LEGAL`, `ic`.`LOGO`, `tc`.`CONVENIO` as `TIPO_CONVENIO`, `ti`.`INSTITUCION` as `TIPO_INSTITUCION`, `c`.`NOMBRE` as `CARRERA_NOMBRE`
FROM `TAB_DETALLES_CONVENIOS` `dc`
JOIN `TAB_INSTITUCIONES_CONVENIOS` `ic` ON `ic`.`ID_INSTITUCION_CONVENIO` = `dc`.`ID_INSTITUCION_CONVENIO`
JOIN `TAB_TIPOS_CONVENIOS` `tc` ON `tc`.`ID_TIPO_CONVENIO` = `dc`.`ID_TIPO_CONVENIO`
JOIN `TAB_TIPOS_INSTITUCION` `ti` ON `ti`.`ID_TIPO_INSTITUCION` = `ic`.`ID_TIPO_INSTITUCION`
LEFT JOIN `TAB_CARRERAS` `c` ON `c`.`ID_CARRERA` = `dc`.`ID_CARRERA`', [], false)
 4 APPPATH\Models\DetallesConveniosModel.php(53): CodeIgniter\Database\BaseBuilder->get()
 5 APPPATH\Controllers\admin\ConveniosAdminController.php(30): App\Models\DetallesConveniosModel->getConveniosCompletos()
 6 SYSTEMPATH\CodeIgniter.php(933): App\Controllers\admin\ConveniosAdminController->index()
 7 SYSTEMPATH\CodeIgniter.php(507): CodeIgniter\CodeIgniter->runController(Object(App\Controllers\admin\ConveniosAdminController))
 8 SYSTEMPATH\CodeIgniter.php(354): CodeIgniter\CodeIgniter->handleRequest(null, Object(Config\Cache), false)
 9 SYSTEMPATH\Boot.php(334): CodeIgniter\CodeIgniter->run()
10 SYSTEMPATH\Boot.php(67): CodeIgniter\Boot::runCodeIgniter(Object(CodeIgniter\CodeIgniter))
11 FCPATH\index.php(59): CodeIgniter\Boot::bootWeb(Object(Config\Paths))
CRITICAL - 2026-03-17 16:38:22 --> [Caused by] mysqli_sql_exception: Unknown column 'dc.ID_CARRERA' in 'on clause'
in SYSTEMPATH\Database\MySQLi\Connection.php on line 327.
 1 SYSTEMPATH\Database\MySQLi\Connection.php(327): mysqli->query('SELECT `dc`.*, `ic`.`NOMBRE`, `ic`.`RUC`, `ic`.`REPRESENTANTE_LEGAL`, `ic`.`LOGO`, `tc`.`CONVENIO` as `TIPO_CONVENIO`, `ti`.`INSTITUCION` as `TIPO_INSTITUCION`, `c`.`NOMBRE` as `CARRERA_NOMBRE`
FROM `TAB_DETALLES_CONVENIOS` `dc`
JOIN `TAB_INSTITUCIONES_CONVENIOS` `ic` ON `ic`.`ID_INSTITUCION_CONVENIO` = `dc`.`ID_INSTITUCION_CONVENIO`
JOIN `TAB_TIPOS_CONVENIOS` `tc` ON `tc`.`ID_TIPO_CONVENIO` = `dc`.`ID_TIPO_CONVENIO`
JOIN `TAB_TIPOS_INSTITUCION` `ti` ON `ti`.`ID_TIPO_INSTITUCION` = `ic`.`ID_TIPO_INSTITUCION`
LEFT JOIN `TAB_CARRERAS` `c` ON `c`.`ID_CARRERA` = `dc`.`ID_CARRERA`', 0)
 2 SYSTEMPATH\Database\BaseConnection.php(738): CodeIgniter\Database\MySQLi\Connection->execute('SELECT `dc`.*, `ic`.`NOMBRE`, `ic`.`RUC`, `ic`.`REPRESENTANTE_LEGAL`, `ic`.`LOGO`, `tc`.`CONVENIO` as `TIPO_CONVENIO`, `ti`.`INSTITUCION` as `TIPO_INSTITUCION`, `c`.`NOMBRE` as `CARRERA_NOMBRE`
FROM `TAB_DETALLES_CONVENIOS` `dc`
JOIN `TAB_INSTITUCIONES_CONVENIOS` `ic` ON `ic`.`ID_INSTITUCION_CONVENIO` = `dc`.`ID_INSTITUCION_CONVENIO`
JOIN `TAB_TIPOS_CONVENIOS` `tc` ON `tc`.`ID_TIPO_CONVENIO` = `dc`.`ID_TIPO_CONVENIO`
JOIN `TAB_TIPOS_INSTITUCION` `ti` ON `ti`.`ID_TIPO_INSTITUCION` = `ic`.`ID_TIPO_INSTITUCION`
LEFT JOIN `TAB_CARRERAS` `c` ON `c`.`ID_CARRERA` = `dc`.`ID_CARRERA`')
 3 SYSTEMPATH\Database\BaseConnection.php(652): CodeIgniter\Database\BaseConnection->simpleQuery('SELECT `dc`.*, `ic`.`NOMBRE`, `ic`.`RUC`, `ic`.`REPRESENTANTE_LEGAL`, `ic`.`LOGO`, `tc`.`CONVENIO` as `TIPO_CONVENIO`, `ti`.`INSTITUCION` as `TIPO_INSTITUCION`, `c`.`NOMBRE` as `CARRERA_NOMBRE`
FROM `TAB_DETALLES_CONVENIOS` `dc`
JOIN `TAB_INSTITUCIONES_CONVENIOS` `ic` ON `ic`.`ID_INSTITUCION_CONVENIO` = `dc`.`ID_INSTITUCION_CONVENIO`
JOIN `TAB_TIPOS_CONVENIOS` `tc` ON `tc`.`ID_TIPO_CONVENIO` = `dc`.`ID_TIPO_CONVENIO`
JOIN `TAB_TIPOS_INSTITUCION` `ti` ON `ti`.`ID_TIPO_INSTITUCION` = `ic`.`ID_TIPO_INSTITUCION`
LEFT JOIN `TAB_CARRERAS` `c` ON `c`.`ID_CARRERA` = `dc`.`ID_CARRERA`')
 4 SYSTEMPATH\Database\BaseBuilder.php(1649): CodeIgniter\Database\BaseConnection->query('SELECT `dc`.*, `ic`.`NOMBRE`, `ic`.`RUC`, `ic`.`REPRESENTANTE_LEGAL`, `ic`.`LOGO`, `tc`.`CONVENIO` as `TIPO_CONVENIO`, `ti`.`INSTITUCION` as `TIPO_INSTITUCION`, `c`.`NOMBRE` as `CARRERA_NOMBRE`
FROM `TAB_DETALLES_CONVENIOS` `dc`
JOIN `TAB_INSTITUCIONES_CONVENIOS` `ic` ON `ic`.`ID_INSTITUCION_CONVENIO` = `dc`.`ID_INSTITUCION_CONVENIO`
JOIN `TAB_TIPOS_CONVENIOS` `tc` ON `tc`.`ID_TIPO_CONVENIO` = `dc`.`ID_TIPO_CONVENIO`
JOIN `TAB_TIPOS_INSTITUCION` `ti` ON `ti`.`ID_TIPO_INSTITUCION` = `ic`.`ID_TIPO_INSTITUCION`
LEFT JOIN `TAB_CARRERAS` `c` ON `c`.`ID_CARRERA` = `dc`.`ID_CARRERA`', [], false)
 5 APPPATH\Models\DetallesConveniosModel.php(53): CodeIgniter\Database\BaseBuilder->get()
 6 APPPATH\Controllers\admin\ConveniosAdminController.php(30): App\Models\DetallesConveniosModel->getConveniosCompletos()
 7 SYSTEMPATH\CodeIgniter.php(933): App\Controllers\admin\ConveniosAdminController->index()
 8 SYSTEMPATH\CodeIgniter.php(507): CodeIgniter\CodeIgniter->runController(Object(App\Controllers\admin\ConveniosAdminController))
 9 SYSTEMPATH\CodeIgniter.php(354): CodeIgniter\CodeIgniter->handleRequest(null, Object(Config\Cache), false)
10 SYSTEMPATH\Boot.php(334): CodeIgniter\CodeIgniter->run()
11 SYSTEMPATH\Boot.php(67): CodeIgniter\Boot::runCodeIgniter(Object(CodeIgniter\CodeIgniter))
12 FCPATH\index.php(59): CodeIgniter\Boot::bootWeb(Object(Config\Paths))
DEBUG - 2026-03-17 16:40:33 --> Session: Class initialized using 'CodeIgniter\Session\Handlers\FileHandler' driver.
DEBUG - 2026-03-17 16:42:09 --> Session: Class initialized using 'CodeIgniter\Session\Handlers\FileHandler' driver.
DEBUG - 2026-03-17 16:45:03 --> Session: Class initialized using 'CodeIgniter\Session\Handlers\FileHandler' driver.
DEBUG - 2026-03-17 16:45:16 --> Session: Class initialized using 'CodeIgniter\Session\Handlers\FileHandler' driver.
DEBUG - 2026-03-17 16:45:23 --> Session: Class initialized using 'CodeIgniter\Session\Handlers\FileHandler' driver.
DEBUG - 2026-03-17 16:47:06 --> Session: Class initialized using 'CodeIgniter\Session\Handlers\FileHandler' driver.
DEBUG - 2026-03-17 16:47:08 --> Session: Class initialized using 'CodeIgniter\Session\Handlers\FileHandler' driver.
DEBUG - 2026-03-17 16:48:13 --> Session: Class initialized using 'CodeIgniter\Session\Handlers\FileHandler' driver.
DEBUG - 2026-03-17 16:48:15 --> Session: Class initialized using 'CodeIgniter\Session\Handlers\FileHandler' driver.
DEBUG - 2026-03-17 16:48:16 --> Session: Class initialized using 'CodeIgniter\Session\Handlers\FileHandler' driver.
DEBUG - 2026-03-17 16:50:52 --> Session: Class initialized using 'CodeIgniter\Session\Handlers\FileHandler' driver.
DEBUG - 2026-03-17 16:51:08 --> Session: Class initialized using 'CodeIgniter\Session\Handlers\FileHandler' driver.
DEBUG - 2026-03-17 16:56:12 --> Session: Class initialized using 'CodeIgniter\Session\Handlers\FileHandler' driver.
DEBUG - 2026-03-17 16:56:20 --> Session: Class initialized using 'CodeIgniter\Session\Handlers\FileHandler' driver.
DEBUG - 2026-03-17 16:56:21 --> Session: Class initialized using 'CodeIgniter\Session\Handlers\FileHandler' driver.
ERROR - 2026-03-17 16:56:21 --> mysqli_sql_exception: Unknown column 'dsc.ESTADO_REVISION' in 'field list' in C:\xampp\htdocs\ITSI\vendor\codeigniter4\framework\system\Database\MySQLi\Connection.php:327
Stack trace:
#0 C:\xampp\htdocs\ITSI\vendor\codeigniter4\framework\system\Database\MySQLi\Connection.php(327): mysqli->query('SELECT COUNT(*)...', 0)
#1 C:\xampp\htdocs\ITSI\vendor\codeigniter4\framework\system\Database\BaseConnection.php(738): CodeIgniter\Database\MySQLi\Connection->execute('SELECT COUNT(*)...')
#2 C:\xampp\htdocs\ITSI\vendor\codeigniter4\framework\system\Database\BaseConnection.php(652): CodeIgniter\Database\BaseConnection->simpleQuery('SELECT COUNT(*)...')
#3 C:\xampp\htdocs\ITSI\vendor\codeigniter4\framework\system\Database\BaseBuilder.php(1649): CodeIgniter\Database\BaseConnection->query('SELECT COUNT(*)...', Array, false)
#4 C:\xampp\htdocs\ITSI\app\Models\DocumentosServicioComunitarioModel.php(137): CodeIgniter\Database\BaseBuilder->get()
#5 C:\xampp\htdocs\ITSI\app\Controllers\admin\DocumentosAdminController.php(45): App\Models\DocumentosServicioComunitarioModel->getEstadisticasDocumentos()
#6 C:\xampp\htdocs\ITSI\vendor\codeigniter4\framework\system\CodeIgniter.php(933): App\Controllers\admin\DocumentosAdminController->documentosServicioComunitario()
#7 C:\xampp\htdocs\ITSI\vendor\codeigniter4\framework\system\CodeIgniter.php(507): CodeIgniter\CodeIgniter->runController(Object(App\Controllers\admin\DocumentosAdminController))
#8 C:\xampp\htdocs\ITSI\vendor\codeigniter4\framework\system\CodeIgniter.php(354): CodeIgniter\CodeIgniter->handleRequest(NULL, Object(Config\Cache), false)
#9 C:\xampp\htdocs\ITSI\vendor\codeigniter4\framework\system\Boot.php(334): CodeIgniter\CodeIgniter->run()
#10 C:\xampp\htdocs\ITSI\vendor\codeigniter4\framework\system\Boot.php(67): CodeIgniter\Boot::runCodeIgniter(Object(CodeIgniter\CodeIgniter))
#11 C:\xampp\htdocs\ITSI\public\index.php(59): CodeIgniter\Boot::bootWeb(Object(Config\Paths))
#12 {main}
DEBUG - 2026-03-17 16:56:21 --> Consulta SQL: SELECT *
FROM `TAB_DOCUMENTOS_PRACTICAS_PREPROFESIONALES` `dp`
DEBUG - 2026-03-17 16:56:21 --> Resultados obtenidos: 9
DEBUG - 2026-03-17 16:56:21 --> Tipos de documentos en index: [{"ID_TIPO_DOCUMENTO_PREPROFESIONAL":"1","CODIGO":"PPR-001","NOMBRE":"Oficio de Asignaci\u00f3n de Tutor","DESCRIPCION":"Documento oficial emitido por la coordinaci\u00f3n de la carrera que designa al docente responsable de la tutor\u00eda y seguimiento de las pr\u00e1cticas de servicio comunitario del estudiante.","ORDEN":"1","OBLIGATORIO":"1","ACTIVO":"1","FECHA_CREACION":"2025-09-04 06:59:17","FECHA_ACTUALIZACION":"2025-09-04 06:59:17"},{"ID_TIPO_DOCUMENTO_PREPROFESIONAL":"2","CODIGO":"PPR-002","NOMBRE":"Oficio a Entidad Receptora","DESCRIPCION":"Carta formal enviada por el estudiante a la instituci\u00f3n \"Instituto Tecnol\u00f3gico Superior Ibarra\", con el prop\u00f3sito de solicitar la oportunidad de realizar sus pr\u00e1cticas de servicio comunitario.","ORDEN":"2","OBLIGATORIO":"1","ACTIVO":"1","FECHA_CREACION":"2025-09-04 06:59:17","FECHA_ACTUALIZACION":"2025-09-04 06:59:17"},{"ID_TIPO_DOCUMENTO_PREPROFESIONAL":"3","CODIGO":"PPR-003","NOMBRE":"Carta de Aceptaci\u00f3n","DESCRIPCION":"Carta oficial de la entidad receptora \"Instituto Tecnol\u00f3gico Superior Ibarra\" que confirma la aceptaci\u00f3n del o los estudiantes para realizar las pr\u00e1cticas de servicio comunitario en sus instalaciones.","ORDEN":"3","OBLIGATORIO":"1","ACTIVO":"1","FECHA_CREACION":"2025-09-04 06:59:17","FECHA_ACTUALIZACION":"2025-09-04 06:59:17"},{"ID_TIPO_DOCUMENTO_PREPROFESIONAL":"4","CODIGO":"PPR-004","NOMBRE":"Solicitud Institucional Valorada","DESCRIPCION":"Documento de solicitud formal dirigido al Sr. Rector, Dr. Mario Montenegro, pidiendo la aprobaci\u00f3n institucional para la realizaci\u00f3n de las pr\u00e1cticas de servicio comunitario.","ORDEN":"4","OBLIGATORIO":"1","ACTIVO":"1","FECHA_CREACION":"2025-09-04 06:59:17","FECHA_ACTUALIZACION":"2025-09-04 06:59:17"},{"ID_TIPO_DOCUMENTO_PREPROFESIONAL":"5","CODIGO":"PPR-005","NOMBRE":"Certificado de Culminaci\u00f3n de Horas","DESCRIPCION":"Certificado emitido por la entidad receptora \"Instituto Tecnol\u00f3gico Superior Ibarra\" que acredita que el estudiante ha completado las 60 horas requeridas de pr\u00e1cticas de servicio comunitario.","ORDEN":"5","OBLIGATORIO":"1","ACTIVO":"1","FECHA_CREACION":"2025-09-04 06:59:17","FECHA_ACTUALIZACION":"2025-09-04 06:59:17"},{"ID_TIPO_DOCUMENTO_PREPROFESIONAL":"6","CODIGO":"PPR-006","NOMBRE":"Hojas de Asistencia","DESCRIPCION":"Registro f\u00edsico de la asistencia del estudiante en la entidad receptora. Incluye las firmas y sellos para validar las horas de trabajo.","ORDEN":"6","OBLIGATORIO":"1","ACTIVO":"1","FECHA_CREACION":"2025-09-04 06:59:17","FECHA_ACTUALIZACION":"2025-09-04 06:59:17"},{"ID_TIPO_DOCUMENTO_PREPROFESIONAL":"7","CODIGO":"PPR-007","NOMBRE":"Ficha de Registro de Actividades","DESCRIPCION":"Documento detallado en el que el estudiante registra las actividades espec\u00edficas realizadas durante sus pr\u00e1cticas, incluyendo fechas y descripciones.","ORDEN":"7","OBLIGATORIO":"1","ACTIVO":"1","FECHA_CREACION":"2025-09-04 06:59:17","FECHA_ACTUALIZACION":"2025-09-04 06:59:17"},{"ID_TIPO_DOCUMENTO_PREPROFESIONAL":"8","CODIGO":"PPR-008","NOMBRE":"R\u00fabrica de Evaluaci\u00f3n de Entidad","DESCRIPCION":"Formulario de evaluaci\u00f3n del desempe\u00f1o del estudiante, llenado y sellado por la entidad receptora. Valora aspectos como la responsabilidad, la proactividad y la calidad del trabajo.","ORDEN":"8","OBLIGATORIO":"1","ACTIVO":"1","FECHA_CREACION":"2025-09-04 06:59:17","FECHA_ACTUALIZACION":"2025-09-04 06:59:17"},{"ID_TIPO_DOCUMENTO_PREPROFESIONAL":"9","CODIGO":"PPR-009","NOMBRE":"Ficha de Control y Seguimiento Docente","DESCRIPCION":"Documento utilizado por el tutor docente para registrar el seguimiento acad\u00e9mico del estudiante durante las pr\u00e1cticas. Incluye visitas o revisiones peri\u00f3dicas.","ORDEN":"9","OBLIGATORIO":"1","ACTIVO":"1","FECHA_CREACION":"2025-09-04 06:59:17","FECHA_ACTUALIZACION":"2025-09-04 06:59:17"},{"ID_TIPO_DOCUMENTO_PREPROFESIONAL":"10","CODIGO":"PPR-010","NOMBRE":"R\u00fabrica de Evaluaci\u00f3n Docente","DESCRIPCION":"R\u00fabrica de evaluaci\u00f3n llenada y firmada por el tutor docente. Califica el desempe\u00f1o del estudiante en base a los criterios acad\u00e9micos del programa.","ORDEN":"10","OBLIGATORIO":"1","ACTIVO":"1","FECHA_CREACION":"2025-09-04 06:59:17","FECHA_ACTUALIZACION":"2025-09-04 06:59:17"},{"ID_TIPO_DOCUMENTO_PREPROFESIONAL":"11","CODIGO":"PPR-011","NOMBRE":"R\u00fabrica de Evaluaci\u00f3n de Resultados","DESCRIPCION":"Evaluaci\u00f3n final realizada por el Departamento de Vinculaci\u00f3n con la Sociedad, que valora los resultados y el impacto del proyecto de servicio comunitario en su conjunto.","ORDEN":"11","OBLIGATORIO":"1","ACTIVO":"1","FECHA_CREACION":"2025-09-04 06:59:17","FECHA_ACTUALIZACION":"2025-09-04 06:59:17"},{"ID_TIPO_DOCUMENTO_PREPROFESIONAL":"12","CODIGO":"PPR-012","NOMBRE":"Evidencia Fotogr\u00e1fica y Digital","DESCRIPCION":"Material de apoyo visual y digital, como fotos, capturas, videos o impresiones, que documenta y comprueba la realizaci\u00f3n de las actividades y trabajos del proyecto.","ORDEN":"12","OBLIGATORIO":"1","ACTIVO":"1","FECHA_CREACION":"2025-09-04 06:59:17","FECHA_ACTUALIZACION":"2025-09-04 06:59:17"}]
DEBUG - 2026-03-17 16:56:21 --> Session: Class initialized using 'CodeIgniter\Session\Handlers\FileHandler' driver.
DEBUG - 2026-03-17 16:56:22 --> Consulta SQL: SELECT *
FROM `TAB_DOCUMENTOS_PRACTICAS_PREPROFESIONALES` `dp`
DEBUG - 2026-03-17 16:56:22 --> Resultados obtenidos: 9
DEBUG - 2026-03-17 16:56:22 --> Documentos obtenidos: [{"ID_DOCUMENTO_PREPROFESIONAL":"17","ID_PRACTICA_PREPROFESIONAL":"2","ID_TIPO_DOCUMENTO":"9","ID_ESTADO_REVISION":"4","NOMBRE_ARCHIVO":"ficha_control_seguimiento_002_20250920.pdf","NOMBRE_ORIGINAL":"Ficha Control Seguimiento - Mar\u00eda.pdf","TIPO_ARCHIVO":"application\/pdf","TAMANO_ARCHIVO":"112233","RUTA_ARCHIVO":"\/uploads\/documentos-practicas\/","FECHA_SUBIDA":"2025-09-20 10:15:00","FECHA_REVISION":"2025-09-20 12:45:00","ID_REVISOR":"18","OBSERVACIONES":"Ficha de control y seguimiento docente","OBSERVACIONES_REVISOR":"Faltan las firmas del tutor docente, documento inv\u00e1lido","VERSION":"1","ACTIVO":"1","FECHA_CREACION":"2025-09-04 06:59:17","FECHA_ACTUALIZACION":"2025-09-04 06:59:17","ID_TIPO_DOCUMENTO_PREPROFESIONAL":"9","TIPO_DOCUMENTO_CODIGO":"PPR-009","TIPO_DOCUMENTO_NOMBRE":"Ficha de Control y Seguimiento Docente","TIPO_DOCUMENTO_DESCRIPCION":"Documento utilizado por el tutor docente para registrar el seguimiento acad\u00e9mico del estudiante durante las pr\u00e1cticas. Incluye visitas o revisiones peri\u00f3dicas.","TIPO_DOCUMENTO_ORDEN":"9","TIPO_DOCUMENTO_OBLIGATORIO":"1","ESTADO_REVISION":"Rechazado","ID_ESTUDIANTE":"2","ENTIDAD_RECEPTORA":"Banco del Pac\u00edfico","ESTUDIANTE_NOMBRE":"Mar\u00eda Elena Garc\u00eda Torres","NOMBRE_ESTUDIANTE":"Mar\u00eda Elena","APELLIDO_ESTUDIANTE":"Garc\u00eda Torres","CEDULA_ESTUDIANTE":"1002345678"},{"ID_DOCUMENTO_PREPROFESIONAL":"15","ID_PRACTICA_PREPROFESIONAL":"2","ID_TIPO_DOCUMENTO":"7","ID_ESTADO_REVISION":"5","NOMBRE_ARCHIVO":"ficha_registro_actividades_002_20250915.pdf","NOMBRE_ORIGINAL":"Ficha Registro Actividades - Mar\u00eda.pdf","TIPO_ARCHIVO":"application\/pdf","TAMANO_ARCHIVO":"98765","RUTA_ARCHIVO":"\/uploads\/documentos-practicas\/","FECHA_SUBIDA":"2025-09-15 11:30:00","FECHA_REVISION":"2025-09-15 14:20:00","ID_REVISOR":"18","OBSERVACIONES":"Ficha de registro de actividades","OBSERVACIONES_REVISOR":"Descripci\u00f3n de actividades muy general, especificar m\u00e1s detalles","VERSION":"1","ACTIVO":"1","FECHA_CREACION":"2025-09-04 06:59:17","FECHA_ACTUALIZACION":"2025-09-04 06:59:17","ID_TIPO_DOCUMENTO_PREPROFESIONAL":"7","TIPO_DOCUMENTO_CODIGO":"PPR-007","TIPO_DOCUMENTO_NOMBRE":"Ficha de Registro de Actividades","TIPO_DOCUMENTO_DESCRIPCION":"Documento detallado en el que el estudiante registra las actividades espec\u00edficas realizadas durante sus pr\u00e1cticas, incluyendo fechas y descripciones.","TIPO_DOCUMENTO_ORDEN":"7","TIPO_DOCUMENTO_OBLIGATORIO":"1","ESTADO_REVISION":"Requiere Correcci\u00f3n","ID_ESTUDIANTE":"2","ENTIDAD_RECEPTORA":"Banco del Pac\u00edfico","ESTUDIANTE_NOMBRE":"Mar\u00eda Elena Garc\u00eda Torres","NOMBRE_ESTUDIANTE":"Mar\u00eda Elena","APELLIDO_ESTUDIANTE":"Garc\u00eda Torres","CEDULA_ESTUDIANTE":"1002345678"},{"ID_DOCUMENTO_PREPROFESIONAL":"14","ID_PRACTICA_PREPROFESIONAL":"1","ID_TIPO_DOCUMENTO":"6","ID_ESTADO_REVISION":"5","NOMBRE_ARCHIVO":"hojas_asistencia_001_20250830.pdf","NOMBRE_ORIGINAL":"Hojas de Asistencia - Juan Carlos.pdf","TIPO_ARCHIVO":"application\/pdf","TAMANO_ARCHIVO":"123456","RUTA_ARCHIVO":"\/uploads\/documentos-practicas\/","FECHA_SUBIDA":"2025-08-30 16:15:00","FECHA_REVISION":"2025-08-30 17:45:00","ID_REVISOR":"17","OBSERVACIONES":"Hojas de asistencia completas","OBSERVACIONES_REVISOR":"Faltan firmas en algunas fechas, corregir y volver a subir","VERSION":"1","ACTIVO":"1","FECHA_CREACION":"2025-09-04 06:59:17","FECHA_ACTUALIZACION":"2025-09-04 06:59:17","ID_TIPO_DOCUMENTO_PREPROFESIONAL":"6","TIPO_DOCUMENTO_CODIGO":"PPR-006","TIPO_DOCUMENTO_NOMBRE":"Hojas de Asistencia","TIPO_DOCUMENTO_DESCRIPCION":"Registro f\u00edsico de la asistencia del estudiante en la entidad receptora. Incluye las firmas y sellos para validar las horas de trabajo.","TIPO_DOCUMENTO_ORDEN":"6","TIPO_DOCUMENTO_OBLIGATORIO":"1","ESTADO_REVISION":"Requiere Correcci\u00f3n","ID_ESTUDIANTE":"1","ENTIDAD_RECEPTORA":"Hospital San Vicente de Pa\u00fal","ESTUDIANTE_NOMBRE":"Juan Carlos P\u00e9rez L\u00f3pez","NOMBRE_ESTUDIANTE":"Juan Carlos","APELLIDO_ESTUDIANTE":"P\u00e9rez L\u00f3pez","CEDULA_ESTUDIANTE":"1001234567"},{"ID_DOCUMENTO_PREPROFESIONAL":"16","ID_PRACTICA_PREPROFESIONAL":"1","ID_TIPO_DOCUMENTO":"8","ID_ESTADO_REVISION":"4","NOMBRE_ARCHIVO":"rubrica_evaluacion_entidad_001_20250825.pdf","NOMBRE_ORIGINAL":"R\u00fabrica Evaluaci\u00f3n Entidad - Juan.pdf","TIPO_ARCHIVO":"application\/pdf","TAMANO_ARCHIVO":"87654","RUTA_ARCHIVO":"\/uploads\/documentos-practicas\/","FECHA_SUBIDA":"2025-08-25 15:00:00","FECHA_REVISION":"2025-08-25 16:30:00","ID_REVISOR":"17","OBSERVACIONES":"R\u00fabrica de evaluaci\u00f3n de entidad","OBSERVACIONES_REVISOR":"Documento no tiene sello oficial de la entidad, rechazado","VERSION":"1","ACTIVO":"1","FECHA_CREACION":"2025-09-04 06:59:17","FECHA_ACTUALIZACION":"2025-09-04 06:59:17","ID_TIPO_DOCUMENTO_PREPROFESIONAL":"8","TIPO_DOCUMENTO_CODIGO":"PPR-008","TIPO_DOCUMENTO_NOMBRE":"R\u00fabrica de Evaluaci\u00f3n de Entidad","TIPO_DOCUMENTO_DESCRIPCION":"Formulario de evaluaci\u00f3n del desempe\u00f1o del estudiante, llenado y sellado por la entidad receptora. Valora aspectos como la responsabilidad, la proactividad y la calidad del trabajo.","TIPO_DOCUMENTO_ORDEN":"8","TIPO_DOCUMENTO_OBLIGATORIO":"1","ESTADO_REVISION":"Rechazado","ID_ESTUDIANTE":"1","ENTIDAD_RECEPTORA":"Hospital San Vicente de Pa\u00fal","ESTUDIANTE_NOMBRE":"Juan Carlos P\u00e9rez L\u00f3pez","NOMBRE_ESTUDIANTE":"Juan Carlos","APELLIDO_ESTUDIANTE":"P\u00e9rez L\u00f3pez","CEDULA_ESTUDIANTE":"1001234567"},{"ID_DOCUMENTO_PREPROFESIONAL":"5","ID_PRACTICA_PREPROFESIONAL":"2","ID_TIPO_DOCUMENTO":"2","ID_ESTADO_REVISION":"3","NOMBRE_ARCHIVO":"oficio_entidad_receptora_002_20250702.pdf","NOMBRE_ORIGINAL":"Oficio Entidad Receptora - Banco.pdf","TIPO_ARCHIVO":"application\/pdf","TAMANO_ARCHIVO":"178944","RUTA_ARCHIVO":"\/uploads\/documentos-practicas\/","FECHA_SUBIDA":"2025-07-02 15:45:00","FECHA_REVISION":"2025-07-02 17:20:00","ID_REVISOR":"18","OBSERVACIONES":"Oficio enviado a la entidad receptora","OBSERVACIONES_REVISOR":"Oficio formal y bien estructurado","VERSION":"1","ACTIVO":"1","FECHA_CREACION":"2025-09-04 06:59:17","FECHA_ACTUALIZACION":"2025-09-04 06:59:17","ID_TIPO_DOCUMENTO_PREPROFESIONAL":"2","TIPO_DOCUMENTO_CODIGO":"PPR-002","TIPO_DOCUMENTO_NOMBRE":"Oficio a Entidad Receptora","TIPO_DOCUMENTO_DESCRIPCION":"Carta formal enviada por el estudiante a la instituci\u00f3n \"Instituto Tecnol\u00f3gico Superior Ibarra\", con el prop\u00f3sito de solicitar la oportunidad de realizar sus pr\u00e1cticas de servicio comunitario.","TIPO_DOCUMENTO_ORDEN":"2","TIPO_DOCUMENTO_OBLIGATORIO":"1","ESTADO_REVISION":"Aprobado","ID_ESTUDIANTE":"2","ENTIDAD_RECEPTORA":"Banco del Pac\u00edfico","ESTUDIANTE_NOMBRE":"Mar\u00eda Elena Garc\u00eda Torres","NOMBRE_ESTUDIANTE":"Mar\u00eda Elena","APELLIDO_ESTUDIANTE":"Garc\u00eda Torres","CEDULA_ESTUDIANTE":"1002345678"},{"ID_DOCUMENTO_PREPROFESIONAL":"4","ID_PRACTICA_PREPROFESIONAL":"2","ID_TIPO_DOCUMENTO":"1","ID_ESTADO_REVISION":"3","NOMBRE_ARCHIVO":"oficio_asignacion_tutor_002_20250701.pdf","NOMBRE_ORIGINAL":"Oficio Asignaci\u00f3n Tutor - Mar\u00eda Elena.pdf","TIPO_ARCHIVO":"application\/pdf","TAMANO_ARCHIVO":"234880","RUTA_ARCHIVO":"\/uploads\/documentos-practicas\/","FECHA_SUBIDA":"2025-07-01 11:00:00","FECHA_REVISION":"2025-07-01 13:15:00","ID_REVISOR":"18","OBSERVACIONES":"Documento oficial de asignaci\u00f3n","OBSERVACIONES_REVISOR":"Asignaci\u00f3n correcta del tutor","VERSION":"1","ACTIVO":"1","FECHA_CREACION":"2025-09-04 06:59:17","FECHA_ACTUALIZACION":"2025-09-04 06:59:17","ID_TIPO_DOCUMENTO_PREPROFESIONAL":"1","TIPO_DOCUMENTO_CODIGO":"PPR-001","TIPO_DOCUMENTO_NOMBRE":"Oficio de Asignaci\u00f3n de Tutor","TIPO_DOCUMENTO_DESCRIPCION":"Documento oficial emitido por la coordinaci\u00f3n de la carrera que designa al docente responsable de la tutor\u00eda y seguimiento de las pr\u00e1cticas de servicio comunitario del estudiante.","TIPO_DOCUMENTO_ORDEN":"1","TIPO_DOCUMENTO_OBLIGATORIO":"1","ESTADO_REVISION":"Aprobado","ID_ESTUDIANTE":"2","ENTIDAD_RECEPTORA":"Banco del Pac\u00edfico","ESTUDIANTE_NOMBRE":"Mar\u00eda Elena Garc\u00eda Torres","NOMBRE_ESTUDIANTE":"Mar\u00eda Elena","APELLIDO_ESTUDIANTE":"Garc\u00eda Torres","CEDULA_ESTUDIANTE":"1002345678"},{"ID_DOCUMENTO_PREPROFESIONAL":"3","ID_PRACTICA_PREPROFESIONAL":"1","ID_TIPO_DOCUMENTO":"3","ID_ESTADO_REVISION":"3","NOMBRE_ARCHIVO":"carta_aceptacion_001_20250603.pdf","NOMBRE_ORIGINAL":"Carta Aceptaci\u00f3n - Hospital.pdf","TIPO_ARCHIVO":"application\/pdf","TAMANO_ARCHIVO":"156672","RUTA_ARCHIVO":"\/uploads\/documentos-practicas\/","FECHA_SUBIDA":"2025-06-03 09:15:00","FECHA_REVISION":"2025-06-03 11:20:00","ID_REVISOR":"17","OBSERVACIONES":"Carta de aceptaci\u00f3n de la entidad","OBSERVACIONES_REVISOR":"Carta oficial con sello institucional","VERSION":"1","ACTIVO":"1","FECHA_CREACION":"2025-09-04 06:59:17","FECHA_ACTUALIZACION":"2025-09-04 06:59:17","ID_TIPO_DOCUMENTO_PREPROFESIONAL":"3","TIPO_DOCUMENTO_CODIGO":"PPR-003","TIPO_DOCUMENTO_NOMBRE":"Carta de Aceptaci\u00f3n","TIPO_DOCUMENTO_DESCRIPCION":"Carta oficial de la entidad receptora \"Instituto Tecnol\u00f3gico Superior Ibarra\" que confirma la aceptaci\u00f3n del o los estudiantes para realizar las pr\u00e1cticas de servicio comunitario en sus instalaciones.","TIPO_DOCUMENTO_ORDEN":"3","TIPO_DOCUMENTO_OBLIGATORIO":"1","ESTADO_REVISION":"Aprobado","ID_ESTUDIANTE":"1","ENTIDAD_RECEPTORA":"Hospital San Vicente de Pa\u00fal","ESTUDIANTE_NOMBRE":"Juan Carlos P\u00e9rez L\u00f3pez","NOMBRE_ESTUDIANTE":"Juan Carlos","APELLIDO_ESTUDIANTE":"P\u00e9rez L\u00f3pez","CEDULA_ESTUDIANTE":"1001234567"},{"ID_DOCUMENTO_PREPROFESIONAL":"2","ID_PRACTICA_PREPROFESIONAL":"1","ID_TIPO_DOCUMENTO":"2","ID_ESTADO_REVISION":"3","NOMBRE_ARCHIVO":"oficio_entidad_receptora_001_20250602.pdf","NOMBRE_ORIGINAL":"Oficio Entidad Receptora - Hospital.pdf","TIPO_ARCHIVO":"application\/pdf","TAMANO_ARCHIVO":"189440","RUTA_ARCHIVO":"\/uploads\/documentos-practicas\/","FECHA_SUBIDA":"2025-06-02 14:30:00","FECHA_REVISION":"2025-06-02 16:45:00","ID_REVISOR":"17","OBSERVACIONES":"Oficio enviado a la entidad receptora","OBSERVACIONES_REVISOR":"Oficio bien redactado y formal","VERSION":"1","ACTIVO":"1","FECHA_CREACION":"2025-09-04 06:59:17","FECHA_ACTUALIZACION":"2025-09-04 06:59:17","ID_TIPO_DOCUMENTO_PREPROFESIONAL":"2","TIPO_DOCUMENTO_CODIGO":"PPR-002","TIPO_DOCUMENTO_NOMBRE":"Oficio a Entidad Receptora","TIPO_DOCUMENTO_DESCRIPCION":"Carta formal enviada por el estudiante a la instituci\u00f3n \"Instituto Tecnol\u00f3gico Superior Ibarra\", con el prop\u00f3sito de solicitar la oportunidad de realizar sus pr\u00e1cticas de servicio comunitario.","TIPO_DOCUMENTO_ORDEN":"2","TIPO_DOCUMENTO_OBLIGATORIO":"1","ESTADO_REVISION":"Aprobado","ID_ESTUDIANTE":"1","ENTIDAD_RECEPTORA":"Hospital San Vicente de Pa\u00fal","ESTUDIANTE_NOMBRE":"Juan Carlos P\u00e9rez L\u00f3pez","NOMBRE_ESTUDIANTE":"Juan Carlos","APELLIDO_ESTUDIANTE":"P\u00e9rez L\u00f3pez","CEDULA_ESTUDIANTE":"1001234567"},{"ID_DOCUMENTO_PREPROFESIONAL":"1","ID_PRACTICA_PREPROFESIONAL":"1","ID_TIPO_DOCUMENTO":"1","ID_ESTADO_REVISION":"3","NOMBRE_ARCHIVO":"oficio_asignacion_tutor_001_20250601.pdf","NOMBRE_ORIGINAL":"Oficio Asignaci\u00f3n Tutor - Juan Carlos.pdf","TIPO_ARCHIVO":"application\/pdf","TAMANO_ARCHIVO":"245760","RUTA_ARCHIVO":"\/uploads\/documentos-practicas\/","FECHA_SUBIDA":"2025-06-01 10:00:00","FECHA_REVISION":"2025-06-01 14:30:00","ID_REVISOR":"17","OBSERVACIONES":"Documento oficial de asignaci\u00f3n","OBSERVACIONES_REVISOR":"Documento aprobado correctamente","VERSION":"1","ACTIVO":"1","FECHA_CREACION":"2025-09-04 06:59:17","FECHA_ACTUALIZACION":"2025-09-04 06:59:17","ID_TIPO_DOCUMENTO_PREPROFESIONAL":"1","TIPO_DOCUMENTO_CODIGO":"PPR-001","TIPO_DOCUMENTO_NOMBRE":"Oficio de Asignaci\u00f3n de Tutor","TIPO_DOCUMENTO_DESCRIPCION":"Documento oficial emitido por la coordinaci\u00f3n de la carrera que designa al docente responsable de la tutor\u00eda y seguimiento de las pr\u00e1cticas de servicio comunitario del estudiante.","TIPO_DOCUMENTO_ORDEN":"1","TIPO_DOCUMENTO_OBLIGATORIO":"1","ESTADO_REVISION":"Aprobado","ID_ESTUDIANTE":"1","ENTIDAD_RECEPTORA":"Hospital San Vicente de Pa\u00fal","ESTUDIANTE_NOMBRE":"Juan Carlos P\u00e9rez L\u00f3pez","NOMBRE_ESTUDIANTE":"Juan Carlos","APELLIDO_ESTUDIANTE":"P\u00e9rez L\u00f3pez","CEDULA_ESTUDIANTE":"1001234567"}]
DEBUG - 2026-03-17 16:56:22 --> Session: Class initialized using 'CodeIgniter\Session\Handlers\FileHandler' driver.
DEBUG - 2026-03-17 16:56:24 --> Consulta SQL: SELECT *
FROM `TAB_DOCUMENTOS_PRACTICAS_PREPROFESIONALES` `dp`
DEBUG - 2026-03-17 16:56:24 --> Resultados obtenidos: 9
DEBUG - 2026-03-17 16:56:24 --> Tipos de documentos en index: [{"ID_TIPO_DOCUMENTO_PREPROFESIONAL":"1","CODIGO":"PPR-001","NOMBRE":"Oficio de Asignaci\u00f3n de Tutor","DESCRIPCION":"Documento oficial emitido por la coordinaci\u00f3n de la carrera que designa al docente responsable de la tutor\u00eda y seguimiento de las pr\u00e1cticas de servicio comunitario del estudiante.","ORDEN":"1","OBLIGATORIO":"1","ACTIVO":"1","FECHA_CREACION":"2025-09-04 06:59:17","FECHA_ACTUALIZACION":"2025-09-04 06:59:17"},{"ID_TIPO_DOCUMENTO_PREPROFESIONAL":"2","CODIGO":"PPR-002","NOMBRE":"Oficio a Entidad Receptora","DESCRIPCION":"Carta formal enviada por el estudiante a la instituci\u00f3n \"Instituto Tecnol\u00f3gico Superior Ibarra\", con el prop\u00f3sito de solicitar la oportunidad de realizar sus pr\u00e1cticas de servicio comunitario.","ORDEN":"2","OBLIGATORIO":"1","ACTIVO":"1","FECHA_CREACION":"2025-09-04 06:59:17","FECHA_ACTUALIZACION":"2025-09-04 06:59:17"},{"ID_TIPO_DOCUMENTO_PREPROFESIONAL":"3","CODIGO":"PPR-003","NOMBRE":"Carta de Aceptaci\u00f3n","DESCRIPCION":"Carta oficial de la entidad receptora \"Instituto Tecnol\u00f3gico Superior Ibarra\" que confirma la aceptaci\u00f3n del o los estudiantes para realizar las pr\u00e1cticas de servicio comunitario en sus instalaciones.","ORDEN":"3","OBLIGATORIO":"1","ACTIVO":"1","FECHA_CREACION":"2025-09-04 06:59:17","FECHA_ACTUALIZACION":"2025-09-04 06:59:17"},{"ID_TIPO_DOCUMENTO_PREPROFESIONAL":"4","CODIGO":"PPR-004","NOMBRE":"Solicitud Institucional Valorada","DESCRIPCION":"Documento de solicitud formal dirigido al Sr. Rector, Dr. Mario Montenegro, pidiendo la aprobaci\u00f3n institucional para la realizaci\u00f3n de las pr\u00e1cticas de servicio comunitario.","ORDEN":"4","OBLIGATORIO":"1","ACTIVO":"1","FECHA_CREACION":"2025-09-04 06:59:17","FECHA_ACTUALIZACION":"2025-09-04 06:59:17"},{"ID_TIPO_DOCUMENTO_PREPROFESIONAL":"5","CODIGO":"PPR-005","NOMBRE":"Certificado de Culminaci\u00f3n de Horas","DESCRIPCION":"Certificado emitido por la entidad receptora \"Instituto Tecnol\u00f3gico Superior Ibarra\" que acredita que el estudiante ha completado las 60 horas requeridas de pr\u00e1cticas de servicio comunitario.","ORDEN":"5","OBLIGATORIO":"1","ACTIVO":"1","FECHA_CREACION":"2025-09-04 06:59:17","FECHA_ACTUALIZACION":"2025-09-04 06:59:17"},{"ID_TIPO_DOCUMENTO_PREPROFESIONAL":"6","CODIGO":"PPR-006","NOMBRE":"Hojas de Asistencia","DESCRIPCION":"Registro f\u00edsico de la asistencia del estudiante en la entidad receptora. Incluye las firmas y sellos para validar las horas de trabajo.","ORDEN":"6","OBLIGATORIO":"1","ACTIVO":"1","FECHA_CREACION":"2025-09-04 06:59:17","FECHA_ACTUALIZACION":"2025-09-04 06:59:17"},{"ID_TIPO_DOCUMENTO_PREPROFESIONAL":"7","CODIGO":"PPR-007","NOMBRE":"Ficha de Registro de Actividades","DESCRIPCION":"Documento detallado en el que el estudiante registra las actividades espec\u00edficas realizadas durante sus pr\u00e1cticas, incluyendo fechas y descripciones.","ORDEN":"7","OBLIGATORIO":"1","ACTIVO":"1","FECHA_CREACION":"2025-09-04 06:59:17","FECHA_ACTUALIZACION":"2025-09-04 06:59:17"},{"ID_TIPO_DOCUMENTO_PREPROFESIONAL":"8","CODIGO":"PPR-008","NOMBRE":"R\u00fabrica de Evaluaci\u00f3n de Entidad","DESCRIPCION":"Formulario de evaluaci\u00f3n del desempe\u00f1o del estudiante, llenado y sellado por la entidad receptora. Valora aspectos como la responsabilidad, la proactividad y la calidad del trabajo.","ORDEN":"8","OBLIGATORIO":"1","ACTIVO":"1","FECHA_CREACION":"2025-09-04 06:59:17","FECHA_ACTUALIZACION":"2025-09-04 06:59:17"},{"ID_TIPO_DOCUMENTO_PREPROFESIONAL":"9","CODIGO":"PPR-009","NOMBRE":"Ficha de Control y Seguimiento Docente","DESCRIPCION":"Documento utilizado por el tutor docente para registrar el seguimiento acad\u00e9mico del estudiante durante las pr\u00e1cticas. Incluye visitas o revisiones peri\u00f3dicas.","ORDEN":"9","OBLIGATORIO":"1","ACTIVO":"1","FECHA_CREACION":"2025-09-04 06:59:17","FECHA_ACTUALIZACION":"2025-09-04 06:59:17"},{"ID_TIPO_DOCUMENTO_PREPROFESIONAL":"10","CODIGO":"PPR-010","NOMBRE":"R\u00fabrica de Evaluaci\u00f3n Docente","DESCRIPCION":"R\u00fabrica de evaluaci\u00f3n llenada y firmada por el tutor docente. Califica el desempe\u00f1o del estudiante en base a los criterios acad\u00e9micos del programa.","ORDEN":"10","OBLIGATORIO":"1","ACTIVO":"1","FECHA_CREACION":"2025-09-04 06:59:17","FECHA_ACTUALIZACION":"2025-09-04 06:59:17"},{"ID_TIPO_DOCUMENTO_PREPROFESIONAL":"11","CODIGO":"PPR-011","NOMBRE":"R\u00fabrica de Evaluaci\u00f3n de Resultados","DESCRIPCION":"Evaluaci\u00f3n final realizada por el Departamento de Vinculaci\u00f3n con la Sociedad, que valora los resultados y el impacto del proyecto de servicio comunitario en su conjunto.","ORDEN":"11","OBLIGATORIO":"1","ACTIVO":"1","FECHA_CREACION":"2025-09-04 06:59:17","FECHA_ACTUALIZACION":"2025-09-04 06:59:17"},{"ID_TIPO_DOCUMENTO_PREPROFESIONAL":"12","CODIGO":"PPR-012","NOMBRE":"Evidencia Fotogr\u00e1fica y Digital","DESCRIPCION":"Material de apoyo visual y digital, como fotos, capturas, videos o impresiones, que documenta y comprueba la realizaci\u00f3n de las actividades y trabajos del proyecto.","ORDEN":"12","OBLIGATORIO":"1","ACTIVO":"1","FECHA_CREACION":"2025-09-04 06:59:17","FECHA_ACTUALIZACION":"2025-09-04 06:59:17"}]
DEBUG - 2026-03-17 16:56:24 --> Session: Class initialized using 'CodeIgniter\Session\Handlers\FileHandler' driver.
DEBUG - 2026-03-17 16:56:24 --> Consulta SQL: SELECT *
FROM `TAB_DOCUMENTOS_PRACTICAS_PREPROFESIONALES` `dp`
DEBUG - 2026-03-17 16:56:24 --> Resultados obtenidos: 9
DEBUG - 2026-03-17 16:56:24 --> Documentos obtenidos: [{"ID_DOCUMENTO_PREPROFESIONAL":"17","ID_PRACTICA_PREPROFESIONAL":"2","ID_TIPO_DOCUMENTO":"9","ID_ESTADO_REVISION":"4","NOMBRE_ARCHIVO":"ficha_control_seguimiento_002_20250920.pdf","NOMBRE_ORIGINAL":"Ficha Control Seguimiento - Mar\u00eda.pdf","TIPO_ARCHIVO":"application\/pdf","TAMANO_ARCHIVO":"112233","RUTA_ARCHIVO":"\/uploads\/documentos-practicas\/","FECHA_SUBIDA":"2025-09-20 10:15:00","FECHA_REVISION":"2025-09-20 12:45:00","ID_REVISOR":"18","OBSERVACIONES":"Ficha de control y seguimiento docente","OBSERVACIONES_REVISOR":"Faltan las firmas del tutor docente, documento inv\u00e1lido","VERSION":"1","ACTIVO":"1","FECHA_CREACION":"2025-09-04 06:59:17","FECHA_ACTUALIZACION":"2025-09-04 06:59:17","ID_TIPO_DOCUMENTO_PREPROFESIONAL":"9","TIPO_DOCUMENTO_CODIGO":"PPR-009","TIPO_DOCUMENTO_NOMBRE":"Ficha de Control y Seguimiento Docente","TIPO_DOCUMENTO_DESCRIPCION":"Documento utilizado por el tutor docente para registrar el seguimiento acad\u00e9mico del estudiante durante las pr\u00e1cticas. Incluye visitas o revisiones peri\u00f3dicas.","TIPO_DOCUMENTO_ORDEN":"9","TIPO_DOCUMENTO_OBLIGATORIO":"1","ESTADO_REVISION":"Rechazado","ID_ESTUDIANTE":"2","ENTIDAD_RECEPTORA":"Banco del Pac\u00edfico","ESTUDIANTE_NOMBRE":"Mar\u00eda Elena Garc\u00eda Torres","NOMBRE_ESTUDIANTE":"Mar\u00eda Elena","APELLIDO_ESTUDIANTE":"Garc\u00eda Torres","CEDULA_ESTUDIANTE":"1002345678"},{"ID_DOCUMENTO_PREPROFESIONAL":"15","ID_PRACTICA_PREPROFESIONAL":"2","ID_TIPO_DOCUMENTO":"7","ID_ESTADO_REVISION":"5","NOMBRE_ARCHIVO":"ficha_registro_actividades_002_20250915.pdf","NOMBRE_ORIGINAL":"Ficha Registro Actividades - Mar\u00eda.pdf","TIPO_ARCHIVO":"application\/pdf","TAMANO_ARCHIVO":"98765","RUTA_ARCHIVO":"\/uploads\/documentos-practicas\/","FECHA_SUBIDA":"2025-09-15 11:30:00","FECHA_REVISION":"2025-09-15 14:20:00","ID_REVISOR":"18","OBSERVACIONES":"Ficha de registro de actividades","OBSERVACIONES_REVISOR":"Descripci\u00f3n de actividades muy general, especificar m\u00e1s detalles","VERSION":"1","ACTIVO":"1","FECHA_CREACION":"2025-09-04 06:59:17","FECHA_ACTUALIZACION":"2025-09-04 06:59:17","ID_TIPO_DOCUMENTO_PREPROFESIONAL":"7","TIPO_DOCUMENTO_CODIGO":"PPR-007","TIPO_DOCUMENTO_NOMBRE":"Ficha de Registro de Actividades","TIPO_DOCUMENTO_DESCRIPCION":"Documento detallado en el que el estudiante registra las actividades espec\u00edficas realizadas durante sus pr\u00e1cticas, incluyendo fechas y descripciones.","TIPO_DOCUMENTO_ORDEN":"7","TIPO_DOCUMENTO_OBLIGATORIO":"1","ESTADO_REVISION":"Requiere Correcci\u00f3n","ID_ESTUDIANTE":"2","ENTIDAD_RECEPTORA":"Banco del Pac\u00edfico","ESTUDIANTE_NOMBRE":"Mar\u00eda Elena Garc\u00eda Torres","NOMBRE_ESTUDIANTE":"Mar\u00eda Elena","APELLIDO_ESTUDIANTE":"Garc\u00eda Torres","CEDULA_ESTUDIANTE":"1002345678"},{"ID_DOCUMENTO_PREPROFESIONAL":"14","ID_PRACTICA_PREPROFESIONAL":"1","ID_TIPO_DOCUMENTO":"6","ID_ESTADO_REVISION":"5","NOMBRE_ARCHIVO":"hojas_asistencia_001_20250830.pdf","NOMBRE_ORIGINAL":"Hojas de Asistencia - Juan Carlos.pdf","TIPO_ARCHIVO":"application\/pdf","TAMANO_ARCHIVO":"123456","RUTA_ARCHIVO":"\/uploads\/documentos-practicas\/","FECHA_SUBIDA":"2025-08-30 16:15:00","FECHA_REVISION":"2025-08-30 17:45:00","ID_REVISOR":"17","OBSERVACIONES":"Hojas de asistencia completas","OBSERVACIONES_REVISOR":"Faltan firmas en algunas fechas, corregir y volver a subir","VERSION":"1","ACTIVO":"1","FECHA_CREACION":"2025-09-04 06:59:17","FECHA_ACTUALIZACION":"2025-09-04 06:59:17","ID_TIPO_DOCUMENTO_PREPROFESIONAL":"6","TIPO_DOCUMENTO_CODIGO":"PPR-006","TIPO_DOCUMENTO_NOMBRE":"Hojas de Asistencia","TIPO_DOCUMENTO_DESCRIPCION":"Registro f\u00edsico de la asistencia del estudiante en la entidad receptora. Incluye las firmas y sellos para validar las horas de trabajo.","TIPO_DOCUMENTO_ORDEN":"6","TIPO_DOCUMENTO_OBLIGATORIO":"1","ESTADO_REVISION":"Requiere Correcci\u00f3n","ID_ESTUDIANTE":"1","ENTIDAD_RECEPTORA":"Hospital San Vicente de Pa\u00fal","ESTUDIANTE_NOMBRE":"Juan Carlos P\u00e9rez L\u00f3pez","NOMBRE_ESTUDIANTE":"Juan Carlos","APELLIDO_ESTUDIANTE":"P\u00e9rez L\u00f3pez","CEDULA_ESTUDIANTE":"1001234567"},{"ID_DOCUMENTO_PREPROFESIONAL":"16","ID_PRACTICA_PREPROFESIONAL":"1","ID_TIPO_DOCUMENTO":"8","ID_ESTADO_REVISION":"4","NOMBRE_ARCHIVO":"rubrica_evaluacion_entidad_001_20250825.pdf","NOMBRE_ORIGINAL":"R\u00fabrica Evaluaci\u00f3n Entidad - Juan.pdf","TIPO_ARCHIVO":"application\/pdf","TAMANO_ARCHIVO":"87654","RUTA_ARCHIVO":"\/uploads\/documentos-practicas\/","FECHA_SUBIDA":"2025-08-25 15:00:00","FECHA_REVISION":"2025-08-25 16:30:00","ID_REVISOR":"17","OBSERVACIONES":"R\u00fabrica de evaluaci\u00f3n de entidad","OBSERVACIONES_REVISOR":"Documento no tiene sello oficial de la entidad, rechazado","VERSION":"1","ACTIVO":"1","FECHA_CREACION":"2025-09-04 06:59:17","FECHA_ACTUALIZACION":"2025-09-04 06:59:17","ID_TIPO_DOCUMENTO_PREPROFESIONAL":"8","TIPO_DOCUMENTO_CODIGO":"PPR-008","TIPO_DOCUMENTO_NOMBRE":"R\u00fabrica de Evaluaci\u00f3n de Entidad","TIPO_DOCUMENTO_DESCRIPCION":"Formulario de evaluaci\u00f3n del desempe\u00f1o del estudiante, llenado y sellado por la entidad receptora. Valora aspectos como la responsabilidad, la proactividad y la calidad del trabajo.","TIPO_DOCUMENTO_ORDEN":"8","TIPO_DOCUMENTO_OBLIGATORIO":"1","ESTADO_REVISION":"Rechazado","ID_ESTUDIANTE":"1","ENTIDAD_RECEPTORA":"Hospital San Vicente de Pa\u00fal","ESTUDIANTE_NOMBRE":"Juan Carlos P\u00e9rez L\u00f3pez","NOMBRE_ESTUDIANTE":"Juan Carlos","APELLIDO_ESTUDIANTE":"P\u00e9rez L\u00f3pez","CEDULA_ESTUDIANTE":"1001234567"},{"ID_DOCUMENTO_PREPROFESIONAL":"5","ID_PRACTICA_PREPROFESIONAL":"2","ID_TIPO_DOCUMENTO":"2","ID_ESTADO_REVISION":"3","NOMBRE_ARCHIVO":"oficio_entidad_receptora_002_20250702.pdf","NOMBRE_ORIGINAL":"Oficio Entidad Receptora - Banco.pdf","TIPO_ARCHIVO":"application\/pdf","TAMANO_ARCHIVO":"178944","RUTA_ARCHIVO":"\/uploads\/documentos-practicas\/","FECHA_SUBIDA":"2025-07-02 15:45:00","FECHA_REVISION":"2025-07-02 17:20:00","ID_REVISOR":"18","OBSERVACIONES":"Oficio enviado a la entidad receptora","OBSERVACIONES_REVISOR":"Oficio formal y bien estructurado","VERSION":"1","ACTIVO":"1","FECHA_CREACION":"2025-09-04 06:59:17","FECHA_ACTUALIZACION":"2025-09-04 06:59:17","ID_TIPO_DOCUMENTO_PREPROFESIONAL":"2","TIPO_DOCUMENTO_CODIGO":"PPR-002","TIPO_DOCUMENTO_NOMBRE":"Oficio a Entidad Receptora","TIPO_DOCUMENTO_DESCRIPCION":"Carta formal enviada por el estudiante a la instituci\u00f3n \"Instituto Tecnol\u00f3gico Superior Ibarra\", con el prop\u00f3sito de solicitar la oportunidad de realizar sus pr\u00e1cticas de servicio comunitario.","TIPO_DOCUMENTO_ORDEN":"2","TIPO_DOCUMENTO_OBLIGATORIO":"1","ESTADO_REVISION":"Aprobado","ID_ESTUDIANTE":"2","ENTIDAD_RECEPTORA":"Banco del Pac\u00edfico","ESTUDIANTE_NOMBRE":"Mar\u00eda Elena Garc\u00eda Torres","NOMBRE_ESTUDIANTE":"Mar\u00eda Elena","APELLIDO_ESTUDIANTE":"Garc\u00eda Torres","CEDULA_ESTUDIANTE":"1002345678"},{"ID_DOCUMENTO_PREPROFESIONAL":"4","ID_PRACTICA_PREPROFESIONAL":"2","ID_TIPO_DOCUMENTO":"1","ID_ESTADO_REVISION":"3","NOMBRE_ARCHIVO":"oficio_asignacion_tutor_002_20250701.pdf","NOMBRE_ORIGINAL":"Oficio Asignaci\u00f3n Tutor - Mar\u00eda Elena.pdf","TIPO_ARCHIVO":"application\/pdf","TAMANO_ARCHIVO":"234880","RUTA_ARCHIVO":"\/uploads\/documentos-practicas\/","FECHA_SUBIDA":"2025-07-01 11:00:00","FECHA_REVISION":"2025-07-01 13:15:00","ID_REVISOR":"18","OBSERVACIONES":"Documento oficial de asignaci\u00f3n","OBSERVACIONES_REVISOR":"Asignaci\u00f3n correcta del tutor","VERSION":"1","ACTIVO":"1","FECHA_CREACION":"2025-09-04 06:59:17","FECHA_ACTUALIZACION":"2025-09-04 06:59:17","ID_TIPO_DOCUMENTO_PREPROFESIONAL":"1","TIPO_DOCUMENTO_CODIGO":"PPR-001","TIPO_DOCUMENTO_NOMBRE":"Oficio de Asignaci\u00f3n de Tutor","TIPO_DOCUMENTO_DESCRIPCION":"Documento oficial emitido por la coordinaci\u00f3n de la carrera que designa al docente responsable de la tutor\u00eda y seguimiento de las pr\u00e1cticas de servicio comunitario del estudiante.","TIPO_DOCUMENTO_ORDEN":"1","TIPO_DOCUMENTO_OBLIGATORIO":"1","ESTADO_REVISION":"Aprobado","ID_ESTUDIANTE":"2","ENTIDAD_RECEPTORA":"Banco del Pac\u00edfico","ESTUDIANTE_NOMBRE":"Mar\u00eda Elena Garc\u00eda Torres","NOMBRE_ESTUDIANTE":"Mar\u00eda Elena","APELLIDO_ESTUDIANTE":"Garc\u00eda Torres","CEDULA_ESTUDIANTE":"1002345678"},{"ID_DOCUMENTO_PREPROFESIONAL":"3","ID_PRACTICA_PREPROFESIONAL":"1","ID_TIPO_DOCUMENTO":"3","ID_ESTADO_REVISION":"3","NOMBRE_ARCHIVO":"carta_aceptacion_001_20250603.pdf","NOMBRE_ORIGINAL":"Carta Aceptaci\u00f3n - Hospital.pdf","TIPO_ARCHIVO":"application\/pdf","TAMANO_ARCHIVO":"156672","RUTA_ARCHIVO":"\/uploads\/documentos-practicas\/","FECHA_SUBIDA":"2025-06-03 09:15:00","FECHA_REVISION":"2025-06-03 11:20:00","ID_REVISOR":"17","OBSERVACIONES":"Carta de aceptaci\u00f3n de la entidad","OBSERVACIONES_REVISOR":"Carta oficial con sello institucional","VERSION":"1","ACTIVO":"1","FECHA_CREACION":"2025-09-04 06:59:17","FECHA_ACTUALIZACION":"2025-09-04 06:59:17","ID_TIPO_DOCUMENTO_PREPROFESIONAL":"3","TIPO_DOCUMENTO_CODIGO":"PPR-003","TIPO_DOCUMENTO_NOMBRE":"Carta de Aceptaci\u00f3n","TIPO_DOCUMENTO_DESCRIPCION":"Carta oficial de la entidad receptora \"Instituto Tecnol\u00f3gico Superior Ibarra\" que confirma la aceptaci\u00f3n del o los estudiantes para realizar las pr\u00e1cticas de servicio comunitario en sus instalaciones.","TIPO_DOCUMENTO_ORDEN":"3","TIPO_DOCUMENTO_OBLIGATORIO":"1","ESTADO_REVISION":"Aprobado","ID_ESTUDIANTE":"1","ENTIDAD_RECEPTORA":"Hospital San Vicente de Pa\u00fal","ESTUDIANTE_NOMBRE":"Juan Carlos P\u00e9rez L\u00f3pez","NOMBRE_ESTUDIANTE":"Juan Carlos","APELLIDO_ESTUDIANTE":"P\u00e9rez L\u00f3pez","CEDULA_ESTUDIANTE":"1001234567"},{"ID_DOCUMENTO_PREPROFESIONAL":"2","ID_PRACTICA_PREPROFESIONAL":"1","ID_TIPO_DOCUMENTO":"2","ID_ESTADO_REVISION":"3","NOMBRE_ARCHIVO":"oficio_entidad_receptora_001_20250602.pdf","NOMBRE_ORIGINAL":"Oficio Entidad Receptora - Hospital.pdf","TIPO_ARCHIVO":"application\/pdf","TAMANO_ARCHIVO":"189440","RUTA_ARCHIVO":"\/uploads\/documentos-practicas\/","FECHA_SUBIDA":"2025-06-02 14:30:00","FECHA_REVISION":"2025-06-02 16:45:00","ID_REVISOR":"17","OBSERVACIONES":"Oficio enviado a la entidad receptora","OBSERVACIONES_REVISOR":"Oficio bien redactado y formal","VERSION":"1","ACTIVO":"1","FECHA_CREACION":"2025-09-04 06:59:17","FECHA_ACTUALIZACION":"2025-09-04 06:59:17","ID_TIPO_DOCUMENTO_PREPROFESIONAL":"2","TIPO_DOCUMENTO_CODIGO":"PPR-002","TIPO_DOCUMENTO_NOMBRE":"Oficio a Entidad Receptora","TIPO_DOCUMENTO_DESCRIPCION":"Carta formal enviada por el estudiante a la instituci\u00f3n \"Instituto Tecnol\u00f3gico Superior Ibarra\", con el prop\u00f3sito de solicitar la oportunidad de realizar sus pr\u00e1cticas de servicio comunitario.","TIPO_DOCUMENTO_ORDEN":"2","TIPO_DOCUMENTO_OBLIGATORIO":"1","ESTADO_REVISION":"Aprobado","ID_ESTUDIANTE":"1","ENTIDAD_RECEPTORA":"Hospital San Vicente de Pa\u00fal","ESTUDIANTE_NOMBRE":"Juan Carlos P\u00e9rez L\u00f3pez","NOMBRE_ESTUDIANTE":"Juan Carlos","APELLIDO_ESTUDIANTE":"P\u00e9rez L\u00f3pez","CEDULA_ESTUDIANTE":"1001234567"},{"ID_DOCUMENTO_PREPROFESIONAL":"1","ID_PRACTICA_PREPROFESIONAL":"1","ID_TIPO_DOCUMENTO":"1","ID_ESTADO_REVISION":"3","NOMBRE_ARCHIVO":"oficio_asignacion_tutor_001_20250601.pdf","NOMBRE_ORIGINAL":"Oficio Asignaci\u00f3n Tutor - Juan Carlos.pdf","TIPO_ARCHIVO":"application\/pdf","TAMANO_ARCHIVO":"245760","RUTA_ARCHIVO":"\/uploads\/documentos-practicas\/","FECHA_SUBIDA":"2025-06-01 10:00:00","FECHA_REVISION":"2025-06-01 14:30:00","ID_REVISOR":"17","OBSERVACIONES":"Documento oficial de asignaci\u00f3n","OBSERVACIONES_REVISOR":"Documento aprobado correctamente","VERSION":"1","ACTIVO":"1","FECHA_CREACION":"2025-09-04 06:59:17","FECHA_ACTUALIZACION":"2025-09-04 06:59:17","ID_TIPO_DOCUMENTO_PREPROFESIONAL":"1","TIPO_DOCUMENTO_CODIGO":"PPR-001","TIPO_DOCUMENTO_NOMBRE":"Oficio de Asignaci\u00f3n de Tutor","TIPO_DOCUMENTO_DESCRIPCION":"Documento oficial emitido por la coordinaci\u00f3n de la carrera que designa al docente responsable de la tutor\u00eda y seguimiento de las pr\u00e1cticas de servicio comunitario del estudiante.","TIPO_DOCUMENTO_ORDEN":"1","TIPO_DOCUMENTO_OBLIGATORIO":"1","ESTADO_REVISION":"Aprobado","ID_ESTUDIANTE":"1","ENTIDAD_RECEPTORA":"Hospital San Vicente de Pa\u00fal","ESTUDIANTE_NOMBRE":"Juan Carlos P\u00e9rez L\u00f3pez","NOMBRE_ESTUDIANTE":"Juan Carlos","APELLIDO_ESTUDIANTE":"P\u00e9rez L\u00f3pez","CEDULA_ESTUDIANTE":"1001234567"}]
DEBUG - 2026-03-17 16:56:26 --> Session: Class initialized using 'CodeIgniter\Session\Handlers\FileHandler' driver.
ERROR - 2026-03-17 16:56:26 --> mysqli_sql_exception: Unknown column 'dsc.ESTADO_REVISION' in 'field list' in C:\xampp\htdocs\ITSI\vendor\codeigniter4\framework\system\Database\MySQLi\Connection.php:327
Stack trace:
#0 C:\xampp\htdocs\ITSI\vendor\codeigniter4\framework\system\Database\MySQLi\Connection.php(327): mysqli->query('SELECT COUNT(*)...', 0)
#1 C:\xampp\htdocs\ITSI\vendor\codeigniter4\framework\system\Database\BaseConnection.php(738): CodeIgniter\Database\MySQLi\Connection->execute('SELECT COUNT(*)...')
#2 C:\xampp\htdocs\ITSI\vendor\codeigniter4\framework\system\Database\BaseConnection.php(652): CodeIgniter\Database\BaseConnection->simpleQuery('SELECT COUNT(*)...')
#3 C:\xampp\htdocs\ITSI\vendor\codeigniter4\framework\system\Database\BaseBuilder.php(1649): CodeIgniter\Database\BaseConnection->query('SELECT COUNT(*)...', Array, false)
#4 C:\xampp\htdocs\ITSI\app\Models\DocumentosServicioComunitarioModel.php(137): CodeIgniter\Database\BaseBuilder->get()
#5 C:\xampp\htdocs\ITSI\app\Controllers\admin\DocumentosAdminController.php(45): App\Models\DocumentosServicioComunitarioModel->getEstadisticasDocumentos()
#6 C:\xampp\htdocs\ITSI\vendor\codeigniter4\framework\system\CodeIgniter.php(933): App\Controllers\admin\DocumentosAdminController->documentosServicioComunitario()
#7 C:\xampp\htdocs\ITSI\vendor\codeigniter4\framework\system\CodeIgniter.php(507): CodeIgniter\CodeIgniter->runController(Object(App\Controllers\admin\DocumentosAdminController))
#8 C:\xampp\htdocs\ITSI\vendor\codeigniter4\framework\system\CodeIgniter.php(354): CodeIgniter\CodeIgniter->handleRequest(NULL, Object(Config\Cache), false)
#9 C:\xampp\htdocs\ITSI\vendor\codeigniter4\framework\system\Boot.php(334): CodeIgniter\CodeIgniter->run()
#10 C:\xampp\htdocs\ITSI\vendor\codeigniter4\framework\system\Boot.php(67): CodeIgniter\Boot::runCodeIgniter(Object(CodeIgniter\CodeIgniter))
#11 C:\xampp\htdocs\ITSI\public\index.php(59): CodeIgniter\Boot::bootWeb(Object(Config\Paths))
#12 {main}
DEBUG - 2026-03-17 16:56:33 --> Session: Class initialized using 'CodeIgniter\Session\Handlers\FileHandler' driver.
DEBUG - 2026-03-17 16:56:43 --> Session: Class initialized using 'CodeIgniter\Session\Handlers\FileHandler' driver.
DEBUG - 2026-03-17 16:56:48 --> Session: Class initialized using 'CodeIgniter\Session\Handlers\FileHandler' driver.
DEBUG - 2026-03-17 16:58:08 --> Session: Class initialized using 'CodeIgniter\Session\Handlers\FileHandler' driver.
DEBUG - 2026-03-17 16:58:10 --> Session: Class initialized using 'CodeIgniter\Session\Handlers\FileHandler' driver.
DEBUG - 2026-03-17 17:00:03 --> Session: Class initialized using 'CodeIgniter\Session\Handlers\FileHandler' driver.
DEBUG - 2026-03-17 17:00:03 --> Session: Class initialized using 'CodeIgniter\Session\Handlers\FileHandler' driver.
ERROR - 2026-03-17 17:00:03 --> mysqli_sql_exception: Unknown column 'dsc.ESTADO_REVISION' in 'field list' in C:\xampp\htdocs\ITSI\vendor\codeigniter4\framework\system\Database\MySQLi\Connection.php:327
Stack trace:
#0 C:\xampp\htdocs\ITSI\vendor\codeigniter4\framework\system\Database\MySQLi\Connection.php(327): mysqli->query('SELECT COUNT(*)...', 0)
#1 C:\xampp\htdocs\ITSI\vendor\codeigniter4\framework\system\Database\BaseConnection.php(738): CodeIgniter\Database\MySQLi\Connection->execute('SELECT COUNT(*)...')
#2 C:\xampp\htdocs\ITSI\vendor\codeigniter4\framework\system\Database\BaseConnection.php(652): CodeIgniter\Database\BaseConnection->simpleQuery('SELECT COUNT(*)...')
#3 C:\xampp\htdocs\ITSI\vendor\codeigniter4\framework\system\Database\BaseBuilder.php(1649): CodeIgniter\Database\BaseConnection->query('SELECT COUNT(*)...', Array, false)
#4 C:\xampp\htdocs\ITSI\app\Models\DocumentosServicioComunitarioModel.php(137): CodeIgniter\Database\BaseBuilder->get()
#5 C:\xampp\htdocs\ITSI\app\Controllers\admin\DocumentosAdminController.php(45): App\Models\DocumentosServicioComunitarioModel->getEstadisticasDocumentos()
#6 C:\xampp\htdocs\ITSI\vendor\codeigniter4\framework\system\CodeIgniter.php(933): App\Controllers\admin\DocumentosAdminController->documentosServicioComunitario()
#7 C:\xampp\htdocs\ITSI\vendor\codeigniter4\framework\system\CodeIgniter.php(507): CodeIgniter\CodeIgniter->runController(Object(App\Controllers\admin\DocumentosAdminController))
#8 C:\xampp\htdocs\ITSI\vendor\codeigniter4\framework\system\CodeIgniter.php(354): CodeIgniter\CodeIgniter->handleRequest(NULL, Object(Config\Cache), false)
#9 C:\xampp\htdocs\ITSI\vendor\codeigniter4\framework\system\Boot.php(334): CodeIgniter\CodeIgniter->run()
#10 C:\xampp\htdocs\ITSI\vendor\codeigniter4\framework\system\Boot.php(67): CodeIgniter\Boot::runCodeIgniter(Object(CodeIgniter\CodeIgniter))
#11 C:\xampp\htdocs\ITSI\public\index.php(59): CodeIgniter\Boot::bootWeb(Object(Config\Paths))
#12 {main}
DEBUG - 2026-03-17 17:00:05 --> Session: Class initialized using 'CodeIgniter\Session\Handlers\FileHandler' driver.
DEBUG - 2026-03-17 17:00:25 --> Session: Class initialized using 'CodeIgniter\Session\Handlers\FileHandler' driver.
DEBUG - 2026-03-17 17:05:54 --> Session: Class initialized using 'CodeIgniter\Session\Handlers\FileHandler' driver.
DEBUG - 2026-03-17 17:07:06 --> Session: Class initialized using 'CodeIgniter\Session\Handlers\FileHandler' driver.
DEBUG - 2026-03-17 17:07:10 --> Session: Class initialized using 'CodeIgniter\Session\Handlers\FileHandler' driver.
ERROR - 2026-03-17 17:07:10 --> mysqli_sql_exception: Unknown column 'dsc.ESTADO_REVISION' in 'field list' in C:\xampp\htdocs\ITSI\vendor\codeigniter4\framework\system\Database\MySQLi\Connection.php:327
Stack trace:
#0 C:\xampp\htdocs\ITSI\vendor\codeigniter4\framework\system\Database\MySQLi\Connection.php(327): mysqli->query('SELECT COUNT(*)...', 0)
#1 C:\xampp\htdocs\ITSI\vendor\codeigniter4\framework\system\Database\BaseConnection.php(738): CodeIgniter\Database\MySQLi\Connection->execute('SELECT COUNT(*)...')
#2 C:\xampp\htdocs\ITSI\vendor\codeigniter4\framework\system\Database\BaseConnection.php(652): CodeIgniter\Database\BaseConnection->simpleQuery('SELECT COUNT(*)...')
#3 C:\xampp\htdocs\ITSI\vendor\codeigniter4\framework\system\Database\BaseBuilder.php(1649): CodeIgniter\Database\BaseConnection->query('SELECT COUNT(*)...', Array, false)
#4 C:\xampp\htdocs\ITSI\app\Models\DocumentosServicioComunitarioModel.php(137): CodeIgniter\Database\BaseBuilder->get()
#5 C:\xampp\htdocs\ITSI\app\Controllers\admin\DocumentosAdminController.php(45): App\Models\DocumentosServicioComunitarioModel->getEstadisticasDocumentos()
#6 C:\xampp\htdocs\ITSI\vendor\codeigniter4\framework\system\CodeIgniter.php(933): App\Controllers\admin\DocumentosAdminController->documentosServicioComunitario()
#7 C:\xampp\htdocs\ITSI\vendor\codeigniter4\framework\system\CodeIgniter.php(507): CodeIgniter\CodeIgniter->runController(Object(App\Controllers\admin\DocumentosAdminController))
#8 C:\xampp\htdocs\ITSI\vendor\codeigniter4\framework\system\CodeIgniter.php(354): CodeIgniter\CodeIgniter->handleRequest(NULL, Object(Config\Cache), false)
#9 C:\xampp\htdocs\ITSI\vendor\codeigniter4\framework\system\Boot.php(334): CodeIgniter\CodeIgniter->run()
#10 C:\xampp\htdocs\ITSI\vendor\codeigniter4\framework\system\Boot.php(67): CodeIgniter\Boot::runCodeIgniter(Object(CodeIgniter\CodeIgniter))
#11 C:\xampp\htdocs\ITSI\public\index.php(59): CodeIgniter\Boot::bootWeb(Object(Config\Paths))
#12 {main}
DEBUG - 2026-03-17 17:07:13 --> Consulta SQL: SELECT *
FROM `TAB_DOCUMENTOS_PRACTICAS_PREPROFESIONALES` `dp`
DEBUG - 2026-03-17 17:07:13 --> Resultados obtenidos: 9
DEBUG - 2026-03-17 17:07:13 --> Tipos de documentos en index: [{"ID_TIPO_DOCUMENTO_PREPROFESIONAL":"1","CODIGO":"PPR-001","NOMBRE":"Oficio de Asignaci\u00f3n de Tutor","DESCRIPCION":"Documento oficial emitido por la coordinaci\u00f3n de la carrera que designa al docente responsable de la tutor\u00eda y seguimiento de las pr\u00e1cticas de servicio comunitario del estudiante.","ORDEN":"1","OBLIGATORIO":"1","ACTIVO":"1","FECHA_CREACION":"2025-09-04 06:59:17","FECHA_ACTUALIZACION":"2025-09-04 06:59:17"},{"ID_TIPO_DOCUMENTO_PREPROFESIONAL":"2","CODIGO":"PPR-002","NOMBRE":"Oficio a Entidad Receptora","DESCRIPCION":"Carta formal enviada por el estudiante a la instituci\u00f3n \"Instituto Tecnol\u00f3gico Superior Ibarra\", con el prop\u00f3sito de solicitar la oportunidad de realizar sus pr\u00e1cticas de servicio comunitario.","ORDEN":"2","OBLIGATORIO":"1","ACTIVO":"1","FECHA_CREACION":"2025-09-04 06:59:17","FECHA_ACTUALIZACION":"2025-09-04 06:59:17"},{"ID_TIPO_DOCUMENTO_PREPROFESIONAL":"3","CODIGO":"PPR-003","NOMBRE":"Carta de Aceptaci\u00f3n","DESCRIPCION":"Carta oficial de la entidad receptora \"Instituto Tecnol\u00f3gico Superior Ibarra\" que confirma la aceptaci\u00f3n del o los estudiantes para realizar las pr\u00e1cticas de servicio comunitario en sus instalaciones.","ORDEN":"3","OBLIGATORIO":"1","ACTIVO":"1","FECHA_CREACION":"2025-09-04 06:59:17","FECHA_ACTUALIZACION":"2025-09-04 06:59:17"},{"ID_TIPO_DOCUMENTO_PREPROFESIONAL":"4","CODIGO":"PPR-004","NOMBRE":"Solicitud Institucional Valorada","DESCRIPCION":"Documento de solicitud formal dirigido al Sr. Rector, Dr. Mario Montenegro, pidiendo la aprobaci\u00f3n institucional para la realizaci\u00f3n de las pr\u00e1cticas de servicio comunitario.","ORDEN":"4","OBLIGATORIO":"1","ACTIVO":"1","FECHA_CREACION":"2025-09-04 06:59:17","FECHA_ACTUALIZACION":"2025-09-04 06:59:17"},{"ID_TIPO_DOCUMENTO_PREPROFESIONAL":"5","CODIGO":"PPR-005","NOMBRE":"Certificado de Culminaci\u00f3n de Horas","DESCRIPCION":"Certificado emitido por la entidad receptora \"Instituto Tecnol\u00f3gico Superior Ibarra\" que acredita que el estudiante ha completado las 60 horas requeridas de pr\u00e1cticas de servicio comunitario.","ORDEN":"5","OBLIGATORIO":"1","ACTIVO":"1","FECHA_CREACION":"2025-09-04 06:59:17","FECHA_ACTUALIZACION":"2025-09-04 06:59:17"},{"ID_TIPO_DOCUMENTO_PREPROFESIONAL":"6","CODIGO":"PPR-006","NOMBRE":"Hojas de Asistencia","DESCRIPCION":"Registro f\u00edsico de la asistencia del estudiante en la entidad receptora. Incluye las firmas y sellos para validar las horas de trabajo.","ORDEN":"6","OBLIGATORIO":"1","ACTIVO":"1","FECHA_CREACION":"2025-09-04 06:59:17","FECHA_ACTUALIZACION":"2025-09-04 06:59:17"},{"ID_TIPO_DOCUMENTO_PREPROFESIONAL":"7","CODIGO":"PPR-007","NOMBRE":"Ficha de Registro de Actividades","DESCRIPCION":"Documento detallado en el que el estudiante registra las actividades espec\u00edficas realizadas durante sus pr\u00e1cticas, incluyendo fechas y descripciones.","ORDEN":"7","OBLIGATORIO":"1","ACTIVO":"1","FECHA_CREACION":"2025-09-04 06:59:17","FECHA_ACTUALIZACION":"2025-09-04 06:59:17"},{"ID_TIPO_DOCUMENTO_PREPROFESIONAL":"8","CODIGO":"PPR-008","NOMBRE":"R\u00fabrica de Evaluaci\u00f3n de Entidad","DESCRIPCION":"Formulario de evaluaci\u00f3n del desempe\u00f1o del estudiante, llenado y sellado por la entidad receptora. Valora aspectos como la responsabilidad, la proactividad y la calidad del trabajo.","ORDEN":"8","OBLIGATORIO":"1","ACTIVO":"1","FECHA_CREACION":"2025-09-04 06:59:17","FECHA_ACTUALIZACION":"2025-09-04 06:59:17"},{"ID_TIPO_DOCUMENTO_PREPROFESIONAL":"9","CODIGO":"PPR-009","NOMBRE":"Ficha de Control y Seguimiento Docente","DESCRIPCION":"Documento utilizado por el tutor docente para registrar el seguimiento acad\u00e9mico del estudiante durante las pr\u00e1cticas. Incluye visitas o revisiones peri\u00f3dicas.","ORDEN":"9","OBLIGATORIO":"1","ACTIVO":"1","FECHA_CREACION":"2025-09-04 06:59:17","FECHA_ACTUALIZACION":"2025-09-04 06:59:17"},{"ID_TIPO_DOCUMENTO_PREPROFESIONAL":"10","CODIGO":"PPR-010","NOMBRE":"R\u00fabrica de Evaluaci\u00f3n Docente","DESCRIPCION":"R\u00fabrica de evaluaci\u00f3n llenada y firmada por el tutor docente. Califica el desempe\u00f1o del estudiante en base a los criterios acad\u00e9micos del programa.","ORDEN":"10","OBLIGATORIO":"1","ACTIVO":"1","FECHA_CREACION":"2025-09-04 06:59:17","FECHA_ACTUALIZACION":"2025-09-04 06:59:17"},{"ID_TIPO_DOCUMENTO_PREPROFESIONAL":"11","CODIGO":"PPR-011","NOMBRE":"R\u00fabrica de Evaluaci\u00f3n de Resultados","DESCRIPCION":"Evaluaci\u00f3n final realizada por el Departamento de Vinculaci\u00f3n con la Sociedad, que valora los resultados y el impacto del proyecto de servicio comunitario en su conjunto.","ORDEN":"11","OBLIGATORIO":"1","ACTIVO":"1","FECHA_CREACION":"2025-09-04 06:59:17","FECHA_ACTUALIZACION":"2025-09-04 06:59:17"},{"ID_TIPO_DOCUMENTO_PREPROFESIONAL":"12","CODIGO":"PPR-012","NOMBRE":"Evidencia Fotogr\u00e1fica y Digital","DESCRIPCION":"Material de apoyo visual y digital, como fotos, capturas, videos o impresiones, que documenta y comprueba la realizaci\u00f3n de las actividades y trabajos del proyecto.","ORDEN":"12","OBLIGATORIO":"1","ACTIVO":"1","FECHA_CREACION":"2025-09-04 06:59:17","FECHA_ACTUALIZACION":"2025-09-04 06:59:17"}]
DEBUG - 2026-03-17 17:07:13 --> Session: Class initialized using 'CodeIgniter\Session\Handlers\FileHandler' driver.
DEBUG - 2026-03-17 17:07:13 --> Consulta SQL: SELECT *
FROM `TAB_DOCUMENTOS_PRACTICAS_PREPROFESIONALES` `dp`
DEBUG - 2026-03-17 17:07:13 --> Resultados obtenidos: 9
DEBUG - 2026-03-17 17:07:13 --> Documentos obtenidos: [{"ID_DOCUMENTO_PREPROFESIONAL":"17","ID_PRACTICA_PREPROFESIONAL":"2","ID_TIPO_DOCUMENTO":"9","ID_ESTADO_REVISION":"4","NOMBRE_ARCHIVO":"ficha_control_seguimiento_002_20250920.pdf","NOMBRE_ORIGINAL":"Ficha Control Seguimiento - Mar\u00eda.pdf","TIPO_ARCHIVO":"application\/pdf","TAMANO_ARCHIVO":"112233","RUTA_ARCHIVO":"\/uploads\/documentos-practicas\/","FECHA_SUBIDA":"2025-09-20 10:15:00","FECHA_REVISION":"2025-09-20 12:45:00","ID_REVISOR":"18","OBSERVACIONES":"Ficha de control y seguimiento docente","OBSERVACIONES_REVISOR":"Faltan las firmas del tutor docente, documento inv\u00e1lido","VERSION":"1","ACTIVO":"1","FECHA_CREACION":"2025-09-04 06:59:17","FECHA_ACTUALIZACION":"2025-09-04 06:59:17","ID_TIPO_DOCUMENTO_PREPROFESIONAL":"9","TIPO_DOCUMENTO_CODIGO":"PPR-009","TIPO_DOCUMENTO_NOMBRE":"Ficha de Control y Seguimiento Docente","TIPO_DOCUMENTO_DESCRIPCION":"Documento utilizado por el tutor docente para registrar el seguimiento acad\u00e9mico del estudiante durante las pr\u00e1cticas. Incluye visitas o revisiones peri\u00f3dicas.","TIPO_DOCUMENTO_ORDEN":"9","TIPO_DOCUMENTO_OBLIGATORIO":"1","ESTADO_REVISION":"Rechazado","ID_ESTUDIANTE":"2","ENTIDAD_RECEPTORA":"Banco del Pac\u00edfico","ESTUDIANTE_NOMBRE":"Mar\u00eda Elena Garc\u00eda Torres","NOMBRE_ESTUDIANTE":"Mar\u00eda Elena","APELLIDO_ESTUDIANTE":"Garc\u00eda Torres","CEDULA_ESTUDIANTE":"1002345678"},{"ID_DOCUMENTO_PREPROFESIONAL":"15","ID_PRACTICA_PREPROFESIONAL":"2","ID_TIPO_DOCUMENTO":"7","ID_ESTADO_REVISION":"5","NOMBRE_ARCHIVO":"ficha_registro_actividades_002_20250915.pdf","NOMBRE_ORIGINAL":"Ficha Registro Actividades - Mar\u00eda.pdf","TIPO_ARCHIVO":"application\/pdf","TAMANO_ARCHIVO":"98765","RUTA_ARCHIVO":"\/uploads\/documentos-practicas\/","FECHA_SUBIDA":"2025-09-15 11:30:00","FECHA_REVISION":"2025-09-15 14:20:00","ID_REVISOR":"18","OBSERVACIONES":"Ficha de registro de actividades","OBSERVACIONES_REVISOR":"Descripci\u00f3n de actividades muy general, especificar m\u00e1s detalles","VERSION":"1","ACTIVO":"1","FECHA_CREACION":"2025-09-04 06:59:17","FECHA_ACTUALIZACION":"2025-09-04 06:59:17","ID_TIPO_DOCUMENTO_PREPROFESIONAL":"7","TIPO_DOCUMENTO_CODIGO":"PPR-007","TIPO_DOCUMENTO_NOMBRE":"Ficha de Registro de Actividades","TIPO_DOCUMENTO_DESCRIPCION":"Documento detallado en el que el estudiante registra las actividades espec\u00edficas realizadas durante sus pr\u00e1cticas, incluyendo fechas y descripciones.","TIPO_DOCUMENTO_ORDEN":"7","TIPO_DOCUMENTO_OBLIGATORIO":"1","ESTADO_REVISION":"Requiere Correcci\u00f3n","ID_ESTUDIANTE":"2","ENTIDAD_RECEPTORA":"Banco del Pac\u00edfico","ESTUDIANTE_NOMBRE":"Mar\u00eda Elena Garc\u00eda Torres","NOMBRE_ESTUDIANTE":"Mar\u00eda Elena","APELLIDO_ESTUDIANTE":"Garc\u00eda Torres","CEDULA_ESTUDIANTE":"1002345678"},{"ID_DOCUMENTO_PREPROFESIONAL":"14","ID_PRACTICA_PREPROFESIONAL":"1","ID_TIPO_DOCUMENTO":"6","ID_ESTADO_REVISION":"5","NOMBRE_ARCHIVO":"hojas_asistencia_001_20250830.pdf","NOMBRE_ORIGINAL":"Hojas de Asistencia - Juan Carlos.pdf","TIPO_ARCHIVO":"application\/pdf","TAMANO_ARCHIVO":"123456","RUTA_ARCHIVO":"\/uploads\/documentos-practicas\/","FECHA_SUBIDA":"2025-08-30 16:15:00","FECHA_REVISION":"2025-08-30 17:45:00","ID_REVISOR":"17","OBSERVACIONES":"Hojas de asistencia completas","OBSERVACIONES_REVISOR":"Faltan firmas en algunas fechas, corregir y volver a subir","VERSION":"1","ACTIVO":"1","FECHA_CREACION":"2025-09-04 06:59:17","FECHA_ACTUALIZACION":"2025-09-04 06:59:17","ID_TIPO_DOCUMENTO_PREPROFESIONAL":"6","TIPO_DOCUMENTO_CODIGO":"PPR-006","TIPO_DOCUMENTO_NOMBRE":"Hojas de Asistencia","TIPO_DOCUMENTO_DESCRIPCION":"Registro f\u00edsico de la asistencia del estudiante en la entidad receptora. Incluye las firmas y sellos para validar las horas de trabajo.","TIPO_DOCUMENTO_ORDEN":"6","TIPO_DOCUMENTO_OBLIGATORIO":"1","ESTADO_REVISION":"Requiere Correcci\u00f3n","ID_ESTUDIANTE":"1","ENTIDAD_RECEPTORA":"Hospital San Vicente de Pa\u00fal","ESTUDIANTE_NOMBRE":"Juan Carlos P\u00e9rez L\u00f3pez","NOMBRE_ESTUDIANTE":"Juan Carlos","APELLIDO_ESTUDIANTE":"P\u00e9rez L\u00f3pez","CEDULA_ESTUDIANTE":"1001234567"},{"ID_DOCUMENTO_PREPROFESIONAL":"16","ID_PRACTICA_PREPROFESIONAL":"1","ID_TIPO_DOCUMENTO":"8","ID_ESTADO_REVISION":"4","NOMBRE_ARCHIVO":"rubrica_evaluacion_entidad_001_20250825.pdf","NOMBRE_ORIGINAL":"R\u00fabrica Evaluaci\u00f3n Entidad - Juan.pdf","TIPO_ARCHIVO":"application\/pdf","TAMANO_ARCHIVO":"87654","RUTA_ARCHIVO":"\/uploads\/documentos-practicas\/","FECHA_SUBIDA":"2025-08-25 15:00:00","FECHA_REVISION":"2025-08-25 16:30:00","ID_REVISOR":"17","OBSERVACIONES":"R\u00fabrica de evaluaci\u00f3n de entidad","OBSERVACIONES_REVISOR":"Documento no tiene sello oficial de la entidad, rechazado","VERSION":"1","ACTIVO":"1","FECHA_CREACION":"2025-09-04 06:59:17","FECHA_ACTUALIZACION":"2025-09-04 06:59:17","ID_TIPO_DOCUMENTO_PREPROFESIONAL":"8","TIPO_DOCUMENTO_CODIGO":"PPR-008","TIPO_DOCUMENTO_NOMBRE":"R\u00fabrica de Evaluaci\u00f3n de Entidad","TIPO_DOCUMENTO_DESCRIPCION":"Formulario de evaluaci\u00f3n del desempe\u00f1o del estudiante, llenado y sellado por la entidad receptora. Valora aspectos como la responsabilidad, la proactividad y la calidad del trabajo.","TIPO_DOCUMENTO_ORDEN":"8","TIPO_DOCUMENTO_OBLIGATORIO":"1","ESTADO_REVISION":"Rechazado","ID_ESTUDIANTE":"1","ENTIDAD_RECEPTORA":"Hospital San Vicente de Pa\u00fal","ESTUDIANTE_NOMBRE":"Juan Carlos P\u00e9rez L\u00f3pez","NOMBRE_ESTUDIANTE":"Juan Carlos","APELLIDO_ESTUDIANTE":"P\u00e9rez L\u00f3pez","CEDULA_ESTUDIANTE":"1001234567"},{"ID_DOCUMENTO_PREPROFESIONAL":"5","ID_PRACTICA_PREPROFESIONAL":"2","ID_TIPO_DOCUMENTO":"2","ID_ESTADO_REVISION":"3","NOMBRE_ARCHIVO":"oficio_entidad_receptora_002_20250702.pdf","NOMBRE_ORIGINAL":"Oficio Entidad Receptora - Banco.pdf","TIPO_ARCHIVO":"application\/pdf","TAMANO_ARCHIVO":"178944","RUTA_ARCHIVO":"\/uploads\/documentos-practicas\/","FECHA_SUBIDA":"2025-07-02 15:45:00","FECHA_REVISION":"2025-07-02 17:20:00","ID_REVISOR":"18","OBSERVACIONES":"Oficio enviado a la entidad receptora","OBSERVACIONES_REVISOR":"Oficio formal y bien estructurado","VERSION":"1","ACTIVO":"1","FECHA_CREACION":"2025-09-04 06:59:17","FECHA_ACTUALIZACION":"2025-09-04 06:59:17","ID_TIPO_DOCUMENTO_PREPROFESIONAL":"2","TIPO_DOCUMENTO_CODIGO":"PPR-002","TIPO_DOCUMENTO_NOMBRE":"Oficio a Entidad Receptora","TIPO_DOCUMENTO_DESCRIPCION":"Carta formal enviada por el estudiante a la instituci\u00f3n \"Instituto Tecnol\u00f3gico Superior Ibarra\", con el prop\u00f3sito de solicitar la oportunidad de realizar sus pr\u00e1cticas de servicio comunitario.","TIPO_DOCUMENTO_ORDEN":"2","TIPO_DOCUMENTO_OBLIGATORIO":"1","ESTADO_REVISION":"Aprobado","ID_ESTUDIANTE":"2","ENTIDAD_RECEPTORA":"Banco del Pac\u00edfico","ESTUDIANTE_NOMBRE":"Mar\u00eda Elena Garc\u00eda Torres","NOMBRE_ESTUDIANTE":"Mar\u00eda Elena","APELLIDO_ESTUDIANTE":"Garc\u00eda Torres","CEDULA_ESTUDIANTE":"1002345678"},{"ID_DOCUMENTO_PREPROFESIONAL":"4","ID_PRACTICA_PREPROFESIONAL":"2","ID_TIPO_DOCUMENTO":"1","ID_ESTADO_REVISION":"3","NOMBRE_ARCHIVO":"oficio_asignacion_tutor_002_20250701.pdf","NOMBRE_ORIGINAL":"Oficio Asignaci\u00f3n Tutor - Mar\u00eda Elena.pdf","TIPO_ARCHIVO":"application\/pdf","TAMANO_ARCHIVO":"234880","RUTA_ARCHIVO":"\/uploads\/documentos-practicas\/","FECHA_SUBIDA":"2025-07-01 11:00:00","FECHA_REVISION":"2025-07-01 13:15:00","ID_REVISOR":"18","OBSERVACIONES":"Documento oficial de asignaci\u00f3n","OBSERVACIONES_REVISOR":"Asignaci\u00f3n correcta del tutor","VERSION":"1","ACTIVO":"1","FECHA_CREACION":"2025-09-04 06:59:17","FECHA_ACTUALIZACION":"2025-09-04 06:59:17","ID_TIPO_DOCUMENTO_PREPROFESIONAL":"1","TIPO_DOCUMENTO_CODIGO":"PPR-001","TIPO_DOCUMENTO_NOMBRE":"Oficio de Asignaci\u00f3n de Tutor","TIPO_DOCUMENTO_DESCRIPCION":"Documento oficial emitido por la coordinaci\u00f3n de la carrera que designa al docente responsable de la tutor\u00eda y seguimiento de las pr\u00e1cticas de servicio comunitario del estudiante.","TIPO_DOCUMENTO_ORDEN":"1","TIPO_DOCUMENTO_OBLIGATORIO":"1","ESTADO_REVISION":"Aprobado","ID_ESTUDIANTE":"2","ENTIDAD_RECEPTORA":"Banco del Pac\u00edfico","ESTUDIANTE_NOMBRE":"Mar\u00eda Elena Garc\u00eda Torres","NOMBRE_ESTUDIANTE":"Mar\u00eda Elena","APELLIDO_ESTUDIANTE":"Garc\u00eda Torres","CEDULA_ESTUDIANTE":"1002345678"},{"ID_DOCUMENTO_PREPROFESIONAL":"3","ID_PRACTICA_PREPROFESIONAL":"1","ID_TIPO_DOCUMENTO":"3","ID_ESTADO_REVISION":"3","NOMBRE_ARCHIVO":"carta_aceptacion_001_20250603.pdf","NOMBRE_ORIGINAL":"Carta Aceptaci\u00f3n - Hospital.pdf","TIPO_ARCHIVO":"application\/pdf","TAMANO_ARCHIVO":"156672","RUTA_ARCHIVO":"\/uploads\/documentos-practicas\/","FECHA_SUBIDA":"2025-06-03 09:15:00","FECHA_REVISION":"2025-06-03 11:20:00","ID_REVISOR":"17","OBSERVACIONES":"Carta de aceptaci\u00f3n de la entidad","OBSERVACIONES_REVISOR":"Carta oficial con sello institucional","VERSION":"1","ACTIVO":"1","FECHA_CREACION":"2025-09-04 06:59:17","FECHA_ACTUALIZACION":"2025-09-04 06:59:17","ID_TIPO_DOCUMENTO_PREPROFESIONAL":"3","TIPO_DOCUMENTO_CODIGO":"PPR-003","TIPO_DOCUMENTO_NOMBRE":"Carta de Aceptaci\u00f3n","TIPO_DOCUMENTO_DESCRIPCION":"Carta oficial de la entidad receptora \"Instituto Tecnol\u00f3gico Superior Ibarra\" que confirma la aceptaci\u00f3n del o los estudiantes para realizar las pr\u00e1cticas de servicio comunitario en sus instalaciones.","TIPO_DOCUMENTO_ORDEN":"3","TIPO_DOCUMENTO_OBLIGATORIO":"1","ESTADO_REVISION":"Aprobado","ID_ESTUDIANTE":"1","ENTIDAD_RECEPTORA":"Hospital San Vicente de Pa\u00fal","ESTUDIANTE_NOMBRE":"Juan Carlos P\u00e9rez L\u00f3pez","NOMBRE_ESTUDIANTE":"Juan Carlos","APELLIDO_ESTUDIANTE":"P\u00e9rez L\u00f3pez","CEDULA_ESTUDIANTE":"1001234567"},{"ID_DOCUMENTO_PREPROFESIONAL":"2","ID_PRACTICA_PREPROFESIONAL":"1","ID_TIPO_DOCUMENTO":"2","ID_ESTADO_REVISION":"3","NOMBRE_ARCHIVO":"oficio_entidad_receptora_001_20250602.pdf","NOMBRE_ORIGINAL":"Oficio Entidad Receptora - Hospital.pdf","TIPO_ARCHIVO":"application\/pdf","TAMANO_ARCHIVO":"189440","RUTA_ARCHIVO":"\/uploads\/documentos-practicas\/","FECHA_SUBIDA":"2025-06-02 14:30:00","FECHA_REVISION":"2025-06-02 16:45:00","ID_REVISOR":"17","OBSERVACIONES":"Oficio enviado a la entidad receptora","OBSERVACIONES_REVISOR":"Oficio bien redactado y formal","VERSION":"1","ACTIVO":"1","FECHA_CREACION":"2025-09-04 06:59:17","FECHA_ACTUALIZACION":"2025-09-04 06:59:17","ID_TIPO_DOCUMENTO_PREPROFESIONAL":"2","TIPO_DOCUMENTO_CODIGO":"PPR-002","TIPO_DOCUMENTO_NOMBRE":"Oficio a Entidad Receptora","TIPO_DOCUMENTO_DESCRIPCION":"Carta formal enviada por el estudiante a la instituci\u00f3n \"Instituto Tecnol\u00f3gico Superior Ibarra\", con el prop\u00f3sito de solicitar la oportunidad de realizar sus pr\u00e1cticas de servicio comunitario.","TIPO_DOCUMENTO_ORDEN":"2","TIPO_DOCUMENTO_OBLIGATORIO":"1","ESTADO_REVISION":"Aprobado","ID_ESTUDIANTE":"1","ENTIDAD_RECEPTORA":"Hospital San Vicente de Pa\u00fal","ESTUDIANTE_NOMBRE":"Juan Carlos P\u00e9rez L\u00f3pez","NOMBRE_ESTUDIANTE":"Juan Carlos","APELLIDO_ESTUDIANTE":"P\u00e9rez L\u00f3pez","CEDULA_ESTUDIANTE":"1001234567"},{"ID_DOCUMENTO_PREPROFESIONAL":"1","ID_PRACTICA_PREPROFESIONAL":"1","ID_TIPO_DOCUMENTO":"1","ID_ESTADO_REVISION":"3","NOMBRE_ARCHIVO":"oficio_asignacion_tutor_001_20250601.pdf","NOMBRE_ORIGINAL":"Oficio Asignaci\u00f3n Tutor - Juan Carlos.pdf","TIPO_ARCHIVO":"application\/pdf","TAMANO_ARCHIVO":"245760","RUTA_ARCHIVO":"\/uploads\/documentos-practicas\/","FECHA_SUBIDA":"2025-06-01 10:00:00","FECHA_REVISION":"2025-06-01 14:30:00","ID_REVISOR":"17","OBSERVACIONES":"Documento oficial de asignaci\u00f3n","OBSERVACIONES_REVISOR":"Documento aprobado correctamente","VERSION":"1","ACTIVO":"1","FECHA_CREACION":"2025-09-04 06:59:17","FECHA_ACTUALIZACION":"2025-09-04 06:59:17","ID_TIPO_DOCUMENTO_PREPROFESIONAL":"1","TIPO_DOCUMENTO_CODIGO":"PPR-001","TIPO_DOCUMENTO_NOMBRE":"Oficio de Asignaci\u00f3n de Tutor","TIPO_DOCUMENTO_DESCRIPCION":"Documento oficial emitido por la coordinaci\u00f3n de la carrera que designa al docente responsable de la tutor\u00eda y seguimiento de las pr\u00e1cticas de servicio comunitario del estudiante.","TIPO_DOCUMENTO_ORDEN":"1","TIPO_DOCUMENTO_OBLIGATORIO":"1","ESTADO_REVISION":"Aprobado","ID_ESTUDIANTE":"1","ENTIDAD_RECEPTORA":"Hospital San Vicente de Pa\u00fal","ESTUDIANTE_NOMBRE":"Juan Carlos P\u00e9rez L\u00f3pez","NOMBRE_ESTUDIANTE":"Juan Carlos","APELLIDO_ESTUDIANTE":"P\u00e9rez L\u00f3pez","CEDULA_ESTUDIANTE":"1001234567"}]
DEBUG - 2026-03-17 17:08:32 --> Consulta SQL: SELECT *
FROM `TAB_DOCUMENTOS_PRACTICAS_PREPROFESIONALES` `dp`
DEBUG - 2026-03-17 17:08:32 --> Resultados obtenidos: 9
DEBUG - 2026-03-17 17:08:32 --> Tipos de documentos en index: [{"ID_TIPO_DOCUMENTO_PREPROFESIONAL":"1","CODIGO":"PPR-001","NOMBRE":"Oficio de Asignaci\u00f3n de Tutor","DESCRIPCION":"Documento oficial emitido por la coordinaci\u00f3n de la carrera que designa al docente responsable de la tutor\u00eda y seguimiento de las pr\u00e1cticas de servicio comunitario del estudiante.","ORDEN":"1","OBLIGATORIO":"1","ACTIVO":"1","FECHA_CREACION":"2025-09-04 06:59:17","FECHA_ACTUALIZACION":"2025-09-04 06:59:17"},{"ID_TIPO_DOCUMENTO_PREPROFESIONAL":"2","CODIGO":"PPR-002","NOMBRE":"Oficio a Entidad Receptora","DESCRIPCION":"Carta formal enviada por el estudiante a la instituci\u00f3n \"Instituto Tecnol\u00f3gico Superior Ibarra\", con el prop\u00f3sito de solicitar la oportunidad de realizar sus pr\u00e1cticas de servicio comunitario.","ORDEN":"2","OBLIGATORIO":"1","ACTIVO":"1","FECHA_CREACION":"2025-09-04 06:59:17","FECHA_ACTUALIZACION":"2025-09-04 06:59:17"},{"ID_TIPO_DOCUMENTO_PREPROFESIONAL":"3","CODIGO":"PPR-003","NOMBRE":"Carta de Aceptaci\u00f3n","DESCRIPCION":"Carta oficial de la entidad receptora \"Instituto Tecnol\u00f3gico Superior Ibarra\" que confirma la aceptaci\u00f3n del o los estudiantes para realizar las pr\u00e1cticas de servicio comunitario en sus instalaciones.","ORDEN":"3","OBLIGATORIO":"1","ACTIVO":"1","FECHA_CREACION":"2025-09-04 06:59:17","FECHA_ACTUALIZACION":"2025-09-04 06:59:17"},{"ID_TIPO_DOCUMENTO_PREPROFESIONAL":"4","CODIGO":"PPR-004","NOMBRE":"Solicitud Institucional Valorada","DESCRIPCION":"Documento de solicitud formal dirigido al Sr. Rector, Dr. Mario Montenegro, pidiendo la aprobaci\u00f3n institucional para la realizaci\u00f3n de las pr\u00e1cticas de servicio comunitario.","ORDEN":"4","OBLIGATORIO":"1","ACTIVO":"1","FECHA_CREACION":"2025-09-04 06:59:17","FECHA_ACTUALIZACION":"2025-09-04 06:59:17"},{"ID_TIPO_DOCUMENTO_PREPROFESIONAL":"5","CODIGO":"PPR-005","NOMBRE":"Certificado de Culminaci\u00f3n de Horas","DESCRIPCION":"Certificado emitido por la entidad receptora \"Instituto Tecnol\u00f3gico Superior Ibarra\" que acredita que el estudiante ha completado las 60 horas requeridas de pr\u00e1cticas de servicio comunitario.","ORDEN":"5","OBLIGATORIO":"1","ACTIVO":"1","FECHA_CREACION":"2025-09-04 06:59:17","FECHA_ACTUALIZACION":"2025-09-04 06:59:17"},{"ID_TIPO_DOCUMENTO_PREPROFESIONAL":"6","CODIGO":"PPR-006","NOMBRE":"Hojas de Asistencia","DESCRIPCION":"Registro f\u00edsico de la asistencia del estudiante en la entidad receptora. Incluye las firmas y sellos para validar las horas de trabajo.","ORDEN":"6","OBLIGATORIO":"1","ACTIVO":"1","FECHA_CREACION":"2025-09-04 06:59:17","FECHA_ACTUALIZACION":"2025-09-04 06:59:17"},{"ID_TIPO_DOCUMENTO_PREPROFESIONAL":"7","CODIGO":"PPR-007","NOMBRE":"Ficha de Registro de Actividades","DESCRIPCION":"Documento detallado en el que el estudiante registra las actividades espec\u00edficas realizadas durante sus pr\u00e1cticas, incluyendo fechas y descripciones.","ORDEN":"7","OBLIGATORIO":"1","ACTIVO":"1","FECHA_CREACION":"2025-09-04 06:59:17","FECHA_ACTUALIZACION":"2025-09-04 06:59:17"},{"ID_TIPO_DOCUMENTO_PREPROFESIONAL":"8","CODIGO":"PPR-008","NOMBRE":"R\u00fabrica de Evaluaci\u00f3n de Entidad","DESCRIPCION":"Formulario de evaluaci\u00f3n del desempe\u00f1o del estudiante, llenado y sellado por la entidad receptora. Valora aspectos como la responsabilidad, la proactividad y la calidad del trabajo.","ORDEN":"8","OBLIGATORIO":"1","ACTIVO":"1","FECHA_CREACION":"2025-09-04 06:59:17","FECHA_ACTUALIZACION":"2025-09-04 06:59:17"},{"ID_TIPO_DOCUMENTO_PREPROFESIONAL":"9","CODIGO":"PPR-009","NOMBRE":"Ficha de Control y Seguimiento Docente","DESCRIPCION":"Documento utilizado por el tutor docente para registrar el seguimiento acad\u00e9mico del estudiante durante las pr\u00e1cticas. Incluye visitas o revisiones peri\u00f3dicas.","ORDEN":"9","OBLIGATORIO":"1","ACTIVO":"1","FECHA_CREACION":"2025-09-04 06:59:17","FECHA_ACTUALIZACION":"2025-09-04 06:59:17"},{"ID_TIPO_DOCUMENTO_PREPROFESIONAL":"10","CODIGO":"PPR-010","NOMBRE":"R\u00fabrica de Evaluaci\u00f3n Docente","DESCRIPCION":"R\u00fabrica de evaluaci\u00f3n llenada y firmada por el tutor docente. Califica el desempe\u00f1o del estudiante en base a los criterios acad\u00e9micos del programa.","ORDEN":"10","OBLIGATORIO":"1","ACTIVO":"1","FECHA_CREACION":"2025-09-04 06:59:17","FECHA_ACTUALIZACION":"2025-09-04 06:59:17"},{"ID_TIPO_DOCUMENTO_PREPROFESIONAL":"11","CODIGO":"PPR-011","NOMBRE":"R\u00fabrica de Evaluaci\u00f3n de Resultados","DESCRIPCION":"Evaluaci\u00f3n final realizada por el Departamento de Vinculaci\u00f3n con la Sociedad, que valora los resultados y el impacto del proyecto de servicio comunitario en su conjunto.","ORDEN":"11","OBLIGATORIO":"1","ACTIVO":"1","FECHA_CREACION":"2025-09-04 06:59:17","FECHA_ACTUALIZACION":"2025-09-04 06:59:17"},{"ID_TIPO_DOCUMENTO_PREPROFESIONAL":"12","CODIGO":"PPR-012","NOMBRE":"Evidencia Fotogr\u00e1fica y Digital","DESCRIPCION":"Material de apoyo visual y digital, como fotos, capturas, videos o impresiones, que documenta y comprueba la realizaci\u00f3n de las actividades y trabajos del proyecto.","ORDEN":"12","OBLIGATORIO":"1","ACTIVO":"1","FECHA_CREACION":"2025-09-04 06:59:17","FECHA_ACTUALIZACION":"2025-09-04 06:59:17"}]
DEBUG - 2026-03-17 17:08:32 --> Session: Class initialized using 'CodeIgniter\Session\Handlers\FileHandler' driver.
DEBUG - 2026-03-17 17:08:32 --> Consulta SQL: SELECT *
FROM `TAB_DOCUMENTOS_PRACTICAS_PREPROFESIONALES` `dp`
DEBUG - 2026-03-17 17:08:32 --> Resultados obtenidos: 9
DEBUG - 2026-03-17 17:08:32 --> Documentos obtenidos: [{"ID_DOCUMENTO_PREPROFESIONAL":"17","ID_PRACTICA_PREPROFESIONAL":"2","ID_TIPO_DOCUMENTO":"9","ID_ESTADO_REVISION":"4","NOMBRE_ARCHIVO":"ficha_control_seguimiento_002_20250920.pdf","NOMBRE_ORIGINAL":"Ficha Control Seguimiento - Mar\u00eda.pdf","TIPO_ARCHIVO":"application\/pdf","TAMANO_ARCHIVO":"112233","RUTA_ARCHIVO":"\/uploads\/documentos-practicas\/","FECHA_SUBIDA":"2025-09-20 10:15:00","FECHA_REVISION":"2025-09-20 12:45:00","ID_REVISOR":"18","OBSERVACIONES":"Ficha de control y seguimiento docente","OBSERVACIONES_REVISOR":"Faltan las firmas del tutor docente, documento inv\u00e1lido","VERSION":"1","ACTIVO":"1","FECHA_CREACION":"2025-09-04 06:59:17","FECHA_ACTUALIZACION":"2025-09-04 06:59:17","ID_TIPO_DOCUMENTO_PREPROFESIONAL":"9","TIPO_DOCUMENTO_CODIGO":"PPR-009","TIPO_DOCUMENTO_NOMBRE":"Ficha de Control y Seguimiento Docente","TIPO_DOCUMENTO_DESCRIPCION":"Documento utilizado por el tutor docente para registrar el seguimiento acad\u00e9mico del estudiante durante las pr\u00e1cticas. Incluye visitas o revisiones peri\u00f3dicas.","TIPO_DOCUMENTO_ORDEN":"9","TIPO_DOCUMENTO_OBLIGATORIO":"1","ESTADO_REVISION":"Rechazado","ID_ESTUDIANTE":"2","ENTIDAD_RECEPTORA":"Banco del Pac\u00edfico","ESTUDIANTE_NOMBRE":"Mar\u00eda Elena Garc\u00eda Torres","NOMBRE_ESTUDIANTE":"Mar\u00eda Elena","APELLIDO_ESTUDIANTE":"Garc\u00eda Torres","CEDULA_ESTUDIANTE":"1002345678"},{"ID_DOCUMENTO_PREPROFESIONAL":"15","ID_PRACTICA_PREPROFESIONAL":"2","ID_TIPO_DOCUMENTO":"7","ID_ESTADO_REVISION":"5","NOMBRE_ARCHIVO":"ficha_registro_actividades_002_20250915.pdf","NOMBRE_ORIGINAL":"Ficha Registro Actividades - Mar\u00eda.pdf","TIPO_ARCHIVO":"application\/pdf","TAMANO_ARCHIVO":"98765","RUTA_ARCHIVO":"\/uploads\/documentos-practicas\/","FECHA_SUBIDA":"2025-09-15 11:30:00","FECHA_REVISION":"2025-09-15 14:20:00","ID_REVISOR":"18","OBSERVACIONES":"Ficha de registro de actividades","OBSERVACIONES_REVISOR":"Descripci\u00f3n de actividades muy general, especificar m\u00e1s detalles","VERSION":"1","ACTIVO":"1","FECHA_CREACION":"2025-09-04 06:59:17","FECHA_ACTUALIZACION":"2025-09-04 06:59:17","ID_TIPO_DOCUMENTO_PREPROFESIONAL":"7","TIPO_DOCUMENTO_CODIGO":"PPR-007","TIPO_DOCUMENTO_NOMBRE":"Ficha de Registro de Actividades","TIPO_DOCUMENTO_DESCRIPCION":"Documento detallado en el que el estudiante registra las actividades espec\u00edficas realizadas durante sus pr\u00e1cticas, incluyendo fechas y descripciones.","TIPO_DOCUMENTO_ORDEN":"7","TIPO_DOCUMENTO_OBLIGATORIO":"1","ESTADO_REVISION":"Requiere Correcci\u00f3n","ID_ESTUDIANTE":"2","ENTIDAD_RECEPTORA":"Banco del Pac\u00edfico","ESTUDIANTE_NOMBRE":"Mar\u00eda Elena Garc\u00eda Torres","NOMBRE_ESTUDIANTE":"Mar\u00eda Elena","APELLIDO_ESTUDIANTE":"Garc\u00eda Torres","CEDULA_ESTUDIANTE":"1002345678"},{"ID_DOCUMENTO_PREPROFESIONAL":"14","ID_PRACTICA_PREPROFESIONAL":"1","ID_TIPO_DOCUMENTO":"6","ID_ESTADO_REVISION":"5","NOMBRE_ARCHIVO":"hojas_asistencia_001_20250830.pdf","NOMBRE_ORIGINAL":"Hojas de Asistencia - Juan Carlos.pdf","TIPO_ARCHIVO":"application\/pdf","TAMANO_ARCHIVO":"123456","RUTA_ARCHIVO":"\/uploads\/documentos-practicas\/","FECHA_SUBIDA":"2025-08-30 16:15:00","FECHA_REVISION":"2025-08-30 17:45:00","ID_REVISOR":"17","OBSERVACIONES":"Hojas de asistencia completas","OBSERVACIONES_REVISOR":"Faltan firmas en algunas fechas, corregir y volver a subir","VERSION":"1","ACTIVO":"1","FECHA_CREACION":"2025-09-04 06:59:17","FECHA_ACTUALIZACION":"2025-09-04 06:59:17","ID_TIPO_DOCUMENTO_PREPROFESIONAL":"6","TIPO_DOCUMENTO_CODIGO":"PPR-006","TIPO_DOCUMENTO_NOMBRE":"Hojas de Asistencia","TIPO_DOCUMENTO_DESCRIPCION":"Registro f\u00edsico de la asistencia del estudiante en la entidad receptora. Incluye las firmas y sellos para validar las horas de trabajo.","TIPO_DOCUMENTO_ORDEN":"6","TIPO_DOCUMENTO_OBLIGATORIO":"1","ESTADO_REVISION":"Requiere Correcci\u00f3n","ID_ESTUDIANTE":"1","ENTIDAD_RECEPTORA":"Hospital San Vicente de Pa\u00fal","ESTUDIANTE_NOMBRE":"Juan Carlos P\u00e9rez L\u00f3pez","NOMBRE_ESTUDIANTE":"Juan Carlos","APELLIDO_ESTUDIANTE":"P\u00e9rez L\u00f3pez","CEDULA_ESTUDIANTE":"1001234567"},{"ID_DOCUMENTO_PREPROFESIONAL":"16","ID_PRACTICA_PREPROFESIONAL":"1","ID_TIPO_DOCUMENTO":"8","ID_ESTADO_REVISION":"4","NOMBRE_ARCHIVO":"rubrica_evaluacion_entidad_001_20250825.pdf","NOMBRE_ORIGINAL":"R\u00fabrica Evaluaci\u00f3n Entidad - Juan.pdf","TIPO_ARCHIVO":"application\/pdf","TAMANO_ARCHIVO":"87654","RUTA_ARCHIVO":"\/uploads\/documentos-practicas\/","FECHA_SUBIDA":"2025-08-25 15:00:00","FECHA_REVISION":"2025-08-25 16:30:00","ID_REVISOR":"17","OBSERVACIONES":"R\u00fabrica de evaluaci\u00f3n de entidad","OBSERVACIONES_REVISOR":"Documento no tiene sello oficial de la entidad, rechazado","VERSION":"1","ACTIVO":"1","FECHA_CREACION":"2025-09-04 06:59:17","FECHA_ACTUALIZACION":"2025-09-04 06:59:17","ID_TIPO_DOCUMENTO_PREPROFESIONAL":"8","TIPO_DOCUMENTO_CODIGO":"PPR-008","TIPO_DOCUMENTO_NOMBRE":"R\u00fabrica de Evaluaci\u00f3n de Entidad","TIPO_DOCUMENTO_DESCRIPCION":"Formulario de evaluaci\u00f3n del desempe\u00f1o del estudiante, llenado y sellado por la entidad receptora. Valora aspectos como la responsabilidad, la proactividad y la calidad del trabajo.","TIPO_DOCUMENTO_ORDEN":"8","TIPO_DOCUMENTO_OBLIGATORIO":"1","ESTADO_REVISION":"Rechazado","ID_ESTUDIANTE":"1","ENTIDAD_RECEPTORA":"Hospital San Vicente de Pa\u00fal","ESTUDIANTE_NOMBRE":"Juan Carlos P\u00e9rez L\u00f3pez","NOMBRE_ESTUDIANTE":"Juan Carlos","APELLIDO_ESTUDIANTE":"P\u00e9rez L\u00f3pez","CEDULA_ESTUDIANTE":"1001234567"},{"ID_DOCUMENTO_PREPROFESIONAL":"5","ID_PRACTICA_PREPROFESIONAL":"2","ID_TIPO_DOCUMENTO":"2","ID_ESTADO_REVISION":"3","NOMBRE_ARCHIVO":"oficio_entidad_receptora_002_20250702.pdf","NOMBRE_ORIGINAL":"Oficio Entidad Receptora - Banco.pdf","TIPO_ARCHIVO":"application\/pdf","TAMANO_ARCHIVO":"178944","RUTA_ARCHIVO":"\/uploads\/documentos-practicas\/","FECHA_SUBIDA":"2025-07-02 15:45:00","FECHA_REVISION":"2025-07-02 17:20:00","ID_REVISOR":"18","OBSERVACIONES":"Oficio enviado a la entidad receptora","OBSERVACIONES_REVISOR":"Oficio formal y bien estructurado","VERSION":"1","ACTIVO":"1","FECHA_CREACION":"2025-09-04 06:59:17","FECHA_ACTUALIZACION":"2025-09-04 06:59:17","ID_TIPO_DOCUMENTO_PREPROFESIONAL":"2","TIPO_DOCUMENTO_CODIGO":"PPR-002","TIPO_DOCUMENTO_NOMBRE":"Oficio a Entidad Receptora","TIPO_DOCUMENTO_DESCRIPCION":"Carta formal enviada por el estudiante a la instituci\u00f3n \"Instituto Tecnol\u00f3gico Superior Ibarra\", con el prop\u00f3sito de solicitar la oportunidad de realizar sus pr\u00e1cticas de servicio comunitario.","TIPO_DOCUMENTO_ORDEN":"2","TIPO_DOCUMENTO_OBLIGATORIO":"1","ESTADO_REVISION":"Aprobado","ID_ESTUDIANTE":"2","ENTIDAD_RECEPTORA":"Banco del Pac\u00edfico","ESTUDIANTE_NOMBRE":"Mar\u00eda Elena Garc\u00eda Torres","NOMBRE_ESTUDIANTE":"Mar\u00eda Elena","APELLIDO_ESTUDIANTE":"Garc\u00eda Torres","CEDULA_ESTUDIANTE":"1002345678"},{"ID_DOCUMENTO_PREPROFESIONAL":"4","ID_PRACTICA_PREPROFESIONAL":"2","ID_TIPO_DOCUMENTO":"1","ID_ESTADO_REVISION":"3","NOMBRE_ARCHIVO":"oficio_asignacion_tutor_002_20250701.pdf","NOMBRE_ORIGINAL":"Oficio Asignaci\u00f3n Tutor - Mar\u00eda Elena.pdf","TIPO_ARCHIVO":"application\/pdf","TAMANO_ARCHIVO":"234880","RUTA_ARCHIVO":"\/uploads\/documentos-practicas\/","FECHA_SUBIDA":"2025-07-01 11:00:00","FECHA_REVISION":"2025-07-01 13:15:00","ID_REVISOR":"18","OBSERVACIONES":"Documento oficial de asignaci\u00f3n","OBSERVACIONES_REVISOR":"Asignaci\u00f3n correcta del tutor","VERSION":"1","ACTIVO":"1","FECHA_CREACION":"2025-09-04 06:59:17","FECHA_ACTUALIZACION":"2025-09-04 06:59:17","ID_TIPO_DOCUMENTO_PREPROFESIONAL":"1","TIPO_DOCUMENTO_CODIGO":"PPR-001","TIPO_DOCUMENTO_NOMBRE":"Oficio de Asignaci\u00f3n de Tutor","TIPO_DOCUMENTO_DESCRIPCION":"Documento oficial emitido por la coordinaci\u00f3n de la carrera que designa al docente responsable de la tutor\u00eda y seguimiento de las pr\u00e1cticas de servicio comunitario del estudiante.","TIPO_DOCUMENTO_ORDEN":"1","TIPO_DOCUMENTO_OBLIGATORIO":"1","ESTADO_REVISION":"Aprobado","ID_ESTUDIANTE":"2","ENTIDAD_RECEPTORA":"Banco del Pac\u00edfico","ESTUDIANTE_NOMBRE":"Mar\u00eda Elena Garc\u00eda Torres","NOMBRE_ESTUDIANTE":"Mar\u00eda Elena","APELLIDO_ESTUDIANTE":"Garc\u00eda Torres","CEDULA_ESTUDIANTE":"1002345678"},{"ID_DOCUMENTO_PREPROFESIONAL":"3","ID_PRACTICA_PREPROFESIONAL":"1","ID_TIPO_DOCUMENTO":"3","ID_ESTADO_REVISION":"3","NOMBRE_ARCHIVO":"carta_aceptacion_001_20250603.pdf","NOMBRE_ORIGINAL":"Carta Aceptaci\u00f3n - Hospital.pdf","TIPO_ARCHIVO":"application\/pdf","TAMANO_ARCHIVO":"156672","RUTA_ARCHIVO":"\/uploads\/documentos-practicas\/","FECHA_SUBIDA":"2025-06-03 09:15:00","FECHA_REVISION":"2025-06-03 11:20:00","ID_REVISOR":"17","OBSERVACIONES":"Carta de aceptaci\u00f3n de la entidad","OBSERVACIONES_REVISOR":"Carta oficial con sello institucional","VERSION":"1","ACTIVO":"1","FECHA_CREACION":"2025-09-04 06:59:17","FECHA_ACTUALIZACION":"2025-09-04 06:59:17","ID_TIPO_DOCUMENTO_PREPROFESIONAL":"3","TIPO_DOCUMENTO_CODIGO":"PPR-003","TIPO_DOCUMENTO_NOMBRE":"Carta de Aceptaci\u00f3n","TIPO_DOCUMENTO_DESCRIPCION":"Carta oficial de la entidad receptora \"Instituto Tecnol\u00f3gico Superior Ibarra\" que confirma la aceptaci\u00f3n del o los estudiantes para realizar las pr\u00e1cticas de servicio comunitario en sus instalaciones.","TIPO_DOCUMENTO_ORDEN":"3","TIPO_DOCUMENTO_OBLIGATORIO":"1","ESTADO_REVISION":"Aprobado","ID_ESTUDIANTE":"1","ENTIDAD_RECEPTORA":"Hospital San Vicente de Pa\u00fal","ESTUDIANTE_NOMBRE":"Juan Carlos P\u00e9rez L\u00f3pez","NOMBRE_ESTUDIANTE":"Juan Carlos","APELLIDO_ESTUDIANTE":"P\u00e9rez L\u00f3pez","CEDULA_ESTUDIANTE":"1001234567"},{"ID_DOCUMENTO_PREPROFESIONAL":"2","ID_PRACTICA_PREPROFESIONAL":"1","ID_TIPO_DOCUMENTO":"2","ID_ESTADO_REVISION":"3","NOMBRE_ARCHIVO":"oficio_entidad_receptora_001_20250602.pdf","NOMBRE_ORIGINAL":"Oficio Entidad Receptora - Hospital.pdf","TIPO_ARCHIVO":"application\/pdf","TAMANO_ARCHIVO":"189440","RUTA_ARCHIVO":"\/uploads\/documentos-practicas\/","FECHA_SUBIDA":"2025-06-02 14:30:00","FECHA_REVISION":"2025-06-02 16:45:00","ID_REVISOR":"17","OBSERVACIONES":"Oficio enviado a la entidad receptora","OBSERVACIONES_REVISOR":"Oficio bien redactado y formal","VERSION":"1","ACTIVO":"1","FECHA_CREACION":"2025-09-04 06:59:17","FECHA_ACTUALIZACION":"2025-09-04 06:59:17","ID_TIPO_DOCUMENTO_PREPROFESIONAL":"2","TIPO_DOCUMENTO_CODIGO":"PPR-002","TIPO_DOCUMENTO_NOMBRE":"Oficio a Entidad Receptora","TIPO_DOCUMENTO_DESCRIPCION":"Carta formal enviada por el estudiante a la instituci\u00f3n \"Instituto Tecnol\u00f3gico Superior Ibarra\", con el prop\u00f3sito de solicitar la oportunidad de realizar sus pr\u00e1cticas de servicio comunitario.","TIPO_DOCUMENTO_ORDEN":"2","TIPO_DOCUMENTO_OBLIGATORIO":"1","ESTADO_REVISION":"Aprobado","ID_ESTUDIANTE":"1","ENTIDAD_RECEPTORA":"Hospital San Vicente de Pa\u00fal","ESTUDIANTE_NOMBRE":"Juan Carlos P\u00e9rez L\u00f3pez","NOMBRE_ESTUDIANTE":"Juan Carlos","APELLIDO_ESTUDIANTE":"P\u00e9rez L\u00f3pez","CEDULA_ESTUDIANTE":"1001234567"},{"ID_DOCUMENTO_PREPROFESIONAL":"1","ID_PRACTICA_PREPROFESIONAL":"1","ID_TIPO_DOCUMENTO":"1","ID_ESTADO_REVISION":"3","NOMBRE_ARCHIVO":"oficio_asignacion_tutor_001_20250601.pdf","NOMBRE_ORIGINAL":"Oficio Asignaci\u00f3n Tutor - Juan Carlos.pdf","TIPO_ARCHIVO":"application\/pdf","TAMANO_ARCHIVO":"245760","RUTA_ARCHIVO":"\/uploads\/documentos-practicas\/","FECHA_SUBIDA":"2025-06-01 10:00:00","FECHA_REVISION":"2025-06-01 14:30:00","ID_REVISOR":"17","OBSERVACIONES":"Documento oficial de asignaci\u00f3n","OBSERVACIONES_REVISOR":"Documento aprobado correctamente","VERSION":"1","ACTIVO":"1","FECHA_CREACION":"2025-09-04 06:59:17","FECHA_ACTUALIZACION":"2025-09-04 06:59:17","ID_TIPO_DOCUMENTO_PREPROFESIONAL":"1","TIPO_DOCUMENTO_CODIGO":"PPR-001","TIPO_DOCUMENTO_NOMBRE":"Oficio de Asignaci\u00f3n de Tutor","TIPO_DOCUMENTO_DESCRIPCION":"Documento oficial emitido por la coordinaci\u00f3n de la carrera que designa al docente responsable de la tutor\u00eda y seguimiento de las pr\u00e1cticas de servicio comunitario del estudiante.","TIPO_DOCUMENTO_ORDEN":"1","TIPO_DOCUMENTO_OBLIGATORIO":"1","ESTADO_REVISION":"Aprobado","ID_ESTUDIANTE":"1","ENTIDAD_RECEPTORA":"Hospital San Vicente de Pa\u00fal","ESTUDIANTE_NOMBRE":"Juan Carlos P\u00e9rez L\u00f3pez","NOMBRE_ESTUDIANTE":"Juan Carlos","APELLIDO_ESTUDIANTE":"P\u00e9rez L\u00f3pez","CEDULA_ESTUDIANTE":"1001234567"}]
DEBUG - 2026-03-17 17:08:44 --> Session: Class initialized using 'CodeIgniter\Session\Handlers\FileHandler' driver.
DEBUG - 2026-03-17 17:13:03 --> Session: Class initialized using 'CodeIgniter\Session\Handlers\FileHandler' driver.
DEBUG - 2026-03-17 17:18:44 --> Session: Class initialized using 'CodeIgniter\Session\Handlers\FileHandler' driver.
DEBUG - 2026-03-17 17:21:51 --> Session: Class initialized using 'CodeIgniter\Session\Handlers\FileHandler' driver.
DEBUG - 2026-03-17 17:26:06 --> Session: Class initialized using 'CodeIgniter\Session\Handlers\FileHandler' driver.
DEBUG - 2026-03-17 17:26:30 --> Session: Class initialized using 'CodeIgniter\Session\Handlers\FileHandler' driver.
DEBUG - 2026-03-17 17:26:31 --> Consulta SQL: SELECT *
FROM `TAB_DOCUMENTOS_PRACTICAS_PREPROFESIONALES` `dp`
DEBUG - 2026-03-17 17:26:31 --> Resultados obtenidos: 9
DEBUG - 2026-03-17 17:26:31 --> Tipos de documentos en index: [{"ID_TIPO_DOCUMENTO_PREPROFESIONAL":"1","CODIGO":"PPR-001","NOMBRE":"Oficio de Asignaci\u00f3n de Tutor","DESCRIPCION":"Documento oficial emitido por la coordinaci\u00f3n de la carrera que designa al docente responsable de la tutor\u00eda y seguimiento de las pr\u00e1cticas de servicio comunitario del estudiante.","ORDEN":"1","OBLIGATORIO":"1","ACTIVO":"1","FECHA_CREACION":"2025-09-04 06:59:17","FECHA_ACTUALIZACION":"2025-09-04 06:59:17"},{"ID_TIPO_DOCUMENTO_PREPROFESIONAL":"2","CODIGO":"PPR-002","NOMBRE":"Oficio a Entidad Receptora","DESCRIPCION":"Carta formal enviada por el estudiante a la instituci\u00f3n \"Instituto Tecnol\u00f3gico Superior Ibarra\", con el prop\u00f3sito de solicitar la oportunidad de realizar sus pr\u00e1cticas de servicio comunitario.","ORDEN":"2","OBLIGATORIO":"1","ACTIVO":"1","FECHA_CREACION":"2025-09-04 06:59:17","FECHA_ACTUALIZACION":"2025-09-04 06:59:17"},{"ID_TIPO_DOCUMENTO_PREPROFESIONAL":"3","CODIGO":"PPR-003","NOMBRE":"Carta de Aceptaci\u00f3n","DESCRIPCION":"Carta oficial de la entidad receptora \"Instituto Tecnol\u00f3gico Superior Ibarra\" que confirma la aceptaci\u00f3n del o los estudiantes para realizar las pr\u00e1cticas de servicio comunitario en sus instalaciones.","ORDEN":"3","OBLIGATORIO":"1","ACTIVO":"1","FECHA_CREACION":"2025-09-04 06:59:17","FECHA_ACTUALIZACION":"2025-09-04 06:59:17"},{"ID_TIPO_DOCUMENTO_PREPROFESIONAL":"4","CODIGO":"PPR-004","NOMBRE":"Solicitud Institucional Valorada","DESCRIPCION":"Documento de solicitud formal dirigido al Sr. Rector, Dr. Mario Montenegro, pidiendo la aprobaci\u00f3n institucional para la realizaci\u00f3n de las pr\u00e1cticas de servicio comunitario.","ORDEN":"4","OBLIGATORIO":"1","ACTIVO":"1","FECHA_CREACION":"2025-09-04 06:59:17","FECHA_ACTUALIZACION":"2025-09-04 06:59:17"},{"ID_TIPO_DOCUMENTO_PREPROFESIONAL":"5","CODIGO":"PPR-005","NOMBRE":"Certificado de Culminaci\u00f3n de Horas","DESCRIPCION":"Certificado emitido por la entidad receptora \"Instituto Tecnol\u00f3gico Superior Ibarra\" que acredita que el estudiante ha completado las 60 horas requeridas de pr\u00e1cticas de servicio comunitario.","ORDEN":"5","OBLIGATORIO":"1","ACTIVO":"1","FECHA_CREACION":"2025-09-04 06:59:17","FECHA_ACTUALIZACION":"2025-09-04 06:59:17"},{"ID_TIPO_DOCUMENTO_PREPROFESIONAL":"6","CODIGO":"PPR-006","NOMBRE":"Hojas de Asistencia","DESCRIPCION":"Registro f\u00edsico de la asistencia del estudiante en la entidad receptora. Incluye las firmas y sellos para validar las horas de trabajo.","ORDEN":"6","OBLIGATORIO":"1","ACTIVO":"1","FECHA_CREACION":"2025-09-04 06:59:17","FECHA_ACTUALIZACION":"2025-09-04 06:59:17"},{"ID_TIPO_DOCUMENTO_PREPROFESIONAL":"7","CODIGO":"PPR-007","NOMBRE":"Ficha de Registro de Actividades","DESCRIPCION":"Documento detallado en el que el estudiante registra las actividades espec\u00edficas realizadas durante sus pr\u00e1cticas, incluyendo fechas y descripciones.","ORDEN":"7","OBLIGATORIO":"1","ACTIVO":"1","FECHA_CREACION":"2025-09-04 06:59:17","FECHA_ACTUALIZACION":"2025-09-04 06:59:17"},{"ID_TIPO_DOCUMENTO_PREPROFESIONAL":"8","CODIGO":"PPR-008","NOMBRE":"R\u00fabrica de Evaluaci\u00f3n de Entidad","DESCRIPCION":"Formulario de evaluaci\u00f3n del desempe\u00f1o del estudiante, llenado y sellado por la entidad receptora. Valora aspectos como la responsabilidad, la proactividad y la calidad del trabajo.","ORDEN":"8","OBLIGATORIO":"1","ACTIVO":"1","FECHA_CREACION":"2025-09-04 06:59:17","FECHA_ACTUALIZACION":"2025-09-04 06:59:17"},{"ID_TIPO_DOCUMENTO_PREPROFESIONAL":"9","CODIGO":"PPR-009","NOMBRE":"Ficha de Control y Seguimiento Docente","DESCRIPCION":"Documento utilizado por el tutor docente para registrar el seguimiento acad\u00e9mico del estudiante durante las pr\u00e1cticas. Incluye visitas o revisiones peri\u00f3dicas.","ORDEN":"9","OBLIGATORIO":"1","ACTIVO":"1","FECHA_CREACION":"2025-09-04 06:59:17","FECHA_ACTUALIZACION":"2025-09-04 06:59:17"},{"ID_TIPO_DOCUMENTO_PREPROFESIONAL":"10","CODIGO":"PPR-010","NOMBRE":"R\u00fabrica de Evaluaci\u00f3n Docente","DESCRIPCION":"R\u00fabrica de evaluaci\u00f3n llenada y firmada por el tutor docente. Califica el desempe\u00f1o del estudiante en base a los criterios acad\u00e9micos del programa.","ORDEN":"10","OBLIGATORIO":"1","ACTIVO":"1","FECHA_CREACION":"2025-09-04 06:59:17","FECHA_ACTUALIZACION":"2025-09-04 06:59:17"},{"ID_TIPO_DOCUMENTO_PREPROFESIONAL":"11","CODIGO":"PPR-011","NOMBRE":"R\u00fabrica de Evaluaci\u00f3n de Resultados","DESCRIPCION":"Evaluaci\u00f3n final realizada por el Departamento de Vinculaci\u00f3n con la Sociedad, que valora los resultados y el impacto del proyecto de servicio comunitario en su conjunto.","ORDEN":"11","OBLIGATORIO":"1","ACTIVO":"1","FECHA_CREACION":"2025-09-04 06:59:17","FECHA_ACTUALIZACION":"2025-09-04 06:59:17"},{"ID_TIPO_DOCUMENTO_PREPROFESIONAL":"12","CODIGO":"PPR-012","NOMBRE":"Evidencia Fotogr\u00e1fica y Digital","DESCRIPCION":"Material de apoyo visual y digital, como fotos, capturas, videos o impresiones, que documenta y comprueba la realizaci\u00f3n de las actividades y trabajos del proyecto.","ORDEN":"12","OBLIGATORIO":"1","ACTIVO":"1","FECHA_CREACION":"2025-09-04 06:59:17","FECHA_ACTUALIZACION":"2025-09-04 06:59:17"}]
DEBUG - 2026-03-17 17:26:31 --> Session: Class initialized using 'CodeIgniter\Session\Handlers\FileHandler' driver.
DEBUG - 2026-03-17 17:26:31 --> Consulta SQL: SELECT *
FROM `TAB_DOCUMENTOS_PRACTICAS_PREPROFESIONALES` `dp`
DEBUG - 2026-03-17 17:26:31 --> Resultados obtenidos: 9
DEBUG - 2026-03-17 17:26:31 --> Documentos obtenidos: [{"ID_DOCUMENTO_PREPROFESIONAL":"17","ID_PRACTICA_PREPROFESIONAL":"2","ID_TIPO_DOCUMENTO":"9","ID_ESTADO_REVISION":"4","NOMBRE_ARCHIVO":"ficha_control_seguimiento_002_20250920.pdf","NOMBRE_ORIGINAL":"Ficha Control Seguimiento - Mar\u00eda.pdf","TIPO_ARCHIVO":"application\/pdf","TAMANO_ARCHIVO":"112233","RUTA_ARCHIVO":"\/uploads\/documentos-practicas\/","FECHA_SUBIDA":"2025-09-20 10:15:00","FECHA_REVISION":"2025-09-20 12:45:00","ID_REVISOR":"18","OBSERVACIONES":"Ficha de control y seguimiento docente","OBSERVACIONES_REVISOR":"Faltan las firmas del tutor docente, documento inv\u00e1lido","VERSION":"1","ACTIVO":"1","FECHA_CREACION":"2025-09-04 06:59:17","FECHA_ACTUALIZACION":"2025-09-04 06:59:17","ID_TIPO_DOCUMENTO_PREPROFESIONAL":"9","TIPO_DOCUMENTO_CODIGO":"PPR-009","TIPO_DOCUMENTO_NOMBRE":"Ficha de Control y Seguimiento Docente","TIPO_DOCUMENTO_DESCRIPCION":"Documento utilizado por el tutor docente para registrar el seguimiento acad\u00e9mico del estudiante durante las pr\u00e1cticas. Incluye visitas o revisiones peri\u00f3dicas.","TIPO_DOCUMENTO_ORDEN":"9","TIPO_DOCUMENTO_OBLIGATORIO":"1","ESTADO_REVISION":"Rechazado","ID_ESTUDIANTE":"2","ENTIDAD_RECEPTORA":"Banco del Pac\u00edfico","ESTUDIANTE_NOMBRE":"Mar\u00eda Elena Garc\u00eda Torres","NOMBRE_ESTUDIANTE":"Mar\u00eda Elena","APELLIDO_ESTUDIANTE":"Garc\u00eda Torres","CEDULA_ESTUDIANTE":"1002345678"},{"ID_DOCUMENTO_PREPROFESIONAL":"15","ID_PRACTICA_PREPROFESIONAL":"2","ID_TIPO_DOCUMENTO":"7","ID_ESTADO_REVISION":"5","NOMBRE_ARCHIVO":"ficha_registro_actividades_002_20250915.pdf","NOMBRE_ORIGINAL":"Ficha Registro Actividades - Mar\u00eda.pdf","TIPO_ARCHIVO":"application\/pdf","TAMANO_ARCHIVO":"98765","RUTA_ARCHIVO":"\/uploads\/documentos-practicas\/","FECHA_SUBIDA":"2025-09-15 11:30:00","FECHA_REVISION":"2025-09-15 14:20:00","ID_REVISOR":"18","OBSERVACIONES":"Ficha de registro de actividades","OBSERVACIONES_REVISOR":"Descripci\u00f3n de actividades muy general, especificar m\u00e1s detalles","VERSION":"1","ACTIVO":"1","FECHA_CREACION":"2025-09-04 06:59:17","FECHA_ACTUALIZACION":"2025-09-04 06:59:17","ID_TIPO_DOCUMENTO_PREPROFESIONAL":"7","TIPO_DOCUMENTO_CODIGO":"PPR-007","TIPO_DOCUMENTO_NOMBRE":"Ficha de Registro de Actividades","TIPO_DOCUMENTO_DESCRIPCION":"Documento detallado en el que el estudiante registra las actividades espec\u00edficas realizadas durante sus pr\u00e1cticas, incluyendo fechas y descripciones.","TIPO_DOCUMENTO_ORDEN":"7","TIPO_DOCUMENTO_OBLIGATORIO":"1","ESTADO_REVISION":"Requiere Correcci\u00f3n","ID_ESTUDIANTE":"2","ENTIDAD_RECEPTORA":"Banco del Pac\u00edfico","ESTUDIANTE_NOMBRE":"Mar\u00eda Elena Garc\u00eda Torres","NOMBRE_ESTUDIANTE":"Mar\u00eda Elena","APELLIDO_ESTUDIANTE":"Garc\u00eda Torres","CEDULA_ESTUDIANTE":"1002345678"},{"ID_DOCUMENTO_PREPROFESIONAL":"14","ID_PRACTICA_PREPROFESIONAL":"1","ID_TIPO_DOCUMENTO":"6","ID_ESTADO_REVISION":"5","NOMBRE_ARCHIVO":"hojas_asistencia_001_20250830.pdf","NOMBRE_ORIGINAL":"Hojas de Asistencia - Juan Carlos.pdf","TIPO_ARCHIVO":"application\/pdf","TAMANO_ARCHIVO":"123456","RUTA_ARCHIVO":"\/uploads\/documentos-practicas\/","FECHA_SUBIDA":"2025-08-30 16:15:00","FECHA_REVISION":"2025-08-30 17:45:00","ID_REVISOR":"17","OBSERVACIONES":"Hojas de asistencia completas","OBSERVACIONES_REVISOR":"Faltan firmas en algunas fechas, corregir y volver a subir","VERSION":"1","ACTIVO":"1","FECHA_CREACION":"2025-09-04 06:59:17","FECHA_ACTUALIZACION":"2025-09-04 06:59:17","ID_TIPO_DOCUMENTO_PREPROFESIONAL":"6","TIPO_DOCUMENTO_CODIGO":"PPR-006","TIPO_DOCUMENTO_NOMBRE":"Hojas de Asistencia","TIPO_DOCUMENTO_DESCRIPCION":"Registro f\u00edsico de la asistencia del estudiante en la entidad receptora. Incluye las firmas y sellos para validar las horas de trabajo.","TIPO_DOCUMENTO_ORDEN":"6","TIPO_DOCUMENTO_OBLIGATORIO":"1","ESTADO_REVISION":"Requiere Correcci\u00f3n","ID_ESTUDIANTE":"1","ENTIDAD_RECEPTORA":"Hospital San Vicente de Pa\u00fal","ESTUDIANTE_NOMBRE":"Juan Carlos P\u00e9rez L\u00f3pez","NOMBRE_ESTUDIANTE":"Juan Carlos","APELLIDO_ESTUDIANTE":"P\u00e9rez L\u00f3pez","CEDULA_ESTUDIANTE":"1001234567"},{"ID_DOCUMENTO_PREPROFESIONAL":"16","ID_PRACTICA_PREPROFESIONAL":"1","ID_TIPO_DOCUMENTO":"8","ID_ESTADO_REVISION":"4","NOMBRE_ARCHIVO":"rubrica_evaluacion_entidad_001_20250825.pdf","NOMBRE_ORIGINAL":"R\u00fabrica Evaluaci\u00f3n Entidad - Juan.pdf","TIPO_ARCHIVO":"application\/pdf","TAMANO_ARCHIVO":"87654","RUTA_ARCHIVO":"\/uploads\/documentos-practicas\/","FECHA_SUBIDA":"2025-08-25 15:00:00","FECHA_REVISION":"2025-08-25 16:30:00","ID_REVISOR":"17","OBSERVACIONES":"R\u00fabrica de evaluaci\u00f3n de entidad","OBSERVACIONES_REVISOR":"Documento no tiene sello oficial de la entidad, rechazado","VERSION":"1","ACTIVO":"1","FECHA_CREACION":"2025-09-04 06:59:17","FECHA_ACTUALIZACION":"2025-09-04 06:59:17","ID_TIPO_DOCUMENTO_PREPROFESIONAL":"8","TIPO_DOCUMENTO_CODIGO":"PPR-008","TIPO_DOCUMENTO_NOMBRE":"R\u00fabrica de Evaluaci\u00f3n de Entidad","TIPO_DOCUMENTO_DESCRIPCION":"Formulario de evaluaci\u00f3n del desempe\u00f1o del estudiante, llenado y sellado por la entidad receptora. Valora aspectos como la responsabilidad, la proactividad y la calidad del trabajo.","TIPO_DOCUMENTO_ORDEN":"8","TIPO_DOCUMENTO_OBLIGATORIO":"1","ESTADO_REVISION":"Rechazado","ID_ESTUDIANTE":"1","ENTIDAD_RECEPTORA":"Hospital San Vicente de Pa\u00fal","ESTUDIANTE_NOMBRE":"Juan Carlos P\u00e9rez L\u00f3pez","NOMBRE_ESTUDIANTE":"Juan Carlos","APELLIDO_ESTUDIANTE":"P\u00e9rez L\u00f3pez","CEDULA_ESTUDIANTE":"1001234567"},{"ID_DOCUMENTO_PREPROFESIONAL":"5","ID_PRACTICA_PREPROFESIONAL":"2","ID_TIPO_DOCUMENTO":"2","ID_ESTADO_REVISION":"3","NOMBRE_ARCHIVO":"oficio_entidad_receptora_002_20250702.pdf","NOMBRE_ORIGINAL":"Oficio Entidad Receptora - Banco.pdf","TIPO_ARCHIVO":"application\/pdf","TAMANO_ARCHIVO":"178944","RUTA_ARCHIVO":"\/uploads\/documentos-practicas\/","FECHA_SUBIDA":"2025-07-02 15:45:00","FECHA_REVISION":"2025-07-02 17:20:00","ID_REVISOR":"18","OBSERVACIONES":"Oficio enviado a la entidad receptora","OBSERVACIONES_REVISOR":"Oficio formal y bien estructurado","VERSION":"1","ACTIVO":"1","FECHA_CREACION":"2025-09-04 06:59:17","FECHA_ACTUALIZACION":"2025-09-04 06:59:17","ID_TIPO_DOCUMENTO_PREPROFESIONAL":"2","TIPO_DOCUMENTO_CODIGO":"PPR-002","TIPO_DOCUMENTO_NOMBRE":"Oficio a Entidad Receptora","TIPO_DOCUMENTO_DESCRIPCION":"Carta formal enviada por el estudiante a la instituci\u00f3n \"Instituto Tecnol\u00f3gico Superior Ibarra\", con el prop\u00f3sito de solicitar la oportunidad de realizar sus pr\u00e1cticas de servicio comunitario.","TIPO_DOCUMENTO_ORDEN":"2","TIPO_DOCUMENTO_OBLIGATORIO":"1","ESTADO_REVISION":"Aprobado","ID_ESTUDIANTE":"2","ENTIDAD_RECEPTORA":"Banco del Pac\u00edfico","ESTUDIANTE_NOMBRE":"Mar\u00eda Elena Garc\u00eda Torres","NOMBRE_ESTUDIANTE":"Mar\u00eda Elena","APELLIDO_ESTUDIANTE":"Garc\u00eda Torres","CEDULA_ESTUDIANTE":"1002345678"},{"ID_DOCUMENTO_PREPROFESIONAL":"4","ID_PRACTICA_PREPROFESIONAL":"2","ID_TIPO_DOCUMENTO":"1","ID_ESTADO_REVISION":"3","NOMBRE_ARCHIVO":"oficio_asignacion_tutor_002_20250701.pdf","NOMBRE_ORIGINAL":"Oficio Asignaci\u00f3n Tutor - Mar\u00eda Elena.pdf","TIPO_ARCHIVO":"application\/pdf","TAMANO_ARCHIVO":"234880","RUTA_ARCHIVO":"\/uploads\/documentos-practicas\/","FECHA_SUBIDA":"2025-07-01 11:00:00","FECHA_REVISION":"2025-07-01 13:15:00","ID_REVISOR":"18","OBSERVACIONES":"Documento oficial de asignaci\u00f3n","OBSERVACIONES_REVISOR":"Asignaci\u00f3n correcta del tutor","VERSION":"1","ACTIVO":"1","FECHA_CREACION":"2025-09-04 06:59:17","FECHA_ACTUALIZACION":"2025-09-04 06:59:17","ID_TIPO_DOCUMENTO_PREPROFESIONAL":"1","TIPO_DOCUMENTO_CODIGO":"PPR-001","TIPO_DOCUMENTO_NOMBRE":"Oficio de Asignaci\u00f3n de Tutor","TIPO_DOCUMENTO_DESCRIPCION":"Documento oficial emitido por la coordinaci\u00f3n de la carrera que designa al docente responsable de la tutor\u00eda y seguimiento de las pr\u00e1cticas de servicio comunitario del estudiante.","TIPO_DOCUMENTO_ORDEN":"1","TIPO_DOCUMENTO_OBLIGATORIO":"1","ESTADO_REVISION":"Aprobado","ID_ESTUDIANTE":"2","ENTIDAD_RECEPTORA":"Banco del Pac\u00edfico","ESTUDIANTE_NOMBRE":"Mar\u00eda Elena Garc\u00eda Torres","NOMBRE_ESTUDIANTE":"Mar\u00eda Elena","APELLIDO_ESTUDIANTE":"Garc\u00eda Torres","CEDULA_ESTUDIANTE":"1002345678"},{"ID_DOCUMENTO_PREPROFESIONAL":"3","ID_PRACTICA_PREPROFESIONAL":"1","ID_TIPO_DOCUMENTO":"3","ID_ESTADO_REVISION":"3","NOMBRE_ARCHIVO":"carta_aceptacion_001_20250603.pdf","NOMBRE_ORIGINAL":"Carta Aceptaci\u00f3n - Hospital.pdf","TIPO_ARCHIVO":"application\/pdf","TAMANO_ARCHIVO":"156672","RUTA_ARCHIVO":"\/uploads\/documentos-practicas\/","FECHA_SUBIDA":"2025-06-03 09:15:00","FECHA_REVISION":"2025-06-03 11:20:00","ID_REVISOR":"17","OBSERVACIONES":"Carta de aceptaci\u00f3n de la entidad","OBSERVACIONES_REVISOR":"Carta oficial con sello institucional","VERSION":"1","ACTIVO":"1","FECHA_CREACION":"2025-09-04 06:59:17","FECHA_ACTUALIZACION":"2025-09-04 06:59:17","ID_TIPO_DOCUMENTO_PREPROFESIONAL":"3","TIPO_DOCUMENTO_CODIGO":"PPR-003","TIPO_DOCUMENTO_NOMBRE":"Carta de Aceptaci\u00f3n","TIPO_DOCUMENTO_DESCRIPCION":"Carta oficial de la entidad receptora \"Instituto Tecnol\u00f3gico Superior Ibarra\" que confirma la aceptaci\u00f3n del o los estudiantes para realizar las pr\u00e1cticas de servicio comunitario en sus instalaciones.","TIPO_DOCUMENTO_ORDEN":"3","TIPO_DOCUMENTO_OBLIGATORIO":"1","ESTADO_REVISION":"Aprobado","ID_ESTUDIANTE":"1","ENTIDAD_RECEPTORA":"Hospital San Vicente de Pa\u00fal","ESTUDIANTE_NOMBRE":"Juan Carlos P\u00e9rez L\u00f3pez","NOMBRE_ESTUDIANTE":"Juan Carlos","APELLIDO_ESTUDIANTE":"P\u00e9rez L\u00f3pez","CEDULA_ESTUDIANTE":"1001234567"},{"ID_DOCUMENTO_PREPROFESIONAL":"2","ID_PRACTICA_PREPROFESIONAL":"1","ID_TIPO_DOCUMENTO":"2","ID_ESTADO_REVISION":"3","NOMBRE_ARCHIVO":"oficio_entidad_receptora_001_20250602.pdf","NOMBRE_ORIGINAL":"Oficio Entidad Receptora - Hospital.pdf","TIPO_ARCHIVO":"application\/pdf","TAMANO_ARCHIVO":"189440","RUTA_ARCHIVO":"\/uploads\/documentos-practicas\/","FECHA_SUBIDA":"2025-06-02 14:30:00","FECHA_REVISION":"2025-06-02 16:45:00","ID_REVISOR":"17","OBSERVACIONES":"Oficio enviado a la entidad receptora","OBSERVACIONES_REVISOR":"Oficio bien redactado y formal","VERSION":"1","ACTIVO":"1","FECHA_CREACION":"2025-09-04 06:59:17","FECHA_ACTUALIZACION":"2025-09-04 06:59:17","ID_TIPO_DOCUMENTO_PREPROFESIONAL":"2","TIPO_DOCUMENTO_CODIGO":"PPR-002","TIPO_DOCUMENTO_NOMBRE":"Oficio a Entidad Receptora","TIPO_DOCUMENTO_DESCRIPCION":"Carta formal enviada por el estudiante a la instituci\u00f3n \"Instituto Tecnol\u00f3gico Superior Ibarra\", con el prop\u00f3sito de solicitar la oportunidad de realizar sus pr\u00e1cticas de servicio comunitario.","TIPO_DOCUMENTO_ORDEN":"2","TIPO_DOCUMENTO_OBLIGATORIO":"1","ESTADO_REVISION":"Aprobado","ID_ESTUDIANTE":"1","ENTIDAD_RECEPTORA":"Hospital San Vicente de Pa\u00fal","ESTUDIANTE_NOMBRE":"Juan Carlos P\u00e9rez L\u00f3pez","NOMBRE_ESTUDIANTE":"Juan Carlos","APELLIDO_ESTUDIANTE":"P\u00e9rez L\u00f3pez","CEDULA_ESTUDIANTE":"1001234567"},{"ID_DOCUMENTO_PREPROFESIONAL":"1","ID_PRACTICA_PREPROFESIONAL":"1","ID_TIPO_DOCUMENTO":"1","ID_ESTADO_REVISION":"3","NOMBRE_ARCHIVO":"oficio_asignacion_tutor_001_20250601.pdf","NOMBRE_ORIGINAL":"Oficio Asignaci\u00f3n Tutor - Juan Carlos.pdf","TIPO_ARCHIVO":"application\/pdf","TAMANO_ARCHIVO":"245760","RUTA_ARCHIVO":"\/uploads\/documentos-practicas\/","FECHA_SUBIDA":"2025-06-01 10:00:00","FECHA_REVISION":"2025-06-01 14:30:00","ID_REVISOR":"17","OBSERVACIONES":"Documento oficial de asignaci\u00f3n","OBSERVACIONES_REVISOR":"Documento aprobado correctamente","VERSION":"1","ACTIVO":"1","FECHA_CREACION":"2025-09-04 06:59:17","FECHA_ACTUALIZACION":"2025-09-04 06:59:17","ID_TIPO_DOCUMENTO_PREPROFESIONAL":"1","TIPO_DOCUMENTO_CODIGO":"PPR-001","TIPO_DOCUMENTO_NOMBRE":"Oficio de Asignaci\u00f3n de Tutor","TIPO_DOCUMENTO_DESCRIPCION":"Documento oficial emitido por la coordinaci\u00f3n de la carrera que designa al docente responsable de la tutor\u00eda y seguimiento de las pr\u00e1cticas de servicio comunitario del estudiante.","TIPO_DOCUMENTO_ORDEN":"1","TIPO_DOCUMENTO_OBLIGATORIO":"1","ESTADO_REVISION":"Aprobado","ID_ESTUDIANTE":"1","ENTIDAD_RECEPTORA":"Hospital San Vicente de Pa\u00fal","ESTUDIANTE_NOMBRE":"Juan Carlos P\u00e9rez L\u00f3pez","NOMBRE_ESTUDIANTE":"Juan Carlos","APELLIDO_ESTUDIANTE":"P\u00e9rez L\u00f3pez","CEDULA_ESTUDIANTE":"1001234567"}]
DEBUG - 2026-03-17 17:26:32 --> Session: Class initialized using 'CodeIgniter\Session\Handlers\FileHandler' driver.
ERROR - 2026-03-17 17:26:32 --> mysqli_sql_exception: Unknown column 'dsc.ESTADO_REVISION' in 'field list' in C:\xampp\htdocs\ITSI\vendor\codeigniter4\framework\system\Database\MySQLi\Connection.php:327
Stack trace:
#0 C:\xampp\htdocs\ITSI\vendor\codeigniter4\framework\system\Database\MySQLi\Connection.php(327): mysqli->query('SELECT COUNT(*)...', 0)
#1 C:\xampp\htdocs\ITSI\vendor\codeigniter4\framework\system\Database\BaseConnection.php(738): CodeIgniter\Database\MySQLi\Connection->execute('SELECT COUNT(*)...')
#2 C:\xampp\htdocs\ITSI\vendor\codeigniter4\framework\system\Database\BaseConnection.php(652): CodeIgniter\Database\BaseConnection->simpleQuery('SELECT COUNT(*)...')
#3 C:\xampp\htdocs\ITSI\vendor\codeigniter4\framework\system\Database\BaseBuilder.php(1649): CodeIgniter\Database\BaseConnection->query('SELECT COUNT(*)...', Array, false)
#4 C:\xampp\htdocs\ITSI\app\Models\DocumentosServicioComunitarioModel.php(137): CodeIgniter\Database\BaseBuilder->get()
#5 C:\xampp\htdocs\ITSI\app\Controllers\admin\DocumentosAdminController.php(45): App\Models\DocumentosServicioComunitarioModel->getEstadisticasDocumentos()
#6 C:\xampp\htdocs\ITSI\vendor\codeigniter4\framework\system\CodeIgniter.php(933): App\Controllers\admin\DocumentosAdminController->documentosServicioComunitario()
#7 C:\xampp\htdocs\ITSI\vendor\codeigniter4\framework\system\CodeIgniter.php(507): CodeIgniter\CodeIgniter->runController(Object(App\Controllers\admin\DocumentosAdminController))
#8 C:\xampp\htdocs\ITSI\vendor\codeigniter4\framework\system\CodeIgniter.php(354): CodeIgniter\CodeIgniter->handleRequest(NULL, Object(Config\Cache), false)
#9 C:\xampp\htdocs\ITSI\vendor\codeigniter4\framework\system\Boot.php(334): CodeIgniter\CodeIgniter->run()
#10 C:\xampp\htdocs\ITSI\vendor\codeigniter4\framework\system\Boot.php(67): CodeIgniter\Boot::runCodeIgniter(Object(CodeIgniter\CodeIgniter))
#11 C:\xampp\htdocs\ITSI\public\index.php(59): CodeIgniter\Boot::bootWeb(Object(Config\Paths))
#12 {main}
DEBUG - 2026-03-17 17:26:33 --> Session: Class initialized using 'CodeIgniter\Session\Handlers\FileHandler' driver.
DEBUG - 2026-03-17 17:26:47 --> Session: Class initialized using 'CodeIgniter\Session\Handlers\FileHandler' driver.
DEBUG - 2026-03-17 17:27:02 --> Session: Class initialized using 'CodeIgniter\Session\Handlers\FileHandler' driver.
DEBUG - 2026-03-17 17:31:33 --> Session: Class initialized using 'CodeIgniter\Session\Handlers\FileHandler' driver.
DEBUG - 2026-03-17 17:31:35 --> Consulta SQL: SELECT *
FROM `TAB_DOCUMENTOS_PRACTICAS_PREPROFESIONALES` `dp`
DEBUG - 2026-03-17 17:31:35 --> Resultados obtenidos: 0
DEBUG - 2026-03-17 17:31:35 --> Tipos de documentos en index: [{"ID_TIPO_DOCUMENTO_PREPROFESIONAL":"1","CODIGO":"PPR-001","NOMBRE":"Oficio de Asignaci\u00f3n de Tutor","DESCRIPCION":"Documento oficial emitido por la coordinaci\u00f3n de la carrera que designa al docente responsable de la tutor\u00eda y seguimiento de las pr\u00e1cticas de servicio comunitario del estudiante.","ORDEN":"1","OBLIGATORIO":"1","ACTIVO":"1","FECHA_CREACION":"2025-09-04 06:59:17","FECHA_ACTUALIZACION":"2025-09-04 06:59:17"},{"ID_TIPO_DOCUMENTO_PREPROFESIONAL":"2","CODIGO":"PPR-002","NOMBRE":"Oficio a Entidad Receptora","DESCRIPCION":"Carta formal enviada por el estudiante a la instituci\u00f3n \"Instituto Tecnol\u00f3gico Superior Ibarra\", con el prop\u00f3sito de solicitar la oportunidad de realizar sus pr\u00e1cticas de servicio comunitario.","ORDEN":"2","OBLIGATORIO":"1","ACTIVO":"1","FECHA_CREACION":"2025-09-04 06:59:17","FECHA_ACTUALIZACION":"2025-09-04 06:59:17"},{"ID_TIPO_DOCUMENTO_PREPROFESIONAL":"3","CODIGO":"PPR-003","NOMBRE":"Carta de Aceptaci\u00f3n","DESCRIPCION":"Carta oficial de la entidad receptora \"Instituto Tecnol\u00f3gico Superior Ibarra\" que confirma la aceptaci\u00f3n del o los estudiantes para realizar las pr\u00e1cticas de servicio comunitario en sus instalaciones.","ORDEN":"3","OBLIGATORIO":"1","ACTIVO":"1","FECHA_CREACION":"2025-09-04 06:59:17","FECHA_ACTUALIZACION":"2025-09-04 06:59:17"},{"ID_TIPO_DOCUMENTO_PREPROFESIONAL":"4","CODIGO":"PPR-004","NOMBRE":"Solicitud Institucional Valorada","DESCRIPCION":"Documento de solicitud formal dirigido al Sr. Rector, Dr. Mario Montenegro, pidiendo la aprobaci\u00f3n institucional para la realizaci\u00f3n de las pr\u00e1cticas de servicio comunitario.","ORDEN":"4","OBLIGATORIO":"1","ACTIVO":"1","FECHA_CREACION":"2025-09-04 06:59:17","FECHA_ACTUALIZACION":"2025-09-04 06:59:17"},{"ID_TIPO_DOCUMENTO_PREPROFESIONAL":"5","CODIGO":"PPR-005","NOMBRE":"Certificado de Culminaci\u00f3n de Horas","DESCRIPCION":"Certificado emitido por la entidad receptora \"Instituto Tecnol\u00f3gico Superior Ibarra\" que acredita que el estudiante ha completado las 60 horas requeridas de pr\u00e1cticas de servicio comunitario.","ORDEN":"5","OBLIGATORIO":"1","ACTIVO":"1","FECHA_CREACION":"2025-09-04 06:59:17","FECHA_ACTUALIZACION":"2025-09-04 06:59:17"},{"ID_TIPO_DOCUMENTO_PREPROFESIONAL":"6","CODIGO":"PPR-006","NOMBRE":"Hojas de Asistencia","DESCRIPCION":"Registro f\u00edsico de la asistencia del estudiante en la entidad receptora. Incluye las firmas y sellos para validar las horas de trabajo.","ORDEN":"6","OBLIGATORIO":"1","ACTIVO":"1","FECHA_CREACION":"2025-09-04 06:59:17","FECHA_ACTUALIZACION":"2025-09-04 06:59:17"},{"ID_TIPO_DOCUMENTO_PREPROFESIONAL":"7","CODIGO":"PPR-007","NOMBRE":"Ficha de Registro de Actividades","DESCRIPCION":"Documento detallado en el que el estudiante registra las actividades espec\u00edficas realizadas durante sus pr\u00e1cticas, incluyendo fechas y descripciones.","ORDEN":"7","OBLIGATORIO":"1","ACTIVO":"1","FECHA_CREACION":"2025-09-04 06:59:17","FECHA_ACTUALIZACION":"2025-09-04 06:59:17"},{"ID_TIPO_DOCUMENTO_PREPROFESIONAL":"8","CODIGO":"PPR-008","NOMBRE":"R\u00fabrica de Evaluaci\u00f3n de Entidad","DESCRIPCION":"Formulario de evaluaci\u00f3n del desempe\u00f1o del estudiante, llenado y sellado por la entidad receptora. Valora aspectos como la responsabilidad, la proactividad y la calidad del trabajo.","ORDEN":"8","OBLIGATORIO":"1","ACTIVO":"1","FECHA_CREACION":"2025-09-04 06:59:17","FECHA_ACTUALIZACION":"2025-09-04 06:59:17"},{"ID_TIPO_DOCUMENTO_PREPROFESIONAL":"9","CODIGO":"PPR-009","NOMBRE":"Ficha de Control y Seguimiento Docente","DESCRIPCION":"Documento utilizado por el tutor docente para registrar el seguimiento acad\u00e9mico del estudiante durante las pr\u00e1cticas. Incluye visitas o revisiones peri\u00f3dicas.","ORDEN":"9","OBLIGATORIO":"1","ACTIVO":"1","FECHA_CREACION":"2025-09-04 06:59:17","FECHA_ACTUALIZACION":"2025-09-04 06:59:17"},{"ID_TIPO_DOCUMENTO_PREPROFESIONAL":"10","CODIGO":"PPR-010","NOMBRE":"R\u00fabrica de Evaluaci\u00f3n Docente","DESCRIPCION":"R\u00fabrica de evaluaci\u00f3n llenada y firmada por el tutor docente. Califica el desempe\u00f1o del estudiante en base a los criterios acad\u00e9micos del programa.","ORDEN":"10","OBLIGATORIO":"1","ACTIVO":"1","FECHA_CREACION":"2025-09-04 06:59:17","FECHA_ACTUALIZACION":"2025-09-04 06:59:17"},{"ID_TIPO_DOCUMENTO_PREPROFESIONAL":"11","CODIGO":"PPR-011","NOMBRE":"R\u00fabrica de Evaluaci\u00f3n de Resultados","DESCRIPCION":"Evaluaci\u00f3n final realizada por el Departamento de Vinculaci\u00f3n con la Sociedad, que valora los resultados y el impacto del proyecto de servicio comunitario en su conjunto.","ORDEN":"11","OBLIGATORIO":"1","ACTIVO":"1","FECHA_CREACION":"2025-09-04 06:59:17","FECHA_ACTUALIZACION":"2025-09-04 06:59:17"},{"ID_TIPO_DOCUMENTO_PREPROFESIONAL":"12","CODIGO":"PPR-012","NOMBRE":"Evidencia Fotogr\u00e1fica y Digital","DESCRIPCION":"Material de apoyo visual y digital, como fotos, capturas, videos o impresiones, que documenta y comprueba la realizaci\u00f3n de las actividades y trabajos del proyecto.","ORDEN":"12","OBLIGATORIO":"1","ACTIVO":"1","FECHA_CREACION":"2025-09-04 06:59:17","FECHA_ACTUALIZACION":"2025-09-04 06:59:17"}]
DEBUG - 2026-03-17 17:31:35 --> Session: Class initialized using 'CodeIgniter\Session\Handlers\FileHandler' driver.
DEBUG - 2026-03-17 17:31:36 --> Consulta SQL: SELECT *
FROM `TAB_DOCUMENTOS_PRACTICAS_PREPROFESIONALES` `dp`
DEBUG - 2026-03-17 17:31:36 --> Resultados obtenidos: 9
DEBUG - 2026-03-17 17:31:36 --> Documentos obtenidos: [{"ID_DOCUMENTO_PREPROFESIONAL":"17","ID_PRACTICA_PREPROFESIONAL":"2","ID_TIPO_DOCUMENTO":"9","ID_ESTADO_REVISION":"4","NOMBRE_ARCHIVO":"ficha_control_seguimiento_002_20250920.pdf","NOMBRE_ORIGINAL":"Ficha Control Seguimiento - Mar\u00eda.pdf","TIPO_ARCHIVO":"application\/pdf","TAMANO_ARCHIVO":"112233","RUTA_ARCHIVO":"\/uploads\/documentos-practicas\/","FECHA_SUBIDA":"2025-09-20 10:15:00","FECHA_REVISION":"2025-09-20 12:45:00","ID_REVISOR":"18","OBSERVACIONES":"Ficha de control y seguimiento docente","OBSERVACIONES_REVISOR":"Faltan las firmas del tutor docente, documento inv\u00e1lido","VERSION":"1","ACTIVO":"1","FECHA_CREACION":"2025-09-04 06:59:17","FECHA_ACTUALIZACION":"2025-09-04 06:59:17","ID_TIPO_DOCUMENTO_PREPROFESIONAL":"9","TIPO_DOCUMENTO_CODIGO":"PPR-009","TIPO_DOCUMENTO_NOMBRE":"Ficha de Control y Seguimiento Docente","TIPO_DOCUMENTO_DESCRIPCION":"Documento utilizado por el tutor docente para registrar el seguimiento acad\u00e9mico del estudiante durante las pr\u00e1cticas. Incluye visitas o revisiones peri\u00f3dicas.","TIPO_DOCUMENTO_ORDEN":"9","TIPO_DOCUMENTO_OBLIGATORIO":"1","ESTADO_REVISION":"Rechazado","ID_ESTUDIANTE":"2","ENTIDAD_RECEPTORA":"Banco del Pac\u00edfico","ESTUDIANTE_NOMBRE":"Mar\u00eda Elena Garc\u00eda Torres","NOMBRE_ESTUDIANTE":"Mar\u00eda Elena","APELLIDO_ESTUDIANTE":"Garc\u00eda Torres","CEDULA_ESTUDIANTE":"1002345678"},{"ID_DOCUMENTO_PREPROFESIONAL":"15","ID_PRACTICA_PREPROFESIONAL":"2","ID_TIPO_DOCUMENTO":"7","ID_ESTADO_REVISION":"5","NOMBRE_ARCHIVO":"ficha_registro_actividades_002_20250915.pdf","NOMBRE_ORIGINAL":"Ficha Registro Actividades - Mar\u00eda.pdf","TIPO_ARCHIVO":"application\/pdf","TAMANO_ARCHIVO":"98765","RUTA_ARCHIVO":"\/uploads\/documentos-practicas\/","FECHA_SUBIDA":"2025-09-15 11:30:00","FECHA_REVISION":"2025-09-15 14:20:00","ID_REVISOR":"18","OBSERVACIONES":"Ficha de registro de actividades","OBSERVACIONES_REVISOR":"Descripci\u00f3n de actividades muy general, especificar m\u00e1s detalles","VERSION":"1","ACTIVO":"1","FECHA_CREACION":"2025-09-04 06:59:17","FECHA_ACTUALIZACION":"2025-09-04 06:59:17","ID_TIPO_DOCUMENTO_PREPROFESIONAL":"7","TIPO_DOCUMENTO_CODIGO":"PPR-007","TIPO_DOCUMENTO_NOMBRE":"Ficha de Registro de Actividades","TIPO_DOCUMENTO_DESCRIPCION":"Documento detallado en el que el estudiante registra las actividades espec\u00edficas realizadas durante sus pr\u00e1cticas, incluyendo fechas y descripciones.","TIPO_DOCUMENTO_ORDEN":"7","TIPO_DOCUMENTO_OBLIGATORIO":"1","ESTADO_REVISION":"Requiere Correcci\u00f3n","ID_ESTUDIANTE":"2","ENTIDAD_RECEPTORA":"Banco del Pac\u00edfico","ESTUDIANTE_NOMBRE":"Mar\u00eda Elena Garc\u00eda Torres","NOMBRE_ESTUDIANTE":"Mar\u00eda Elena","APELLIDO_ESTUDIANTE":"Garc\u00eda Torres","CEDULA_ESTUDIANTE":"1002345678"},{"ID_DOCUMENTO_PREPROFESIONAL":"14","ID_PRACTICA_PREPROFESIONAL":"1","ID_TIPO_DOCUMENTO":"6","ID_ESTADO_REVISION":"5","NOMBRE_ARCHIVO":"hojas_asistencia_001_20250830.pdf","NOMBRE_ORIGINAL":"Hojas de Asistencia - Juan Carlos.pdf","TIPO_ARCHIVO":"application\/pdf","TAMANO_ARCHIVO":"123456","RUTA_ARCHIVO":"\/uploads\/documentos-practicas\/","FECHA_SUBIDA":"2025-08-30 16:15:00","FECHA_REVISION":"2025-08-30 17:45:00","ID_REVISOR":"17","OBSERVACIONES":"Hojas de asistencia completas","OBSERVACIONES_REVISOR":"Faltan firmas en algunas fechas, corregir y volver a subir","VERSION":"1","ACTIVO":"1","FECHA_CREACION":"2025-09-04 06:59:17","FECHA_ACTUALIZACION":"2025-09-04 06:59:17","ID_TIPO_DOCUMENTO_PREPROFESIONAL":"6","TIPO_DOCUMENTO_CODIGO":"PPR-006","TIPO_DOCUMENTO_NOMBRE":"Hojas de Asistencia","TIPO_DOCUMENTO_DESCRIPCION":"Registro f\u00edsico de la asistencia del estudiante en la entidad receptora. Incluye las firmas y sellos para validar las horas de trabajo.","TIPO_DOCUMENTO_ORDEN":"6","TIPO_DOCUMENTO_OBLIGATORIO":"1","ESTADO_REVISION":"Requiere Correcci\u00f3n","ID_ESTUDIANTE":"1","ENTIDAD_RECEPTORA":"Hospital San Vicente de Pa\u00fal","ESTUDIANTE_NOMBRE":"Juan Carlos P\u00e9rez L\u00f3pez","NOMBRE_ESTUDIANTE":"Juan Carlos","APELLIDO_ESTUDIANTE":"P\u00e9rez L\u00f3pez","CEDULA_ESTUDIANTE":"1001234567"},{"ID_DOCUMENTO_PREPROFESIONAL":"16","ID_PRACTICA_PREPROFESIONAL":"1","ID_TIPO_DOCUMENTO":"8","ID_ESTADO_REVISION":"4","NOMBRE_ARCHIVO":"rubrica_evaluacion_entidad_001_20250825.pdf","NOMBRE_ORIGINAL":"R\u00fabrica Evaluaci\u00f3n Entidad - Juan.pdf","TIPO_ARCHIVO":"application\/pdf","TAMANO_ARCHIVO":"87654","RUTA_ARCHIVO":"\/uploads\/documentos-practicas\/","FECHA_SUBIDA":"2025-08-25 15:00:00","FECHA_REVISION":"2025-08-25 16:30:00","ID_REVISOR":"17","OBSERVACIONES":"R\u00fabrica de evaluaci\u00f3n de entidad","OBSERVACIONES_REVISOR":"Documento no tiene sello oficial de la entidad, rechazado","VERSION":"1","ACTIVO":"1","FECHA_CREACION":"2025-09-04 06:59:17","FECHA_ACTUALIZACION":"2025-09-04 06:59:17","ID_TIPO_DOCUMENTO_PREPROFESIONAL":"8","TIPO_DOCUMENTO_CODIGO":"PPR-008","TIPO_DOCUMENTO_NOMBRE":"R\u00fabrica de Evaluaci\u00f3n de Entidad","TIPO_DOCUMENTO_DESCRIPCION":"Formulario de evaluaci\u00f3n del desempe\u00f1o del estudiante, llenado y sellado por la entidad receptora. Valora aspectos como la responsabilidad, la proactividad y la calidad del trabajo.","TIPO_DOCUMENTO_ORDEN":"8","TIPO_DOCUMENTO_OBLIGATORIO":"1","ESTADO_REVISION":"Rechazado","ID_ESTUDIANTE":"1","ENTIDAD_RECEPTORA":"Hospital San Vicente de Pa\u00fal","ESTUDIANTE_NOMBRE":"Juan Carlos P\u00e9rez L\u00f3pez","NOMBRE_ESTUDIANTE":"Juan Carlos","APELLIDO_ESTUDIANTE":"P\u00e9rez L\u00f3pez","CEDULA_ESTUDIANTE":"1001234567"},{"ID_DOCUMENTO_PREPROFESIONAL":"5","ID_PRACTICA_PREPROFESIONAL":"2","ID_TIPO_DOCUMENTO":"2","ID_ESTADO_REVISION":"3","NOMBRE_ARCHIVO":"oficio_entidad_receptora_002_20250702.pdf","NOMBRE_ORIGINAL":"Oficio Entidad Receptora - Banco.pdf","TIPO_ARCHIVO":"application\/pdf","TAMANO_ARCHIVO":"178944","RUTA_ARCHIVO":"\/uploads\/documentos-practicas\/","FECHA_SUBIDA":"2025-07-02 15:45:00","FECHA_REVISION":"2025-07-02 17:20:00","ID_REVISOR":"18","OBSERVACIONES":"Oficio enviado a la entidad receptora","OBSERVACIONES_REVISOR":"Oficio formal y bien estructurado","VERSION":"1","ACTIVO":"1","FECHA_CREACION":"2025-09-04 06:59:17","FECHA_ACTUALIZACION":"2025-09-04 06:59:17","ID_TIPO_DOCUMENTO_PREPROFESIONAL":"2","TIPO_DOCUMENTO_CODIGO":"PPR-002","TIPO_DOCUMENTO_NOMBRE":"Oficio a Entidad Receptora","TIPO_DOCUMENTO_DESCRIPCION":"Carta formal enviada por el estudiante a la instituci\u00f3n \"Instituto Tecnol\u00f3gico Superior Ibarra\", con el prop\u00f3sito de solicitar la oportunidad de realizar sus pr\u00e1cticas de servicio comunitario.","TIPO_DOCUMENTO_ORDEN":"2","TIPO_DOCUMENTO_OBLIGATORIO":"1","ESTADO_REVISION":"Aprobado","ID_ESTUDIANTE":"2","ENTIDAD_RECEPTORA":"Banco del Pac\u00edfico","ESTUDIANTE_NOMBRE":"Mar\u00eda Elena Garc\u00eda Torres","NOMBRE_ESTUDIANTE":"Mar\u00eda Elena","APELLIDO_ESTUDIANTE":"Garc\u00eda Torres","CEDULA_ESTUDIANTE":"1002345678"},{"ID_DOCUMENTO_PREPROFESIONAL":"4","ID_PRACTICA_PREPROFESIONAL":"2","ID_TIPO_DOCUMENTO":"1","ID_ESTADO_REVISION":"3","NOMBRE_ARCHIVO":"oficio_asignacion_tutor_002_20250701.pdf","NOMBRE_ORIGINAL":"Oficio Asignaci\u00f3n Tutor - Mar\u00eda Elena.pdf","TIPO_ARCHIVO":"application\/pdf","TAMANO_ARCHIVO":"234880","RUTA_ARCHIVO":"\/uploads\/documentos-practicas\/","FECHA_SUBIDA":"2025-07-01 11:00:00","FECHA_REVISION":"2025-07-01 13:15:00","ID_REVISOR":"18","OBSERVACIONES":"Documento oficial de asignaci\u00f3n","OBSERVACIONES_REVISOR":"Asignaci\u00f3n correcta del tutor","VERSION":"1","ACTIVO":"1","FECHA_CREACION":"2025-09-04 06:59:17","FECHA_ACTUALIZACION":"2025-09-04 06:59:17","ID_TIPO_DOCUMENTO_PREPROFESIONAL":"1","TIPO_DOCUMENTO_CODIGO":"PPR-001","TIPO_DOCUMENTO_NOMBRE":"Oficio de Asignaci\u00f3n de Tutor","TIPO_DOCUMENTO_DESCRIPCION":"Documento oficial emitido por la coordinaci\u00f3n de la carrera que designa al docente responsable de la tutor\u00eda y seguimiento de las pr\u00e1cticas de servicio comunitario del estudiante.","TIPO_DOCUMENTO_ORDEN":"1","TIPO_DOCUMENTO_OBLIGATORIO":"1","ESTADO_REVISION":"Aprobado","ID_ESTUDIANTE":"2","ENTIDAD_RECEPTORA":"Banco del Pac\u00edfico","ESTUDIANTE_NOMBRE":"Mar\u00eda Elena Garc\u00eda Torres","NOMBRE_ESTUDIANTE":"Mar\u00eda Elena","APELLIDO_ESTUDIANTE":"Garc\u00eda Torres","CEDULA_ESTUDIANTE":"1002345678"},{"ID_DOCUMENTO_PREPROFESIONAL":"3","ID_PRACTICA_PREPROFESIONAL":"1","ID_TIPO_DOCUMENTO":"3","ID_ESTADO_REVISION":"3","NOMBRE_ARCHIVO":"carta_aceptacion_001_20250603.pdf","NOMBRE_ORIGINAL":"Carta Aceptaci\u00f3n - Hospital.pdf","TIPO_ARCHIVO":"application\/pdf","TAMANO_ARCHIVO":"156672","RUTA_ARCHIVO":"\/uploads\/documentos-practicas\/","FECHA_SUBIDA":"2025-06-03 09:15:00","FECHA_REVISION":"2025-06-03 11:20:00","ID_REVISOR":"17","OBSERVACIONES":"Carta de aceptaci\u00f3n de la entidad","OBSERVACIONES_REVISOR":"Carta oficial con sello institucional","VERSION":"1","ACTIVO":"1","FECHA_CREACION":"2025-09-04 06:59:17","FECHA_ACTUALIZACION":"2025-09-04 06:59:17","ID_TIPO_DOCUMENTO_PREPROFESIONAL":"3","TIPO_DOCUMENTO_CODIGO":"PPR-003","TIPO_DOCUMENTO_NOMBRE":"Carta de Aceptaci\u00f3n","TIPO_DOCUMENTO_DESCRIPCION":"Carta oficial de la entidad receptora \"Instituto Tecnol\u00f3gico Superior Ibarra\" que confirma la aceptaci\u00f3n del o los estudiantes para realizar las pr\u00e1cticas de servicio comunitario en sus instalaciones.","TIPO_DOCUMENTO_ORDEN":"3","TIPO_DOCUMENTO_OBLIGATORIO":"1","ESTADO_REVISION":"Aprobado","ID_ESTUDIANTE":"1","ENTIDAD_RECEPTORA":"Hospital San Vicente de Pa\u00fal","ESTUDIANTE_NOMBRE":"Juan Carlos P\u00e9rez L\u00f3pez","NOMBRE_ESTUDIANTE":"Juan Carlos","APELLIDO_ESTUDIANTE":"P\u00e9rez L\u00f3pez","CEDULA_ESTUDIANTE":"1001234567"},{"ID_DOCUMENTO_PREPROFESIONAL":"2","ID_PRACTICA_PREPROFESIONAL":"1","ID_TIPO_DOCUMENTO":"2","ID_ESTADO_REVISION":"3","NOMBRE_ARCHIVO":"oficio_entidad_receptora_001_20250602.pdf","NOMBRE_ORIGINAL":"Oficio Entidad Receptora - Hospital.pdf","TIPO_ARCHIVO":"application\/pdf","TAMANO_ARCHIVO":"189440","RUTA_ARCHIVO":"\/uploads\/documentos-practicas\/","FECHA_SUBIDA":"2025-06-02 14:30:00","FECHA_REVISION":"2025-06-02 16:45:00","ID_REVISOR":"17","OBSERVACIONES":"Oficio enviado a la entidad receptora","OBSERVACIONES_REVISOR":"Oficio bien redactado y formal","VERSION":"1","ACTIVO":"1","FECHA_CREACION":"2025-09-04 06:59:17","FECHA_ACTUALIZACION":"2025-09-04 06:59:17","ID_TIPO_DOCUMENTO_PREPROFESIONAL":"2","TIPO_DOCUMENTO_CODIGO":"PPR-002","TIPO_DOCUMENTO_NOMBRE":"Oficio a Entidad Receptora","TIPO_DOCUMENTO_DESCRIPCION":"Carta formal enviada por el estudiante a la instituci\u00f3n \"Instituto Tecnol\u00f3gico Superior Ibarra\", con el prop\u00f3sito de solicitar la oportunidad de realizar sus pr\u00e1cticas de servicio comunitario.","TIPO_DOCUMENTO_ORDEN":"2","TIPO_DOCUMENTO_OBLIGATORIO":"1","ESTADO_REVISION":"Aprobado","ID_ESTUDIANTE":"1","ENTIDAD_RECEPTORA":"Hospital San Vicente de Pa\u00fal","ESTUDIANTE_NOMBRE":"Juan Carlos P\u00e9rez L\u00f3pez","NOMBRE_ESTUDIANTE":"Juan Carlos","APELLIDO_ESTUDIANTE":"P\u00e9rez L\u00f3pez","CEDULA_ESTUDIANTE":"1001234567"},{"ID_DOCUMENTO_PREPROFESIONAL":"1","ID_PRACTICA_PREPROFESIONAL":"1","ID_TIPO_DOCUMENTO":"1","ID_ESTADO_REVISION":"3","NOMBRE_ARCHIVO":"oficio_asignacion_tutor_001_20250601.pdf","NOMBRE_ORIGINAL":"Oficio Asignaci\u00f3n Tutor - Juan Carlos.pdf","TIPO_ARCHIVO":"application\/pdf","TAMANO_ARCHIVO":"245760","RUTA_ARCHIVO":"\/uploads\/documentos-practicas\/","FECHA_SUBIDA":"2025-06-01 10:00:00","FECHA_REVISION":"2025-06-01 14:30:00","ID_REVISOR":"17","OBSERVACIONES":"Documento oficial de asignaci\u00f3n","OBSERVACIONES_REVISOR":"Documento aprobado correctamente","VERSION":"1","ACTIVO":"1","FECHA_CREACION":"2025-09-04 06:59:17","FECHA_ACTUALIZACION":"2025-09-04 06:59:17","ID_TIPO_DOCUMENTO_PREPROFESIONAL":"1","TIPO_DOCUMENTO_CODIGO":"PPR-001","TIPO_DOCUMENTO_NOMBRE":"Oficio de Asignaci\u00f3n de Tutor","TIPO_DOCUMENTO_DESCRIPCION":"Documento oficial emitido por la coordinaci\u00f3n de la carrera que designa al docente responsable de la tutor\u00eda y seguimiento de las pr\u00e1cticas de servicio comunitario del estudiante.","TIPO_DOCUMENTO_ORDEN":"1","TIPO_DOCUMENTO_OBLIGATORIO":"1","ESTADO_REVISION":"Aprobado","ID_ESTUDIANTE":"1","ENTIDAD_RECEPTORA":"Hospital San Vicente de Pa\u00fal","ESTUDIANTE_NOMBRE":"Juan Carlos P\u00e9rez L\u00f3pez","NOMBRE_ESTUDIANTE":"Juan Carlos","APELLIDO_ESTUDIANTE":"P\u00e9rez L\u00f3pez","CEDULA_ESTUDIANTE":"1001234567"}]
DEBUG - 2026-03-17 17:31:42 --> Session: Class initialized using 'CodeIgniter\Session\Handlers\FileHandler' driver.
DEBUG - 2026-03-17 17:32:35 --> Consulta SQL: SELECT *
FROM `TAB_DOCUMENTOS_PRACTICAS_PREPROFESIONALES` `dp`
DEBUG - 2026-03-17 17:32:35 --> Resultados obtenidos: 5
DEBUG - 2026-03-17 17:32:35 --> Tipos de documentos en index: [{"ID_TIPO_DOCUMENTO_PREPROFESIONAL":"1","CODIGO":"PPR-001","NOMBRE":"Oficio de Asignaci\u00f3n de Tutor","DESCRIPCION":"Documento oficial emitido por la coordinaci\u00f3n de la carrera que designa al docente responsable de la tutor\u00eda y seguimiento de las pr\u00e1cticas de servicio comunitario del estudiante.","ORDEN":"1","OBLIGATORIO":"1","ACTIVO":"1","FECHA_CREACION":"2025-09-04 06:59:17","FECHA_ACTUALIZACION":"2025-09-04 06:59:17"},{"ID_TIPO_DOCUMENTO_PREPROFESIONAL":"2","CODIGO":"PPR-002","NOMBRE":"Oficio a Entidad Receptora","DESCRIPCION":"Carta formal enviada por el estudiante a la instituci\u00f3n \"Instituto Tecnol\u00f3gico Superior Ibarra\", con el prop\u00f3sito de solicitar la oportunidad de realizar sus pr\u00e1cticas de servicio comunitario.","ORDEN":"2","OBLIGATORIO":"1","ACTIVO":"1","FECHA_CREACION":"2025-09-04 06:59:17","FECHA_ACTUALIZACION":"2025-09-04 06:59:17"},{"ID_TIPO_DOCUMENTO_PREPROFESIONAL":"3","CODIGO":"PPR-003","NOMBRE":"Carta de Aceptaci\u00f3n","DESCRIPCION":"Carta oficial de la entidad receptora \"Instituto Tecnol\u00f3gico Superior Ibarra\" que confirma la aceptaci\u00f3n del o los estudiantes para realizar las pr\u00e1cticas de servicio comunitario en sus instalaciones.","ORDEN":"3","OBLIGATORIO":"1","ACTIVO":"1","FECHA_CREACION":"2025-09-04 06:59:17","FECHA_ACTUALIZACION":"2025-09-04 06:59:17"},{"ID_TIPO_DOCUMENTO_PREPROFESIONAL":"4","CODIGO":"PPR-004","NOMBRE":"Solicitud Institucional Valorada","DESCRIPCION":"Documento de solicitud formal dirigido al Sr. Rector, Dr. Mario Montenegro, pidiendo la aprobaci\u00f3n institucional para la realizaci\u00f3n de las pr\u00e1cticas de servicio comunitario.","ORDEN":"4","OBLIGATORIO":"1","ACTIVO":"1","FECHA_CREACION":"2025-09-04 06:59:17","FECHA_ACTUALIZACION":"2025-09-04 06:59:17"},{"ID_TIPO_DOCUMENTO_PREPROFESIONAL":"5","CODIGO":"PPR-005","NOMBRE":"Certificado de Culminaci\u00f3n de Horas","DESCRIPCION":"Certificado emitido por la entidad receptora \"Instituto Tecnol\u00f3gico Superior Ibarra\" que acredita que el estudiante ha completado las 60 horas requeridas de pr\u00e1cticas de servicio comunitario.","ORDEN":"5","OBLIGATORIO":"1","ACTIVO":"1","FECHA_CREACION":"2025-09-04 06:59:17","FECHA_ACTUALIZACION":"2025-09-04 06:59:17"},{"ID_TIPO_DOCUMENTO_PREPROFESIONAL":"6","CODIGO":"PPR-006","NOMBRE":"Hojas de Asistencia","DESCRIPCION":"Registro f\u00edsico de la asistencia del estudiante en la entidad receptora. Incluye las firmas y sellos para validar las horas de trabajo.","ORDEN":"6","OBLIGATORIO":"1","ACTIVO":"1","FECHA_CREACION":"2025-09-04 06:59:17","FECHA_ACTUALIZACION":"2025-09-04 06:59:17"},{"ID_TIPO_DOCUMENTO_PREPROFESIONAL":"7","CODIGO":"PPR-007","NOMBRE":"Ficha de Registro de Actividades","DESCRIPCION":"Documento detallado en el que el estudiante registra las actividades espec\u00edficas realizadas durante sus pr\u00e1cticas, incluyendo fechas y descripciones.","ORDEN":"7","OBLIGATORIO":"1","ACTIVO":"1","FECHA_CREACION":"2025-09-04 06:59:17","FECHA_ACTUALIZACION":"2025-09-04 06:59:17"},{"ID_TIPO_DOCUMENTO_PREPROFESIONAL":"8","CODIGO":"PPR-008","NOMBRE":"R\u00fabrica de Evaluaci\u00f3n de Entidad","DESCRIPCION":"Formulario de evaluaci\u00f3n del desempe\u00f1o del estudiante, llenado y sellado por la entidad receptora. Valora aspectos como la responsabilidad, la proactividad y la calidad del trabajo.","ORDEN":"8","OBLIGATORIO":"1","ACTIVO":"1","FECHA_CREACION":"2025-09-04 06:59:17","FECHA_ACTUALIZACION":"2025-09-04 06:59:17"},{"ID_TIPO_DOCUMENTO_PREPROFESIONAL":"9","CODIGO":"PPR-009","NOMBRE":"Ficha de Control y Seguimiento Docente","DESCRIPCION":"Documento utilizado por el tutor docente para registrar el seguimiento acad\u00e9mico del estudiante durante las pr\u00e1cticas. Incluye visitas o revisiones peri\u00f3dicas.","ORDEN":"9","OBLIGATORIO":"1","ACTIVO":"1","FECHA_CREACION":"2025-09-04 06:59:17","FECHA_ACTUALIZACION":"2025-09-04 06:59:17"},{"ID_TIPO_DOCUMENTO_PREPROFESIONAL":"10","CODIGO":"PPR-010","NOMBRE":"R\u00fabrica de Evaluaci\u00f3n Docente","DESCRIPCION":"R\u00fabrica de evaluaci\u00f3n llenada y firmada por el tutor docente. Califica el desempe\u00f1o del estudiante en base a los criterios acad\u00e9micos del programa.","ORDEN":"10","OBLIGATORIO":"1","ACTIVO":"1","FECHA_CREACION":"2025-09-04 06:59:17","FECHA_ACTUALIZACION":"2025-09-04 06:59:17"},{"ID_TIPO_DOCUMENTO_PREPROFESIONAL":"11","CODIGO":"PPR-011","NOMBRE":"R\u00fabrica de Evaluaci\u00f3n de Resultados","DESCRIPCION":"Evaluaci\u00f3n final realizada por el Departamento de Vinculaci\u00f3n con la Sociedad, que valora los resultados y el impacto del proyecto de servicio comunitario en su conjunto.","ORDEN":"11","OBLIGATORIO":"1","ACTIVO":"1","FECHA_CREACION":"2025-09-04 06:59:17","FECHA_ACTUALIZACION":"2025-09-04 06:59:17"},{"ID_TIPO_DOCUMENTO_PREPROFESIONAL":"12","CODIGO":"PPR-012","NOMBRE":"Evidencia Fotogr\u00e1fica y Digital","DESCRIPCION":"Material de apoyo visual y digital, como fotos, capturas, videos o impresiones, que documenta y comprueba la realizaci\u00f3n de las actividades y trabajos del proyecto.","ORDEN":"12","OBLIGATORIO":"1","ACTIVO":"1","FECHA_CREACION":"2025-09-04 06:59:17","FECHA_ACTUALIZACION":"2025-09-04 06:59:17"}]
DEBUG - 2026-03-17 17:32:35 --> Session: Class initialized using 'CodeIgniter\Session\Handlers\FileHandler' driver.
DEBUG - 2026-03-17 17:32:36 --> Consulta SQL: SELECT *
FROM `TAB_DOCUMENTOS_PRACTICAS_PREPROFESIONALES` `dp`
DEBUG - 2026-03-17 17:32:36 --> Resultados obtenidos: 9
DEBUG - 2026-03-17 17:32:36 --> Documentos obtenidos: [{"ID_DOCUMENTO_PREPROFESIONAL":"17","ID_PRACTICA_PREPROFESIONAL":"2","ID_TIPO_DOCUMENTO":"9","ID_ESTADO_REVISION":"4","NOMBRE_ARCHIVO":"ficha_control_seguimiento_002_20250920.pdf","NOMBRE_ORIGINAL":"Ficha Control Seguimiento - Mar\u00eda.pdf","TIPO_ARCHIVO":"application\/pdf","TAMANO_ARCHIVO":"112233","RUTA_ARCHIVO":"\/uploads\/documentos-practicas\/","FECHA_SUBIDA":"2025-09-20 10:15:00","FECHA_REVISION":"2025-09-20 12:45:00","ID_REVISOR":"18","OBSERVACIONES":"Ficha de control y seguimiento docente","OBSERVACIONES_REVISOR":"Faltan las firmas del tutor docente, documento inv\u00e1lido","VERSION":"1","ACTIVO":"1","FECHA_CREACION":"2025-09-04 06:59:17","FECHA_ACTUALIZACION":"2025-09-04 06:59:17","ID_TIPO_DOCUMENTO_PREPROFESIONAL":"9","TIPO_DOCUMENTO_CODIGO":"PPR-009","TIPO_DOCUMENTO_NOMBRE":"Ficha de Control y Seguimiento Docente","TIPO_DOCUMENTO_DESCRIPCION":"Documento utilizado por el tutor docente para registrar el seguimiento acad\u00e9mico del estudiante durante las pr\u00e1cticas. Incluye visitas o revisiones peri\u00f3dicas.","TIPO_DOCUMENTO_ORDEN":"9","TIPO_DOCUMENTO_OBLIGATORIO":"1","ESTADO_REVISION":"Rechazado","ID_ESTUDIANTE":"2","ENTIDAD_RECEPTORA":"Banco del Pac\u00edfico","ESTUDIANTE_NOMBRE":"Mar\u00eda Elena Garc\u00eda Torres","NOMBRE_ESTUDIANTE":"Mar\u00eda Elena","APELLIDO_ESTUDIANTE":"Garc\u00eda Torres","CEDULA_ESTUDIANTE":"1002345678"},{"ID_DOCUMENTO_PREPROFESIONAL":"15","ID_PRACTICA_PREPROFESIONAL":"2","ID_TIPO_DOCUMENTO":"7","ID_ESTADO_REVISION":"5","NOMBRE_ARCHIVO":"ficha_registro_actividades_002_20250915.pdf","NOMBRE_ORIGINAL":"Ficha Registro Actividades - Mar\u00eda.pdf","TIPO_ARCHIVO":"application\/pdf","TAMANO_ARCHIVO":"98765","RUTA_ARCHIVO":"\/uploads\/documentos-practicas\/","FECHA_SUBIDA":"2025-09-15 11:30:00","FECHA_REVISION":"2025-09-15 14:20:00","ID_REVISOR":"18","OBSERVACIONES":"Ficha de registro de actividades","OBSERVACIONES_REVISOR":"Descripci\u00f3n de actividades muy general, especificar m\u00e1s detalles","VERSION":"1","ACTIVO":"1","FECHA_CREACION":"2025-09-04 06:59:17","FECHA_ACTUALIZACION":"2025-09-04 06:59:17","ID_TIPO_DOCUMENTO_PREPROFESIONAL":"7","TIPO_DOCUMENTO_CODIGO":"PPR-007","TIPO_DOCUMENTO_NOMBRE":"Ficha de Registro de Actividades","TIPO_DOCUMENTO_DESCRIPCION":"Documento detallado en el que el estudiante registra las actividades espec\u00edficas realizadas durante sus pr\u00e1cticas, incluyendo fechas y descripciones.","TIPO_DOCUMENTO_ORDEN":"7","TIPO_DOCUMENTO_OBLIGATORIO":"1","ESTADO_REVISION":"Requiere Correcci\u00f3n","ID_ESTUDIANTE":"2","ENTIDAD_RECEPTORA":"Banco del Pac\u00edfico","ESTUDIANTE_NOMBRE":"Mar\u00eda Elena Garc\u00eda Torres","NOMBRE_ESTUDIANTE":"Mar\u00eda Elena","APELLIDO_ESTUDIANTE":"Garc\u00eda Torres","CEDULA_ESTUDIANTE":"1002345678"},{"ID_DOCUMENTO_PREPROFESIONAL":"14","ID_PRACTICA_PREPROFESIONAL":"1","ID_TIPO_DOCUMENTO":"6","ID_ESTADO_REVISION":"5","NOMBRE_ARCHIVO":"hojas_asistencia_001_20250830.pdf","NOMBRE_ORIGINAL":"Hojas de Asistencia - Juan Carlos.pdf","TIPO_ARCHIVO":"application\/pdf","TAMANO_ARCHIVO":"123456","RUTA_ARCHIVO":"\/uploads\/documentos-practicas\/","FECHA_SUBIDA":"2025-08-30 16:15:00","FECHA_REVISION":"2025-08-30 17:45:00","ID_REVISOR":"17","OBSERVACIONES":"Hojas de asistencia completas","OBSERVACIONES_REVISOR":"Faltan firmas en algunas fechas, corregir y volver a subir","VERSION":"1","ACTIVO":"1","FECHA_CREACION":"2025-09-04 06:59:17","FECHA_ACTUALIZACION":"2025-09-04 06:59:17","ID_TIPO_DOCUMENTO_PREPROFESIONAL":"6","TIPO_DOCUMENTO_CODIGO":"PPR-006","TIPO_DOCUMENTO_NOMBRE":"Hojas de Asistencia","TIPO_DOCUMENTO_DESCRIPCION":"Registro f\u00edsico de la asistencia del estudiante en la entidad receptora. Incluye las firmas y sellos para validar las horas de trabajo.","TIPO_DOCUMENTO_ORDEN":"6","TIPO_DOCUMENTO_OBLIGATORIO":"1","ESTADO_REVISION":"Requiere Correcci\u00f3n","ID_ESTUDIANTE":"1","ENTIDAD_RECEPTORA":"Hospital San Vicente de Pa\u00fal","ESTUDIANTE_NOMBRE":"Juan Carlos P\u00e9rez L\u00f3pez","NOMBRE_ESTUDIANTE":"Juan Carlos","APELLIDO_ESTUDIANTE":"P\u00e9rez L\u00f3pez","CEDULA_ESTUDIANTE":"1001234567"},{"ID_DOCUMENTO_PREPROFESIONAL":"16","ID_PRACTICA_PREPROFESIONAL":"1","ID_TIPO_DOCUMENTO":"8","ID_ESTADO_REVISION":"4","NOMBRE_ARCHIVO":"rubrica_evaluacion_entidad_001_20250825.pdf","NOMBRE_ORIGINAL":"R\u00fabrica Evaluaci\u00f3n Entidad - Juan.pdf","TIPO_ARCHIVO":"application\/pdf","TAMANO_ARCHIVO":"87654","RUTA_ARCHIVO":"\/uploads\/documentos-practicas\/","FECHA_SUBIDA":"2025-08-25 15:00:00","FECHA_REVISION":"2025-08-25 16:30:00","ID_REVISOR":"17","OBSERVACIONES":"R\u00fabrica de evaluaci\u00f3n de entidad","OBSERVACIONES_REVISOR":"Documento no tiene sello oficial de la entidad, rechazado","VERSION":"1","ACTIVO":"1","FECHA_CREACION":"2025-09-04 06:59:17","FECHA_ACTUALIZACION":"2025-09-04 06:59:17","ID_TIPO_DOCUMENTO_PREPROFESIONAL":"8","TIPO_DOCUMENTO_CODIGO":"PPR-008","TIPO_DOCUMENTO_NOMBRE":"R\u00fabrica de Evaluaci\u00f3n de Entidad","TIPO_DOCUMENTO_DESCRIPCION":"Formulario de evaluaci\u00f3n del desempe\u00f1o del estudiante, llenado y sellado por la entidad receptora. Valora aspectos como la responsabilidad, la proactividad y la calidad del trabajo.","TIPO_DOCUMENTO_ORDEN":"8","TIPO_DOCUMENTO_OBLIGATORIO":"1","ESTADO_REVISION":"Rechazado","ID_ESTUDIANTE":"1","ENTIDAD_RECEPTORA":"Hospital San Vicente de Pa\u00fal","ESTUDIANTE_NOMBRE":"Juan Carlos P\u00e9rez L\u00f3pez","NOMBRE_ESTUDIANTE":"Juan Carlos","APELLIDO_ESTUDIANTE":"P\u00e9rez L\u00f3pez","CEDULA_ESTUDIANTE":"1001234567"},{"ID_DOCUMENTO_PREPROFESIONAL":"5","ID_PRACTICA_PREPROFESIONAL":"2","ID_TIPO_DOCUMENTO":"2","ID_ESTADO_REVISION":"3","NOMBRE_ARCHIVO":"oficio_entidad_receptora_002_20250702.pdf","NOMBRE_ORIGINAL":"Oficio Entidad Receptora - Banco.pdf","TIPO_ARCHIVO":"application\/pdf","TAMANO_ARCHIVO":"178944","RUTA_ARCHIVO":"\/uploads\/documentos-practicas\/","FECHA_SUBIDA":"2025-07-02 15:45:00","FECHA_REVISION":"2025-07-02 17:20:00","ID_REVISOR":"18","OBSERVACIONES":"Oficio enviado a la entidad receptora","OBSERVACIONES_REVISOR":"Oficio formal y bien estructurado","VERSION":"1","ACTIVO":"1","FECHA_CREACION":"2025-09-04 06:59:17","FECHA_ACTUALIZACION":"2025-09-04 06:59:17","ID_TIPO_DOCUMENTO_PREPROFESIONAL":"2","TIPO_DOCUMENTO_CODIGO":"PPR-002","TIPO_DOCUMENTO_NOMBRE":"Oficio a Entidad Receptora","TIPO_DOCUMENTO_DESCRIPCION":"Carta formal enviada por el estudiante a la instituci\u00f3n \"Instituto Tecnol\u00f3gico Superior Ibarra\", con el prop\u00f3sito de solicitar la oportunidad de realizar sus pr\u00e1cticas de servicio comunitario.","TIPO_DOCUMENTO_ORDEN":"2","TIPO_DOCUMENTO_OBLIGATORIO":"1","ESTADO_REVISION":"Aprobado","ID_ESTUDIANTE":"2","ENTIDAD_RECEPTORA":"Banco del Pac\u00edfico","ESTUDIANTE_NOMBRE":"Mar\u00eda Elena Garc\u00eda Torres","NOMBRE_ESTUDIANTE":"Mar\u00eda Elena","APELLIDO_ESTUDIANTE":"Garc\u00eda Torres","CEDULA_ESTUDIANTE":"1002345678"},{"ID_DOCUMENTO_PREPROFESIONAL":"4","ID_PRACTICA_PREPROFESIONAL":"2","ID_TIPO_DOCUMENTO":"1","ID_ESTADO_REVISION":"3","NOMBRE_ARCHIVO":"oficio_asignacion_tutor_002_20250701.pdf","NOMBRE_ORIGINAL":"Oficio Asignaci\u00f3n Tutor - Mar\u00eda Elena.pdf","TIPO_ARCHIVO":"application\/pdf","TAMANO_ARCHIVO":"234880","RUTA_ARCHIVO":"\/uploads\/documentos-practicas\/","FECHA_SUBIDA":"2025-07-01 11:00:00","FECHA_REVISION":"2025-07-01 13:15:00","ID_REVISOR":"18","OBSERVACIONES":"Documento oficial de asignaci\u00f3n","OBSERVACIONES_REVISOR":"Asignaci\u00f3n correcta del tutor","VERSION":"1","ACTIVO":"1","FECHA_CREACION":"2025-09-04 06:59:17","FECHA_ACTUALIZACION":"2025-09-04 06:59:17","ID_TIPO_DOCUMENTO_PREPROFESIONAL":"1","TIPO_DOCUMENTO_CODIGO":"PPR-001","TIPO_DOCUMENTO_NOMBRE":"Oficio de Asignaci\u00f3n de Tutor","TIPO_DOCUMENTO_DESCRIPCION":"Documento oficial emitido por la coordinaci\u00f3n de la carrera que designa al docente responsable de la tutor\u00eda y seguimiento de las pr\u00e1cticas de servicio comunitario del estudiante.","TIPO_DOCUMENTO_ORDEN":"1","TIPO_DOCUMENTO_OBLIGATORIO":"1","ESTADO_REVISION":"Aprobado","ID_ESTUDIANTE":"2","ENTIDAD_RECEPTORA":"Banco del Pac\u00edfico","ESTUDIANTE_NOMBRE":"Mar\u00eda Elena Garc\u00eda Torres","NOMBRE_ESTUDIANTE":"Mar\u00eda Elena","APELLIDO_ESTUDIANTE":"Garc\u00eda Torres","CEDULA_ESTUDIANTE":"1002345678"},{"ID_DOCUMENTO_PREPROFESIONAL":"3","ID_PRACTICA_PREPROFESIONAL":"1","ID_TIPO_DOCUMENTO":"3","ID_ESTADO_REVISION":"3","NOMBRE_ARCHIVO":"carta_aceptacion_001_20250603.pdf","NOMBRE_ORIGINAL":"Carta Aceptaci\u00f3n - Hospital.pdf","TIPO_ARCHIVO":"application\/pdf","TAMANO_ARCHIVO":"156672","RUTA_ARCHIVO":"\/uploads\/documentos-practicas\/","FECHA_SUBIDA":"2025-06-03 09:15:00","FECHA_REVISION":"2025-06-03 11:20:00","ID_REVISOR":"17","OBSERVACIONES":"Carta de aceptaci\u00f3n de la entidad","OBSERVACIONES_REVISOR":"Carta oficial con sello institucional","VERSION":"1","ACTIVO":"1","FECHA_CREACION":"2025-09-04 06:59:17","FECHA_ACTUALIZACION":"2025-09-04 06:59:17","ID_TIPO_DOCUMENTO_PREPROFESIONAL":"3","TIPO_DOCUMENTO_CODIGO":"PPR-003","TIPO_DOCUMENTO_NOMBRE":"Carta de Aceptaci\u00f3n","TIPO_DOCUMENTO_DESCRIPCION":"Carta oficial de la entidad receptora \"Instituto Tecnol\u00f3gico Superior Ibarra\" que confirma la aceptaci\u00f3n del o los estudiantes para realizar las pr\u00e1cticas de servicio comunitario en sus instalaciones.","TIPO_DOCUMENTO_ORDEN":"3","TIPO_DOCUMENTO_OBLIGATORIO":"1","ESTADO_REVISION":"Aprobado","ID_ESTUDIANTE":"1","ENTIDAD_RECEPTORA":"Hospital San Vicente de Pa\u00fal","ESTUDIANTE_NOMBRE":"Juan Carlos P\u00e9rez L\u00f3pez","NOMBRE_ESTUDIANTE":"Juan Carlos","APELLIDO_ESTUDIANTE":"P\u00e9rez L\u00f3pez","CEDULA_ESTUDIANTE":"1001234567"},{"ID_DOCUMENTO_PREPROFESIONAL":"2","ID_PRACTICA_PREPROFESIONAL":"1","ID_TIPO_DOCUMENTO":"2","ID_ESTADO_REVISION":"3","NOMBRE_ARCHIVO":"oficio_entidad_receptora_001_20250602.pdf","NOMBRE_ORIGINAL":"Oficio Entidad Receptora - Hospital.pdf","TIPO_ARCHIVO":"application\/pdf","TAMANO_ARCHIVO":"189440","RUTA_ARCHIVO":"\/uploads\/documentos-practicas\/","FECHA_SUBIDA":"2025-06-02 14:30:00","FECHA_REVISION":"2025-06-02 16:45:00","ID_REVISOR":"17","OBSERVACIONES":"Oficio enviado a la entidad receptora","OBSERVACIONES_REVISOR":"Oficio bien redactado y formal","VERSION":"1","ACTIVO":"1","FECHA_CREACION":"2025-09-04 06:59:17","FECHA_ACTUALIZACION":"2025-09-04 06:59:17","ID_TIPO_DOCUMENTO_PREPROFESIONAL":"2","TIPO_DOCUMENTO_CODIGO":"PPR-002","TIPO_DOCUMENTO_NOMBRE":"Oficio a Entidad Receptora","TIPO_DOCUMENTO_DESCRIPCION":"Carta formal enviada por el estudiante a la instituci\u00f3n \"Instituto Tecnol\u00f3gico Superior Ibarra\", con el prop\u00f3sito de solicitar la oportunidad de realizar sus pr\u00e1cticas de servicio comunitario.","TIPO_DOCUMENTO_ORDEN":"2","TIPO_DOCUMENTO_OBLIGATORIO":"1","ESTADO_REVISION":"Aprobado","ID_ESTUDIANTE":"1","ENTIDAD_RECEPTORA":"Hospital San Vicente de Pa\u00fal","ESTUDIANTE_NOMBRE":"Juan Carlos P\u00e9rez L\u00f3pez","NOMBRE_ESTUDIANTE":"Juan Carlos","APELLIDO_ESTUDIANTE":"P\u00e9rez L\u00f3pez","CEDULA_ESTUDIANTE":"1001234567"},{"ID_DOCUMENTO_PREPROFESIONAL":"1","ID_PRACTICA_PREPROFESIONAL":"1","ID_TIPO_DOCUMENTO":"1","ID_ESTADO_REVISION":"3","NOMBRE_ARCHIVO":"oficio_asignacion_tutor_001_20250601.pdf","NOMBRE_ORIGINAL":"Oficio Asignaci\u00f3n Tutor - Juan Carlos.pdf","TIPO_ARCHIVO":"application\/pdf","TAMANO_ARCHIVO":"245760","RUTA_ARCHIVO":"\/uploads\/documentos-practicas\/","FECHA_SUBIDA":"2025-06-01 10:00:00","FECHA_REVISION":"2025-06-01 14:30:00","ID_REVISOR":"17","OBSERVACIONES":"Documento oficial de asignaci\u00f3n","OBSERVACIONES_REVISOR":"Documento aprobado correctamente","VERSION":"1","ACTIVO":"1","FECHA_CREACION":"2025-09-04 06:59:17","FECHA_ACTUALIZACION":"2025-09-04 06:59:17","ID_TIPO_DOCUMENTO_PREPROFESIONAL":"1","TIPO_DOCUMENTO_CODIGO":"PPR-001","TIPO_DOCUMENTO_NOMBRE":"Oficio de Asignaci\u00f3n de Tutor","TIPO_DOCUMENTO_DESCRIPCION":"Documento oficial emitido por la coordinaci\u00f3n de la carrera que designa al docente responsable de la tutor\u00eda y seguimiento de las pr\u00e1cticas de servicio comunitario del estudiante.","TIPO_DOCUMENTO_ORDEN":"1","TIPO_DOCUMENTO_OBLIGATORIO":"1","ESTADO_REVISION":"Aprobado","ID_ESTUDIANTE":"1","ENTIDAD_RECEPTORA":"Hospital San Vicente de Pa\u00fal","ESTUDIANTE_NOMBRE":"Juan Carlos P\u00e9rez L\u00f3pez","NOMBRE_ESTUDIANTE":"Juan Carlos","APELLIDO_ESTUDIANTE":"P\u00e9rez L\u00f3pez","CEDULA_ESTUDIANTE":"1001234567"}]
DEBUG - 2026-03-17 17:32:39 --> Session: Class initialized using 'CodeIgniter\Session\Handlers\FileHandler' driver.
DEBUG - 2026-03-17 17:35:55 --> Session: Class initialized using 'CodeIgniter\Session\Handlers\FileHandler' driver.
DEBUG - 2026-03-17 17:35:56 --> Consulta SQL: SELECT *
FROM `TAB_DOCUMENTOS_PRACTICAS_PREPROFESIONALES` `dp`
DEBUG - 2026-03-17 17:35:56 --> Resultados obtenidos: 0
DEBUG - 2026-03-17 17:35:56 --> Tipos de documentos en index: [{"ID_TIPO_DOCUMENTO_PREPROFESIONAL":"1","CODIGO":"PPR-001","NOMBRE":"Oficio de Asignaci\u00f3n de Tutor","DESCRIPCION":"Documento oficial emitido por la coordinaci\u00f3n de la carrera que designa al docente responsable de la tutor\u00eda y seguimiento de las pr\u00e1cticas de servicio comunitario del estudiante.","ORDEN":"1","OBLIGATORIO":"1","ACTIVO":"1","FECHA_CREACION":"2025-09-04 06:59:17","FECHA_ACTUALIZACION":"2025-09-04 06:59:17"},{"ID_TIPO_DOCUMENTO_PREPROFESIONAL":"2","CODIGO":"PPR-002","NOMBRE":"Oficio a Entidad Receptora","DESCRIPCION":"Carta formal enviada por el estudiante a la instituci\u00f3n \"Instituto Tecnol\u00f3gico Superior Ibarra\", con el prop\u00f3sito de solicitar la oportunidad de realizar sus pr\u00e1cticas de servicio comunitario.","ORDEN":"2","OBLIGATORIO":"1","ACTIVO":"1","FECHA_CREACION":"2025-09-04 06:59:17","FECHA_ACTUALIZACION":"2025-09-04 06:59:17"},{"ID_TIPO_DOCUMENTO_PREPROFESIONAL":"3","CODIGO":"PPR-003","NOMBRE":"Carta de Aceptaci\u00f3n","DESCRIPCION":"Carta oficial de la entidad receptora \"Instituto Tecnol\u00f3gico Superior Ibarra\" que confirma la aceptaci\u00f3n del o los estudiantes para realizar las pr\u00e1cticas de servicio comunitario en sus instalaciones.","ORDEN":"3","OBLIGATORIO":"1","ACTIVO":"1","FECHA_CREACION":"2025-09-04 06:59:17","FECHA_ACTUALIZACION":"2025-09-04 06:59:17"},{"ID_TIPO_DOCUMENTO_PREPROFESIONAL":"4","CODIGO":"PPR-004","NOMBRE":"Solicitud Institucional Valorada","DESCRIPCION":"Documento de solicitud formal dirigido al Sr. Rector, Dr. Mario Montenegro, pidiendo la aprobaci\u00f3n institucional para la realizaci\u00f3n de las pr\u00e1cticas de servicio comunitario.","ORDEN":"4","OBLIGATORIO":"1","ACTIVO":"1","FECHA_CREACION":"2025-09-04 06:59:17","FECHA_ACTUALIZACION":"2025-09-04 06:59:17"},{"ID_TIPO_DOCUMENTO_PREPROFESIONAL":"5","CODIGO":"PPR-005","NOMBRE":"Certificado de Culminaci\u00f3n de Horas","DESCRIPCION":"Certificado emitido por la entidad receptora \"Instituto Tecnol\u00f3gico Superior Ibarra\" que acredita que el estudiante ha completado las 60 horas requeridas de pr\u00e1cticas de servicio comunitario.","ORDEN":"5","OBLIGATORIO":"1","ACTIVO":"1","FECHA_CREACION":"2025-09-04 06:59:17","FECHA_ACTUALIZACION":"2025-09-04 06:59:17"},{"ID_TIPO_DOCUMENTO_PREPROFESIONAL":"6","CODIGO":"PPR-006","NOMBRE":"Hojas de Asistencia","DESCRIPCION":"Registro f\u00edsico de la asistencia del estudiante en la entidad receptora. Incluye las firmas y sellos para validar las horas de trabajo.","ORDEN":"6","OBLIGATORIO":"1","ACTIVO":"1","FECHA_CREACION":"2025-09-04 06:59:17","FECHA_ACTUALIZACION":"2025-09-04 06:59:17"},{"ID_TIPO_DOCUMENTO_PREPROFESIONAL":"7","CODIGO":"PPR-007","NOMBRE":"Ficha de Registro de Actividades","DESCRIPCION":"Documento detallado en el que el estudiante registra las actividades espec\u00edficas realizadas durante sus pr\u00e1cticas, incluyendo fechas y descripciones.","ORDEN":"7","OBLIGATORIO":"1","ACTIVO":"1","FECHA_CREACION":"2025-09-04 06:59:17","FECHA_ACTUALIZACION":"2025-09-04 06:59:17"},{"ID_TIPO_DOCUMENTO_PREPROFESIONAL":"8","CODIGO":"PPR-008","NOMBRE":"R\u00fabrica de Evaluaci\u00f3n de Entidad","DESCRIPCION":"Formulario de evaluaci\u00f3n del desempe\u00f1o del estudiante, llenado y sellado por la entidad receptora. Valora aspectos como la responsabilidad, la proactividad y la calidad del trabajo.","ORDEN":"8","OBLIGATORIO":"1","ACTIVO":"1","FECHA_CREACION":"2025-09-04 06:59:17","FECHA_ACTUALIZACION":"2025-09-04 06:59:17"},{"ID_TIPO_DOCUMENTO_PREPROFESIONAL":"9","CODIGO":"PPR-009","NOMBRE":"Ficha de Control y Seguimiento Docente","DESCRIPCION":"Documento utilizado por el tutor docente para registrar el seguimiento acad\u00e9mico del estudiante durante las pr\u00e1cticas. Incluye visitas o revisiones peri\u00f3dicas.","ORDEN":"9","OBLIGATORIO":"1","ACTIVO":"1","FECHA_CREACION":"2025-09-04 06:59:17","FECHA_ACTUALIZACION":"2025-09-04 06:59:17"},{"ID_TIPO_DOCUMENTO_PREPROFESIONAL":"10","CODIGO":"PPR-010","NOMBRE":"R\u00fabrica de Evaluaci\u00f3n Docente","DESCRIPCION":"R\u00fabrica de evaluaci\u00f3n llenada y firmada por el tutor docente. Califica el desempe\u00f1o del estudiante en base a los criterios acad\u00e9micos del programa.","ORDEN":"10","OBLIGATORIO":"1","ACTIVO":"1","FECHA_CREACION":"2025-09-04 06:59:17","FECHA_ACTUALIZACION":"2025-09-04 06:59:17"},{"ID_TIPO_DOCUMENTO_PREPROFESIONAL":"11","CODIGO":"PPR-011","NOMBRE":"R\u00fabrica de Evaluaci\u00f3n de Resultados","DESCRIPCION":"Evaluaci\u00f3n final realizada por el Departamento de Vinculaci\u00f3n con la Sociedad, que valora los resultados y el impacto del proyecto de servicio comunitario en su conjunto.","ORDEN":"11","OBLIGATORIO":"1","ACTIVO":"1","FECHA_CREACION":"2025-09-04 06:59:17","FECHA_ACTUALIZACION":"2025-09-04 06:59:17"},{"ID_TIPO_DOCUMENTO_PREPROFESIONAL":"12","CODIGO":"PPR-012","NOMBRE":"Evidencia Fotogr\u00e1fica y Digital","DESCRIPCION":"Material de apoyo visual y digital, como fotos, capturas, videos o impresiones, que documenta y comprueba la realizaci\u00f3n de las actividades y trabajos del proyecto.","ORDEN":"12","OBLIGATORIO":"1","ACTIVO":"1","FECHA_CREACION":"2025-09-04 06:59:17","FECHA_ACTUALIZACION":"2025-09-04 06:59:17"}]
DEBUG - 2026-03-17 17:35:56 --> Session: Class initialized using 'CodeIgniter\Session\Handlers\FileHandler' driver.
DEBUG - 2026-03-17 17:35:57 --> Consulta SQL: SELECT *
FROM `TAB_DOCUMENTOS_PRACTICAS_PREPROFESIONALES` `dp`
DEBUG - 2026-03-17 17:35:57 --> Resultados obtenidos: 0
DEBUG - 2026-03-17 17:35:57 --> Documentos obtenidos: []
DEBUG - 2026-03-17 17:36:12 --> Consulta SQL: SELECT *
FROM `TAB_DOCUMENTOS_PRACTICAS_PREPROFESIONALES` `dp`
DEBUG - 2026-03-17 17:36:12 --> Resultados obtenidos: 5
DEBUG - 2026-03-17 17:36:12 --> Tipos de documentos en index: [{"ID_TIPO_DOCUMENTO_PREPROFESIONAL":"1","CODIGO":"PPR-001","NOMBRE":"Oficio de Asignaci\u00f3n de Tutor","DESCRIPCION":"Documento oficial emitido por la coordinaci\u00f3n de la carrera que designa al docente responsable de la tutor\u00eda y seguimiento de las pr\u00e1cticas de servicio comunitario del estudiante.","ORDEN":"1","OBLIGATORIO":"1","ACTIVO":"1","FECHA_CREACION":"2025-09-04 06:59:17","FECHA_ACTUALIZACION":"2025-09-04 06:59:17"},{"ID_TIPO_DOCUMENTO_PREPROFESIONAL":"2","CODIGO":"PPR-002","NOMBRE":"Oficio a Entidad Receptora","DESCRIPCION":"Carta formal enviada por el estudiante a la instituci\u00f3n \"Instituto Tecnol\u00f3gico Superior Ibarra\", con el prop\u00f3sito de solicitar la oportunidad de realizar sus pr\u00e1cticas de servicio comunitario.","ORDEN":"2","OBLIGATORIO":"1","ACTIVO":"1","FECHA_CREACION":"2025-09-04 06:59:17","FECHA_ACTUALIZACION":"2025-09-04 06:59:17"},{"ID_TIPO_DOCUMENTO_PREPROFESIONAL":"3","CODIGO":"PPR-003","NOMBRE":"Carta de Aceptaci\u00f3n","DESCRIPCION":"Carta oficial de la entidad receptora \"Instituto Tecnol\u00f3gico Superior Ibarra\" que confirma la aceptaci\u00f3n del o los estudiantes para realizar las pr\u00e1cticas de servicio comunitario en sus instalaciones.","ORDEN":"3","OBLIGATORIO":"1","ACTIVO":"1","FECHA_CREACION":"2025-09-04 06:59:17","FECHA_ACTUALIZACION":"2025-09-04 06:59:17"},{"ID_TIPO_DOCUMENTO_PREPROFESIONAL":"4","CODIGO":"PPR-004","NOMBRE":"Solicitud Institucional Valorada","DESCRIPCION":"Documento de solicitud formal dirigido al Sr. Rector, Dr. Mario Montenegro, pidiendo la aprobaci\u00f3n institucional para la realizaci\u00f3n de las pr\u00e1cticas de servicio comunitario.","ORDEN":"4","OBLIGATORIO":"1","ACTIVO":"1","FECHA_CREACION":"2025-09-04 06:59:17","FECHA_ACTUALIZACION":"2025-09-04 06:59:17"},{"ID_TIPO_DOCUMENTO_PREPROFESIONAL":"5","CODIGO":"PPR-005","NOMBRE":"Certificado de Culminaci\u00f3n de Horas","DESCRIPCION":"Certificado emitido por la entidad receptora \"Instituto Tecnol\u00f3gico Superior Ibarra\" que acredita que el estudiante ha completado las 60 horas requeridas de pr\u00e1cticas de servicio comunitario.","ORDEN":"5","OBLIGATORIO":"1","ACTIVO":"1","FECHA_CREACION":"2025-09-04 06:59:17","FECHA_ACTUALIZACION":"2025-09-04 06:59:17"},{"ID_TIPO_DOCUMENTO_PREPROFESIONAL":"6","CODIGO":"PPR-006","NOMBRE":"Hojas de Asistencia","DESCRIPCION":"Registro f\u00edsico de la asistencia del estudiante en la entidad receptora. Incluye las firmas y sellos para validar las horas de trabajo.","ORDEN":"6","OBLIGATORIO":"1","ACTIVO":"1","FECHA_CREACION":"2025-09-04 06:59:17","FECHA_ACTUALIZACION":"2025-09-04 06:59:17"},{"ID_TIPO_DOCUMENTO_PREPROFESIONAL":"7","CODIGO":"PPR-007","NOMBRE":"Ficha de Registro de Actividades","DESCRIPCION":"Documento detallado en el que el estudiante registra las actividades espec\u00edficas realizadas durante sus pr\u00e1cticas, incluyendo fechas y descripciones.","ORDEN":"7","OBLIGATORIO":"1","ACTIVO":"1","FECHA_CREACION":"2025-09-04 06:59:17","FECHA_ACTUALIZACION":"2025-09-04 06:59:17"},{"ID_TIPO_DOCUMENTO_PREPROFESIONAL":"8","CODIGO":"PPR-008","NOMBRE":"R\u00fabrica de Evaluaci\u00f3n de Entidad","DESCRIPCION":"Formulario de evaluaci\u00f3n del desempe\u00f1o del estudiante, llenado y sellado por la entidad receptora. Valora aspectos como la responsabilidad, la proactividad y la calidad del trabajo.","ORDEN":"8","OBLIGATORIO":"1","ACTIVO":"1","FECHA_CREACION":"2025-09-04 06:59:17","FECHA_ACTUALIZACION":"2025-09-04 06:59:17"},{"ID_TIPO_DOCUMENTO_PREPROFESIONAL":"9","CODIGO":"PPR-009","NOMBRE":"Ficha de Control y Seguimiento Docente","DESCRIPCION":"Documento utilizado por el tutor docente para registrar el seguimiento acad\u00e9mico del estudiante durante las pr\u00e1cticas. Incluye visitas o revisiones peri\u00f3dicas.","ORDEN":"9","OBLIGATORIO":"1","ACTIVO":"1","FECHA_CREACION":"2025-09-04 06:59:17","FECHA_ACTUALIZACION":"2025-09-04 06:59:17"},{"ID_TIPO_DOCUMENTO_PREPROFESIONAL":"10","CODIGO":"PPR-010","NOMBRE":"R\u00fabrica de Evaluaci\u00f3n Docente","DESCRIPCION":"R\u00fabrica de evaluaci\u00f3n llenada y firmada por el tutor docente. Califica el desempe\u00f1o del estudiante en base a los criterios acad\u00e9micos del programa.","ORDEN":"10","OBLIGATORIO":"1","ACTIVO":"1","FECHA_CREACION":"2025-09-04 06:59:17","FECHA_ACTUALIZACION":"2025-09-04 06:59:17"},{"ID_TIPO_DOCUMENTO_PREPROFESIONAL":"11","CODIGO":"PPR-011","NOMBRE":"R\u00fabrica de Evaluaci\u00f3n de Resultados","DESCRIPCION":"Evaluaci\u00f3n final realizada por el Departamento de Vinculaci\u00f3n con la Sociedad, que valora los resultados y el impacto del proyecto de servicio comunitario en su conjunto.","ORDEN":"11","OBLIGATORIO":"1","ACTIVO":"1","FECHA_CREACION":"2025-09-04 06:59:17","FECHA_ACTUALIZACION":"2025-09-04 06:59:17"},{"ID_TIPO_DOCUMENTO_PREPROFESIONAL":"12","CODIGO":"PPR-012","NOMBRE":"Evidencia Fotogr\u00e1fica y Digital","DESCRIPCION":"Material de apoyo visual y digital, como fotos, capturas, videos o impresiones, que documenta y comprueba la realizaci\u00f3n de las actividades y trabajos del proyecto.","ORDEN":"12","OBLIGATORIO":"1","ACTIVO":"1","FECHA_CREACION":"2025-09-04 06:59:17","FECHA_ACTUALIZACION":"2025-09-04 06:59:17"}]
DEBUG - 2026-03-17 17:36:12 --> Session: Class initialized using 'CodeIgniter\Session\Handlers\FileHandler' driver.
DEBUG - 2026-03-17 17:36:12 --> Consulta SQL: SELECT *
FROM `TAB_DOCUMENTOS_PRACTICAS_PREPROFESIONALES` `dp`
DEBUG - 2026-03-17 17:36:12 --> Resultados obtenidos: 5
DEBUG - 2026-03-17 17:36:12 --> Documentos obtenidos: [{"ID_DOCUMENTO_PREPROFESIONAL":"14","ID_PRACTICA_PREPROFESIONAL":"1","ID_TIPO_DOCUMENTO":"6","ID_ESTADO_REVISION":"5","NOMBRE_ARCHIVO":"hojas_asistencia_001_20250830.pdf","NOMBRE_ORIGINAL":"Hojas de Asistencia - Juan Carlos.pdf","TIPO_ARCHIVO":"application\/pdf","TAMANO_ARCHIVO":"123456","RUTA_ARCHIVO":"\/uploads\/documentos-practicas\/","FECHA_SUBIDA":"2025-08-30 16:15:00","FECHA_REVISION":"2025-08-30 17:45:00","ID_REVISOR":"17","OBSERVACIONES":"Hojas de asistencia completas","OBSERVACIONES_REVISOR":"Faltan firmas en algunas fechas, corregir y volver a subir","VERSION":"1","ACTIVO":"1","FECHA_CREACION":"2025-09-04 06:59:17","FECHA_ACTUALIZACION":"2025-09-04 06:59:17","ID_TIPO_DOCUMENTO_PREPROFESIONAL":"6","TIPO_DOCUMENTO_CODIGO":"PPR-006","TIPO_DOCUMENTO_NOMBRE":"Hojas de Asistencia","TIPO_DOCUMENTO_DESCRIPCION":"Registro f\u00edsico de la asistencia del estudiante en la entidad receptora. Incluye las firmas y sellos para validar las horas de trabajo.","TIPO_DOCUMENTO_ORDEN":"6","TIPO_DOCUMENTO_OBLIGATORIO":"1","ESTADO_REVISION":"Requiere Correcci\u00f3n","ID_ESTUDIANTE":"1","ENTIDAD_RECEPTORA":"Hospital San Vicente de Pa\u00fal","ESTUDIANTE_NOMBRE":"Juan Carlos P\u00e9rez L\u00f3pez","NOMBRE_ESTUDIANTE":"Juan Carlos","APELLIDO_ESTUDIANTE":"P\u00e9rez L\u00f3pez","CEDULA_ESTUDIANTE":"1001234567"},{"ID_DOCUMENTO_PREPROFESIONAL":"16","ID_PRACTICA_PREPROFESIONAL":"1","ID_TIPO_DOCUMENTO":"8","ID_ESTADO_REVISION":"4","NOMBRE_ARCHIVO":"rubrica_evaluacion_entidad_001_20250825.pdf","NOMBRE_ORIGINAL":"R\u00fabrica Evaluaci\u00f3n Entidad - Juan.pdf","TIPO_ARCHIVO":"application\/pdf","TAMANO_ARCHIVO":"87654","RUTA_ARCHIVO":"\/uploads\/documentos-practicas\/","FECHA_SUBIDA":"2025-08-25 15:00:00","FECHA_REVISION":"2025-08-25 16:30:00","ID_REVISOR":"17","OBSERVACIONES":"R\u00fabrica de evaluaci\u00f3n de entidad","OBSERVACIONES_REVISOR":"Documento no tiene sello oficial de la entidad, rechazado","VERSION":"1","ACTIVO":"1","FECHA_CREACION":"2025-09-04 06:59:17","FECHA_ACTUALIZACION":"2025-09-04 06:59:17","ID_TIPO_DOCUMENTO_PREPROFESIONAL":"8","TIPO_DOCUMENTO_CODIGO":"PPR-008","TIPO_DOCUMENTO_NOMBRE":"R\u00fabrica de Evaluaci\u00f3n de Entidad","TIPO_DOCUMENTO_DESCRIPCION":"Formulario de evaluaci\u00f3n del desempe\u00f1o del estudiante, llenado y sellado por la entidad receptora. Valora aspectos como la responsabilidad, la proactividad y la calidad del trabajo.","TIPO_DOCUMENTO_ORDEN":"8","TIPO_DOCUMENTO_OBLIGATORIO":"1","ESTADO_REVISION":"Rechazado","ID_ESTUDIANTE":"1","ENTIDAD_RECEPTORA":"Hospital San Vicente de Pa\u00fal","ESTUDIANTE_NOMBRE":"Juan Carlos P\u00e9rez L\u00f3pez","NOMBRE_ESTUDIANTE":"Juan Carlos","APELLIDO_ESTUDIANTE":"P\u00e9rez L\u00f3pez","CEDULA_ESTUDIANTE":"1001234567"},{"ID_DOCUMENTO_PREPROFESIONAL":"3","ID_PRACTICA_PREPROFESIONAL":"1","ID_TIPO_DOCUMENTO":"3","ID_ESTADO_REVISION":"3","NOMBRE_ARCHIVO":"carta_aceptacion_001_20250603.pdf","NOMBRE_ORIGINAL":"Carta Aceptaci\u00f3n - Hospital.pdf","TIPO_ARCHIVO":"application\/pdf","TAMANO_ARCHIVO":"156672","RUTA_ARCHIVO":"\/uploads\/documentos-practicas\/","FECHA_SUBIDA":"2025-06-03 09:15:00","FECHA_REVISION":"2025-06-03 11:20:00","ID_REVISOR":"17","OBSERVACIONES":"Carta de aceptaci\u00f3n de la entidad","OBSERVACIONES_REVISOR":"Carta oficial con sello institucional","VERSION":"1","ACTIVO":"1","FECHA_CREACION":"2025-09-04 06:59:17","FECHA_ACTUALIZACION":"2025-09-04 06:59:17","ID_TIPO_DOCUMENTO_PREPROFESIONAL":"3","TIPO_DOCUMENTO_CODIGO":"PPR-003","TIPO_DOCUMENTO_NOMBRE":"Carta de Aceptaci\u00f3n","TIPO_DOCUMENTO_DESCRIPCION":"Carta oficial de la entidad receptora \"Instituto Tecnol\u00f3gico Superior Ibarra\" que confirma la aceptaci\u00f3n del o los estudiantes para realizar las pr\u00e1cticas de servicio comunitario en sus instalaciones.","TIPO_DOCUMENTO_ORDEN":"3","TIPO_DOCUMENTO_OBLIGATORIO":"1","ESTADO_REVISION":"Aprobado","ID_ESTUDIANTE":"1","ENTIDAD_RECEPTORA":"Hospital San Vicente de Pa\u00fal","ESTUDIANTE_NOMBRE":"Juan Carlos P\u00e9rez L\u00f3pez","NOMBRE_ESTUDIANTE":"Juan Carlos","APELLIDO_ESTUDIANTE":"P\u00e9rez L\u00f3pez","CEDULA_ESTUDIANTE":"1001234567"},{"ID_DOCUMENTO_PREPROFESIONAL":"2","ID_PRACTICA_PREPROFESIONAL":"1","ID_TIPO_DOCUMENTO":"2","ID_ESTADO_REVISION":"3","NOMBRE_ARCHIVO":"oficio_entidad_receptora_001_20250602.pdf","NOMBRE_ORIGINAL":"Oficio Entidad Receptora - Hospital.pdf","TIPO_ARCHIVO":"application\/pdf","TAMANO_ARCHIVO":"189440","RUTA_ARCHIVO":"\/uploads\/documentos-practicas\/","FECHA_SUBIDA":"2025-06-02 14:30:00","FECHA_REVISION":"2025-06-02 16:45:00","ID_REVISOR":"17","OBSERVACIONES":"Oficio enviado a la entidad receptora","OBSERVACIONES_REVISOR":"Oficio bien redactado y formal","VERSION":"1","ACTIVO":"1","FECHA_CREACION":"2025-09-04 06:59:17","FECHA_ACTUALIZACION":"2025-09-04 06:59:17","ID_TIPO_DOCUMENTO_PREPROFESIONAL":"2","TIPO_DOCUMENTO_CODIGO":"PPR-002","TIPO_DOCUMENTO_NOMBRE":"Oficio a Entidad Receptora","TIPO_DOCUMENTO_DESCRIPCION":"Carta formal enviada por el estudiante a la instituci\u00f3n \"Instituto Tecnol\u00f3gico Superior Ibarra\", con el prop\u00f3sito de solicitar la oportunidad de realizar sus pr\u00e1cticas de servicio comunitario.","TIPO_DOCUMENTO_ORDEN":"2","TIPO_DOCUMENTO_OBLIGATORIO":"1","ESTADO_REVISION":"Aprobado","ID_ESTUDIANTE":"1","ENTIDAD_RECEPTORA":"Hospital San Vicente de Pa\u00fal","ESTUDIANTE_NOMBRE":"Juan Carlos P\u00e9rez L\u00f3pez","NOMBRE_ESTUDIANTE":"Juan Carlos","APELLIDO_ESTUDIANTE":"P\u00e9rez L\u00f3pez","CEDULA_ESTUDIANTE":"1001234567"},{"ID_DOCUMENTO_PREPROFESIONAL":"1","ID_PRACTICA_PREPROFESIONAL":"1","ID_TIPO_DOCUMENTO":"1","ID_ESTADO_REVISION":"3","NOMBRE_ARCHIVO":"oficio_asignacion_tutor_001_20250601.pdf","NOMBRE_ORIGINAL":"Oficio Asignaci\u00f3n Tutor - Juan Carlos.pdf","TIPO_ARCHIVO":"application\/pdf","TAMANO_ARCHIVO":"245760","RUTA_ARCHIVO":"\/uploads\/documentos-practicas\/","FECHA_SUBIDA":"2025-06-01 10:00:00","FECHA_REVISION":"2025-06-01 14:30:00","ID_REVISOR":"17","OBSERVACIONES":"Documento oficial de asignaci\u00f3n","OBSERVACIONES_REVISOR":"Documento aprobado correctamente","VERSION":"1","ACTIVO":"1","FECHA_CREACION":"2025-09-04 06:59:17","FECHA_ACTUALIZACION":"2025-09-04 06:59:17","ID_TIPO_DOCUMENTO_PREPROFESIONAL":"1","TIPO_DOCUMENTO_CODIGO":"PPR-001","TIPO_DOCUMENTO_NOMBRE":"Oficio de Asignaci\u00f3n de Tutor","TIPO_DOCUMENTO_DESCRIPCION":"Documento oficial emitido por la coordinaci\u00f3n de la carrera que designa al docente responsable de la tutor\u00eda y seguimiento de las pr\u00e1cticas de servicio comunitario del estudiante.","TIPO_DOCUMENTO_ORDEN":"1","TIPO_DOCUMENTO_OBLIGATORIO":"1","ESTADO_REVISION":"Aprobado","ID_ESTUDIANTE":"1","ENTIDAD_RECEPTORA":"Hospital San Vicente de Pa\u00fal","ESTUDIANTE_NOMBRE":"Juan Carlos P\u00e9rez L\u00f3pez","NOMBRE_ESTUDIANTE":"Juan Carlos","APELLIDO_ESTUDIANTE":"P\u00e9rez L\u00f3pez","CEDULA_ESTUDIANTE":"1001234567"}]
DEBUG - 2026-03-17 17:40:30 --> Session: Class initialized using 'CodeIgniter\Session\Handlers\FileHandler' driver.
DEBUG - 2026-03-17 17:42:20 --> Session: Class initialized using 'CodeIgniter\Session\Handlers\FileHandler' driver.
DEBUG - 2026-03-17 17:45:59 --> Session: Class initialized using 'CodeIgniter\Session\Handlers\FileHandler' driver.
DEBUG - 2026-03-17 17:48:16 --> Session: Class initialized using 'CodeIgniter\Session\Handlers\FileHandler' driver.
DEBUG - 2026-03-17 17:50:56 --> Session: Class initialized using 'CodeIgniter\Session\Handlers\FileHandler' driver.
DEBUG - 2026-03-17 17:50:57 --> Session: Class initialized using 'CodeIgniter\Session\Handlers\FileHandler' driver.
DEBUG - 2026-03-17 17:52:13 --> Session: Class initialized using 'CodeIgniter\Session\Handlers\FileHandler' driver.
DEBUG - 2026-03-17 17:55:19 --> Session: Class initialized using 'CodeIgniter\Session\Handlers\FileHandler' driver.
DEBUG - 2026-03-17 17:55:53 --> Session: Class initialized using 'CodeIgniter\Session\Handlers\FileHandler' driver.
DEBUG - 2026-03-17 17:56:23 --> Session: Class initialized using 'CodeIgniter\Session\Handlers\FileHandler' driver.
DEBUG - 2026-03-17 17:56:23 --> Estadísticas mensuales prácticas: [{"mes":"Abr 2025","preprofesionales":0,"servicioComunitario":0},{"mes":"May 2025","preprofesionales":0,"servicioComunitario":0},{"mes":"Jun 2025","preprofesionales":1,"servicioComunitario":0},{"mes":"Jul 2025","preprofesionales":1,"servicioComunitario":0},{"mes":"Ago 2025","preprofesionales":0,"servicioComunitario":1},{"mes":"Sep 2025","preprofesionales":1,"servicioComunitario":0},{"mes":"Oct 2025","preprofesionales":1,"servicioComunitario":0},{"mes":"Nov 2025","preprofesionales":0,"servicioComunitario":1},{"mes":"Dic 2025","preprofesionales":1,"servicioComunitario":0},{"mes":"Ene 2026","preprofesionales":0,"servicioComunitario":1},{"mes":"Feb 2026","preprofesionales":0,"servicioComunitario":1},{"mes":"Mar 2026","preprofesionales":0,"servicioComunitario":1}]
DEBUG - 2026-03-17 18:02:39 --> Session: Class initialized using 'CodeIgniter\Session\Handlers\FileHandler' driver.
DEBUG - 2026-03-17 18:02:39 --> Estadísticas mensuales prácticas: [{"mes":"Abr 2025","preprofesionales":0,"servicioComunitario":0},{"mes":"May 2025","preprofesionales":0,"servicioComunitario":0},{"mes":"Jun 2025","preprofesionales":1,"servicioComunitario":0},{"mes":"Jul 2025","preprofesionales":1,"servicioComunitario":0},{"mes":"Ago 2025","preprofesionales":0,"servicioComunitario":1},{"mes":"Sep 2025","preprofesionales":1,"servicioComunitario":0},{"mes":"Oct 2025","preprofesionales":1,"servicioComunitario":0},{"mes":"Nov 2025","preprofesionales":0,"servicioComunitario":1},{"mes":"Dic 2025","preprofesionales":1,"servicioComunitario":0},{"mes":"Ene 2026","preprofesionales":0,"servicioComunitario":1},{"mes":"Feb 2026","preprofesionales":0,"servicioComunitario":1},{"mes":"Mar 2026","preprofesionales":0,"servicioComunitario":1}]
DEBUG - 2026-03-17 18:02:42 --> Session: Class initialized using 'CodeIgniter\Session\Handlers\FileHandler' driver.
DEBUG - 2026-03-17 18:05:07 --> Session: Class initialized using 'CodeIgniter\Session\Handlers\FileHandler' driver.
DEBUG - 2026-03-17 18:07:26 --> Session: Class initialized using 'CodeIgniter\Session\Handlers\FileHandler' driver.
DEBUG - 2026-03-17 18:07:29 --> Session: Class initialized using 'CodeIgniter\Session\Handlers\FileHandler' driver.
DEBUG - 2026-03-17 18:07:30 --> Session: Class initialized using 'CodeIgniter\Session\Handlers\FileHandler' driver.
DEBUG - 2026-03-17 18:07:30 --> Session: Class initialized using 'CodeIgniter\Session\Handlers\FileHandler' driver.
DEBUG - 2026-03-17 18:07:32 --> Session: Class initialized using 'CodeIgniter\Session\Handlers\FileHandler' driver.
DEBUG - 2026-03-17 18:07:33 --> Consulta SQL: SELECT *
FROM `TAB_DOCUMENTOS_PRACTICAS_PREPROFESIONALES` `dp`
DEBUG - 2026-03-17 18:07:33 --> Resultados obtenidos: 9
DEBUG - 2026-03-17 18:07:33 --> Tipos de documentos en index: [{"ID_TIPO_DOCUMENTO_PREPROFESIONAL":"1","CODIGO":"PPR-001","NOMBRE":"Oficio de Asignaci\u00f3n de Tutor","DESCRIPCION":"Documento oficial emitido por la coordinaci\u00f3n de la carrera que designa al docente responsable de la tutor\u00eda y seguimiento de las pr\u00e1cticas de servicio comunitario del estudiante.","ORDEN":"1","OBLIGATORIO":"1","ACTIVO":"1","FECHA_CREACION":"2025-09-04 06:59:17","FECHA_ACTUALIZACION":"2025-09-04 06:59:17"},{"ID_TIPO_DOCUMENTO_PREPROFESIONAL":"2","CODIGO":"PPR-002","NOMBRE":"Oficio a Entidad Receptora","DESCRIPCION":"Carta formal enviada por el estudiante a la instituci\u00f3n \"Instituto Tecnol\u00f3gico Superior Ibarra\", con el prop\u00f3sito de solicitar la oportunidad de realizar sus pr\u00e1cticas de servicio comunitario.","ORDEN":"2","OBLIGATORIO":"1","ACTIVO":"1","FECHA_CREACION":"2025-09-04 06:59:17","FECHA_ACTUALIZACION":"2025-09-04 06:59:17"},{"ID_TIPO_DOCUMENTO_PREPROFESIONAL":"3","CODIGO":"PPR-003","NOMBRE":"Carta de Aceptaci\u00f3n","DESCRIPCION":"Carta oficial de la entidad receptora \"Instituto Tecnol\u00f3gico Superior Ibarra\" que confirma la aceptaci\u00f3n del o los estudiantes para realizar las pr\u00e1cticas de servicio comunitario en sus instalaciones.","ORDEN":"3","OBLIGATORIO":"1","ACTIVO":"1","FECHA_CREACION":"2025-09-04 06:59:17","FECHA_ACTUALIZACION":"2025-09-04 06:59:17"},{"ID_TIPO_DOCUMENTO_PREPROFESIONAL":"4","CODIGO":"PPR-004","NOMBRE":"Solicitud Institucional Valorada","DESCRIPCION":"Documento de solicitud formal dirigido al Sr. Rector, Dr. Mario Montenegro, pidiendo la aprobaci\u00f3n institucional para la realizaci\u00f3n de las pr\u00e1cticas de servicio comunitario.","ORDEN":"4","OBLIGATORIO":"1","ACTIVO":"1","FECHA_CREACION":"2025-09-04 06:59:17","FECHA_ACTUALIZACION":"2025-09-04 06:59:17"},{"ID_TIPO_DOCUMENTO_PREPROFESIONAL":"5","CODIGO":"PPR-005","NOMBRE":"Certificado de Culminaci\u00f3n de Horas","DESCRIPCION":"Certificado emitido por la entidad receptora \"Instituto Tecnol\u00f3gico Superior Ibarra\" que acredita que el estudiante ha completado las 60 horas requeridas de pr\u00e1cticas de servicio comunitario.","ORDEN":"5","OBLIGATORIO":"1","ACTIVO":"1","FECHA_CREACION":"2025-09-04 06:59:17","FECHA_ACTUALIZACION":"2025-09-04 06:59:17"},{"ID_TIPO_DOCUMENTO_PREPROFESIONAL":"6","CODIGO":"PPR-006","NOMBRE":"Hojas de Asistencia","DESCRIPCION":"Registro f\u00edsico de la asistencia del estudiante en la entidad receptora. Incluye las firmas y sellos para validar las horas de trabajo.","ORDEN":"6","OBLIGATORIO":"1","ACTIVO":"1","FECHA_CREACION":"2025-09-04 06:59:17","FECHA_ACTUALIZACION":"2025-09-04 06:59:17"},{"ID_TIPO_DOCUMENTO_PREPROFESIONAL":"7","CODIGO":"PPR-007","NOMBRE":"Ficha de Registro de Actividades","DESCRIPCION":"Documento detallado en el que el estudiante registra las actividades espec\u00edficas realizadas durante sus pr\u00e1cticas, incluyendo fechas y descripciones.","ORDEN":"7","OBLIGATORIO":"1","ACTIVO":"1","FECHA_CREACION":"2025-09-04 06:59:17","FECHA_ACTUALIZACION":"2025-09-04 06:59:17"},{"ID_TIPO_DOCUMENTO_PREPROFESIONAL":"8","CODIGO":"PPR-008","NOMBRE":"R\u00fabrica de Evaluaci\u00f3n de Entidad","DESCRIPCION":"Formulario de evaluaci\u00f3n del desempe\u00f1o del estudiante, llenado y sellado por la entidad receptora. Valora aspectos como la responsabilidad, la proactividad y la calidad del trabajo.","ORDEN":"8","OBLIGATORIO":"1","ACTIVO":"1","FECHA_CREACION":"2025-09-04 06:59:17","FECHA_ACTUALIZACION":"2025-09-04 06:59:17"},{"ID_TIPO_DOCUMENTO_PREPROFESIONAL":"9","CODIGO":"PPR-009","NOMBRE":"Ficha de Control y Seguimiento Docente","DESCRIPCION":"Documento utilizado por el tutor docente para registrar el seguimiento acad\u00e9mico del estudiante durante las pr\u00e1cticas. Incluye visitas o revisiones peri\u00f3dicas.","ORDEN":"9","OBLIGATORIO":"1","ACTIVO":"1","FECHA_CREACION":"2025-09-04 06:59:17","FECHA_ACTUALIZACION":"2025-09-04 06:59:17"},{"ID_TIPO_DOCUMENTO_PREPROFESIONAL":"10","CODIGO":"PPR-010","NOMBRE":"R\u00fabrica de Evaluaci\u00f3n Docente","DESCRIPCION":"R\u00fabrica de evaluaci\u00f3n llenada y firmada por el tutor docente. Califica el desempe\u00f1o del estudiante en base a los criterios acad\u00e9micos del programa.","ORDEN":"10","OBLIGATORIO":"1","ACTIVO":"1","FECHA_CREACION":"2025-09-04 06:59:17","FECHA_ACTUALIZACION":"2025-09-04 06:59:17"},{"ID_TIPO_DOCUMENTO_PREPROFESIONAL":"11","CODIGO":"PPR-011","NOMBRE":"R\u00fabrica de Evaluaci\u00f3n de Resultados","DESCRIPCION":"Evaluaci\u00f3n final realizada por el Departamento de Vinculaci\u00f3n con la Sociedad, que valora los resultados y el impacto del proyecto de servicio comunitario en su conjunto.","ORDEN":"11","OBLIGATORIO":"1","ACTIVO":"1","FECHA_CREACION":"2025-09-04 06:59:17","FECHA_ACTUALIZACION":"2025-09-04 06:59:17"},{"ID_TIPO_DOCUMENTO_PREPROFESIONAL":"12","CODIGO":"PPR-012","NOMBRE":"Evidencia Fotogr\u00e1fica y Digital","DESCRIPCION":"Material de apoyo visual y digital, como fotos, capturas, videos o impresiones, que documenta y comprueba la realizaci\u00f3n de las actividades y trabajos del proyecto.","ORDEN":"12","OBLIGATORIO":"1","ACTIVO":"1","FECHA_CREACION":"2025-09-04 06:59:17","FECHA_ACTUALIZACION":"2025-09-04 06:59:17"}]
DEBUG - 2026-03-17 18:07:33 --> Session: Class initialized using 'CodeIgniter\Session\Handlers\FileHandler' driver.
DEBUG - 2026-03-17 18:07:34 --> Consulta SQL: SELECT *
FROM `TAB_DOCUMENTOS_PRACTICAS_PREPROFESIONALES` `dp`
DEBUG - 2026-03-17 18:07:34 --> Resultados obtenidos: 9
DEBUG - 2026-03-17 18:07:34 --> Documentos obtenidos: [{"ID_DOCUMENTO_PREPROFESIONAL":"17","ID_PRACTICA_PREPROFESIONAL":"2","ID_TIPO_DOCUMENTO":"9","ID_ESTADO_REVISION":"4","NOMBRE_ARCHIVO":"ficha_control_seguimiento_002_20250920.pdf","NOMBRE_ORIGINAL":"Ficha Control Seguimiento - Mar\u00eda.pdf","TIPO_ARCHIVO":"application\/pdf","TAMANO_ARCHIVO":"112233","RUTA_ARCHIVO":"\/uploads\/documentos-practicas\/","FECHA_SUBIDA":"2025-09-20 10:15:00","FECHA_REVISION":"2025-09-20 12:45:00","ID_REVISOR":"18","OBSERVACIONES":"Ficha de control y seguimiento docente","OBSERVACIONES_REVISOR":"Faltan las firmas del tutor docente, documento inv\u00e1lido","VERSION":"1","ACTIVO":"1","FECHA_CREACION":"2025-09-04 06:59:17","FECHA_ACTUALIZACION":"2025-09-04 06:59:17","ID_TIPO_DOCUMENTO_PREPROFESIONAL":"9","TIPO_DOCUMENTO_CODIGO":"PPR-009","TIPO_DOCUMENTO_NOMBRE":"Ficha de Control y Seguimiento Docente","TIPO_DOCUMENTO_DESCRIPCION":"Documento utilizado por el tutor docente para registrar el seguimiento acad\u00e9mico del estudiante durante las pr\u00e1cticas. Incluye visitas o revisiones peri\u00f3dicas.","TIPO_DOCUMENTO_ORDEN":"9","TIPO_DOCUMENTO_OBLIGATORIO":"1","ESTADO_REVISION":"Rechazado","ID_ESTUDIANTE":"2","ENTIDAD_RECEPTORA":"Banco del Pac\u00edfico","ESTUDIANTE_NOMBRE":"Mar\u00eda Elena Garc\u00eda Torres","NOMBRE_ESTUDIANTE":"Mar\u00eda Elena","APELLIDO_ESTUDIANTE":"Garc\u00eda Torres","CEDULA_ESTUDIANTE":"1002345678"},{"ID_DOCUMENTO_PREPROFESIONAL":"15","ID_PRACTICA_PREPROFESIONAL":"2","ID_TIPO_DOCUMENTO":"7","ID_ESTADO_REVISION":"5","NOMBRE_ARCHIVO":"ficha_registro_actividades_002_20250915.pdf","NOMBRE_ORIGINAL":"Ficha Registro Actividades - Mar\u00eda.pdf","TIPO_ARCHIVO":"application\/pdf","TAMANO_ARCHIVO":"98765","RUTA_ARCHIVO":"\/uploads\/documentos-practicas\/","FECHA_SUBIDA":"2025-09-15 11:30:00","FECHA_REVISION":"2025-09-15 14:20:00","ID_REVISOR":"18","OBSERVACIONES":"Ficha de registro de actividades","OBSERVACIONES_REVISOR":"Descripci\u00f3n de actividades muy general, especificar m\u00e1s detalles","VERSION":"1","ACTIVO":"1","FECHA_CREACION":"2025-09-04 06:59:17","FECHA_ACTUALIZACION":"2025-09-04 06:59:17","ID_TIPO_DOCUMENTO_PREPROFESIONAL":"7","TIPO_DOCUMENTO_CODIGO":"PPR-007","TIPO_DOCUMENTO_NOMBRE":"Ficha de Registro de Actividades","TIPO_DOCUMENTO_DESCRIPCION":"Documento detallado en el que el estudiante registra las actividades espec\u00edficas realizadas durante sus pr\u00e1cticas, incluyendo fechas y descripciones.","TIPO_DOCUMENTO_ORDEN":"7","TIPO_DOCUMENTO_OBLIGATORIO":"1","ESTADO_REVISION":"Requiere Correcci\u00f3n","ID_ESTUDIANTE":"2","ENTIDAD_RECEPTORA":"Banco del Pac\u00edfico","ESTUDIANTE_NOMBRE":"Mar\u00eda Elena Garc\u00eda Torres","NOMBRE_ESTUDIANTE":"Mar\u00eda Elena","APELLIDO_ESTUDIANTE":"Garc\u00eda Torres","CEDULA_ESTUDIANTE":"1002345678"},{"ID_DOCUMENTO_PREPROFESIONAL":"14","ID_PRACTICA_PREPROFESIONAL":"1","ID_TIPO_DOCUMENTO":"6","ID_ESTADO_REVISION":"5","NOMBRE_ARCHIVO":"hojas_asistencia_001_20250830.pdf","NOMBRE_ORIGINAL":"Hojas de Asistencia - Juan Carlos.pdf","TIPO_ARCHIVO":"application\/pdf","TAMANO_ARCHIVO":"123456","RUTA_ARCHIVO":"\/uploads\/documentos-practicas\/","FECHA_SUBIDA":"2025-08-30 16:15:00","FECHA_REVISION":"2025-08-30 17:45:00","ID_REVISOR":"17","OBSERVACIONES":"Hojas de asistencia completas","OBSERVACIONES_REVISOR":"Faltan firmas en algunas fechas, corregir y volver a subir","VERSION":"1","ACTIVO":"1","FECHA_CREACION":"2025-09-04 06:59:17","FECHA_ACTUALIZACION":"2025-09-04 06:59:17","ID_TIPO_DOCUMENTO_PREPROFESIONAL":"6","TIPO_DOCUMENTO_CODIGO":"PPR-006","TIPO_DOCUMENTO_NOMBRE":"Hojas de Asistencia","TIPO_DOCUMENTO_DESCRIPCION":"Registro f\u00edsico de la asistencia del estudiante en la entidad receptora. Incluye las firmas y sellos para validar las horas de trabajo.","TIPO_DOCUMENTO_ORDEN":"6","TIPO_DOCUMENTO_OBLIGATORIO":"1","ESTADO_REVISION":"Requiere Correcci\u00f3n","ID_ESTUDIANTE":"1","ENTIDAD_RECEPTORA":"Hospital San Vicente de Pa\u00fal","ESTUDIANTE_NOMBRE":"Juan Carlos P\u00e9rez L\u00f3pez","NOMBRE_ESTUDIANTE":"Juan Carlos","APELLIDO_ESTUDIANTE":"P\u00e9rez L\u00f3pez","CEDULA_ESTUDIANTE":"1001234567"},{"ID_DOCUMENTO_PREPROFESIONAL":"16","ID_PRACTICA_PREPROFESIONAL":"1","ID_TIPO_DOCUMENTO":"8","ID_ESTADO_REVISION":"4","NOMBRE_ARCHIVO":"rubrica_evaluacion_entidad_001_20250825.pdf","NOMBRE_ORIGINAL":"R\u00fabrica Evaluaci\u00f3n Entidad - Juan.pdf","TIPO_ARCHIVO":"application\/pdf","TAMANO_ARCHIVO":"87654","RUTA_ARCHIVO":"\/uploads\/documentos-practicas\/","FECHA_SUBIDA":"2025-08-25 15:00:00","FECHA_REVISION":"2025-08-25 16:30:00","ID_REVISOR":"17","OBSERVACIONES":"R\u00fabrica de evaluaci\u00f3n de entidad","OBSERVACIONES_REVISOR":"Documento no tiene sello oficial de la entidad, rechazado","VERSION":"1","ACTIVO":"1","FECHA_CREACION":"2025-09-04 06:59:17","FECHA_ACTUALIZACION":"2025-09-04 06:59:17","ID_TIPO_DOCUMENTO_PREPROFESIONAL":"8","TIPO_DOCUMENTO_CODIGO":"PPR-008","TIPO_DOCUMENTO_NOMBRE":"R\u00fabrica de Evaluaci\u00f3n de Entidad","TIPO_DOCUMENTO_DESCRIPCION":"Formulario de evaluaci\u00f3n del desempe\u00f1o del estudiante, llenado y sellado por la entidad receptora. Valora aspectos como la responsabilidad, la proactividad y la calidad del trabajo.","TIPO_DOCUMENTO_ORDEN":"8","TIPO_DOCUMENTO_OBLIGATORIO":"1","ESTADO_REVISION":"Rechazado","ID_ESTUDIANTE":"1","ENTIDAD_RECEPTORA":"Hospital San Vicente de Pa\u00fal","ESTUDIANTE_NOMBRE":"Juan Carlos P\u00e9rez L\u00f3pez","NOMBRE_ESTUDIANTE":"Juan Carlos","APELLIDO_ESTUDIANTE":"P\u00e9rez L\u00f3pez","CEDULA_ESTUDIANTE":"1001234567"},{"ID_DOCUMENTO_PREPROFESIONAL":"5","ID_PRACTICA_PREPROFESIONAL":"2","ID_TIPO_DOCUMENTO":"2","ID_ESTADO_REVISION":"3","NOMBRE_ARCHIVO":"oficio_entidad_receptora_002_20250702.pdf","NOMBRE_ORIGINAL":"Oficio Entidad Receptora - Banco.pdf","TIPO_ARCHIVO":"application\/pdf","TAMANO_ARCHIVO":"178944","RUTA_ARCHIVO":"\/uploads\/documentos-practicas\/","FECHA_SUBIDA":"2025-07-02 15:45:00","FECHA_REVISION":"2025-07-02 17:20:00","ID_REVISOR":"18","OBSERVACIONES":"Oficio enviado a la entidad receptora","OBSERVACIONES_REVISOR":"Oficio formal y bien estructurado","VERSION":"1","ACTIVO":"1","FECHA_CREACION":"2025-09-04 06:59:17","FECHA_ACTUALIZACION":"2025-09-04 06:59:17","ID_TIPO_DOCUMENTO_PREPROFESIONAL":"2","TIPO_DOCUMENTO_CODIGO":"PPR-002","TIPO_DOCUMENTO_NOMBRE":"Oficio a Entidad Receptora","TIPO_DOCUMENTO_DESCRIPCION":"Carta formal enviada por el estudiante a la instituci\u00f3n \"Instituto Tecnol\u00f3gico Superior Ibarra\", con el prop\u00f3sito de solicitar la oportunidad de realizar sus pr\u00e1cticas de servicio comunitario.","TIPO_DOCUMENTO_ORDEN":"2","TIPO_DOCUMENTO_OBLIGATORIO":"1","ESTADO_REVISION":"Aprobado","ID_ESTUDIANTE":"2","ENTIDAD_RECEPTORA":"Banco del Pac\u00edfico","ESTUDIANTE_NOMBRE":"Mar\u00eda Elena Garc\u00eda Torres","NOMBRE_ESTUDIANTE":"Mar\u00eda Elena","APELLIDO_ESTUDIANTE":"Garc\u00eda Torres","CEDULA_ESTUDIANTE":"1002345678"},{"ID_DOCUMENTO_PREPROFESIONAL":"4","ID_PRACTICA_PREPROFESIONAL":"2","ID_TIPO_DOCUMENTO":"1","ID_ESTADO_REVISION":"3","NOMBRE_ARCHIVO":"oficio_asignacion_tutor_002_20250701.pdf","NOMBRE_ORIGINAL":"Oficio Asignaci\u00f3n Tutor - Mar\u00eda Elena.pdf","TIPO_ARCHIVO":"application\/pdf","TAMANO_ARCHIVO":"234880","RUTA_ARCHIVO":"\/uploads\/documentos-practicas\/","FECHA_SUBIDA":"2025-07-01 11:00:00","FECHA_REVISION":"2025-07-01 13:15:00","ID_REVISOR":"18","OBSERVACIONES":"Documento oficial de asignaci\u00f3n","OBSERVACIONES_REVISOR":"Asignaci\u00f3n correcta del tutor","VERSION":"1","ACTIVO":"1","FECHA_CREACION":"2025-09-04 06:59:17","FECHA_ACTUALIZACION":"2025-09-04 06:59:17","ID_TIPO_DOCUMENTO_PREPROFESIONAL":"1","TIPO_DOCUMENTO_CODIGO":"PPR-001","TIPO_DOCUMENTO_NOMBRE":"Oficio de Asignaci\u00f3n de Tutor","TIPO_DOCUMENTO_DESCRIPCION":"Documento oficial emitido por la coordinaci\u00f3n de la carrera que designa al docente responsable de la tutor\u00eda y seguimiento de las pr\u00e1cticas de servicio comunitario del estudiante.","TIPO_DOCUMENTO_ORDEN":"1","TIPO_DOCUMENTO_OBLIGATORIO":"1","ESTADO_REVISION":"Aprobado","ID_ESTUDIANTE":"2","ENTIDAD_RECEPTORA":"Banco del Pac\u00edfico","ESTUDIANTE_NOMBRE":"Mar\u00eda Elena Garc\u00eda Torres","NOMBRE_ESTUDIANTE":"Mar\u00eda Elena","APELLIDO_ESTUDIANTE":"Garc\u00eda Torres","CEDULA_ESTUDIANTE":"1002345678"},{"ID_DOCUMENTO_PREPROFESIONAL":"3","ID_PRACTICA_PREPROFESIONAL":"1","ID_TIPO_DOCUMENTO":"3","ID_ESTADO_REVISION":"3","NOMBRE_ARCHIVO":"carta_aceptacion_001_20250603.pdf","NOMBRE_ORIGINAL":"Carta Aceptaci\u00f3n - Hospital.pdf","TIPO_ARCHIVO":"application\/pdf","TAMANO_ARCHIVO":"156672","RUTA_ARCHIVO":"\/uploads\/documentos-practicas\/","FECHA_SUBIDA":"2025-06-03 09:15:00","FECHA_REVISION":"2025-06-03 11:20:00","ID_REVISOR":"17","OBSERVACIONES":"Carta de aceptaci\u00f3n de la entidad","OBSERVACIONES_REVISOR":"Carta oficial con sello institucional","VERSION":"1","ACTIVO":"1","FECHA_CREACION":"2025-09-04 06:59:17","FECHA_ACTUALIZACION":"2025-09-04 06:59:17","ID_TIPO_DOCUMENTO_PREPROFESIONAL":"3","TIPO_DOCUMENTO_CODIGO":"PPR-003","TIPO_DOCUMENTO_NOMBRE":"Carta de Aceptaci\u00f3n","TIPO_DOCUMENTO_DESCRIPCION":"Carta oficial de la entidad receptora \"Instituto Tecnol\u00f3gico Superior Ibarra\" que confirma la aceptaci\u00f3n del o los estudiantes para realizar las pr\u00e1cticas de servicio comunitario en sus instalaciones.","TIPO_DOCUMENTO_ORDEN":"3","TIPO_DOCUMENTO_OBLIGATORIO":"1","ESTADO_REVISION":"Aprobado","ID_ESTUDIANTE":"1","ENTIDAD_RECEPTORA":"Hospital San Vicente de Pa\u00fal","ESTUDIANTE_NOMBRE":"Juan Carlos P\u00e9rez L\u00f3pez","NOMBRE_ESTUDIANTE":"Juan Carlos","APELLIDO_ESTUDIANTE":"P\u00e9rez L\u00f3pez","CEDULA_ESTUDIANTE":"1001234567"},{"ID_DOCUMENTO_PREPROFESIONAL":"2","ID_PRACTICA_PREPROFESIONAL":"1","ID_TIPO_DOCUMENTO":"2","ID_ESTADO_REVISION":"3","NOMBRE_ARCHIVO":"oficio_entidad_receptora_001_20250602.pdf","NOMBRE_ORIGINAL":"Oficio Entidad Receptora - Hospital.pdf","TIPO_ARCHIVO":"application\/pdf","TAMANO_ARCHIVO":"189440","RUTA_ARCHIVO":"\/uploads\/documentos-practicas\/","FECHA_SUBIDA":"2025-06-02 14:30:00","FECHA_REVISION":"2025-06-02 16:45:00","ID_REVISOR":"17","OBSERVACIONES":"Oficio enviado a la entidad receptora","OBSERVACIONES_REVISOR":"Oficio bien redactado y formal","VERSION":"1","ACTIVO":"1","FECHA_CREACION":"2025-09-04 06:59:17","FECHA_ACTUALIZACION":"2025-09-04 06:59:17","ID_TIPO_DOCUMENTO_PREPROFESIONAL":"2","TIPO_DOCUMENTO_CODIGO":"PPR-002","TIPO_DOCUMENTO_NOMBRE":"Oficio a Entidad Receptora","TIPO_DOCUMENTO_DESCRIPCION":"Carta formal enviada por el estudiante a la instituci\u00f3n \"Instituto Tecnol\u00f3gico Superior Ibarra\", con el prop\u00f3sito de solicitar la oportunidad de realizar sus pr\u00e1cticas de servicio comunitario.","TIPO_DOCUMENTO_ORDEN":"2","TIPO_DOCUMENTO_OBLIGATORIO":"1","ESTADO_REVISION":"Aprobado","ID_ESTUDIANTE":"1","ENTIDAD_RECEPTORA":"Hospital San Vicente de Pa\u00fal","ESTUDIANTE_NOMBRE":"Juan Carlos P\u00e9rez L\u00f3pez","NOMBRE_ESTUDIANTE":"Juan Carlos","APELLIDO_ESTUDIANTE":"P\u00e9rez L\u00f3pez","CEDULA_ESTUDIANTE":"1001234567"},{"ID_DOCUMENTO_PREPROFESIONAL":"1","ID_PRACTICA_PREPROFESIONAL":"1","ID_TIPO_DOCUMENTO":"1","ID_ESTADO_REVISION":"3","NOMBRE_ARCHIVO":"oficio_asignacion_tutor_001_20250601.pdf","NOMBRE_ORIGINAL":"Oficio Asignaci\u00f3n Tutor - Juan Carlos.pdf","TIPO_ARCHIVO":"application\/pdf","TAMANO_ARCHIVO":"245760","RUTA_ARCHIVO":"\/uploads\/documentos-practicas\/","FECHA_SUBIDA":"2025-06-01 10:00:00","FECHA_REVISION":"2025-06-01 14:30:00","ID_REVISOR":"17","OBSERVACIONES":"Documento oficial de asignaci\u00f3n","OBSERVACIONES_REVISOR":"Documento aprobado correctamente","VERSION":"1","ACTIVO":"1","FECHA_CREACION":"2025-09-04 06:59:17","FECHA_ACTUALIZACION":"2025-09-04 06:59:17","ID_TIPO_DOCUMENTO_PREPROFESIONAL":"1","TIPO_DOCUMENTO_CODIGO":"PPR-001","TIPO_DOCUMENTO_NOMBRE":"Oficio de Asignaci\u00f3n de Tutor","TIPO_DOCUMENTO_DESCRIPCION":"Documento oficial emitido por la coordinaci\u00f3n de la carrera que designa al docente responsable de la tutor\u00eda y seguimiento de las pr\u00e1cticas de servicio comunitario del estudiante.","TIPO_DOCUMENTO_ORDEN":"1","TIPO_DOCUMENTO_OBLIGATORIO":"1","ESTADO_REVISION":"Aprobado","ID_ESTUDIANTE":"1","ENTIDAD_RECEPTORA":"Hospital San Vicente de Pa\u00fal","ESTUDIANTE_NOMBRE":"Juan Carlos P\u00e9rez L\u00f3pez","NOMBRE_ESTUDIANTE":"Juan Carlos","APELLIDO_ESTUDIANTE":"P\u00e9rez L\u00f3pez","CEDULA_ESTUDIANTE":"1001234567"}]
DEBUG - 2026-03-17 18:07:35 --> Session: Class initialized using 'CodeIgniter\Session\Handlers\FileHandler' driver.
ERROR - 2026-03-17 18:07:35 --> mysqli_sql_exception: Unknown column 'dsc.ESTADO_REVISION' in 'field list' in C:\xampp\htdocs\ITSI\vendor\codeigniter4\framework\system\Database\MySQLi\Connection.php:327
Stack trace:
#0 C:\xampp\htdocs\ITSI\vendor\codeigniter4\framework\system\Database\MySQLi\Connection.php(327): mysqli->query('SELECT COUNT(*)...', 0)
#1 C:\xampp\htdocs\ITSI\vendor\codeigniter4\framework\system\Database\BaseConnection.php(738): CodeIgniter\Database\MySQLi\Connection->execute('SELECT COUNT(*)...')
#2 C:\xampp\htdocs\ITSI\vendor\codeigniter4\framework\system\Database\BaseConnection.php(652): CodeIgniter\Database\BaseConnection->simpleQuery('SELECT COUNT(*)...')
#3 C:\xampp\htdocs\ITSI\vendor\codeigniter4\framework\system\Database\BaseBuilder.php(1649): CodeIgniter\Database\BaseConnection->query('SELECT COUNT(*)...', Array, false)
#4 C:\xampp\htdocs\ITSI\app\Models\DocumentosServicioComunitarioModel.php(137): CodeIgniter\Database\BaseBuilder->get()
#5 C:\xampp\htdocs\ITSI\app\Controllers\admin\DocumentosAdminController.php(45): App\Models\DocumentosServicioComunitarioModel->getEstadisticasDocumentos()
#6 C:\xampp\htdocs\ITSI\vendor\codeigniter4\framework\system\CodeIgniter.php(933): App\Controllers\admin\DocumentosAdminController->documentosServicioComunitario()
#7 C:\xampp\htdocs\ITSI\vendor\codeigniter4\framework\system\CodeIgniter.php(507): CodeIgniter\CodeIgniter->runController(Object(App\Controllers\admin\DocumentosAdminController))
#8 C:\xampp\htdocs\ITSI\vendor\codeigniter4\framework\system\CodeIgniter.php(354): CodeIgniter\CodeIgniter->handleRequest(NULL, Object(Config\Cache), false)
#9 C:\xampp\htdocs\ITSI\vendor\codeigniter4\framework\system\Boot.php(334): CodeIgniter\CodeIgniter->run()
#10 C:\xampp\htdocs\ITSI\vendor\codeigniter4\framework\system\Boot.php(67): CodeIgniter\Boot::runCodeIgniter(Object(CodeIgniter\CodeIgniter))
#11 C:\xampp\htdocs\ITSI\public\index.php(59): CodeIgniter\Boot::bootWeb(Object(Config\Paths))
#12 {main}
DEBUG - 2026-03-17 18:07:36 --> Session: Class initialized using 'CodeIgniter\Session\Handlers\FileHandler' driver.
DEBUG - 2026-03-17 18:07:37 --> Session: Class initialized using 'CodeIgniter\Session\Handlers\FileHandler' driver.
DEBUG - 2026-03-17 18:07:39 --> Session: Class initialized using 'CodeIgniter\Session\Handlers\FileHandler' driver.
DEBUG - 2026-03-17 18:07:39 --> Estadísticas mensuales prácticas: [{"mes":"Abr 2025","preprofesionales":0,"servicioComunitario":0},{"mes":"May 2025","preprofesionales":0,"servicioComunitario":0},{"mes":"Jun 2025","preprofesionales":1,"servicioComunitario":0},{"mes":"Jul 2025","preprofesionales":1,"servicioComunitario":0},{"mes":"Ago 2025","preprofesionales":0,"servicioComunitario":1},{"mes":"Sep 2025","preprofesionales":1,"servicioComunitario":0},{"mes":"Oct 2025","preprofesionales":1,"servicioComunitario":0},{"mes":"Nov 2025","preprofesionales":0,"servicioComunitario":1},{"mes":"Dic 2025","preprofesionales":1,"servicioComunitario":0},{"mes":"Ene 2026","preprofesionales":0,"servicioComunitario":1},{"mes":"Feb 2026","preprofesionales":0,"servicioComunitario":1},{"mes":"Mar 2026","preprofesionales":0,"servicioComunitario":1}]
DEBUG - 2026-03-17 18:07:40 --> Session: Class initialized using 'CodeIgniter\Session\Handlers\FileHandler' driver.
DEBUG - 2026-03-17 18:07:41 --> Session: Class initialized using 'CodeIgniter\Session\Handlers\FileHandler' driver.
ERROR - 2026-03-17 18:07:41 --> mysqli_sql_exception: Unknown column 'dsc.ESTADO_REVISION' in 'field list' in C:\xampp\htdocs\ITSI\vendor\codeigniter4\framework\system\Database\MySQLi\Connection.php:327
Stack trace:
#0 C:\xampp\htdocs\ITSI\vendor\codeigniter4\framework\system\Database\MySQLi\Connection.php(327): mysqli->query('SELECT COUNT(*)...', 0)
#1 C:\xampp\htdocs\ITSI\vendor\codeigniter4\framework\system\Database\BaseConnection.php(738): CodeIgniter\Database\MySQLi\Connection->execute('SELECT COUNT(*)...')
#2 C:\xampp\htdocs\ITSI\vendor\codeigniter4\framework\system\Database\BaseConnection.php(652): CodeIgniter\Database\BaseConnection->simpleQuery('SELECT COUNT(*)...')
#3 C:\xampp\htdocs\ITSI\vendor\codeigniter4\framework\system\Database\BaseBuilder.php(1649): CodeIgniter\Database\BaseConnection->query('SELECT COUNT(*)...', Array, false)
#4 C:\xampp\htdocs\ITSI\app\Models\DocumentosServicioComunitarioModel.php(137): CodeIgniter\Database\BaseBuilder->get()
#5 C:\xampp\htdocs\ITSI\app\Controllers\admin\DocumentosAdminController.php(45): App\Models\DocumentosServicioComunitarioModel->getEstadisticasDocumentos()
#6 C:\xampp\htdocs\ITSI\vendor\codeigniter4\framework\system\CodeIgniter.php(933): App\Controllers\admin\DocumentosAdminController->documentosServicioComunitario()
#7 C:\xampp\htdocs\ITSI\vendor\codeigniter4\framework\system\CodeIgniter.php(507): CodeIgniter\CodeIgniter->runController(Object(App\Controllers\admin\DocumentosAdminController))
#8 C:\xampp\htdocs\ITSI\vendor\codeigniter4\framework\system\CodeIgniter.php(354): CodeIgniter\CodeIgniter->handleRequest(NULL, Object(Config\Cache), false)
#9 C:\xampp\htdocs\ITSI\vendor\codeigniter4\framework\system\Boot.php(334): CodeIgniter\CodeIgniter->run()
#10 C:\xampp\htdocs\ITSI\vendor\codeigniter4\framework\system\Boot.php(67): CodeIgniter\Boot::runCodeIgniter(Object(CodeIgniter\CodeIgniter))
#11 C:\xampp\htdocs\ITSI\public\index.php(59): CodeIgniter\Boot::bootWeb(Object(Config\Paths))
#12 {main}
DEBUG - 2026-03-17 18:07:41 --> Session: Class initialized using 'CodeIgniter\Session\Handlers\FileHandler' driver.
DEBUG - 2026-03-17 18:09:20 --> Session: Class initialized using 'CodeIgniter\Session\Handlers\FileHandler' driver.
DEBUG - 2026-03-17 18:09:58 --> Session: Class initialized using 'CodeIgniter\Session\Handlers\FileHandler' driver.
DEBUG - 2026-03-17 18:11:28 --> Session: Class initialized using 'CodeIgniter\Session\Handlers\FileHandler' driver.
DEBUG - 2026-03-17 18:11:29 --> Session: Class initialized using 'CodeIgniter\Session\Handlers\FileHandler' driver.
ERROR - 2026-03-17 18:11:31 --> mysqli_sql_exception: Unknown column 'ti.TIPO_INSTITUCION' in 'field list' in C:\xampp\htdocs\ITSI\vendor\codeigniter4\framework\system\Database\MySQLi\Connection.php:327
Stack trace:
#0 C:\xampp\htdocs\ITSI\vendor\codeigniter4\framework\system\Database\MySQLi\Connection.php(327): mysqli->query('SELECT `pp`.`ID...', 0)
#1 C:\xampp\htdocs\ITSI\vendor\codeigniter4\framework\system\Database\BaseConnection.php(738): CodeIgniter\Database\MySQLi\Connection->execute('SELECT `pp`.`ID...')
#2 C:\xampp\htdocs\ITSI\vendor\codeigniter4\framework\system\Database\BaseConnection.php(652): CodeIgniter\Database\BaseConnection->simpleQuery('SELECT `pp`.`ID...')
#3 C:\xampp\htdocs\ITSI\vendor\codeigniter4\framework\system\Database\BaseBuilder.php(1649): CodeIgniter\Database\BaseConnection->query('SELECT `pp`.`ID...', Array, false)
#4 C:\xampp\htdocs\ITSI\app\Controllers\admin\PracticasAdminController.php(1033): CodeIgniter\Database\BaseBuilder->get()
#5 C:\xampp\htdocs\ITSI\app\Controllers\admin\PracticasAdminController.php(964): App\Controllers\admin\PracticasAdminController->obtenerPracticasPreprofesionalesFiltradas(Array)
#6 C:\xampp\htdocs\ITSI\vendor\codeigniter4\framework\system\CodeIgniter.php(933): App\Controllers\admin\PracticasAdminController->reportes()
#7 C:\xampp\htdocs\ITSI\vendor\codeigniter4\framework\system\CodeIgniter.php(507): CodeIgniter\CodeIgniter->runController(Object(App\Controllers\admin\PracticasAdminController))
#8 C:\xampp\htdocs\ITSI\vendor\codeigniter4\framework\system\CodeIgniter.php(354): CodeIgniter\CodeIgniter->handleRequest(NULL, Object(Config\Cache), false)
#9 C:\xampp\htdocs\ITSI\vendor\codeigniter4\framework\system\Boot.php(334): CodeIgniter\CodeIgniter->run()
#10 C:\xampp\htdocs\ITSI\vendor\codeigniter4\framework\system\Boot.php(67): CodeIgniter\Boot::runCodeIgniter(Object(CodeIgniter\CodeIgniter))
#11 C:\xampp\htdocs\ITSI\public\index.php(59): CodeIgniter\Boot::bootWeb(Object(Config\Paths))
#12 {main}
CRITICAL - 2026-03-17 18:11:31 --> CodeIgniter\Database\Exceptions\DatabaseException: Unknown column 'ti.TIPO_INSTITUCION' in 'field list'
[Method: GET, Route: admin/practicas/reportes]
in SYSTEMPATH\Database\BaseConnection.php on line 692.
 1 SYSTEMPATH\Database\BaseBuilder.php(1649): CodeIgniter\Database\BaseConnection->query('SELECT `pp`.`ID_PRACTICA_PREPROFESIONAL`, `pp`.`ESTADO_PRACTICA`, `pp`.`HORAS_PRACTICAS`, `pp`.`FECHA_INICIO`, `pp`.`FECHA_FIN`, `pp`.`PROYECTO_ESPECIFICO`, CONCAT(dp.NOMBRE, " ", dp.APELLIDO) as ESTUDIANTE_NOMBRE, `c`.`NOMBRE` as `CARRERA_NOMBRE`, `ic`.`NOMBRE` as `INSTITUCION_NOMBRE`, `ti`.`TIPO_INSTITUCION`
FROM `TAB_PRACTICAS_PREPROFESIONALES` `pp`
JOIN `TAB_ESTUDIANTES` `e` ON `e`.`ID_ESTUDIANTE` = `pp`.`ID_ESTUDIANTE`
JOIN `TAB_DATOS_PERSONAS` `dp` ON `dp`.`ID_DATO_PERSONA` = `e`.`ID_DATO_PERSONA`
JOIN `TAB_CARRERAS` `c` ON `c`.`ID_CARRERA` = `e`.`ID_CARRERA`
JOIN `TAB_INSTITUCIONES_CONVENIOS` `ic` ON `ic`.`ID_INSTITUCION_CONVENIO` = `pp`.`ID_INSTITUCION_CONVENIO`
JOIN `TAB_TIPOS_INSTITUCION` `ti` ON `ti`.`ID_TIPO_INSTITUCION` = `ic`.`ID_TIPO_INSTITUCION`
ORDER BY `pp`.`FECHA_INICIO` DESC', [], false)
 2 APPPATH\Controllers\admin\PracticasAdminController.php(1033): CodeIgniter\Database\BaseBuilder->get()
 3 APPPATH\Controllers\admin\PracticasAdminController.php(964): App\Controllers\admin\PracticasAdminController->obtenerPracticasPreprofesionalesFiltradas([...])
 4 SYSTEMPATH\CodeIgniter.php(933): App\Controllers\admin\PracticasAdminController->reportes()
 5 SYSTEMPATH\CodeIgniter.php(507): CodeIgniter\CodeIgniter->runController(Object(App\Controllers\admin\PracticasAdminController))
 6 SYSTEMPATH\CodeIgniter.php(354): CodeIgniter\CodeIgniter->handleRequest(null, Object(Config\Cache), false)
 7 SYSTEMPATH\Boot.php(334): CodeIgniter\CodeIgniter->run()
 8 SYSTEMPATH\Boot.php(67): CodeIgniter\Boot::runCodeIgniter(Object(CodeIgniter\CodeIgniter))
 9 FCPATH\index.php(59): CodeIgniter\Boot::bootWeb(Object(Config\Paths))
CRITICAL - 2026-03-17 18:11:31 --> [Caused by] CodeIgniter\Database\Exceptions\DatabaseException: Unknown column 'ti.TIPO_INSTITUCION' in 'field list'
in SYSTEMPATH\Database\MySQLi\Connection.php on line 332.
 1 SYSTEMPATH\Database\BaseConnection.php(738): CodeIgniter\Database\MySQLi\Connection->execute('SELECT `pp`.`ID_PRACTICA_PREPROFESIONAL`, `pp`.`ESTADO_PRACTICA`, `pp`.`HORAS_PRACTICAS`, `pp`.`FECHA_INICIO`, `pp`.`FECHA_FIN`, `pp`.`PROYECTO_ESPECIFICO`, CONCAT(dp.NOMBRE, " ", dp.APELLIDO) as ESTUDIANTE_NOMBRE, `c`.`NOMBRE` as `CARRERA_NOMBRE`, `ic`.`NOMBRE` as `INSTITUCION_NOMBRE`, `ti`.`TIPO_INSTITUCION`
FROM `TAB_PRACTICAS_PREPROFESIONALES` `pp`
JOIN `TAB_ESTUDIANTES` `e` ON `e`.`ID_ESTUDIANTE` = `pp`.`ID_ESTUDIANTE`
JOIN `TAB_DATOS_PERSONAS` `dp` ON `dp`.`ID_DATO_PERSONA` = `e`.`ID_DATO_PERSONA`
JOIN `TAB_CARRERAS` `c` ON `c`.`ID_CARRERA` = `e`.`ID_CARRERA`
JOIN `TAB_INSTITUCIONES_CONVENIOS` `ic` ON `ic`.`ID_INSTITUCION_CONVENIO` = `pp`.`ID_INSTITUCION_CONVENIO`
JOIN `TAB_TIPOS_INSTITUCION` `ti` ON `ti`.`ID_TIPO_INSTITUCION` = `ic`.`ID_TIPO_INSTITUCION`
ORDER BY `pp`.`FECHA_INICIO` DESC')
 2 SYSTEMPATH\Database\BaseConnection.php(652): CodeIgniter\Database\BaseConnection->simpleQuery('SELECT `pp`.`ID_PRACTICA_PREPROFESIONAL`, `pp`.`ESTADO_PRACTICA`, `pp`.`HORAS_PRACTICAS`, `pp`.`FECHA_INICIO`, `pp`.`FECHA_FIN`, `pp`.`PROYECTO_ESPECIFICO`, CONCAT(dp.NOMBRE, " ", dp.APELLIDO) as ESTUDIANTE_NOMBRE, `c`.`NOMBRE` as `CARRERA_NOMBRE`, `ic`.`NOMBRE` as `INSTITUCION_NOMBRE`, `ti`.`TIPO_INSTITUCION`
FROM `TAB_PRACTICAS_PREPROFESIONALES` `pp`
JOIN `TAB_ESTUDIANTES` `e` ON `e`.`ID_ESTUDIANTE` = `pp`.`ID_ESTUDIANTE`
JOIN `TAB_DATOS_PERSONAS` `dp` ON `dp`.`ID_DATO_PERSONA` = `e`.`ID_DATO_PERSONA`
JOIN `TAB_CARRERAS` `c` ON `c`.`ID_CARRERA` = `e`.`ID_CARRERA`
JOIN `TAB_INSTITUCIONES_CONVENIOS` `ic` ON `ic`.`ID_INSTITUCION_CONVENIO` = `pp`.`ID_INSTITUCION_CONVENIO`
JOIN `TAB_TIPOS_INSTITUCION` `ti` ON `ti`.`ID_TIPO_INSTITUCION` = `ic`.`ID_TIPO_INSTITUCION`
ORDER BY `pp`.`FECHA_INICIO` DESC')
 3 SYSTEMPATH\Database\BaseBuilder.php(1649): CodeIgniter\Database\BaseConnection->query('SELECT `pp`.`ID_PRACTICA_PREPROFESIONAL`, `pp`.`ESTADO_PRACTICA`, `pp`.`HORAS_PRACTICAS`, `pp`.`FECHA_INICIO`, `pp`.`FECHA_FIN`, `pp`.`PROYECTO_ESPECIFICO`, CONCAT(dp.NOMBRE, " ", dp.APELLIDO) as ESTUDIANTE_NOMBRE, `c`.`NOMBRE` as `CARRERA_NOMBRE`, `ic`.`NOMBRE` as `INSTITUCION_NOMBRE`, `ti`.`TIPO_INSTITUCION`
FROM `TAB_PRACTICAS_PREPROFESIONALES` `pp`
JOIN `TAB_ESTUDIANTES` `e` ON `e`.`ID_ESTUDIANTE` = `pp`.`ID_ESTUDIANTE`
JOIN `TAB_DATOS_PERSONAS` `dp` ON `dp`.`ID_DATO_PERSONA` = `e`.`ID_DATO_PERSONA`
JOIN `TAB_CARRERAS` `c` ON `c`.`ID_CARRERA` = `e`.`ID_CARRERA`
JOIN `TAB_INSTITUCIONES_CONVENIOS` `ic` ON `ic`.`ID_INSTITUCION_CONVENIO` = `pp`.`ID_INSTITUCION_CONVENIO`
JOIN `TAB_TIPOS_INSTITUCION` `ti` ON `ti`.`ID_TIPO_INSTITUCION` = `ic`.`ID_TIPO_INSTITUCION`
ORDER BY `pp`.`FECHA_INICIO` DESC', [], false)
 4 APPPATH\Controllers\admin\PracticasAdminController.php(1033): CodeIgniter\Database\BaseBuilder->get()
 5 APPPATH\Controllers\admin\PracticasAdminController.php(964): App\Controllers\admin\PracticasAdminController->obtenerPracticasPreprofesionalesFiltradas([...])
 6 SYSTEMPATH\CodeIgniter.php(933): App\Controllers\admin\PracticasAdminController->reportes()
 7 SYSTEMPATH\CodeIgniter.php(507): CodeIgniter\CodeIgniter->runController(Object(App\Controllers\admin\PracticasAdminController))
 8 SYSTEMPATH\CodeIgniter.php(354): CodeIgniter\CodeIgniter->handleRequest(null, Object(Config\Cache), false)
 9 SYSTEMPATH\Boot.php(334): CodeIgniter\CodeIgniter->run()
10 SYSTEMPATH\Boot.php(67): CodeIgniter\Boot::runCodeIgniter(Object(CodeIgniter\CodeIgniter))
11 FCPATH\index.php(59): CodeIgniter\Boot::bootWeb(Object(Config\Paths))
CRITICAL - 2026-03-17 18:11:31 --> [Caused by] mysqli_sql_exception: Unknown column 'ti.TIPO_INSTITUCION' in 'field list'
in SYSTEMPATH\Database\MySQLi\Connection.php on line 327.
 1 SYSTEMPATH\Database\MySQLi\Connection.php(327): mysqli->query('SELECT `pp`.`ID_PRACTICA_PREPROFESIONAL`, `pp`.`ESTADO_PRACTICA`, `pp`.`HORAS_PRACTICAS`, `pp`.`FECHA_INICIO`, `pp`.`FECHA_FIN`, `pp`.`PROYECTO_ESPECIFICO`, CONCAT(dp.NOMBRE, " ", dp.APELLIDO) as ESTUDIANTE_NOMBRE, `c`.`NOMBRE` as `CARRERA_NOMBRE`, `ic`.`NOMBRE` as `INSTITUCION_NOMBRE`, `ti`.`TIPO_INSTITUCION`
FROM `TAB_PRACTICAS_PREPROFESIONALES` `pp`
JOIN `TAB_ESTUDIANTES` `e` ON `e`.`ID_ESTUDIANTE` = `pp`.`ID_ESTUDIANTE`
JOIN `TAB_DATOS_PERSONAS` `dp` ON `dp`.`ID_DATO_PERSONA` = `e`.`ID_DATO_PERSONA`
JOIN `TAB_CARRERAS` `c` ON `c`.`ID_CARRERA` = `e`.`ID_CARRERA`
JOIN `TAB_INSTITUCIONES_CONVENIOS` `ic` ON `ic`.`ID_INSTITUCION_CONVENIO` = `pp`.`ID_INSTITUCION_CONVENIO`
JOIN `TAB_TIPOS_INSTITUCION` `ti` ON `ti`.`ID_TIPO_INSTITUCION` = `ic`.`ID_TIPO_INSTITUCION`
ORDER BY `pp`.`FECHA_INICIO` DESC', 0)
 2 SYSTEMPATH\Database\BaseConnection.php(738): CodeIgniter\Database\MySQLi\Connection->execute('SELECT `pp`.`ID_PRACTICA_PREPROFESIONAL`, `pp`.`ESTADO_PRACTICA`, `pp`.`HORAS_PRACTICAS`, `pp`.`FECHA_INICIO`, `pp`.`FECHA_FIN`, `pp`.`PROYECTO_ESPECIFICO`, CONCAT(dp.NOMBRE, " ", dp.APELLIDO) as ESTUDIANTE_NOMBRE, `c`.`NOMBRE` as `CARRERA_NOMBRE`, `ic`.`NOMBRE` as `INSTITUCION_NOMBRE`, `ti`.`TIPO_INSTITUCION`
FROM `TAB_PRACTICAS_PREPROFESIONALES` `pp`
JOIN `TAB_ESTUDIANTES` `e` ON `e`.`ID_ESTUDIANTE` = `pp`.`ID_ESTUDIANTE`
JOIN `TAB_DATOS_PERSONAS` `dp` ON `dp`.`ID_DATO_PERSONA` = `e`.`ID_DATO_PERSONA`
JOIN `TAB_CARRERAS` `c` ON `c`.`ID_CARRERA` = `e`.`ID_CARRERA`
JOIN `TAB_INSTITUCIONES_CONVENIOS` `ic` ON `ic`.`ID_INSTITUCION_CONVENIO` = `pp`.`ID_INSTITUCION_CONVENIO`
JOIN `TAB_TIPOS_INSTITUCION` `ti` ON `ti`.`ID_TIPO_INSTITUCION` = `ic`.`ID_TIPO_INSTITUCION`
ORDER BY `pp`.`FECHA_INICIO` DESC')
 3 SYSTEMPATH\Database\BaseConnection.php(652): CodeIgniter\Database\BaseConnection->simpleQuery('SELECT `pp`.`ID_PRACTICA_PREPROFESIONAL`, `pp`.`ESTADO_PRACTICA`, `pp`.`HORAS_PRACTICAS`, `pp`.`FECHA_INICIO`, `pp`.`FECHA_FIN`, `pp`.`PROYECTO_ESPECIFICO`, CONCAT(dp.NOMBRE, " ", dp.APELLIDO) as ESTUDIANTE_NOMBRE, `c`.`NOMBRE` as `CARRERA_NOMBRE`, `ic`.`NOMBRE` as `INSTITUCION_NOMBRE`, `ti`.`TIPO_INSTITUCION`
FROM `TAB_PRACTICAS_PREPROFESIONALES` `pp`
JOIN `TAB_ESTUDIANTES` `e` ON `e`.`ID_ESTUDIANTE` = `pp`.`ID_ESTUDIANTE`
JOIN `TAB_DATOS_PERSONAS` `dp` ON `dp`.`ID_DATO_PERSONA` = `e`.`ID_DATO_PERSONA`
JOIN `TAB_CARRERAS` `c` ON `c`.`ID_CARRERA` = `e`.`ID_CARRERA`
JOIN `TAB_INSTITUCIONES_CONVENIOS` `ic` ON `ic`.`ID_INSTITUCION_CONVENIO` = `pp`.`ID_INSTITUCION_CONVENIO`
JOIN `TAB_TIPOS_INSTITUCION` `ti` ON `ti`.`ID_TIPO_INSTITUCION` = `ic`.`ID_TIPO_INSTITUCION`
ORDER BY `pp`.`FECHA_INICIO` DESC')
 4 SYSTEMPATH\Database\BaseBuilder.php(1649): CodeIgniter\Database\BaseConnection->query('SELECT `pp`.`ID_PRACTICA_PREPROFESIONAL`, `pp`.`ESTADO_PRACTICA`, `pp`.`HORAS_PRACTICAS`, `pp`.`FECHA_INICIO`, `pp`.`FECHA_FIN`, `pp`.`PROYECTO_ESPECIFICO`, CONCAT(dp.NOMBRE, " ", dp.APELLIDO) as ESTUDIANTE_NOMBRE, `c`.`NOMBRE` as `CARRERA_NOMBRE`, `ic`.`NOMBRE` as `INSTITUCION_NOMBRE`, `ti`.`TIPO_INSTITUCION`
FROM `TAB_PRACTICAS_PREPROFESIONALES` `pp`
JOIN `TAB_ESTUDIANTES` `e` ON `e`.`ID_ESTUDIANTE` = `pp`.`ID_ESTUDIANTE`
JOIN `TAB_DATOS_PERSONAS` `dp` ON `dp`.`ID_DATO_PERSONA` = `e`.`ID_DATO_PERSONA`
JOIN `TAB_CARRERAS` `c` ON `c`.`ID_CARRERA` = `e`.`ID_CARRERA`
JOIN `TAB_INSTITUCIONES_CONVENIOS` `ic` ON `ic`.`ID_INSTITUCION_CONVENIO` = `pp`.`ID_INSTITUCION_CONVENIO`
JOIN `TAB_TIPOS_INSTITUCION` `ti` ON `ti`.`ID_TIPO_INSTITUCION` = `ic`.`ID_TIPO_INSTITUCION`
ORDER BY `pp`.`FECHA_INICIO` DESC', [], false)
 5 APPPATH\Controllers\admin\PracticasAdminController.php(1033): CodeIgniter\Database\BaseBuilder->get()
 6 APPPATH\Controllers\admin\PracticasAdminController.php(964): App\Controllers\admin\PracticasAdminController->obtenerPracticasPreprofesionalesFiltradas([...])
 7 SYSTEMPATH\CodeIgniter.php(933): App\Controllers\admin\PracticasAdminController->reportes()
 8 SYSTEMPATH\CodeIgniter.php(507): CodeIgniter\CodeIgniter->runController(Object(App\Controllers\admin\PracticasAdminController))
 9 SYSTEMPATH\CodeIgniter.php(354): CodeIgniter\CodeIgniter->handleRequest(null, Object(Config\Cache), false)
10 SYSTEMPATH\Boot.php(334): CodeIgniter\CodeIgniter->run()
11 SYSTEMPATH\Boot.php(67): CodeIgniter\Boot::runCodeIgniter(Object(CodeIgniter\CodeIgniter))
12 FCPATH\index.php(59): CodeIgniter\Boot::bootWeb(Object(Config\Paths))
DEBUG - 2026-03-17 18:13:02 --> Session: Class initialized using 'CodeIgniter\Session\Handlers\FileHandler' driver.
DEBUG - 2026-03-17 18:14:17 --> Session: Class initialized using 'CodeIgniter\Session\Handlers\FileHandler' driver.
DEBUG - 2026-03-17 18:14:21 --> Session: Class initialized using 'CodeIgniter\Session\Handlers\FileHandler' driver.
DEBUG - 2026-03-17 18:14:40 --> Session: Class initialized using 'CodeIgniter\Session\Handlers\FileHandler' driver.
DEBUG - 2026-03-17 18:14:40 --> Estadísticas mensuales prácticas: [{"mes":"Abr 2025","preprofesionales":0,"servicioComunitario":0},{"mes":"May 2025","preprofesionales":0,"servicioComunitario":0},{"mes":"Jun 2025","preprofesionales":1,"servicioComunitario":0},{"mes":"Jul 2025","preprofesionales":1,"servicioComunitario":0},{"mes":"Ago 2025","preprofesionales":0,"servicioComunitario":1},{"mes":"Sep 2025","preprofesionales":1,"servicioComunitario":0},{"mes":"Oct 2025","preprofesionales":1,"servicioComunitario":0},{"mes":"Nov 2025","preprofesionales":0,"servicioComunitario":1},{"mes":"Dic 2025","preprofesionales":1,"servicioComunitario":0},{"mes":"Ene 2026","preprofesionales":0,"servicioComunitario":1},{"mes":"Feb 2026","preprofesionales":0,"servicioComunitario":1},{"mes":"Mar 2026","preprofesionales":0,"servicioComunitario":1}]
DEBUG - 2026-03-17 18:14:41 --> Session: Class initialized using 'CodeIgniter\Session\Handlers\FileHandler' driver.
DEBUG - 2026-03-17 18:14:42 --> Consulta SQL: SELECT *
FROM `TAB_DOCUMENTOS_PRACTICAS_PREPROFESIONALES` `dp`
DEBUG - 2026-03-17 18:14:42 --> Resultados obtenidos: 9
DEBUG - 2026-03-17 18:14:42 --> Tipos de documentos en index: [{"ID_TIPO_DOCUMENTO_PREPROFESIONAL":"1","CODIGO":"PPR-001","NOMBRE":"Oficio de Asignaci\u00f3n de Tutor","DESCRIPCION":"Documento oficial emitido por la coordinaci\u00f3n de la carrera que designa al docente responsable de la tutor\u00eda y seguimiento de las pr\u00e1cticas de servicio comunitario del estudiante.","ORDEN":"1","OBLIGATORIO":"1","ACTIVO":"1","FECHA_CREACION":"2025-09-04 06:59:17","FECHA_ACTUALIZACION":"2025-09-04 06:59:17"},{"ID_TIPO_DOCUMENTO_PREPROFESIONAL":"2","CODIGO":"PPR-002","NOMBRE":"Oficio a Entidad Receptora","DESCRIPCION":"Carta formal enviada por el estudiante a la instituci\u00f3n \"Instituto Tecnol\u00f3gico Superior Ibarra\", con el prop\u00f3sito de solicitar la oportunidad de realizar sus pr\u00e1cticas de servicio comunitario.","ORDEN":"2","OBLIGATORIO":"1","ACTIVO":"1","FECHA_CREACION":"2025-09-04 06:59:17","FECHA_ACTUALIZACION":"2025-09-04 06:59:17"},{"ID_TIPO_DOCUMENTO_PREPROFESIONAL":"3","CODIGO":"PPR-003","NOMBRE":"Carta de Aceptaci\u00f3n","DESCRIPCION":"Carta oficial de la entidad receptora \"Instituto Tecnol\u00f3gico Superior Ibarra\" que confirma la aceptaci\u00f3n del o los estudiantes para realizar las pr\u00e1cticas de servicio comunitario en sus instalaciones.","ORDEN":"3","OBLIGATORIO":"1","ACTIVO":"1","FECHA_CREACION":"2025-09-04 06:59:17","FECHA_ACTUALIZACION":"2025-09-04 06:59:17"},{"ID_TIPO_DOCUMENTO_PREPROFESIONAL":"4","CODIGO":"PPR-004","NOMBRE":"Solicitud Institucional Valorada","DESCRIPCION":"Documento de solicitud formal dirigido al Sr. Rector, Dr. Mario Montenegro, pidiendo la aprobaci\u00f3n institucional para la realizaci\u00f3n de las pr\u00e1cticas de servicio comunitario.","ORDEN":"4","OBLIGATORIO":"1","ACTIVO":"1","FECHA_CREACION":"2025-09-04 06:59:17","FECHA_ACTUALIZACION":"2025-09-04 06:59:17"},{"ID_TIPO_DOCUMENTO_PREPROFESIONAL":"5","CODIGO":"PPR-005","NOMBRE":"Certificado de Culminaci\u00f3n de Horas","DESCRIPCION":"Certificado emitido por la entidad receptora \"Instituto Tecnol\u00f3gico Superior Ibarra\" que acredita que el estudiante ha completado las 60 horas requeridas de pr\u00e1cticas de servicio comunitario.","ORDEN":"5","OBLIGATORIO":"1","ACTIVO":"1","FECHA_CREACION":"2025-09-04 06:59:17","FECHA_ACTUALIZACION":"2025-09-04 06:59:17"},{"ID_TIPO_DOCUMENTO_PREPROFESIONAL":"6","CODIGO":"PPR-006","NOMBRE":"Hojas de Asistencia","DESCRIPCION":"Registro f\u00edsico de la asistencia del estudiante en la entidad receptora. Incluye las firmas y sellos para validar las horas de trabajo.","ORDEN":"6","OBLIGATORIO":"1","ACTIVO":"1","FECHA_CREACION":"2025-09-04 06:59:17","FECHA_ACTUALIZACION":"2025-09-04 06:59:17"},{"ID_TIPO_DOCUMENTO_PREPROFESIONAL":"7","CODIGO":"PPR-007","NOMBRE":"Ficha de Registro de Actividades","DESCRIPCION":"Documento detallado en el que el estudiante registra las actividades espec\u00edficas realizadas durante sus pr\u00e1cticas, incluyendo fechas y descripciones.","ORDEN":"7","OBLIGATORIO":"1","ACTIVO":"1","FECHA_CREACION":"2025-09-04 06:59:17","FECHA_ACTUALIZACION":"2025-09-04 06:59:17"},{"ID_TIPO_DOCUMENTO_PREPROFESIONAL":"8","CODIGO":"PPR-008","NOMBRE":"R\u00fabrica de Evaluaci\u00f3n de Entidad","DESCRIPCION":"Formulario de evaluaci\u00f3n del desempe\u00f1o del estudiante, llenado y sellado por la entidad receptora. Valora aspectos como la responsabilidad, la proactividad y la calidad del trabajo.","ORDEN":"8","OBLIGATORIO":"1","ACTIVO":"1","FECHA_CREACION":"2025-09-04 06:59:17","FECHA_ACTUALIZACION":"2025-09-04 06:59:17"},{"ID_TIPO_DOCUMENTO_PREPROFESIONAL":"9","CODIGO":"PPR-009","NOMBRE":"Ficha de Control y Seguimiento Docente","DESCRIPCION":"Documento utilizado por el tutor docente para registrar el seguimiento acad\u00e9mico del estudiante durante las pr\u00e1cticas. Incluye visitas o revisiones peri\u00f3dicas.","ORDEN":"9","OBLIGATORIO":"1","ACTIVO":"1","FECHA_CREACION":"2025-09-04 06:59:17","FECHA_ACTUALIZACION":"2025-09-04 06:59:17"},{"ID_TIPO_DOCUMENTO_PREPROFESIONAL":"10","CODIGO":"PPR-010","NOMBRE":"R\u00fabrica de Evaluaci\u00f3n Docente","DESCRIPCION":"R\u00fabrica de evaluaci\u00f3n llenada y firmada por el tutor docente. Califica el desempe\u00f1o del estudiante en base a los criterios acad\u00e9micos del programa.","ORDEN":"10","OBLIGATORIO":"1","ACTIVO":"1","FECHA_CREACION":"2025-09-04 06:59:17","FECHA_ACTUALIZACION":"2025-09-04 06:59:17"},{"ID_TIPO_DOCUMENTO_PREPROFESIONAL":"11","CODIGO":"PPR-011","NOMBRE":"R\u00fabrica de Evaluaci\u00f3n de Resultados","DESCRIPCION":"Evaluaci\u00f3n final realizada por el Departamento de Vinculaci\u00f3n con la Sociedad, que valora los resultados y el impacto del proyecto de servicio comunitario en su conjunto.","ORDEN":"11","OBLIGATORIO":"1","ACTIVO":"1","FECHA_CREACION":"2025-09-04 06:59:17","FECHA_ACTUALIZACION":"2025-09-04 06:59:17"},{"ID_TIPO_DOCUMENTO_PREPROFESIONAL":"12","CODIGO":"PPR-012","NOMBRE":"Evidencia Fotogr\u00e1fica y Digital","DESCRIPCION":"Material de apoyo visual y digital, como fotos, capturas, videos o impresiones, que documenta y comprueba la realizaci\u00f3n de las actividades y trabajos del proyecto.","ORDEN":"12","OBLIGATORIO":"1","ACTIVO":"1","FECHA_CREACION":"2025-09-04 06:59:17","FECHA_ACTUALIZACION":"2025-09-04 06:59:17"}]
DEBUG - 2026-03-17 18:14:42 --> Session: Class initialized using 'CodeIgniter\Session\Handlers\FileHandler' driver.
DEBUG - 2026-03-17 18:14:43 --> Consulta SQL: SELECT *
FROM `TAB_DOCUMENTOS_PRACTICAS_PREPROFESIONALES` `dp`
DEBUG - 2026-03-17 18:14:43 --> Resultados obtenidos: 9
DEBUG - 2026-03-17 18:14:43 --> Documentos obtenidos: [{"ID_DOCUMENTO_PREPROFESIONAL":"17","ID_PRACTICA_PREPROFESIONAL":"2","ID_TIPO_DOCUMENTO":"9","ID_ESTADO_REVISION":"4","NOMBRE_ARCHIVO":"ficha_control_seguimiento_002_20250920.pdf","NOMBRE_ORIGINAL":"Ficha Control Seguimiento - Mar\u00eda.pdf","TIPO_ARCHIVO":"application\/pdf","TAMANO_ARCHIVO":"112233","RUTA_ARCHIVO":"\/uploads\/documentos-practicas\/","FECHA_SUBIDA":"2025-09-20 10:15:00","FECHA_REVISION":"2025-09-20 12:45:00","ID_REVISOR":"18","OBSERVACIONES":"Ficha de control y seguimiento docente","OBSERVACIONES_REVISOR":"Faltan las firmas del tutor docente, documento inv\u00e1lido","VERSION":"1","ACTIVO":"1","FECHA_CREACION":"2025-09-04 06:59:17","FECHA_ACTUALIZACION":"2025-09-04 06:59:17","ID_TIPO_DOCUMENTO_PREPROFESIONAL":"9","TIPO_DOCUMENTO_CODIGO":"PPR-009","TIPO_DOCUMENTO_NOMBRE":"Ficha de Control y Seguimiento Docente","TIPO_DOCUMENTO_DESCRIPCION":"Documento utilizado por el tutor docente para registrar el seguimiento acad\u00e9mico del estudiante durante las pr\u00e1cticas. Incluye visitas o revisiones peri\u00f3dicas.","TIPO_DOCUMENTO_ORDEN":"9","TIPO_DOCUMENTO_OBLIGATORIO":"1","ESTADO_REVISION":"Rechazado","ID_ESTUDIANTE":"2","ENTIDAD_RECEPTORA":"Banco del Pac\u00edfico","ESTUDIANTE_NOMBRE":"Mar\u00eda Elena Garc\u00eda Torres","NOMBRE_ESTUDIANTE":"Mar\u00eda Elena","APELLIDO_ESTUDIANTE":"Garc\u00eda Torres","CEDULA_ESTUDIANTE":"1002345678"},{"ID_DOCUMENTO_PREPROFESIONAL":"15","ID_PRACTICA_PREPROFESIONAL":"2","ID_TIPO_DOCUMENTO":"7","ID_ESTADO_REVISION":"5","NOMBRE_ARCHIVO":"ficha_registro_actividades_002_20250915.pdf","NOMBRE_ORIGINAL":"Ficha Registro Actividades - Mar\u00eda.pdf","TIPO_ARCHIVO":"application\/pdf","TAMANO_ARCHIVO":"98765","RUTA_ARCHIVO":"\/uploads\/documentos-practicas\/","FECHA_SUBIDA":"2025-09-15 11:30:00","FECHA_REVISION":"2025-09-15 14:20:00","ID_REVISOR":"18","OBSERVACIONES":"Ficha de registro de actividades","OBSERVACIONES_REVISOR":"Descripci\u00f3n de actividades muy general, especificar m\u00e1s detalles","VERSION":"1","ACTIVO":"1","FECHA_CREACION":"2025-09-04 06:59:17","FECHA_ACTUALIZACION":"2025-09-04 06:59:17","ID_TIPO_DOCUMENTO_PREPROFESIONAL":"7","TIPO_DOCUMENTO_CODIGO":"PPR-007","TIPO_DOCUMENTO_NOMBRE":"Ficha de Registro de Actividades","TIPO_DOCUMENTO_DESCRIPCION":"Documento detallado en el que el estudiante registra las actividades espec\u00edficas realizadas durante sus pr\u00e1cticas, incluyendo fechas y descripciones.","TIPO_DOCUMENTO_ORDEN":"7","TIPO_DOCUMENTO_OBLIGATORIO":"1","ESTADO_REVISION":"Requiere Correcci\u00f3n","ID_ESTUDIANTE":"2","ENTIDAD_RECEPTORA":"Banco del Pac\u00edfico","ESTUDIANTE_NOMBRE":"Mar\u00eda Elena Garc\u00eda Torres","NOMBRE_ESTUDIANTE":"Mar\u00eda Elena","APELLIDO_ESTUDIANTE":"Garc\u00eda Torres","CEDULA_ESTUDIANTE":"1002345678"},{"ID_DOCUMENTO_PREPROFESIONAL":"14","ID_PRACTICA_PREPROFESIONAL":"1","ID_TIPO_DOCUMENTO":"6","ID_ESTADO_REVISION":"5","NOMBRE_ARCHIVO":"hojas_asistencia_001_20250830.pdf","NOMBRE_ORIGINAL":"Hojas de Asistencia - Juan Carlos.pdf","TIPO_ARCHIVO":"application\/pdf","TAMANO_ARCHIVO":"123456","RUTA_ARCHIVO":"\/uploads\/documentos-practicas\/","FECHA_SUBIDA":"2025-08-30 16:15:00","FECHA_REVISION":"2025-08-30 17:45:00","ID_REVISOR":"17","OBSERVACIONES":"Hojas de asistencia completas","OBSERVACIONES_REVISOR":"Faltan firmas en algunas fechas, corregir y volver a subir","VERSION":"1","ACTIVO":"1","FECHA_CREACION":"2025-09-04 06:59:17","FECHA_ACTUALIZACION":"2025-09-04 06:59:17","ID_TIPO_DOCUMENTO_PREPROFESIONAL":"6","TIPO_DOCUMENTO_CODIGO":"PPR-006","TIPO_DOCUMENTO_NOMBRE":"Hojas de Asistencia","TIPO_DOCUMENTO_DESCRIPCION":"Registro f\u00edsico de la asistencia del estudiante en la entidad receptora. Incluye las firmas y sellos para validar las horas de trabajo.","TIPO_DOCUMENTO_ORDEN":"6","TIPO_DOCUMENTO_OBLIGATORIO":"1","ESTADO_REVISION":"Requiere Correcci\u00f3n","ID_ESTUDIANTE":"1","ENTIDAD_RECEPTORA":"Hospital San Vicente de Pa\u00fal","ESTUDIANTE_NOMBRE":"Juan Carlos P\u00e9rez L\u00f3pez","NOMBRE_ESTUDIANTE":"Juan Carlos","APELLIDO_ESTUDIANTE":"P\u00e9rez L\u00f3pez","CEDULA_ESTUDIANTE":"1001234567"},{"ID_DOCUMENTO_PREPROFESIONAL":"16","ID_PRACTICA_PREPROFESIONAL":"1","ID_TIPO_DOCUMENTO":"8","ID_ESTADO_REVISION":"4","NOMBRE_ARCHIVO":"rubrica_evaluacion_entidad_001_20250825.pdf","NOMBRE_ORIGINAL":"R\u00fabrica Evaluaci\u00f3n Entidad - Juan.pdf","TIPO_ARCHIVO":"application\/pdf","TAMANO_ARCHIVO":"87654","RUTA_ARCHIVO":"\/uploads\/documentos-practicas\/","FECHA_SUBIDA":"2025-08-25 15:00:00","FECHA_REVISION":"2025-08-25 16:30:00","ID_REVISOR":"17","OBSERVACIONES":"R\u00fabrica de evaluaci\u00f3n de entidad","OBSERVACIONES_REVISOR":"Documento no tiene sello oficial de la entidad, rechazado","VERSION":"1","ACTIVO":"1","FECHA_CREACION":"2025-09-04 06:59:17","FECHA_ACTUALIZACION":"2025-09-04 06:59:17","ID_TIPO_DOCUMENTO_PREPROFESIONAL":"8","TIPO_DOCUMENTO_CODIGO":"PPR-008","TIPO_DOCUMENTO_NOMBRE":"R\u00fabrica de Evaluaci\u00f3n de Entidad","TIPO_DOCUMENTO_DESCRIPCION":"Formulario de evaluaci\u00f3n del desempe\u00f1o del estudiante, llenado y sellado por la entidad receptora. Valora aspectos como la responsabilidad, la proactividad y la calidad del trabajo.","TIPO_DOCUMENTO_ORDEN":"8","TIPO_DOCUMENTO_OBLIGATORIO":"1","ESTADO_REVISION":"Rechazado","ID_ESTUDIANTE":"1","ENTIDAD_RECEPTORA":"Hospital San Vicente de Pa\u00fal","ESTUDIANTE_NOMBRE":"Juan Carlos P\u00e9rez L\u00f3pez","NOMBRE_ESTUDIANTE":"Juan Carlos","APELLIDO_ESTUDIANTE":"P\u00e9rez L\u00f3pez","CEDULA_ESTUDIANTE":"1001234567"},{"ID_DOCUMENTO_PREPROFESIONAL":"5","ID_PRACTICA_PREPROFESIONAL":"2","ID_TIPO_DOCUMENTO":"2","ID_ESTADO_REVISION":"3","NOMBRE_ARCHIVO":"oficio_entidad_receptora_002_20250702.pdf","NOMBRE_ORIGINAL":"Oficio Entidad Receptora - Banco.pdf","TIPO_ARCHIVO":"application\/pdf","TAMANO_ARCHIVO":"178944","RUTA_ARCHIVO":"\/uploads\/documentos-practicas\/","FECHA_SUBIDA":"2025-07-02 15:45:00","FECHA_REVISION":"2025-07-02 17:20:00","ID_REVISOR":"18","OBSERVACIONES":"Oficio enviado a la entidad receptora","OBSERVACIONES_REVISOR":"Oficio formal y bien estructurado","VERSION":"1","ACTIVO":"1","FECHA_CREACION":"2025-09-04 06:59:17","FECHA_ACTUALIZACION":"2025-09-04 06:59:17","ID_TIPO_DOCUMENTO_PREPROFESIONAL":"2","TIPO_DOCUMENTO_CODIGO":"PPR-002","TIPO_DOCUMENTO_NOMBRE":"Oficio a Entidad Receptora","TIPO_DOCUMENTO_DESCRIPCION":"Carta formal enviada por el estudiante a la instituci\u00f3n \"Instituto Tecnol\u00f3gico Superior Ibarra\", con el prop\u00f3sito de solicitar la oportunidad de realizar sus pr\u00e1cticas de servicio comunitario.","TIPO_DOCUMENTO_ORDEN":"2","TIPO_DOCUMENTO_OBLIGATORIO":"1","ESTADO_REVISION":"Aprobado","ID_ESTUDIANTE":"2","ENTIDAD_RECEPTORA":"Banco del Pac\u00edfico","ESTUDIANTE_NOMBRE":"Mar\u00eda Elena Garc\u00eda Torres","NOMBRE_ESTUDIANTE":"Mar\u00eda Elena","APELLIDO_ESTUDIANTE":"Garc\u00eda Torres","CEDULA_ESTUDIANTE":"1002345678"},{"ID_DOCUMENTO_PREPROFESIONAL":"4","ID_PRACTICA_PREPROFESIONAL":"2","ID_TIPO_DOCUMENTO":"1","ID_ESTADO_REVISION":"3","NOMBRE_ARCHIVO":"oficio_asignacion_tutor_002_20250701.pdf","NOMBRE_ORIGINAL":"Oficio Asignaci\u00f3n Tutor - Mar\u00eda Elena.pdf","TIPO_ARCHIVO":"application\/pdf","TAMANO_ARCHIVO":"234880","RUTA_ARCHIVO":"\/uploads\/documentos-practicas\/","FECHA_SUBIDA":"2025-07-01 11:00:00","FECHA_REVISION":"2025-07-01 13:15:00","ID_REVISOR":"18","OBSERVACIONES":"Documento oficial de asignaci\u00f3n","OBSERVACIONES_REVISOR":"Asignaci\u00f3n correcta del tutor","VERSION":"1","ACTIVO":"1","FECHA_CREACION":"2025-09-04 06:59:17","FECHA_ACTUALIZACION":"2025-09-04 06:59:17","ID_TIPO_DOCUMENTO_PREPROFESIONAL":"1","TIPO_DOCUMENTO_CODIGO":"PPR-001","TIPO_DOCUMENTO_NOMBRE":"Oficio de Asignaci\u00f3n de Tutor","TIPO_DOCUMENTO_DESCRIPCION":"Documento oficial emitido por la coordinaci\u00f3n de la carrera que designa al docente responsable de la tutor\u00eda y seguimiento de las pr\u00e1cticas de servicio comunitario del estudiante.","TIPO_DOCUMENTO_ORDEN":"1","TIPO_DOCUMENTO_OBLIGATORIO":"1","ESTADO_REVISION":"Aprobado","ID_ESTUDIANTE":"2","ENTIDAD_RECEPTORA":"Banco del Pac\u00edfico","ESTUDIANTE_NOMBRE":"Mar\u00eda Elena Garc\u00eda Torres","NOMBRE_ESTUDIANTE":"Mar\u00eda Elena","APELLIDO_ESTUDIANTE":"Garc\u00eda Torres","CEDULA_ESTUDIANTE":"1002345678"},{"ID_DOCUMENTO_PREPROFESIONAL":"3","ID_PRACTICA_PREPROFESIONAL":"1","ID_TIPO_DOCUMENTO":"3","ID_ESTADO_REVISION":"3","NOMBRE_ARCHIVO":"carta_aceptacion_001_20250603.pdf","NOMBRE_ORIGINAL":"Carta Aceptaci\u00f3n - Hospital.pdf","TIPO_ARCHIVO":"application\/pdf","TAMANO_ARCHIVO":"156672","RUTA_ARCHIVO":"\/uploads\/documentos-practicas\/","FECHA_SUBIDA":"2025-06-03 09:15:00","FECHA_REVISION":"2025-06-03 11:20:00","ID_REVISOR":"17","OBSERVACIONES":"Carta de aceptaci\u00f3n de la entidad","OBSERVACIONES_REVISOR":"Carta oficial con sello institucional","VERSION":"1","ACTIVO":"1","FECHA_CREACION":"2025-09-04 06:59:17","FECHA_ACTUALIZACION":"2025-09-04 06:59:17","ID_TIPO_DOCUMENTO_PREPROFESIONAL":"3","TIPO_DOCUMENTO_CODIGO":"PPR-003","TIPO_DOCUMENTO_NOMBRE":"Carta de Aceptaci\u00f3n","TIPO_DOCUMENTO_DESCRIPCION":"Carta oficial de la entidad receptora \"Instituto Tecnol\u00f3gico Superior Ibarra\" que confirma la aceptaci\u00f3n del o los estudiantes para realizar las pr\u00e1cticas de servicio comunitario en sus instalaciones.","TIPO_DOCUMENTO_ORDEN":"3","TIPO_DOCUMENTO_OBLIGATORIO":"1","ESTADO_REVISION":"Aprobado","ID_ESTUDIANTE":"1","ENTIDAD_RECEPTORA":"Hospital San Vicente de Pa\u00fal","ESTUDIANTE_NOMBRE":"Juan Carlos P\u00e9rez L\u00f3pez","NOMBRE_ESTUDIANTE":"Juan Carlos","APELLIDO_ESTUDIANTE":"P\u00e9rez L\u00f3pez","CEDULA_ESTUDIANTE":"1001234567"},{"ID_DOCUMENTO_PREPROFESIONAL":"2","ID_PRACTICA_PREPROFESIONAL":"1","ID_TIPO_DOCUMENTO":"2","ID_ESTADO_REVISION":"3","NOMBRE_ARCHIVO":"oficio_entidad_receptora_001_20250602.pdf","NOMBRE_ORIGINAL":"Oficio Entidad Receptora - Hospital.pdf","TIPO_ARCHIVO":"application\/pdf","TAMANO_ARCHIVO":"189440","RUTA_ARCHIVO":"\/uploads\/documentos-practicas\/","FECHA_SUBIDA":"2025-06-02 14:30:00","FECHA_REVISION":"2025-06-02 16:45:00","ID_REVISOR":"17","OBSERVACIONES":"Oficio enviado a la entidad receptora","OBSERVACIONES_REVISOR":"Oficio bien redactado y formal","VERSION":"1","ACTIVO":"1","FECHA_CREACION":"2025-09-04 06:59:17","FECHA_ACTUALIZACION":"2025-09-04 06:59:17","ID_TIPO_DOCUMENTO_PREPROFESIONAL":"2","TIPO_DOCUMENTO_CODIGO":"PPR-002","TIPO_DOCUMENTO_NOMBRE":"Oficio a Entidad Receptora","TIPO_DOCUMENTO_DESCRIPCION":"Carta formal enviada por el estudiante a la instituci\u00f3n \"Instituto Tecnol\u00f3gico Superior Ibarra\", con el prop\u00f3sito de solicitar la oportunidad de realizar sus pr\u00e1cticas de servicio comunitario.","TIPO_DOCUMENTO_ORDEN":"2","TIPO_DOCUMENTO_OBLIGATORIO":"1","ESTADO_REVISION":"Aprobado","ID_ESTUDIANTE":"1","ENTIDAD_RECEPTORA":"Hospital San Vicente de Pa\u00fal","ESTUDIANTE_NOMBRE":"Juan Carlos P\u00e9rez L\u00f3pez","NOMBRE_ESTUDIANTE":"Juan Carlos","APELLIDO_ESTUDIANTE":"P\u00e9rez L\u00f3pez","CEDULA_ESTUDIANTE":"1001234567"},{"ID_DOCUMENTO_PREPROFESIONAL":"1","ID_PRACTICA_PREPROFESIONAL":"1","ID_TIPO_DOCUMENTO":"1","ID_ESTADO_REVISION":"3","NOMBRE_ARCHIVO":"oficio_asignacion_tutor_001_20250601.pdf","NOMBRE_ORIGINAL":"Oficio Asignaci\u00f3n Tutor - Juan Carlos.pdf","TIPO_ARCHIVO":"application\/pdf","TAMANO_ARCHIVO":"245760","RUTA_ARCHIVO":"\/uploads\/documentos-practicas\/","FECHA_SUBIDA":"2025-06-01 10:00:00","FECHA_REVISION":"2025-06-01 14:30:00","ID_REVISOR":"17","OBSERVACIONES":"Documento oficial de asignaci\u00f3n","OBSERVACIONES_REVISOR":"Documento aprobado correctamente","VERSION":"1","ACTIVO":"1","FECHA_CREACION":"2025-09-04 06:59:17","FECHA_ACTUALIZACION":"2025-09-04 06:59:17","ID_TIPO_DOCUMENTO_PREPROFESIONAL":"1","TIPO_DOCUMENTO_CODIGO":"PPR-001","TIPO_DOCUMENTO_NOMBRE":"Oficio de Asignaci\u00f3n de Tutor","TIPO_DOCUMENTO_DESCRIPCION":"Documento oficial emitido por la coordinaci\u00f3n de la carrera que designa al docente responsable de la tutor\u00eda y seguimiento de las pr\u00e1cticas de servicio comunitario del estudiante.","TIPO_DOCUMENTO_ORDEN":"1","TIPO_DOCUMENTO_OBLIGATORIO":"1","ESTADO_REVISION":"Aprobado","ID_ESTUDIANTE":"1","ENTIDAD_RECEPTORA":"Hospital San Vicente de Pa\u00fal","ESTUDIANTE_NOMBRE":"Juan Carlos P\u00e9rez L\u00f3pez","NOMBRE_ESTUDIANTE":"Juan Carlos","APELLIDO_ESTUDIANTE":"P\u00e9rez L\u00f3pez","CEDULA_ESTUDIANTE":"1001234567"}]
DEBUG - 2026-03-17 18:14:43 --> Session: Class initialized using 'CodeIgniter\Session\Handlers\FileHandler' driver.
DEBUG - 2026-03-17 18:17:33 --> Session: Class initialized using 'CodeIgniter\Session\Handlers\FileHandler' driver.
DEBUG - 2026-03-17 18:17:46 --> Session: Class initialized using 'CodeIgniter\Session\Handlers\FileHandler' driver.
DEBUG - 2026-03-17 18:22:31 --> Session: Class initialized using 'CodeIgniter\Session\Handlers\FileHandler' driver.
DEBUG - 2026-03-17 18:22:34 --> Consulta SQL: SELECT *
FROM `TAB_DOCUMENTOS_PRACTICAS_PREPROFESIONALES` `dp`
DEBUG - 2026-03-17 18:22:34 --> Resultados obtenidos: 9
DEBUG - 2026-03-17 18:22:34 --> Tipos de documentos en index: [{"ID_TIPO_DOCUMENTO_PREPROFESIONAL":"1","CODIGO":"PPR-001","NOMBRE":"Oficio de Asignaci\u00f3n de Tutor","DESCRIPCION":"Documento oficial emitido por la coordinaci\u00f3n de la carrera que designa al docente responsable de la tutor\u00eda y seguimiento de las pr\u00e1cticas de servicio comunitario del estudiante.","ORDEN":"1","OBLIGATORIO":"1","ACTIVO":"1","FECHA_CREACION":"2025-09-04 06:59:17","FECHA_ACTUALIZACION":"2025-09-04 06:59:17"},{"ID_TIPO_DOCUMENTO_PREPROFESIONAL":"2","CODIGO":"PPR-002","NOMBRE":"Oficio a Entidad Receptora","DESCRIPCION":"Carta formal enviada por el estudiante a la instituci\u00f3n \"Instituto Tecnol\u00f3gico Superior Ibarra\", con el prop\u00f3sito de solicitar la oportunidad de realizar sus pr\u00e1cticas de servicio comunitario.","ORDEN":"2","OBLIGATORIO":"1","ACTIVO":"1","FECHA_CREACION":"2025-09-04 06:59:17","FECHA_ACTUALIZACION":"2025-09-04 06:59:17"},{"ID_TIPO_DOCUMENTO_PREPROFESIONAL":"3","CODIGO":"PPR-003","NOMBRE":"Carta de Aceptaci\u00f3n","DESCRIPCION":"Carta oficial de la entidad receptora \"Instituto Tecnol\u00f3gico Superior Ibarra\" que confirma la aceptaci\u00f3n del o los estudiantes para realizar las pr\u00e1cticas de servicio comunitario en sus instalaciones.","ORDEN":"3","OBLIGATORIO":"1","ACTIVO":"1","FECHA_CREACION":"2025-09-04 06:59:17","FECHA_ACTUALIZACION":"2025-09-04 06:59:17"},{"ID_TIPO_DOCUMENTO_PREPROFESIONAL":"4","CODIGO":"PPR-004","NOMBRE":"Solicitud Institucional Valorada","DESCRIPCION":"Documento de solicitud formal dirigido al Sr. Rector, Dr. Mario Montenegro, pidiendo la aprobaci\u00f3n institucional para la realizaci\u00f3n de las pr\u00e1cticas de servicio comunitario.","ORDEN":"4","OBLIGATORIO":"1","ACTIVO":"1","FECHA_CREACION":"2025-09-04 06:59:17","FECHA_ACTUALIZACION":"2025-09-04 06:59:17"},{"ID_TIPO_DOCUMENTO_PREPROFESIONAL":"5","CODIGO":"PPR-005","NOMBRE":"Certificado de Culminaci\u00f3n de Horas","DESCRIPCION":"Certificado emitido por la entidad receptora \"Instituto Tecnol\u00f3gico Superior Ibarra\" que acredita que el estudiante ha completado las 60 horas requeridas de pr\u00e1cticas de servicio comunitario.","ORDEN":"5","OBLIGATORIO":"1","ACTIVO":"1","FECHA_CREACION":"2025-09-04 06:59:17","FECHA_ACTUALIZACION":"2025-09-04 06:59:17"},{"ID_TIPO_DOCUMENTO_PREPROFESIONAL":"6","CODIGO":"PPR-006","NOMBRE":"Hojas de Asistencia","DESCRIPCION":"Registro f\u00edsico de la asistencia del estudiante en la entidad receptora. Incluye las firmas y sellos para validar las horas de trabajo.","ORDEN":"6","OBLIGATORIO":"1","ACTIVO":"1","FECHA_CREACION":"2025-09-04 06:59:17","FECHA_ACTUALIZACION":"2025-09-04 06:59:17"},{"ID_TIPO_DOCUMENTO_PREPROFESIONAL":"7","CODIGO":"PPR-007","NOMBRE":"Ficha de Registro de Actividades","DESCRIPCION":"Documento detallado en el que el estudiante registra las actividades espec\u00edficas realizadas durante sus pr\u00e1cticas, incluyendo fechas y descripciones.","ORDEN":"7","OBLIGATORIO":"1","ACTIVO":"1","FECHA_CREACION":"2025-09-04 06:59:17","FECHA_ACTUALIZACION":"2025-09-04 06:59:17"},{"ID_TIPO_DOCUMENTO_PREPROFESIONAL":"8","CODIGO":"PPR-008","NOMBRE":"R\u00fabrica de Evaluaci\u00f3n de Entidad","DESCRIPCION":"Formulario de evaluaci\u00f3n del desempe\u00f1o del estudiante, llenado y sellado por la entidad receptora. Valora aspectos como la responsabilidad, la proactividad y la calidad del trabajo.","ORDEN":"8","OBLIGATORIO":"1","ACTIVO":"1","FECHA_CREACION":"2025-09-04 06:59:17","FECHA_ACTUALIZACION":"2025-09-04 06:59:17"},{"ID_TIPO_DOCUMENTO_PREPROFESIONAL":"9","CODIGO":"PPR-009","NOMBRE":"Ficha de Control y Seguimiento Docente","DESCRIPCION":"Documento utilizado por el tutor docente para registrar el seguimiento acad\u00e9mico del estudiante durante las pr\u00e1cticas. Incluye visitas o revisiones peri\u00f3dicas.","ORDEN":"9","OBLIGATORIO":"1","ACTIVO":"1","FECHA_CREACION":"2025-09-04 06:59:17","FECHA_ACTUALIZACION":"2025-09-04 06:59:17"},{"ID_TIPO_DOCUMENTO_PREPROFESIONAL":"10","CODIGO":"PPR-010","NOMBRE":"R\u00fabrica de Evaluaci\u00f3n Docente","DESCRIPCION":"R\u00fabrica de evaluaci\u00f3n llenada y firmada por el tutor docente. Califica el desempe\u00f1o del estudiante en base a los criterios acad\u00e9micos del programa.","ORDEN":"10","OBLIGATORIO":"1","ACTIVO":"1","FECHA_CREACION":"2025-09-04 06:59:17","FECHA_ACTUALIZACION":"2025-09-04 06:59:17"},{"ID_TIPO_DOCUMENTO_PREPROFESIONAL":"11","CODIGO":"PPR-011","NOMBRE":"R\u00fabrica de Evaluaci\u00f3n de Resultados","DESCRIPCION":"Evaluaci\u00f3n final realizada por el Departamento de Vinculaci\u00f3n con la Sociedad, que valora los resultados y el impacto del proyecto de servicio comunitario en su conjunto.","ORDEN":"11","OBLIGATORIO":"1","ACTIVO":"1","FECHA_CREACION":"2025-09-04 06:59:17","FECHA_ACTUALIZACION":"2025-09-04 06:59:17"},{"ID_TIPO_DOCUMENTO_PREPROFESIONAL":"12","CODIGO":"PPR-012","NOMBRE":"Evidencia Fotogr\u00e1fica y Digital","DESCRIPCION":"Material de apoyo visual y digital, como fotos, capturas, videos o impresiones, que documenta y comprueba la realizaci\u00f3n de las actividades y trabajos del proyecto.","ORDEN":"12","OBLIGATORIO":"1","ACTIVO":"1","FECHA_CREACION":"2025-09-04 06:59:17","FECHA_ACTUALIZACION":"2025-09-04 06:59:17"}]
DEBUG - 2026-03-17 18:22:34 --> Session: Class initialized using 'CodeIgniter\Session\Handlers\FileHandler' driver.
DEBUG - 2026-03-17 18:22:35 --> Consulta SQL: SELECT *
FROM `TAB_DOCUMENTOS_PRACTICAS_PREPROFESIONALES` `dp`
DEBUG - 2026-03-17 18:22:35 --> Resultados obtenidos: 9
DEBUG - 2026-03-17 18:22:35 --> Documentos obtenidos: [{"ID_DOCUMENTO_PREPROFESIONAL":"17","ID_PRACTICA_PREPROFESIONAL":"2","ID_TIPO_DOCUMENTO":"9","ID_ESTADO_REVISION":"4","NOMBRE_ARCHIVO":"ficha_control_seguimiento_002_20250920.pdf","NOMBRE_ORIGINAL":"Ficha Control Seguimiento - Mar\u00eda.pdf","TIPO_ARCHIVO":"application\/pdf","TAMANO_ARCHIVO":"112233","RUTA_ARCHIVO":"\/uploads\/documentos-practicas\/","FECHA_SUBIDA":"2025-09-20 10:15:00","FECHA_REVISION":"2025-09-20 12:45:00","ID_REVISOR":"18","OBSERVACIONES":"Ficha de control y seguimiento docente","OBSERVACIONES_REVISOR":"Faltan las firmas del tutor docente, documento inv\u00e1lido","VERSION":"1","ACTIVO":"1","FECHA_CREACION":"2025-09-04 06:59:17","FECHA_ACTUALIZACION":"2025-09-04 06:59:17","ID_TIPO_DOCUMENTO_PREPROFESIONAL":"9","TIPO_DOCUMENTO_CODIGO":"PPR-009","TIPO_DOCUMENTO_NOMBRE":"Ficha de Control y Seguimiento Docente","TIPO_DOCUMENTO_DESCRIPCION":"Documento utilizado por el tutor docente para registrar el seguimiento acad\u00e9mico del estudiante durante las pr\u00e1cticas. Incluye visitas o revisiones peri\u00f3dicas.","TIPO_DOCUMENTO_ORDEN":"9","TIPO_DOCUMENTO_OBLIGATORIO":"1","ESTADO_REVISION":"Rechazado","ID_ESTUDIANTE":"2","ENTIDAD_RECEPTORA":"Banco del Pac\u00edfico","ESTUDIANTE_NOMBRE":"Mar\u00eda Elena Garc\u00eda Torres","NOMBRE_ESTUDIANTE":"Mar\u00eda Elena","APELLIDO_ESTUDIANTE":"Garc\u00eda Torres","CEDULA_ESTUDIANTE":"1002345678"},{"ID_DOCUMENTO_PREPROFESIONAL":"15","ID_PRACTICA_PREPROFESIONAL":"2","ID_TIPO_DOCUMENTO":"7","ID_ESTADO_REVISION":"5","NOMBRE_ARCHIVO":"ficha_registro_actividades_002_20250915.pdf","NOMBRE_ORIGINAL":"Ficha Registro Actividades - Mar\u00eda.pdf","TIPO_ARCHIVO":"application\/pdf","TAMANO_ARCHIVO":"98765","RUTA_ARCHIVO":"\/uploads\/documentos-practicas\/","FECHA_SUBIDA":"2025-09-15 11:30:00","FECHA_REVISION":"2025-09-15 14:20:00","ID_REVISOR":"18","OBSERVACIONES":"Ficha de registro de actividades","OBSERVACIONES_REVISOR":"Descripci\u00f3n de actividades muy general, especificar m\u00e1s detalles","VERSION":"1","ACTIVO":"1","FECHA_CREACION":"2025-09-04 06:59:17","FECHA_ACTUALIZACION":"2025-09-04 06:59:17","ID_TIPO_DOCUMENTO_PREPROFESIONAL":"7","TIPO_DOCUMENTO_CODIGO":"PPR-007","TIPO_DOCUMENTO_NOMBRE":"Ficha de Registro de Actividades","TIPO_DOCUMENTO_DESCRIPCION":"Documento detallado en el que el estudiante registra las actividades espec\u00edficas realizadas durante sus pr\u00e1cticas, incluyendo fechas y descripciones.","TIPO_DOCUMENTO_ORDEN":"7","TIPO_DOCUMENTO_OBLIGATORIO":"1","ESTADO_REVISION":"Requiere Correcci\u00f3n","ID_ESTUDIANTE":"2","ENTIDAD_RECEPTORA":"Banco del Pac\u00edfico","ESTUDIANTE_NOMBRE":"Mar\u00eda Elena Garc\u00eda Torres","NOMBRE_ESTUDIANTE":"Mar\u00eda Elena","APELLIDO_ESTUDIANTE":"Garc\u00eda Torres","CEDULA_ESTUDIANTE":"1002345678"},{"ID_DOCUMENTO_PREPROFESIONAL":"14","ID_PRACTICA_PREPROFESIONAL":"1","ID_TIPO_DOCUMENTO":"6","ID_ESTADO_REVISION":"5","NOMBRE_ARCHIVO":"hojas_asistencia_001_20250830.pdf","NOMBRE_ORIGINAL":"Hojas de Asistencia - Juan Carlos.pdf","TIPO_ARCHIVO":"application\/pdf","TAMANO_ARCHIVO":"123456","RUTA_ARCHIVO":"\/uploads\/documentos-practicas\/","FECHA_SUBIDA":"2025-08-30 16:15:00","FECHA_REVISION":"2025-08-30 17:45:00","ID_REVISOR":"17","OBSERVACIONES":"Hojas de asistencia completas","OBSERVACIONES_REVISOR":"Faltan firmas en algunas fechas, corregir y volver a subir","VERSION":"1","ACTIVO":"1","FECHA_CREACION":"2025-09-04 06:59:17","FECHA_ACTUALIZACION":"2025-09-04 06:59:17","ID_TIPO_DOCUMENTO_PREPROFESIONAL":"6","TIPO_DOCUMENTO_CODIGO":"PPR-006","TIPO_DOCUMENTO_NOMBRE":"Hojas de Asistencia","TIPO_DOCUMENTO_DESCRIPCION":"Registro f\u00edsico de la asistencia del estudiante en la entidad receptora. Incluye las firmas y sellos para validar las horas de trabajo.","TIPO_DOCUMENTO_ORDEN":"6","TIPO_DOCUMENTO_OBLIGATORIO":"1","ESTADO_REVISION":"Requiere Correcci\u00f3n","ID_ESTUDIANTE":"1","ENTIDAD_RECEPTORA":"Hospital San Vicente de Pa\u00fal","ESTUDIANTE_NOMBRE":"Juan Carlos P\u00e9rez L\u00f3pez","NOMBRE_ESTUDIANTE":"Juan Carlos","APELLIDO_ESTUDIANTE":"P\u00e9rez L\u00f3pez","CEDULA_ESTUDIANTE":"1001234567"},{"ID_DOCUMENTO_PREPROFESIONAL":"16","ID_PRACTICA_PREPROFESIONAL":"1","ID_TIPO_DOCUMENTO":"8","ID_ESTADO_REVISION":"4","NOMBRE_ARCHIVO":"rubrica_evaluacion_entidad_001_20250825.pdf","NOMBRE_ORIGINAL":"R\u00fabrica Evaluaci\u00f3n Entidad - Juan.pdf","TIPO_ARCHIVO":"application\/pdf","TAMANO_ARCHIVO":"87654","RUTA_ARCHIVO":"\/uploads\/documentos-practicas\/","FECHA_SUBIDA":"2025-08-25 15:00:00","FECHA_REVISION":"2025-08-25 16:30:00","ID_REVISOR":"17","OBSERVACIONES":"R\u00fabrica de evaluaci\u00f3n de entidad","OBSERVACIONES_REVISOR":"Documento no tiene sello oficial de la entidad, rechazado","VERSION":"1","ACTIVO":"1","FECHA_CREACION":"2025-09-04 06:59:17","FECHA_ACTUALIZACION":"2025-09-04 06:59:17","ID_TIPO_DOCUMENTO_PREPROFESIONAL":"8","TIPO_DOCUMENTO_CODIGO":"PPR-008","TIPO_DOCUMENTO_NOMBRE":"R\u00fabrica de Evaluaci\u00f3n de Entidad","TIPO_DOCUMENTO_DESCRIPCION":"Formulario de evaluaci\u00f3n del desempe\u00f1o del estudiante, llenado y sellado por la entidad receptora. Valora aspectos como la responsabilidad, la proactividad y la calidad del trabajo.","TIPO_DOCUMENTO_ORDEN":"8","TIPO_DOCUMENTO_OBLIGATORIO":"1","ESTADO_REVISION":"Rechazado","ID_ESTUDIANTE":"1","ENTIDAD_RECEPTORA":"Hospital San Vicente de Pa\u00fal","ESTUDIANTE_NOMBRE":"Juan Carlos P\u00e9rez L\u00f3pez","NOMBRE_ESTUDIANTE":"Juan Carlos","APELLIDO_ESTUDIANTE":"P\u00e9rez L\u00f3pez","CEDULA_ESTUDIANTE":"1001234567"},{"ID_DOCUMENTO_PREPROFESIONAL":"5","ID_PRACTICA_PREPROFESIONAL":"2","ID_TIPO_DOCUMENTO":"2","ID_ESTADO_REVISION":"3","NOMBRE_ARCHIVO":"oficio_entidad_receptora_002_20250702.pdf","NOMBRE_ORIGINAL":"Oficio Entidad Receptora - Banco.pdf","TIPO_ARCHIVO":"application\/pdf","TAMANO_ARCHIVO":"178944","RUTA_ARCHIVO":"\/uploads\/documentos-practicas\/","FECHA_SUBIDA":"2025-07-02 15:45:00","FECHA_REVISION":"2025-07-02 17:20:00","ID_REVISOR":"18","OBSERVACIONES":"Oficio enviado a la entidad receptora","OBSERVACIONES_REVISOR":"Oficio formal y bien estructurado","VERSION":"1","ACTIVO":"1","FECHA_CREACION":"2025-09-04 06:59:17","FECHA_ACTUALIZACION":"2025-09-04 06:59:17","ID_TIPO_DOCUMENTO_PREPROFESIONAL":"2","TIPO_DOCUMENTO_CODIGO":"PPR-002","TIPO_DOCUMENTO_NOMBRE":"Oficio a Entidad Receptora","TIPO_DOCUMENTO_DESCRIPCION":"Carta formal enviada por el estudiante a la instituci\u00f3n \"Instituto Tecnol\u00f3gico Superior Ibarra\", con el prop\u00f3sito de solicitar la oportunidad de realizar sus pr\u00e1cticas de servicio comunitario.","TIPO_DOCUMENTO_ORDEN":"2","TIPO_DOCUMENTO_OBLIGATORIO":"1","ESTADO_REVISION":"Aprobado","ID_ESTUDIANTE":"2","ENTIDAD_RECEPTORA":"Banco del Pac\u00edfico","ESTUDIANTE_NOMBRE":"Mar\u00eda Elena Garc\u00eda Torres","NOMBRE_ESTUDIANTE":"Mar\u00eda Elena","APELLIDO_ESTUDIANTE":"Garc\u00eda Torres","CEDULA_ESTUDIANTE":"1002345678"},{"ID_DOCUMENTO_PREPROFESIONAL":"4","ID_PRACTICA_PREPROFESIONAL":"2","ID_TIPO_DOCUMENTO":"1","ID_ESTADO_REVISION":"3","NOMBRE_ARCHIVO":"oficio_asignacion_tutor_002_20250701.pdf","NOMBRE_ORIGINAL":"Oficio Asignaci\u00f3n Tutor - Mar\u00eda Elena.pdf","TIPO_ARCHIVO":"application\/pdf","TAMANO_ARCHIVO":"234880","RUTA_ARCHIVO":"\/uploads\/documentos-practicas\/","FECHA_SUBIDA":"2025-07-01 11:00:00","FECHA_REVISION":"2025-07-01 13:15:00","ID_REVISOR":"18","OBSERVACIONES":"Documento oficial de asignaci\u00f3n","OBSERVACIONES_REVISOR":"Asignaci\u00f3n correcta del tutor","VERSION":"1","ACTIVO":"1","FECHA_CREACION":"2025-09-04 06:59:17","FECHA_ACTUALIZACION":"2025-09-04 06:59:17","ID_TIPO_DOCUMENTO_PREPROFESIONAL":"1","TIPO_DOCUMENTO_CODIGO":"PPR-001","TIPO_DOCUMENTO_NOMBRE":"Oficio de Asignaci\u00f3n de Tutor","TIPO_DOCUMENTO_DESCRIPCION":"Documento oficial emitido por la coordinaci\u00f3n de la carrera que designa al docente responsable de la tutor\u00eda y seguimiento de las pr\u00e1cticas de servicio comunitario del estudiante.","TIPO_DOCUMENTO_ORDEN":"1","TIPO_DOCUMENTO_OBLIGATORIO":"1","ESTADO_REVISION":"Aprobado","ID_ESTUDIANTE":"2","ENTIDAD_RECEPTORA":"Banco del Pac\u00edfico","ESTUDIANTE_NOMBRE":"Mar\u00eda Elena Garc\u00eda Torres","NOMBRE_ESTUDIANTE":"Mar\u00eda Elena","APELLIDO_ESTUDIANTE":"Garc\u00eda Torres","CEDULA_ESTUDIANTE":"1002345678"},{"ID_DOCUMENTO_PREPROFESIONAL":"3","ID_PRACTICA_PREPROFESIONAL":"1","ID_TIPO_DOCUMENTO":"3","ID_ESTADO_REVISION":"3","NOMBRE_ARCHIVO":"carta_aceptacion_001_20250603.pdf","NOMBRE_ORIGINAL":"Carta Aceptaci\u00f3n - Hospital.pdf","TIPO_ARCHIVO":"application\/pdf","TAMANO_ARCHIVO":"156672","RUTA_ARCHIVO":"\/uploads\/documentos-practicas\/","FECHA_SUBIDA":"2025-06-03 09:15:00","FECHA_REVISION":"2025-06-03 11:20:00","ID_REVISOR":"17","OBSERVACIONES":"Carta de aceptaci\u00f3n de la entidad","OBSERVACIONES_REVISOR":"Carta oficial con sello institucional","VERSION":"1","ACTIVO":"1","FECHA_CREACION":"2025-09-04 06:59:17","FECHA_ACTUALIZACION":"2025-09-04 06:59:17","ID_TIPO_DOCUMENTO_PREPROFESIONAL":"3","TIPO_DOCUMENTO_CODIGO":"PPR-003","TIPO_DOCUMENTO_NOMBRE":"Carta de Aceptaci\u00f3n","TIPO_DOCUMENTO_DESCRIPCION":"Carta oficial de la entidad receptora \"Instituto Tecnol\u00f3gico Superior Ibarra\" que confirma la aceptaci\u00f3n del o los estudiantes para realizar las pr\u00e1cticas de servicio comunitario en sus instalaciones.","TIPO_DOCUMENTO_ORDEN":"3","TIPO_DOCUMENTO_OBLIGATORIO":"1","ESTADO_REVISION":"Aprobado","ID_ESTUDIANTE":"1","ENTIDAD_RECEPTORA":"Hospital San Vicente de Pa\u00fal","ESTUDIANTE_NOMBRE":"Juan Carlos P\u00e9rez L\u00f3pez","NOMBRE_ESTUDIANTE":"Juan Carlos","APELLIDO_ESTUDIANTE":"P\u00e9rez L\u00f3pez","CEDULA_ESTUDIANTE":"1001234567"},{"ID_DOCUMENTO_PREPROFESIONAL":"2","ID_PRACTICA_PREPROFESIONAL":"1","ID_TIPO_DOCUMENTO":"2","ID_ESTADO_REVISION":"3","NOMBRE_ARCHIVO":"oficio_entidad_receptora_001_20250602.pdf","NOMBRE_ORIGINAL":"Oficio Entidad Receptora - Hospital.pdf","TIPO_ARCHIVO":"application\/pdf","TAMANO_ARCHIVO":"189440","RUTA_ARCHIVO":"\/uploads\/documentos-practicas\/","FECHA_SUBIDA":"2025-06-02 14:30:00","FECHA_REVISION":"2025-06-02 16:45:00","ID_REVISOR":"17","OBSERVACIONES":"Oficio enviado a la entidad receptora","OBSERVACIONES_REVISOR":"Oficio bien redactado y formal","VERSION":"1","ACTIVO":"1","FECHA_CREACION":"2025-09-04 06:59:17","FECHA_ACTUALIZACION":"2025-09-04 06:59:17","ID_TIPO_DOCUMENTO_PREPROFESIONAL":"2","TIPO_DOCUMENTO_CODIGO":"PPR-002","TIPO_DOCUMENTO_NOMBRE":"Oficio a Entidad Receptora","TIPO_DOCUMENTO_DESCRIPCION":"Carta formal enviada por el estudiante a la instituci\u00f3n \"Instituto Tecnol\u00f3gico Superior Ibarra\", con el prop\u00f3sito de solicitar la oportunidad de realizar sus pr\u00e1cticas de servicio comunitario.","TIPO_DOCUMENTO_ORDEN":"2","TIPO_DOCUMENTO_OBLIGATORIO":"1","ESTADO_REVISION":"Aprobado","ID_ESTUDIANTE":"1","ENTIDAD_RECEPTORA":"Hospital San Vicente de Pa\u00fal","ESTUDIANTE_NOMBRE":"Juan Carlos P\u00e9rez L\u00f3pez","NOMBRE_ESTUDIANTE":"Juan Carlos","APELLIDO_ESTUDIANTE":"P\u00e9rez L\u00f3pez","CEDULA_ESTUDIANTE":"1001234567"},{"ID_DOCUMENTO_PREPROFESIONAL":"1","ID_PRACTICA_PREPROFESIONAL":"1","ID_TIPO_DOCUMENTO":"1","ID_ESTADO_REVISION":"3","NOMBRE_ARCHIVO":"oficio_asignacion_tutor_001_20250601.pdf","NOMBRE_ORIGINAL":"Oficio Asignaci\u00f3n Tutor - Juan Carlos.pdf","TIPO_ARCHIVO":"application\/pdf","TAMANO_ARCHIVO":"245760","RUTA_ARCHIVO":"\/uploads\/documentos-practicas\/","FECHA_SUBIDA":"2025-06-01 10:00:00","FECHA_REVISION":"2025-06-01 14:30:00","ID_REVISOR":"17","OBSERVACIONES":"Documento oficial de asignaci\u00f3n","OBSERVACIONES_REVISOR":"Documento aprobado correctamente","VERSION":"1","ACTIVO":"1","FECHA_CREACION":"2025-09-04 06:59:17","FECHA_ACTUALIZACION":"2025-09-04 06:59:17","ID_TIPO_DOCUMENTO_PREPROFESIONAL":"1","TIPO_DOCUMENTO_CODIGO":"PPR-001","TIPO_DOCUMENTO_NOMBRE":"Oficio de Asignaci\u00f3n de Tutor","TIPO_DOCUMENTO_DESCRIPCION":"Documento oficial emitido por la coordinaci\u00f3n de la carrera que designa al docente responsable de la tutor\u00eda y seguimiento de las pr\u00e1cticas de servicio comunitario del estudiante.","TIPO_DOCUMENTO_ORDEN":"1","TIPO_DOCUMENTO_OBLIGATORIO":"1","ESTADO_REVISION":"Aprobado","ID_ESTUDIANTE":"1","ENTIDAD_RECEPTORA":"Hospital San Vicente de Pa\u00fal","ESTUDIANTE_NOMBRE":"Juan Carlos P\u00e9rez L\u00f3pez","NOMBRE_ESTUDIANTE":"Juan Carlos","APELLIDO_ESTUDIANTE":"P\u00e9rez L\u00f3pez","CEDULA_ESTUDIANTE":"1001234567"}]
DEBUG - 2026-03-17 18:22:35 --> Session: Class initialized using 'CodeIgniter\Session\Handlers\FileHandler' driver.
ERROR - 2026-03-17 18:22:35 --> mysqli_sql_exception: Unknown column 'dsc.ESTADO_REVISION' in 'field list' in C:\xampp\htdocs\ITSI\vendor\codeigniter4\framework\system\Database\MySQLi\Connection.php:327
Stack trace:
#0 C:\xampp\htdocs\ITSI\vendor\codeigniter4\framework\system\Database\MySQLi\Connection.php(327): mysqli->query('SELECT COUNT(*)...', 0)
#1 C:\xampp\htdocs\ITSI\vendor\codeigniter4\framework\system\Database\BaseConnection.php(738): CodeIgniter\Database\MySQLi\Connection->execute('SELECT COUNT(*)...')
#2 C:\xampp\htdocs\ITSI\vendor\codeigniter4\framework\system\Database\BaseConnection.php(652): CodeIgniter\Database\BaseConnection->simpleQuery('SELECT COUNT(*)...')
#3 C:\xampp\htdocs\ITSI\vendor\codeigniter4\framework\system\Database\BaseBuilder.php(1649): CodeIgniter\Database\BaseConnection->query('SELECT COUNT(*)...', Array, false)
#4 C:\xampp\htdocs\ITSI\app\Models\DocumentosServicioComunitarioModel.php(137): CodeIgniter\Database\BaseBuilder->get()
#5 C:\xampp\htdocs\ITSI\app\Controllers\admin\DocumentosAdminController.php(45): App\Models\DocumentosServicioComunitarioModel->getEstadisticasDocumentos()
#6 C:\xampp\htdocs\ITSI\vendor\codeigniter4\framework\system\CodeIgniter.php(933): App\Controllers\admin\DocumentosAdminController->documentosServicioComunitario()
#7 C:\xampp\htdocs\ITSI\vendor\codeigniter4\framework\system\CodeIgniter.php(507): CodeIgniter\CodeIgniter->runController(Object(App\Controllers\admin\DocumentosAdminController))
#8 C:\xampp\htdocs\ITSI\vendor\codeigniter4\framework\system\CodeIgniter.php(354): CodeIgniter\CodeIgniter->handleRequest(NULL, Object(Config\Cache), false)
#9 C:\xampp\htdocs\ITSI\vendor\codeigniter4\framework\system\Boot.php(334): CodeIgniter\CodeIgniter->run()
#10 C:\xampp\htdocs\ITSI\vendor\codeigniter4\framework\system\Boot.php(67): CodeIgniter\Boot::runCodeIgniter(Object(CodeIgniter\CodeIgniter))
#11 C:\xampp\htdocs\ITSI\public\index.php(59): CodeIgniter\Boot::bootWeb(Object(Config\Paths))
#12 {main}
DEBUG - 2026-03-17 18:22:39 --> Session: Class initialized using 'CodeIgniter\Session\Handlers\FileHandler' driver.
DEBUG - 2026-03-17 18:22:43 --> Session: Class initialized using 'CodeIgniter\Session\Handlers\FileHandler' driver.
DEBUG - 2026-03-17 18:22:49 --> Session: Class initialized using 'CodeIgniter\Session\Handlers\FileHandler' driver.
DEBUG - 2026-03-17 18:22:52 --> Session: Class initialized using 'CodeIgniter\Session\Handlers\FileHandler' driver.
ERROR - 2026-03-17 18:22:52 --> mysqli_sql_exception: Unknown column 'dsc.ESTADO_REVISION' in 'field list' in C:\xampp\htdocs\ITSI\vendor\codeigniter4\framework\system\Database\MySQLi\Connection.php:327
Stack trace:
#0 C:\xampp\htdocs\ITSI\vendor\codeigniter4\framework\system\Database\MySQLi\Connection.php(327): mysqli->query('SELECT COUNT(*)...', 0)
#1 C:\xampp\htdocs\ITSI\vendor\codeigniter4\framework\system\Database\BaseConnection.php(738): CodeIgniter\Database\MySQLi\Connection->execute('SELECT COUNT(*)...')
#2 C:\xampp\htdocs\ITSI\vendor\codeigniter4\framework\system\Database\BaseConnection.php(652): CodeIgniter\Database\BaseConnection->simpleQuery('SELECT COUNT(*)...')
#3 C:\xampp\htdocs\ITSI\vendor\codeigniter4\framework\system\Database\BaseBuilder.php(1649): CodeIgniter\Database\BaseConnection->query('SELECT COUNT(*)...', Array, false)
#4 C:\xampp\htdocs\ITSI\app\Models\DocumentosServicioComunitarioModel.php(137): CodeIgniter\Database\BaseBuilder->get()
#5 C:\xampp\htdocs\ITSI\app\Controllers\admin\DocumentosAdminController.php(45): App\Models\DocumentosServicioComunitarioModel->getEstadisticasDocumentos()
#6 C:\xampp\htdocs\ITSI\vendor\codeigniter4\framework\system\CodeIgniter.php(933): App\Controllers\admin\DocumentosAdminController->documentosServicioComunitario()
#7 C:\xampp\htdocs\ITSI\vendor\codeigniter4\framework\system\CodeIgniter.php(507): CodeIgniter\CodeIgniter->runController(Object(App\Controllers\admin\DocumentosAdminController))
#8 C:\xampp\htdocs\ITSI\vendor\codeigniter4\framework\system\CodeIgniter.php(354): CodeIgniter\CodeIgniter->handleRequest(NULL, Object(Config\Cache), false)
#9 C:\xampp\htdocs\ITSI\vendor\codeigniter4\framework\system\Boot.php(334): CodeIgniter\CodeIgniter->run()
#10 C:\xampp\htdocs\ITSI\vendor\codeigniter4\framework\system\Boot.php(67): CodeIgniter\Boot::runCodeIgniter(Object(CodeIgniter\CodeIgniter))
#11 C:\xampp\htdocs\ITSI\public\index.php(59): CodeIgniter\Boot::bootWeb(Object(Config\Paths))
#12 {main}
DEBUG - 2026-03-17 18:22:54 --> Consulta SQL: SELECT *
FROM `TAB_DOCUMENTOS_PRACTICAS_PREPROFESIONALES` `dp`
DEBUG - 2026-03-17 18:22:54 --> Resultados obtenidos: 9
DEBUG - 2026-03-17 18:22:54 --> Tipos de documentos en index: [{"ID_TIPO_DOCUMENTO_PREPROFESIONAL":"1","CODIGO":"PPR-001","NOMBRE":"Oficio de Asignaci\u00f3n de Tutor","DESCRIPCION":"Documento oficial emitido por la coordinaci\u00f3n de la carrera que designa al docente responsable de la tutor\u00eda y seguimiento de las pr\u00e1cticas de servicio comunitario del estudiante.","ORDEN":"1","OBLIGATORIO":"1","ACTIVO":"1","FECHA_CREACION":"2025-09-04 06:59:17","FECHA_ACTUALIZACION":"2025-09-04 06:59:17"},{"ID_TIPO_DOCUMENTO_PREPROFESIONAL":"2","CODIGO":"PPR-002","NOMBRE":"Oficio a Entidad Receptora","DESCRIPCION":"Carta formal enviada por el estudiante a la instituci\u00f3n \"Instituto Tecnol\u00f3gico Superior Ibarra\", con el prop\u00f3sito de solicitar la oportunidad de realizar sus pr\u00e1cticas de servicio comunitario.","ORDEN":"2","OBLIGATORIO":"1","ACTIVO":"1","FECHA_CREACION":"2025-09-04 06:59:17","FECHA_ACTUALIZACION":"2025-09-04 06:59:17"},{"ID_TIPO_DOCUMENTO_PREPROFESIONAL":"3","CODIGO":"PPR-003","NOMBRE":"Carta de Aceptaci\u00f3n","DESCRIPCION":"Carta oficial de la entidad receptora \"Instituto Tecnol\u00f3gico Superior Ibarra\" que confirma la aceptaci\u00f3n del o los estudiantes para realizar las pr\u00e1cticas de servicio comunitario en sus instalaciones.","ORDEN":"3","OBLIGATORIO":"1","ACTIVO":"1","FECHA_CREACION":"2025-09-04 06:59:17","FECHA_ACTUALIZACION":"2025-09-04 06:59:17"},{"ID_TIPO_DOCUMENTO_PREPROFESIONAL":"4","CODIGO":"PPR-004","NOMBRE":"Solicitud Institucional Valorada","DESCRIPCION":"Documento de solicitud formal dirigido al Sr. Rector, Dr. Mario Montenegro, pidiendo la aprobaci\u00f3n institucional para la realizaci\u00f3n de las pr\u00e1cticas de servicio comunitario.","ORDEN":"4","OBLIGATORIO":"1","ACTIVO":"1","FECHA_CREACION":"2025-09-04 06:59:17","FECHA_ACTUALIZACION":"2025-09-04 06:59:17"},{"ID_TIPO_DOCUMENTO_PREPROFESIONAL":"5","CODIGO":"PPR-005","NOMBRE":"Certificado de Culminaci\u00f3n de Horas","DESCRIPCION":"Certificado emitido por la entidad receptora \"Instituto Tecnol\u00f3gico Superior Ibarra\" que acredita que el estudiante ha completado las 60 horas requeridas de pr\u00e1cticas de servicio comunitario.","ORDEN":"5","OBLIGATORIO":"1","ACTIVO":"1","FECHA_CREACION":"2025-09-04 06:59:17","FECHA_ACTUALIZACION":"2025-09-04 06:59:17"},{"ID_TIPO_DOCUMENTO_PREPROFESIONAL":"6","CODIGO":"PPR-006","NOMBRE":"Hojas de Asistencia","DESCRIPCION":"Registro f\u00edsico de la asistencia del estudiante en la entidad receptora. Incluye las firmas y sellos para validar las horas de trabajo.","ORDEN":"6","OBLIGATORIO":"1","ACTIVO":"1","FECHA_CREACION":"2025-09-04 06:59:17","FECHA_ACTUALIZACION":"2025-09-04 06:59:17"},{"ID_TIPO_DOCUMENTO_PREPROFESIONAL":"7","CODIGO":"PPR-007","NOMBRE":"Ficha de Registro de Actividades","DESCRIPCION":"Documento detallado en el que el estudiante registra las actividades espec\u00edficas realizadas durante sus pr\u00e1cticas, incluyendo fechas y descripciones.","ORDEN":"7","OBLIGATORIO":"1","ACTIVO":"1","FECHA_CREACION":"2025-09-04 06:59:17","FECHA_ACTUALIZACION":"2025-09-04 06:59:17"},{"ID_TIPO_DOCUMENTO_PREPROFESIONAL":"8","CODIGO":"PPR-008","NOMBRE":"R\u00fabrica de Evaluaci\u00f3n de Entidad","DESCRIPCION":"Formulario de evaluaci\u00f3n del desempe\u00f1o del estudiante, llenado y sellado por la entidad receptora. Valora aspectos como la responsabilidad, la proactividad y la calidad del trabajo.","ORDEN":"8","OBLIGATORIO":"1","ACTIVO":"1","FECHA_CREACION":"2025-09-04 06:59:17","FECHA_ACTUALIZACION":"2025-09-04 06:59:17"},{"ID_TIPO_DOCUMENTO_PREPROFESIONAL":"9","CODIGO":"PPR-009","NOMBRE":"Ficha de Control y Seguimiento Docente","DESCRIPCION":"Documento utilizado por el tutor docente para registrar el seguimiento acad\u00e9mico del estudiante durante las pr\u00e1cticas. Incluye visitas o revisiones peri\u00f3dicas.","ORDEN":"9","OBLIGATORIO":"1","ACTIVO":"1","FECHA_CREACION":"2025-09-04 06:59:17","FECHA_ACTUALIZACION":"2025-09-04 06:59:17"},{"ID_TIPO_DOCUMENTO_PREPROFESIONAL":"10","CODIGO":"PPR-010","NOMBRE":"R\u00fabrica de Evaluaci\u00f3n Docente","DESCRIPCION":"R\u00fabrica de evaluaci\u00f3n llenada y firmada por el tutor docente. Califica el desempe\u00f1o del estudiante en base a los criterios acad\u00e9micos del programa.","ORDEN":"10","OBLIGATORIO":"1","ACTIVO":"1","FECHA_CREACION":"2025-09-04 06:59:17","FECHA_ACTUALIZACION":"2025-09-04 06:59:17"},{"ID_TIPO_DOCUMENTO_PREPROFESIONAL":"11","CODIGO":"PPR-011","NOMBRE":"R\u00fabrica de Evaluaci\u00f3n de Resultados","DESCRIPCION":"Evaluaci\u00f3n final realizada por el Departamento de Vinculaci\u00f3n con la Sociedad, que valora los resultados y el impacto del proyecto de servicio comunitario en su conjunto.","ORDEN":"11","OBLIGATORIO":"1","ACTIVO":"1","FECHA_CREACION":"2025-09-04 06:59:17","FECHA_ACTUALIZACION":"2025-09-04 06:59:17"},{"ID_TIPO_DOCUMENTO_PREPROFESIONAL":"12","CODIGO":"PPR-012","NOMBRE":"Evidencia Fotogr\u00e1fica y Digital","DESCRIPCION":"Material de apoyo visual y digital, como fotos, capturas, videos o impresiones, que documenta y comprueba la realizaci\u00f3n de las actividades y trabajos del proyecto.","ORDEN":"12","OBLIGATORIO":"1","ACTIVO":"1","FECHA_CREACION":"2025-09-04 06:59:17","FECHA_ACTUALIZACION":"2025-09-04 06:59:17"}]
DEBUG - 2026-03-17 18:22:54 --> Session: Class initialized using 'CodeIgniter\Session\Handlers\FileHandler' driver.
DEBUG - 2026-03-17 18:22:55 --> Consulta SQL: SELECT *
FROM `TAB_DOCUMENTOS_PRACTICAS_PREPROFESIONALES` `dp`
DEBUG - 2026-03-17 18:22:55 --> Resultados obtenidos: 9
DEBUG - 2026-03-17 18:22:55 --> Documentos obtenidos: [{"ID_DOCUMENTO_PREPROFESIONAL":"17","ID_PRACTICA_PREPROFESIONAL":"2","ID_TIPO_DOCUMENTO":"9","ID_ESTADO_REVISION":"4","NOMBRE_ARCHIVO":"ficha_control_seguimiento_002_20250920.pdf","NOMBRE_ORIGINAL":"Ficha Control Seguimiento - Mar\u00eda.pdf","TIPO_ARCHIVO":"application\/pdf","TAMANO_ARCHIVO":"112233","RUTA_ARCHIVO":"\/uploads\/documentos-practicas\/","FECHA_SUBIDA":"2025-09-20 10:15:00","FECHA_REVISION":"2025-09-20 12:45:00","ID_REVISOR":"18","OBSERVACIONES":"Ficha de control y seguimiento docente","OBSERVACIONES_REVISOR":"Faltan las firmas del tutor docente, documento inv\u00e1lido","VERSION":"1","ACTIVO":"1","FECHA_CREACION":"2025-09-04 06:59:17","FECHA_ACTUALIZACION":"2025-09-04 06:59:17","ID_TIPO_DOCUMENTO_PREPROFESIONAL":"9","TIPO_DOCUMENTO_CODIGO":"PPR-009","TIPO_DOCUMENTO_NOMBRE":"Ficha de Control y Seguimiento Docente","TIPO_DOCUMENTO_DESCRIPCION":"Documento utilizado por el tutor docente para registrar el seguimiento acad\u00e9mico del estudiante durante las pr\u00e1cticas. Incluye visitas o revisiones peri\u00f3dicas.","TIPO_DOCUMENTO_ORDEN":"9","TIPO_DOCUMENTO_OBLIGATORIO":"1","ESTADO_REVISION":"Rechazado","ID_ESTUDIANTE":"2","ENTIDAD_RECEPTORA":"Banco del Pac\u00edfico","ESTUDIANTE_NOMBRE":"Mar\u00eda Elena Garc\u00eda Torres","NOMBRE_ESTUDIANTE":"Mar\u00eda Elena","APELLIDO_ESTUDIANTE":"Garc\u00eda Torres","CEDULA_ESTUDIANTE":"1002345678"},{"ID_DOCUMENTO_PREPROFESIONAL":"15","ID_PRACTICA_PREPROFESIONAL":"2","ID_TIPO_DOCUMENTO":"7","ID_ESTADO_REVISION":"5","NOMBRE_ARCHIVO":"ficha_registro_actividades_002_20250915.pdf","NOMBRE_ORIGINAL":"Ficha Registro Actividades - Mar\u00eda.pdf","TIPO_ARCHIVO":"application\/pdf","TAMANO_ARCHIVO":"98765","RUTA_ARCHIVO":"\/uploads\/documentos-practicas\/","FECHA_SUBIDA":"2025-09-15 11:30:00","FECHA_REVISION":"2025-09-15 14:20:00","ID_REVISOR":"18","OBSERVACIONES":"Ficha de registro de actividades","OBSERVACIONES_REVISOR":"Descripci\u00f3n de actividades muy general, especificar m\u00e1s detalles","VERSION":"1","ACTIVO":"1","FECHA_CREACION":"2025-09-04 06:59:17","FECHA_ACTUALIZACION":"2025-09-04 06:59:17","ID_TIPO_DOCUMENTO_PREPROFESIONAL":"7","TIPO_DOCUMENTO_CODIGO":"PPR-007","TIPO_DOCUMENTO_NOMBRE":"Ficha de Registro de Actividades","TIPO_DOCUMENTO_DESCRIPCION":"Documento detallado en el que el estudiante registra las actividades espec\u00edficas realizadas durante sus pr\u00e1cticas, incluyendo fechas y descripciones.","TIPO_DOCUMENTO_ORDEN":"7","TIPO_DOCUMENTO_OBLIGATORIO":"1","ESTADO_REVISION":"Requiere Correcci\u00f3n","ID_ESTUDIANTE":"2","ENTIDAD_RECEPTORA":"Banco del Pac\u00edfico","ESTUDIANTE_NOMBRE":"Mar\u00eda Elena Garc\u00eda Torres","NOMBRE_ESTUDIANTE":"Mar\u00eda Elena","APELLIDO_ESTUDIANTE":"Garc\u00eda Torres","CEDULA_ESTUDIANTE":"1002345678"},{"ID_DOCUMENTO_PREPROFESIONAL":"14","ID_PRACTICA_PREPROFESIONAL":"1","ID_TIPO_DOCUMENTO":"6","ID_ESTADO_REVISION":"5","NOMBRE_ARCHIVO":"hojas_asistencia_001_20250830.pdf","NOMBRE_ORIGINAL":"Hojas de Asistencia - Juan Carlos.pdf","TIPO_ARCHIVO":"application\/pdf","TAMANO_ARCHIVO":"123456","RUTA_ARCHIVO":"\/uploads\/documentos-practicas\/","FECHA_SUBIDA":"2025-08-30 16:15:00","FECHA_REVISION":"2025-08-30 17:45:00","ID_REVISOR":"17","OBSERVACIONES":"Hojas de asistencia completas","OBSERVACIONES_REVISOR":"Faltan firmas en algunas fechas, corregir y volver a subir","VERSION":"1","ACTIVO":"1","FECHA_CREACION":"2025-09-04 06:59:17","FECHA_ACTUALIZACION":"2025-09-04 06:59:17","ID_TIPO_DOCUMENTO_PREPROFESIONAL":"6","TIPO_DOCUMENTO_CODIGO":"PPR-006","TIPO_DOCUMENTO_NOMBRE":"Hojas de Asistencia","TIPO_DOCUMENTO_DESCRIPCION":"Registro f\u00edsico de la asistencia del estudiante en la entidad receptora. Incluye las firmas y sellos para validar las horas de trabajo.","TIPO_DOCUMENTO_ORDEN":"6","TIPO_DOCUMENTO_OBLIGATORIO":"1","ESTADO_REVISION":"Requiere Correcci\u00f3n","ID_ESTUDIANTE":"1","ENTIDAD_RECEPTORA":"Hospital San Vicente de Pa\u00fal","ESTUDIANTE_NOMBRE":"Juan Carlos P\u00e9rez L\u00f3pez","NOMBRE_ESTUDIANTE":"Juan Carlos","APELLIDO_ESTUDIANTE":"P\u00e9rez L\u00f3pez","CEDULA_ESTUDIANTE":"1001234567"},{"ID_DOCUMENTO_PREPROFESIONAL":"16","ID_PRACTICA_PREPROFESIONAL":"1","ID_TIPO_DOCUMENTO":"8","ID_ESTADO_REVISION":"4","NOMBRE_ARCHIVO":"rubrica_evaluacion_entidad_001_20250825.pdf","NOMBRE_ORIGINAL":"R\u00fabrica Evaluaci\u00f3n Entidad - Juan.pdf","TIPO_ARCHIVO":"application\/pdf","TAMANO_ARCHIVO":"87654","RUTA_ARCHIVO":"\/uploads\/documentos-practicas\/","FECHA_SUBIDA":"2025-08-25 15:00:00","FECHA_REVISION":"2025-08-25 16:30:00","ID_REVISOR":"17","OBSERVACIONES":"R\u00fabrica de evaluaci\u00f3n de entidad","OBSERVACIONES_REVISOR":"Documento no tiene sello oficial de la entidad, rechazado","VERSION":"1","ACTIVO":"1","FECHA_CREACION":"2025-09-04 06:59:17","FECHA_ACTUALIZACION":"2025-09-04 06:59:17","ID_TIPO_DOCUMENTO_PREPROFESIONAL":"8","TIPO_DOCUMENTO_CODIGO":"PPR-008","TIPO_DOCUMENTO_NOMBRE":"R\u00fabrica de Evaluaci\u00f3n de Entidad","TIPO_DOCUMENTO_DESCRIPCION":"Formulario de evaluaci\u00f3n del desempe\u00f1o del estudiante, llenado y sellado por la entidad receptora. Valora aspectos como la responsabilidad, la proactividad y la calidad del trabajo.","TIPO_DOCUMENTO_ORDEN":"8","TIPO_DOCUMENTO_OBLIGATORIO":"1","ESTADO_REVISION":"Rechazado","ID_ESTUDIANTE":"1","ENTIDAD_RECEPTORA":"Hospital San Vicente de Pa\u00fal","ESTUDIANTE_NOMBRE":"Juan Carlos P\u00e9rez L\u00f3pez","NOMBRE_ESTUDIANTE":"Juan Carlos","APELLIDO_ESTUDIANTE":"P\u00e9rez L\u00f3pez","CEDULA_ESTUDIANTE":"1001234567"},{"ID_DOCUMENTO_PREPROFESIONAL":"5","ID_PRACTICA_PREPROFESIONAL":"2","ID_TIPO_DOCUMENTO":"2","ID_ESTADO_REVISION":"3","NOMBRE_ARCHIVO":"oficio_entidad_receptora_002_20250702.pdf","NOMBRE_ORIGINAL":"Oficio Entidad Receptora - Banco.pdf","TIPO_ARCHIVO":"application\/pdf","TAMANO_ARCHIVO":"178944","RUTA_ARCHIVO":"\/uploads\/documentos-practicas\/","FECHA_SUBIDA":"2025-07-02 15:45:00","FECHA_REVISION":"2025-07-02 17:20:00","ID_REVISOR":"18","OBSERVACIONES":"Oficio enviado a la entidad receptora","OBSERVACIONES_REVISOR":"Oficio formal y bien estructurado","VERSION":"1","ACTIVO":"1","FECHA_CREACION":"2025-09-04 06:59:17","FECHA_ACTUALIZACION":"2025-09-04 06:59:17","ID_TIPO_DOCUMENTO_PREPROFESIONAL":"2","TIPO_DOCUMENTO_CODIGO":"PPR-002","TIPO_DOCUMENTO_NOMBRE":"Oficio a Entidad Receptora","TIPO_DOCUMENTO_DESCRIPCION":"Carta formal enviada por el estudiante a la instituci\u00f3n \"Instituto Tecnol\u00f3gico Superior Ibarra\", con el prop\u00f3sito de solicitar la oportunidad de realizar sus pr\u00e1cticas de servicio comunitario.","TIPO_DOCUMENTO_ORDEN":"2","TIPO_DOCUMENTO_OBLIGATORIO":"1","ESTADO_REVISION":"Aprobado","ID_ESTUDIANTE":"2","ENTIDAD_RECEPTORA":"Banco del Pac\u00edfico","ESTUDIANTE_NOMBRE":"Mar\u00eda Elena Garc\u00eda Torres","NOMBRE_ESTUDIANTE":"Mar\u00eda Elena","APELLIDO_ESTUDIANTE":"Garc\u00eda Torres","CEDULA_ESTUDIANTE":"1002345678"},{"ID_DOCUMENTO_PREPROFESIONAL":"4","ID_PRACTICA_PREPROFESIONAL":"2","ID_TIPO_DOCUMENTO":"1","ID_ESTADO_REVISION":"3","NOMBRE_ARCHIVO":"oficio_asignacion_tutor_002_20250701.pdf","NOMBRE_ORIGINAL":"Oficio Asignaci\u00f3n Tutor - Mar\u00eda Elena.pdf","TIPO_ARCHIVO":"application\/pdf","TAMANO_ARCHIVO":"234880","RUTA_ARCHIVO":"\/uploads\/documentos-practicas\/","FECHA_SUBIDA":"2025-07-01 11:00:00","FECHA_REVISION":"2025-07-01 13:15:00","ID_REVISOR":"18","OBSERVACIONES":"Documento oficial de asignaci\u00f3n","OBSERVACIONES_REVISOR":"Asignaci\u00f3n correcta del tutor","VERSION":"1","ACTIVO":"1","FECHA_CREACION":"2025-09-04 06:59:17","FECHA_ACTUALIZACION":"2025-09-04 06:59:17","ID_TIPO_DOCUMENTO_PREPROFESIONAL":"1","TIPO_DOCUMENTO_CODIGO":"PPR-001","TIPO_DOCUMENTO_NOMBRE":"Oficio de Asignaci\u00f3n de Tutor","TIPO_DOCUMENTO_DESCRIPCION":"Documento oficial emitido por la coordinaci\u00f3n de la carrera que designa al docente responsable de la tutor\u00eda y seguimiento de las pr\u00e1cticas de servicio comunitario del estudiante.","TIPO_DOCUMENTO_ORDEN":"1","TIPO_DOCUMENTO_OBLIGATORIO":"1","ESTADO_REVISION":"Aprobado","ID_ESTUDIANTE":"2","ENTIDAD_RECEPTORA":"Banco del Pac\u00edfico","ESTUDIANTE_NOMBRE":"Mar\u00eda Elena Garc\u00eda Torres","NOMBRE_ESTUDIANTE":"Mar\u00eda Elena","APELLIDO_ESTUDIANTE":"Garc\u00eda Torres","CEDULA_ESTUDIANTE":"1002345678"},{"ID_DOCUMENTO_PREPROFESIONAL":"3","ID_PRACTICA_PREPROFESIONAL":"1","ID_TIPO_DOCUMENTO":"3","ID_ESTADO_REVISION":"3","NOMBRE_ARCHIVO":"carta_aceptacion_001_20250603.pdf","NOMBRE_ORIGINAL":"Carta Aceptaci\u00f3n - Hospital.pdf","TIPO_ARCHIVO":"application\/pdf","TAMANO_ARCHIVO":"156672","RUTA_ARCHIVO":"\/uploads\/documentos-practicas\/","FECHA_SUBIDA":"2025-06-03 09:15:00","FECHA_REVISION":"2025-06-03 11:20:00","ID_REVISOR":"17","OBSERVACIONES":"Carta de aceptaci\u00f3n de la entidad","OBSERVACIONES_REVISOR":"Carta oficial con sello institucional","VERSION":"1","ACTIVO":"1","FECHA_CREACION":"2025-09-04 06:59:17","FECHA_ACTUALIZACION":"2025-09-04 06:59:17","ID_TIPO_DOCUMENTO_PREPROFESIONAL":"3","TIPO_DOCUMENTO_CODIGO":"PPR-003","TIPO_DOCUMENTO_NOMBRE":"Carta de Aceptaci\u00f3n","TIPO_DOCUMENTO_DESCRIPCION":"Carta oficial de la entidad receptora \"Instituto Tecnol\u00f3gico Superior Ibarra\" que confirma la aceptaci\u00f3n del o los estudiantes para realizar las pr\u00e1cticas de servicio comunitario en sus instalaciones.","TIPO_DOCUMENTO_ORDEN":"3","TIPO_DOCUMENTO_OBLIGATORIO":"1","ESTADO_REVISION":"Aprobado","ID_ESTUDIANTE":"1","ENTIDAD_RECEPTORA":"Hospital San Vicente de Pa\u00fal","ESTUDIANTE_NOMBRE":"Juan Carlos P\u00e9rez L\u00f3pez","NOMBRE_ESTUDIANTE":"Juan Carlos","APELLIDO_ESTUDIANTE":"P\u00e9rez L\u00f3pez","CEDULA_ESTUDIANTE":"1001234567"},{"ID_DOCUMENTO_PREPROFESIONAL":"2","ID_PRACTICA_PREPROFESIONAL":"1","ID_TIPO_DOCUMENTO":"2","ID_ESTADO_REVISION":"3","NOMBRE_ARCHIVO":"oficio_entidad_receptora_001_20250602.pdf","NOMBRE_ORIGINAL":"Oficio Entidad Receptora - Hospital.pdf","TIPO_ARCHIVO":"application\/pdf","TAMANO_ARCHIVO":"189440","RUTA_ARCHIVO":"\/uploads\/documentos-practicas\/","FECHA_SUBIDA":"2025-06-02 14:30:00","FECHA_REVISION":"2025-06-02 16:45:00","ID_REVISOR":"17","OBSERVACIONES":"Oficio enviado a la entidad receptora","OBSERVACIONES_REVISOR":"Oficio bien redactado y formal","VERSION":"1","ACTIVO":"1","FECHA_CREACION":"2025-09-04 06:59:17","FECHA_ACTUALIZACION":"2025-09-04 06:59:17","ID_TIPO_DOCUMENTO_PREPROFESIONAL":"2","TIPO_DOCUMENTO_CODIGO":"PPR-002","TIPO_DOCUMENTO_NOMBRE":"Oficio a Entidad Receptora","TIPO_DOCUMENTO_DESCRIPCION":"Carta formal enviada por el estudiante a la instituci\u00f3n \"Instituto Tecnol\u00f3gico Superior Ibarra\", con el prop\u00f3sito de solicitar la oportunidad de realizar sus pr\u00e1cticas de servicio comunitario.","TIPO_DOCUMENTO_ORDEN":"2","TIPO_DOCUMENTO_OBLIGATORIO":"1","ESTADO_REVISION":"Aprobado","ID_ESTUDIANTE":"1","ENTIDAD_RECEPTORA":"Hospital San Vicente de Pa\u00fal","ESTUDIANTE_NOMBRE":"Juan Carlos P\u00e9rez L\u00f3pez","NOMBRE_ESTUDIANTE":"Juan Carlos","APELLIDO_ESTUDIANTE":"P\u00e9rez L\u00f3pez","CEDULA_ESTUDIANTE":"1001234567"},{"ID_DOCUMENTO_PREPROFESIONAL":"1","ID_PRACTICA_PREPROFESIONAL":"1","ID_TIPO_DOCUMENTO":"1","ID_ESTADO_REVISION":"3","NOMBRE_ARCHIVO":"oficio_asignacion_tutor_001_20250601.pdf","NOMBRE_ORIGINAL":"Oficio Asignaci\u00f3n Tutor - Juan Carlos.pdf","TIPO_ARCHIVO":"application\/pdf","TAMANO_ARCHIVO":"245760","RUTA_ARCHIVO":"\/uploads\/documentos-practicas\/","FECHA_SUBIDA":"2025-06-01 10:00:00","FECHA_REVISION":"2025-06-01 14:30:00","ID_REVISOR":"17","OBSERVACIONES":"Documento oficial de asignaci\u00f3n","OBSERVACIONES_REVISOR":"Documento aprobado correctamente","VERSION":"1","ACTIVO":"1","FECHA_CREACION":"2025-09-04 06:59:17","FECHA_ACTUALIZACION":"2025-09-04 06:59:17","ID_TIPO_DOCUMENTO_PREPROFESIONAL":"1","TIPO_DOCUMENTO_CODIGO":"PPR-001","TIPO_DOCUMENTO_NOMBRE":"Oficio de Asignaci\u00f3n de Tutor","TIPO_DOCUMENTO_DESCRIPCION":"Documento oficial emitido por la coordinaci\u00f3n de la carrera que designa al docente responsable de la tutor\u00eda y seguimiento de las pr\u00e1cticas de servicio comunitario del estudiante.","TIPO_DOCUMENTO_ORDEN":"1","TIPO_DOCUMENTO_OBLIGATORIO":"1","ESTADO_REVISION":"Aprobado","ID_ESTUDIANTE":"1","ENTIDAD_RECEPTORA":"Hospital San Vicente de Pa\u00fal","ESTUDIANTE_NOMBRE":"Juan Carlos P\u00e9rez L\u00f3pez","NOMBRE_ESTUDIANTE":"Juan Carlos","APELLIDO_ESTUDIANTE":"P\u00e9rez L\u00f3pez","CEDULA_ESTUDIANTE":"1001234567"}]
DEBUG - 2026-03-17 18:22:56 --> Session: Class initialized using 'CodeIgniter\Session\Handlers\FileHandler' driver.
ERROR - 2026-03-17 18:22:56 --> mysqli_sql_exception: Unknown column 'dsc.ESTADO_REVISION' in 'field list' in C:\xampp\htdocs\ITSI\vendor\codeigniter4\framework\system\Database\MySQLi\Connection.php:327
Stack trace:
#0 C:\xampp\htdocs\ITSI\vendor\codeigniter4\framework\system\Database\MySQLi\Connection.php(327): mysqli->query('SELECT COUNT(*)...', 0)
#1 C:\xampp\htdocs\ITSI\vendor\codeigniter4\framework\system\Database\BaseConnection.php(738): CodeIgniter\Database\MySQLi\Connection->execute('SELECT COUNT(*)...')
#2 C:\xampp\htdocs\ITSI\vendor\codeigniter4\framework\system\Database\BaseConnection.php(652): CodeIgniter\Database\BaseConnection->simpleQuery('SELECT COUNT(*)...')
#3 C:\xampp\htdocs\ITSI\vendor\codeigniter4\framework\system\Database\BaseBuilder.php(1649): CodeIgniter\Database\BaseConnection->query('SELECT COUNT(*)...', Array, false)
#4 C:\xampp\htdocs\ITSI\app\Models\DocumentosServicioComunitarioModel.php(137): CodeIgniter\Database\BaseBuilder->get()
#5 C:\xampp\htdocs\ITSI\app\Controllers\admin\DocumentosAdminController.php(45): App\Models\DocumentosServicioComunitarioModel->getEstadisticasDocumentos()
#6 C:\xampp\htdocs\ITSI\vendor\codeigniter4\framework\system\CodeIgniter.php(933): App\Controllers\admin\DocumentosAdminController->documentosServicioComunitario()
#7 C:\xampp\htdocs\ITSI\vendor\codeigniter4\framework\system\CodeIgniter.php(507): CodeIgniter\CodeIgniter->runController(Object(App\Controllers\admin\DocumentosAdminController))
#8 C:\xampp\htdocs\ITSI\vendor\codeigniter4\framework\system\CodeIgniter.php(354): CodeIgniter\CodeIgniter->handleRequest(NULL, Object(Config\Cache), false)
#9 C:\xampp\htdocs\ITSI\vendor\codeigniter4\framework\system\Boot.php(334): CodeIgniter\CodeIgniter->run()
#10 C:\xampp\htdocs\ITSI\vendor\codeigniter4\framework\system\Boot.php(67): CodeIgniter\Boot::runCodeIgniter(Object(CodeIgniter\CodeIgniter))
#11 C:\xampp\htdocs\ITSI\public\index.php(59): CodeIgniter\Boot::bootWeb(Object(Config\Paths))
#12 {main}
DEBUG - 2026-03-17 18:24:54 --> Session: Class initialized using 'CodeIgniter\Session\Handlers\FileHandler' driver.
ERROR - 2026-03-17 18:24:54 --> mysqli_sql_exception: Unknown column 'dsc.ESTADO_REVISION' in 'field list' in C:\xampp\htdocs\ITSI\vendor\codeigniter4\framework\system\Database\MySQLi\Connection.php:327
Stack trace:
#0 C:\xampp\htdocs\ITSI\vendor\codeigniter4\framework\system\Database\MySQLi\Connection.php(327): mysqli->query('SELECT COUNT(*)...', 0)
#1 C:\xampp\htdocs\ITSI\vendor\codeigniter4\framework\system\Database\BaseConnection.php(738): CodeIgniter\Database\MySQLi\Connection->execute('SELECT COUNT(*)...')
#2 C:\xampp\htdocs\ITSI\vendor\codeigniter4\framework\system\Database\BaseConnection.php(652): CodeIgniter\Database\BaseConnection->simpleQuery('SELECT COUNT(*)...')
#3 C:\xampp\htdocs\ITSI\vendor\codeigniter4\framework\system\Database\BaseBuilder.php(1649): CodeIgniter\Database\BaseConnection->query('SELECT COUNT(*)...', Array, false)
#4 C:\xampp\htdocs\ITSI\app\Models\DocumentosServicioComunitarioModel.php(137): CodeIgniter\Database\BaseBuilder->get()
#5 C:\xampp\htdocs\ITSI\app\Controllers\admin\DocumentosAdminController.php(45): App\Models\DocumentosServicioComunitarioModel->getEstadisticasDocumentos()
#6 C:\xampp\htdocs\ITSI\vendor\codeigniter4\framework\system\CodeIgniter.php(933): App\Controllers\admin\DocumentosAdminController->documentosServicioComunitario()
#7 C:\xampp\htdocs\ITSI\vendor\codeigniter4\framework\system\CodeIgniter.php(507): CodeIgniter\CodeIgniter->runController(Object(App\Controllers\admin\DocumentosAdminController))
#8 C:\xampp\htdocs\ITSI\vendor\codeigniter4\framework\system\CodeIgniter.php(354): CodeIgniter\CodeIgniter->handleRequest(NULL, Object(Config\Cache), false)
#9 C:\xampp\htdocs\ITSI\vendor\codeigniter4\framework\system\Boot.php(334): CodeIgniter\CodeIgniter->run()
#10 C:\xampp\htdocs\ITSI\vendor\codeigniter4\framework\system\Boot.php(67): CodeIgniter\Boot::runCodeIgniter(Object(CodeIgniter\CodeIgniter))
#11 C:\xampp\htdocs\ITSI\public\index.php(59): CodeIgniter\Boot::bootWeb(Object(Config\Paths))
#12 {main}
DEBUG - 2026-03-17 18:24:56 --> Session: Class initialized using 'CodeIgniter\Session\Handlers\FileHandler' driver.
DEBUG - 2026-03-17 18:25:09 --> Session: Class initialized using 'CodeIgniter\Session\Handlers\FileHandler' driver.
DEBUG - 2026-03-17 18:25:14 --> Session: Class initialized using 'CodeIgniter\Session\Handlers\FileHandler' driver.
DEBUG - 2026-03-17 18:25:25 --> Session: Class initialized using 'CodeIgniter\Session\Handlers\FileHandler' driver.
DEBUG - 2026-03-17 18:27:03 --> Session: Class initialized using 'CodeIgniter\Session\Handlers\FileHandler' driver.
INFO - 2026-03-17 18:27:03 --> Iniciando proceso de cierre de sesión para usuario: ycampues
INFO - 2026-03-17 18:27:03 --> Sesión cerrada exitosamente
DEBUG - 2026-03-17 18:27:03 --> Session: Class initialized using 'CodeIgniter\Session\Handlers\FileHandler' driver.
