DEBUG - 2025-09-10 18:09:42 --> Session: Class initialized using 'CodeIgniter\Session\Handlers\FileHandler' driver.
DEBUG - 2025-09-10 18:09:45 --> Session: Class initialized using 'CodeIgniter\Session\Handlers\FileHandler' driver.
DEBUG - 2025-09-10 18:09:55 --> Session: Class initialized using 'CodeIgniter\Session\Handlers\FileHandler' driver.
INFO - 2025-09-10 18:09:56 --> Usuario autenticado: 1004191845 con rol: 1
DEBUG - 2025-09-10 18:09:56 --> Session: Class initialized using 'CodeIgniter\Session\Handlers\FileHandler' driver.
DEBUG - 2025-09-10 18:09:56 --> Estadísticas mensuales: [{"mes":"Oct 2024","actividades":0,"practicas":0},{"mes":"Nov 2024","actividades":0,"practicas":0},{"mes":"Dic 2024","actividades":0,"practicas":0},{"mes":"Ene 2025","actividades":0,"practicas":0},{"mes":"Feb 2025","actividades":0,"practicas":0},{"mes":"Mar 2025","actividades":0,"practicas":0},{"mes":"Abr 2025","actividades":0,"practicas":0},{"mes":"May 2025","actividades":0,"practicas":0},{"mes":"Jun 2025","actividades":0,"practicas":1},{"mes":"Jul 2025","actividades":0,"practicas":1},{"mes":"Ago 2025","actividades":2,"practicas":1},{"mes":"Sep 2025","actividades":0,"practicas":1}]
DEBUG - 2025-09-10 18:09:56 --> Distribución carreras: [{"CARRERA":"Desarrollo de Software","TOTAL":"5"},{"CARRERA":"Dise\u00f1o Gr\u00e1fico","TOTAL":"4"},{"CARRERA":"Redes y Telecomunicaciones","TOTAL":"3"},{"CARRERA":"Administraci\u00f3n","TOTAL":"2"},{"CARRERA":"Atenci\u00f3n Integral a Adultos Mayores","TOTAL":"1"},{"CARRERA":"Marketing Digital y Comercio Electronico","TOTAL":"1"}]
DEBUG - 2025-09-10 18:10:01 --> Consulta SQL: SELECT *
FROM `TAB_DOCUMENTOS_PRACTICAS_PREPROFESIONALES` `dp`
DEBUG - 2025-09-10 18:10:01 --> Resultados obtenidos: 9
ERROR - 2025-09-10 18:10:01 --> mysqli_sql_exception: Unknown column 'ESTADO_REVISION' in 'where clause' in C:\xampp\htdocs\ITSI\vendor\codeigniter4\framework\system\Database\MySQLi\Connection.php:327
Stack trace:
#0 C:\xampp\htdocs\ITSI\vendor\codeigniter4\framework\system\Database\MySQLi\Connection.php(327): mysqli->query('SELECT COUNT(*)...', 0)
#1 C:\xampp\htdocs\ITSI\vendor\codeigniter4\framework\system\Database\BaseConnection.php(738): CodeIgniter\Database\MySQLi\Connection->execute('SELECT COUNT(*)...')
#2 C:\xampp\htdocs\ITSI\vendor\codeigniter4\framework\system\Database\BaseConnection.php(652): CodeIgniter\Database\BaseConnection->simpleQuery('SELECT COUNT(*)...')
#3 C:\xampp\htdocs\ITSI\vendor\codeigniter4\framework\system\Database\BaseBuilder.php(1733): CodeIgniter\Database\BaseConnection->query('SELECT COUNT(*)...', Array, false)
#4 C:\xampp\htdocs\ITSI\vendor\codeigniter4\framework\system\Model.php(676): CodeIgniter\Database\BaseBuilder->countAllResults(true)
#5 C:\xampp\htdocs\ITSI\app\Controllers\admin\DocumentosPracticasAdminController.php(300): CodeIgniter\Model->countAllResults()
#6 C:\xampp\htdocs\ITSI\app\Controllers\admin\DocumentosPracticasAdminController.php(36): App\Controllers\admin\DocumentosPracticasAdminController->getEstadisticas()
#7 C:\xampp\htdocs\ITSI\vendor\codeigniter4\framework\system\CodeIgniter.php(933): App\Controllers\admin\DocumentosPracticasAdminController->index()
#8 C:\xampp\htdocs\ITSI\vendor\codeigniter4\framework\system\CodeIgniter.php(507): CodeIgniter\CodeIgniter->runController(Object(App\Controllers\admin\DocumentosPracticasAdminController))
#9 C:\xampp\htdocs\ITSI\vendor\codeigniter4\framework\system\CodeIgniter.php(354): CodeIgniter\CodeIgniter->handleRequest(NULL, Object(Config\Cache), false)
#10 C:\xampp\htdocs\ITSI\vendor\codeigniter4\framework\system\Boot.php(334): CodeIgniter\CodeIgniter->run()
#11 C:\xampp\htdocs\ITSI\vendor\codeigniter4\framework\system\Boot.php(67): CodeIgniter\Boot::runCodeIgniter(Object(CodeIgniter\CodeIgniter))
#12 C:\xampp\htdocs\ITSI\public\index.php(59): CodeIgniter\Boot::bootWeb(Object(Config\Paths))
#13 {main}
CRITICAL - 2025-09-10 18:10:01 --> CodeIgniter\Database\Exceptions\DatabaseException: Unknown column 'ESTADO_REVISION' in 'where clause'
[Method: GET, Route: admin/documentos/practicas]
in SYSTEMPATH\Database\BaseConnection.php on line 692.
 1 SYSTEMPATH\Database\BaseBuilder.php(1733): CodeIgniter\Database\BaseConnection->query('SELECT COUNT(*) AS `numrows`
FROM `TAB_DOCUMENTOS_PRACTICAS_PREPROFESIONALES`
WHERE `ESTADO_REVISION` = :ESTADO_REVISION:', [...], false)
 2 SYSTEMPATH\Model.php(676): CodeIgniter\Database\BaseBuilder->countAllResults(true)
 3 APPPATH\Controllers\admin\DocumentosPracticasAdminController.php(300): CodeIgniter\Model->countAllResults()
 4 APPPATH\Controllers\admin\DocumentosPracticasAdminController.php(36): App\Controllers\admin\DocumentosPracticasAdminController->getEstadisticas()
 5 SYSTEMPATH\CodeIgniter.php(933): App\Controllers\admin\DocumentosPracticasAdminController->index()
 6 SYSTEMPATH\CodeIgniter.php(507): CodeIgniter\CodeIgniter->runController(Object(App\Controllers\admin\DocumentosPracticasAdminController))
 7 SYSTEMPATH\CodeIgniter.php(354): CodeIgniter\CodeIgniter->handleRequest(null, Object(Config\Cache), false)
 8 SYSTEMPATH\Boot.php(334): CodeIgniter\CodeIgniter->run()
 9 SYSTEMPATH\Boot.php(67): CodeIgniter\Boot::runCodeIgniter(Object(CodeIgniter\CodeIgniter))
10 FCPATH\index.php(59): CodeIgniter\Boot::bootWeb(Object(Config\Paths))
CRITICAL - 2025-09-10 18:10:01 --> [Caused by] CodeIgniter\Database\Exceptions\DatabaseException: Unknown column 'ESTADO_REVISION' in 'where clause'
in SYSTEMPATH\Database\MySQLi\Connection.php on line 332.
 1 SYSTEMPATH\Database\BaseConnection.php(738): CodeIgniter\Database\MySQLi\Connection->execute('SELECT COUNT(*) AS `numrows`
FROM `TAB_DOCUMENTOS_PRACTICAS_PREPROFESIONALES`
WHERE `ESTADO_REVISION` = \'Aprobado\'')
 2 SYSTEMPATH\Database\BaseConnection.php(652): CodeIgniter\Database\BaseConnection->simpleQuery('SELECT COUNT(*) AS `numrows`
FROM `TAB_DOCUMENTOS_PRACTICAS_PREPROFESIONALES`
WHERE `ESTADO_REVISION` = \'Aprobado\'')
 3 SYSTEMPATH\Database\BaseBuilder.php(1733): CodeIgniter\Database\BaseConnection->query('SELECT COUNT(*) AS `numrows`
FROM `TAB_DOCUMENTOS_PRACTICAS_PREPROFESIONALES`
WHERE `ESTADO_REVISION` = :ESTADO_REVISION:', [...], false)
 4 SYSTEMPATH\Model.php(676): CodeIgniter\Database\BaseBuilder->countAllResults(true)
 5 APPPATH\Controllers\admin\DocumentosPracticasAdminController.php(300): CodeIgniter\Model->countAllResults()
 6 APPPATH\Controllers\admin\DocumentosPracticasAdminController.php(36): App\Controllers\admin\DocumentosPracticasAdminController->getEstadisticas()
 7 SYSTEMPATH\CodeIgniter.php(933): App\Controllers\admin\DocumentosPracticasAdminController->index()
 8 SYSTEMPATH\CodeIgniter.php(507): CodeIgniter\CodeIgniter->runController(Object(App\Controllers\admin\DocumentosPracticasAdminController))
 9 SYSTEMPATH\CodeIgniter.php(354): CodeIgniter\CodeIgniter->handleRequest(null, Object(Config\Cache), false)
10 SYSTEMPATH\Boot.php(334): CodeIgniter\CodeIgniter->run()
11 SYSTEMPATH\Boot.php(67): CodeIgniter\Boot::runCodeIgniter(Object(CodeIgniter\CodeIgniter))
12 FCPATH\index.php(59): CodeIgniter\Boot::bootWeb(Object(Config\Paths))
CRITICAL - 2025-09-10 18:10:01 --> [Caused by] mysqli_sql_exception: Unknown column 'ESTADO_REVISION' in 'where clause'
in SYSTEMPATH\Database\MySQLi\Connection.php on line 327.
 1 SYSTEMPATH\Database\MySQLi\Connection.php(327): mysqli->query('SELECT COUNT(*) AS `numrows`
FROM `TAB_DOCUMENTOS_PRACTICAS_PREPROFESIONALES`
WHERE `ESTADO_REVISION` = \'Aprobado\'', 0)
 2 SYSTEMPATH\Database\BaseConnection.php(738): CodeIgniter\Database\MySQLi\Connection->execute('SELECT COUNT(*) AS `numrows`
FROM `TAB_DOCUMENTOS_PRACTICAS_PREPROFESIONALES`
WHERE `ESTADO_REVISION` = \'Aprobado\'')
 3 SYSTEMPATH\Database\BaseConnection.php(652): CodeIgniter\Database\BaseConnection->simpleQuery('SELECT COUNT(*) AS `numrows`
FROM `TAB_DOCUMENTOS_PRACTICAS_PREPROFESIONALES`
WHERE `ESTADO_REVISION` = \'Aprobado\'')
 4 SYSTEMPATH\Database\BaseBuilder.php(1733): CodeIgniter\Database\BaseConnection->query('SELECT COUNT(*) AS `numrows`
FROM `TAB_DOCUMENTOS_PRACTICAS_PREPROFESIONALES`
WHERE `ESTADO_REVISION` = :ESTADO_REVISION:', [...], false)
 5 SYSTEMPATH\Model.php(676): CodeIgniter\Database\BaseBuilder->countAllResults(true)
 6 APPPATH\Controllers\admin\DocumentosPracticasAdminController.php(300): CodeIgniter\Model->countAllResults()
 7 APPPATH\Controllers\admin\DocumentosPracticasAdminController.php(36): App\Controllers\admin\DocumentosPracticasAdminController->getEstadisticas()
 8 SYSTEMPATH\CodeIgniter.php(933): App\Controllers\admin\DocumentosPracticasAdminController->index()
 9 SYSTEMPATH\CodeIgniter.php(507): CodeIgniter\CodeIgniter->runController(Object(App\Controllers\admin\DocumentosPracticasAdminController))
10 SYSTEMPATH\CodeIgniter.php(354): CodeIgniter\CodeIgniter->handleRequest(null, Object(Config\Cache), false)
11 SYSTEMPATH\Boot.php(334): CodeIgniter\CodeIgniter->run()
12 SYSTEMPATH\Boot.php(67): CodeIgniter\Boot::runCodeIgniter(Object(CodeIgniter\CodeIgniter))
13 FCPATH\index.php(59): CodeIgniter\Boot::bootWeb(Object(Config\Paths))
DEBUG - 2025-09-10 18:17:06 --> Consulta SQL: SELECT *
FROM `TAB_DOCUMENTOS_PRACTICAS_PREPROFESIONALES` `dp`
DEBUG - 2025-09-10 18:17:06 --> Resultados obtenidos: 9
ERROR - 2025-09-10 18:17:06 --> mysqli_sql_exception: Unknown column 'ESTADO_REVISION' in 'where clause' in C:\xampp\htdocs\ITSI\vendor\codeigniter4\framework\system\Database\MySQLi\Connection.php:327
Stack trace:
#0 C:\xampp\htdocs\ITSI\vendor\codeigniter4\framework\system\Database\MySQLi\Connection.php(327): mysqli->query('SELECT COUNT(*)...', 0)
#1 C:\xampp\htdocs\ITSI\vendor\codeigniter4\framework\system\Database\BaseConnection.php(738): CodeIgniter\Database\MySQLi\Connection->execute('SELECT COUNT(*)...')
#2 C:\xampp\htdocs\ITSI\vendor\codeigniter4\framework\system\Database\BaseConnection.php(652): CodeIgniter\Database\BaseConnection->simpleQuery('SELECT COUNT(*)...')
#3 C:\xampp\htdocs\ITSI\vendor\codeigniter4\framework\system\Database\BaseBuilder.php(1733): CodeIgniter\Database\BaseConnection->query('SELECT COUNT(*)...', Array, false)
#4 C:\xampp\htdocs\ITSI\vendor\codeigniter4\framework\system\Model.php(676): CodeIgniter\Database\BaseBuilder->countAllResults(true)
#5 C:\xampp\htdocs\ITSI\app\Controllers\admin\DocumentosPracticasAdminController.php(300): CodeIgniter\Model->countAllResults()
#6 C:\xampp\htdocs\ITSI\app\Controllers\admin\DocumentosPracticasAdminController.php(36): App\Controllers\admin\DocumentosPracticasAdminController->getEstadisticas()
#7 C:\xampp\htdocs\ITSI\vendor\codeigniter4\framework\system\CodeIgniter.php(933): App\Controllers\admin\DocumentosPracticasAdminController->index()
#8 C:\xampp\htdocs\ITSI\vendor\codeigniter4\framework\system\CodeIgniter.php(507): CodeIgniter\CodeIgniter->runController(Object(App\Controllers\admin\DocumentosPracticasAdminController))
#9 C:\xampp\htdocs\ITSI\vendor\codeigniter4\framework\system\CodeIgniter.php(354): CodeIgniter\CodeIgniter->handleRequest(NULL, Object(Config\Cache), false)
#10 C:\xampp\htdocs\ITSI\vendor\codeigniter4\framework\system\Boot.php(334): CodeIgniter\CodeIgniter->run()
#11 C:\xampp\htdocs\ITSI\vendor\codeigniter4\framework\system\Boot.php(67): CodeIgniter\Boot::runCodeIgniter(Object(CodeIgniter\CodeIgniter))
#12 C:\xampp\htdocs\ITSI\public\index.php(59): CodeIgniter\Boot::bootWeb(Object(Config\Paths))
#13 {main}
CRITICAL - 2025-09-10 18:17:06 --> CodeIgniter\Database\Exceptions\DatabaseException: Unknown column 'ESTADO_REVISION' in 'where clause'
[Method: GET, Route: admin/documentos/practicas]
in SYSTEMPATH\Database\BaseConnection.php on line 692.
 1 SYSTEMPATH\Database\BaseBuilder.php(1733): CodeIgniter\Database\BaseConnection->query('SELECT COUNT(*) AS `numrows`
FROM `TAB_DOCUMENTOS_PRACTICAS_PREPROFESIONALES`
WHERE `ESTADO_REVISION` = :ESTADO_REVISION:', [...], false)
 2 SYSTEMPATH\Model.php(676): CodeIgniter\Database\BaseBuilder->countAllResults(true)
 3 APPPATH\Controllers\admin\DocumentosPracticasAdminController.php(300): CodeIgniter\Model->countAllResults()
 4 APPPATH\Controllers\admin\DocumentosPracticasAdminController.php(36): App\Controllers\admin\DocumentosPracticasAdminController->getEstadisticas()
 5 SYSTEMPATH\CodeIgniter.php(933): App\Controllers\admin\DocumentosPracticasAdminController->index()
 6 SYSTEMPATH\CodeIgniter.php(507): CodeIgniter\CodeIgniter->runController(Object(App\Controllers\admin\DocumentosPracticasAdminController))
 7 SYSTEMPATH\CodeIgniter.php(354): CodeIgniter\CodeIgniter->handleRequest(null, Object(Config\Cache), false)
 8 SYSTEMPATH\Boot.php(334): CodeIgniter\CodeIgniter->run()
 9 SYSTEMPATH\Boot.php(67): CodeIgniter\Boot::runCodeIgniter(Object(CodeIgniter\CodeIgniter))
10 FCPATH\index.php(59): CodeIgniter\Boot::bootWeb(Object(Config\Paths))
CRITICAL - 2025-09-10 18:17:06 --> [Caused by] CodeIgniter\Database\Exceptions\DatabaseException: Unknown column 'ESTADO_REVISION' in 'where clause'
in SYSTEMPATH\Database\MySQLi\Connection.php on line 332.
 1 SYSTEMPATH\Database\BaseConnection.php(738): CodeIgniter\Database\MySQLi\Connection->execute('SELECT COUNT(*) AS `numrows`
FROM `TAB_DOCUMENTOS_PRACTICAS_PREPROFESIONALES`
WHERE `ESTADO_REVISION` = \'Aprobado\'')
 2 SYSTEMPATH\Database\BaseConnection.php(652): CodeIgniter\Database\BaseConnection->simpleQuery('SELECT COUNT(*) AS `numrows`
FROM `TAB_DOCUMENTOS_PRACTICAS_PREPROFESIONALES`
WHERE `ESTADO_REVISION` = \'Aprobado\'')
 3 SYSTEMPATH\Database\BaseBuilder.php(1733): CodeIgniter\Database\BaseConnection->query('SELECT COUNT(*) AS `numrows`
FROM `TAB_DOCUMENTOS_PRACTICAS_PREPROFESIONALES`
WHERE `ESTADO_REVISION` = :ESTADO_REVISION:', [...], false)
 4 SYSTEMPATH\Model.php(676): CodeIgniter\Database\BaseBuilder->countAllResults(true)
 5 APPPATH\Controllers\admin\DocumentosPracticasAdminController.php(300): CodeIgniter\Model->countAllResults()
 6 APPPATH\Controllers\admin\DocumentosPracticasAdminController.php(36): App\Controllers\admin\DocumentosPracticasAdminController->getEstadisticas()
 7 SYSTEMPATH\CodeIgniter.php(933): App\Controllers\admin\DocumentosPracticasAdminController->index()
 8 SYSTEMPATH\CodeIgniter.php(507): CodeIgniter\CodeIgniter->runController(Object(App\Controllers\admin\DocumentosPracticasAdminController))
 9 SYSTEMPATH\CodeIgniter.php(354): CodeIgniter\CodeIgniter->handleRequest(null, Object(Config\Cache), false)
10 SYSTEMPATH\Boot.php(334): CodeIgniter\CodeIgniter->run()
11 SYSTEMPATH\Boot.php(67): CodeIgniter\Boot::runCodeIgniter(Object(CodeIgniter\CodeIgniter))
12 FCPATH\index.php(59): CodeIgniter\Boot::bootWeb(Object(Config\Paths))
CRITICAL - 2025-09-10 18:17:06 --> [Caused by] mysqli_sql_exception: Unknown column 'ESTADO_REVISION' in 'where clause'
in SYSTEMPATH\Database\MySQLi\Connection.php on line 327.
 1 SYSTEMPATH\Database\MySQLi\Connection.php(327): mysqli->query('SELECT COUNT(*) AS `numrows`
FROM `TAB_DOCUMENTOS_PRACTICAS_PREPROFESIONALES`
WHERE `ESTADO_REVISION` = \'Aprobado\'', 0)
 2 SYSTEMPATH\Database\BaseConnection.php(738): CodeIgniter\Database\MySQLi\Connection->execute('SELECT COUNT(*) AS `numrows`
FROM `TAB_DOCUMENTOS_PRACTICAS_PREPROFESIONALES`
WHERE `ESTADO_REVISION` = \'Aprobado\'')
 3 SYSTEMPATH\Database\BaseConnection.php(652): CodeIgniter\Database\BaseConnection->simpleQuery('SELECT COUNT(*) AS `numrows`
FROM `TAB_DOCUMENTOS_PRACTICAS_PREPROFESIONALES`
WHERE `ESTADO_REVISION` = \'Aprobado\'')
 4 SYSTEMPATH\Database\BaseBuilder.php(1733): CodeIgniter\Database\BaseConnection->query('SELECT COUNT(*) AS `numrows`
FROM `TAB_DOCUMENTOS_PRACTICAS_PREPROFESIONALES`
WHERE `ESTADO_REVISION` = :ESTADO_REVISION:', [...], false)
 5 SYSTEMPATH\Model.php(676): CodeIgniter\Database\BaseBuilder->countAllResults(true)
 6 APPPATH\Controllers\admin\DocumentosPracticasAdminController.php(300): CodeIgniter\Model->countAllResults()
 7 APPPATH\Controllers\admin\DocumentosPracticasAdminController.php(36): App\Controllers\admin\DocumentosPracticasAdminController->getEstadisticas()
 8 SYSTEMPATH\CodeIgniter.php(933): App\Controllers\admin\DocumentosPracticasAdminController->index()
 9 SYSTEMPATH\CodeIgniter.php(507): CodeIgniter\CodeIgniter->runController(Object(App\Controllers\admin\DocumentosPracticasAdminController))
10 SYSTEMPATH\CodeIgniter.php(354): CodeIgniter\CodeIgniter->handleRequest(null, Object(Config\Cache), false)
11 SYSTEMPATH\Boot.php(334): CodeIgniter\CodeIgniter->run()
12 SYSTEMPATH\Boot.php(67): CodeIgniter\Boot::runCodeIgniter(Object(CodeIgniter\CodeIgniter))
13 FCPATH\index.php(59): CodeIgniter\Boot::bootWeb(Object(Config\Paths))
DEBUG - 2025-09-10 18:17:08 --> Session: Class initialized using 'CodeIgniter\Session\Handlers\FileHandler' driver.
DEBUG - 2025-09-10 18:17:08 --> Estadísticas mensuales: [{"mes":"Oct 2024","actividades":0,"practicas":0},{"mes":"Nov 2024","actividades":0,"practicas":0},{"mes":"Dic 2024","actividades":0,"practicas":0},{"mes":"Ene 2025","actividades":0,"practicas":0},{"mes":"Feb 2025","actividades":0,"practicas":0},{"mes":"Mar 2025","actividades":0,"practicas":0},{"mes":"Abr 2025","actividades":0,"practicas":0},{"mes":"May 2025","actividades":0,"practicas":0},{"mes":"Jun 2025","actividades":0,"practicas":1},{"mes":"Jul 2025","actividades":0,"practicas":1},{"mes":"Ago 2025","actividades":2,"practicas":1},{"mes":"Sep 2025","actividades":0,"practicas":1}]
DEBUG - 2025-09-10 18:17:08 --> Distribución carreras: [{"CARRERA":"Desarrollo de Software","TOTAL":"5"},{"CARRERA":"Dise\u00f1o Gr\u00e1fico","TOTAL":"4"},{"CARRERA":"Redes y Telecomunicaciones","TOTAL":"3"},{"CARRERA":"Administraci\u00f3n","TOTAL":"2"},{"CARRERA":"Marketing Digital y Comercio Electronico","TOTAL":"1"},{"CARRERA":"Atenci\u00f3n Integral a Adultos Mayores","TOTAL":"1"}]
DEBUG - 2025-09-10 18:17:09 --> Consulta SQL: SELECT *
FROM `TAB_DOCUMENTOS_PRACTICAS_PREPROFESIONALES` `dp`
DEBUG - 2025-09-10 18:17:09 --> Resultados obtenidos: 9
ERROR - 2025-09-10 18:17:09 --> mysqli_sql_exception: Unknown column 'ESTADO_REVISION' in 'where clause' in C:\xampp\htdocs\ITSI\vendor\codeigniter4\framework\system\Database\MySQLi\Connection.php:327
Stack trace:
#0 C:\xampp\htdocs\ITSI\vendor\codeigniter4\framework\system\Database\MySQLi\Connection.php(327): mysqli->query('SELECT COUNT(*)...', 0)
#1 C:\xampp\htdocs\ITSI\vendor\codeigniter4\framework\system\Database\BaseConnection.php(738): CodeIgniter\Database\MySQLi\Connection->execute('SELECT COUNT(*)...')
#2 C:\xampp\htdocs\ITSI\vendor\codeigniter4\framework\system\Database\BaseConnection.php(652): CodeIgniter\Database\BaseConnection->simpleQuery('SELECT COUNT(*)...')
#3 C:\xampp\htdocs\ITSI\vendor\codeigniter4\framework\system\Database\BaseBuilder.php(1733): CodeIgniter\Database\BaseConnection->query('SELECT COUNT(*)...', Array, false)
#4 C:\xampp\htdocs\ITSI\vendor\codeigniter4\framework\system\Model.php(676): CodeIgniter\Database\BaseBuilder->countAllResults(true)
#5 C:\xampp\htdocs\ITSI\app\Controllers\admin\DocumentosPracticasAdminController.php(300): CodeIgniter\Model->countAllResults()
#6 C:\xampp\htdocs\ITSI\app\Controllers\admin\DocumentosPracticasAdminController.php(36): App\Controllers\admin\DocumentosPracticasAdminController->getEstadisticas()
#7 C:\xampp\htdocs\ITSI\vendor\codeigniter4\framework\system\CodeIgniter.php(933): App\Controllers\admin\DocumentosPracticasAdminController->index()
#8 C:\xampp\htdocs\ITSI\vendor\codeigniter4\framework\system\CodeIgniter.php(507): CodeIgniter\CodeIgniter->runController(Object(App\Controllers\admin\DocumentosPracticasAdminController))
#9 C:\xampp\htdocs\ITSI\vendor\codeigniter4\framework\system\CodeIgniter.php(354): CodeIgniter\CodeIgniter->handleRequest(NULL, Object(Config\Cache), false)
#10 C:\xampp\htdocs\ITSI\vendor\codeigniter4\framework\system\Boot.php(334): CodeIgniter\CodeIgniter->run()
#11 C:\xampp\htdocs\ITSI\vendor\codeigniter4\framework\system\Boot.php(67): CodeIgniter\Boot::runCodeIgniter(Object(CodeIgniter\CodeIgniter))
#12 C:\xampp\htdocs\ITSI\public\index.php(59): CodeIgniter\Boot::bootWeb(Object(Config\Paths))
#13 {main}
CRITICAL - 2025-09-10 18:17:09 --> CodeIgniter\Database\Exceptions\DatabaseException: Unknown column 'ESTADO_REVISION' in 'where clause'
[Method: GET, Route: admin/documentos/practicas]
in SYSTEMPATH\Database\BaseConnection.php on line 692.
 1 SYSTEMPATH\Database\BaseBuilder.php(1733): CodeIgniter\Database\BaseConnection->query('SELECT COUNT(*) AS `numrows`
FROM `TAB_DOCUMENTOS_PRACTICAS_PREPROFESIONALES`
WHERE `ESTADO_REVISION` = :ESTADO_REVISION:', [...], false)
 2 SYSTEMPATH\Model.php(676): CodeIgniter\Database\BaseBuilder->countAllResults(true)
 3 APPPATH\Controllers\admin\DocumentosPracticasAdminController.php(300): CodeIgniter\Model->countAllResults()
 4 APPPATH\Controllers\admin\DocumentosPracticasAdminController.php(36): App\Controllers\admin\DocumentosPracticasAdminController->getEstadisticas()
 5 SYSTEMPATH\CodeIgniter.php(933): App\Controllers\admin\DocumentosPracticasAdminController->index()
 6 SYSTEMPATH\CodeIgniter.php(507): CodeIgniter\CodeIgniter->runController(Object(App\Controllers\admin\DocumentosPracticasAdminController))
 7 SYSTEMPATH\CodeIgniter.php(354): CodeIgniter\CodeIgniter->handleRequest(null, Object(Config\Cache), false)
 8 SYSTEMPATH\Boot.php(334): CodeIgniter\CodeIgniter->run()
 9 SYSTEMPATH\Boot.php(67): CodeIgniter\Boot::runCodeIgniter(Object(CodeIgniter\CodeIgniter))
10 FCPATH\index.php(59): CodeIgniter\Boot::bootWeb(Object(Config\Paths))
CRITICAL - 2025-09-10 18:17:09 --> [Caused by] CodeIgniter\Database\Exceptions\DatabaseException: Unknown column 'ESTADO_REVISION' in 'where clause'
in SYSTEMPATH\Database\MySQLi\Connection.php on line 332.
 1 SYSTEMPATH\Database\BaseConnection.php(738): CodeIgniter\Database\MySQLi\Connection->execute('SELECT COUNT(*) AS `numrows`
FROM `TAB_DOCUMENTOS_PRACTICAS_PREPROFESIONALES`
WHERE `ESTADO_REVISION` = \'Aprobado\'')
 2 SYSTEMPATH\Database\BaseConnection.php(652): CodeIgniter\Database\BaseConnection->simpleQuery('SELECT COUNT(*) AS `numrows`
FROM `TAB_DOCUMENTOS_PRACTICAS_PREPROFESIONALES`
WHERE `ESTADO_REVISION` = \'Aprobado\'')
 3 SYSTEMPATH\Database\BaseBuilder.php(1733): CodeIgniter\Database\BaseConnection->query('SELECT COUNT(*) AS `numrows`
FROM `TAB_DOCUMENTOS_PRACTICAS_PREPROFESIONALES`
WHERE `ESTADO_REVISION` = :ESTADO_REVISION:', [...], false)
 4 SYSTEMPATH\Model.php(676): CodeIgniter\Database\BaseBuilder->countAllResults(true)
 5 APPPATH\Controllers\admin\DocumentosPracticasAdminController.php(300): CodeIgniter\Model->countAllResults()
 6 APPPATH\Controllers\admin\DocumentosPracticasAdminController.php(36): App\Controllers\admin\DocumentosPracticasAdminController->getEstadisticas()
 7 SYSTEMPATH\CodeIgniter.php(933): App\Controllers\admin\DocumentosPracticasAdminController->index()
 8 SYSTEMPATH\CodeIgniter.php(507): CodeIgniter\CodeIgniter->runController(Object(App\Controllers\admin\DocumentosPracticasAdminController))
 9 SYSTEMPATH\CodeIgniter.php(354): CodeIgniter\CodeIgniter->handleRequest(null, Object(Config\Cache), false)
10 SYSTEMPATH\Boot.php(334): CodeIgniter\CodeIgniter->run()
11 SYSTEMPATH\Boot.php(67): CodeIgniter\Boot::runCodeIgniter(Object(CodeIgniter\CodeIgniter))
12 FCPATH\index.php(59): CodeIgniter\Boot::bootWeb(Object(Config\Paths))
CRITICAL - 2025-09-10 18:17:09 --> [Caused by] mysqli_sql_exception: Unknown column 'ESTADO_REVISION' in 'where clause'
in SYSTEMPATH\Database\MySQLi\Connection.php on line 327.
 1 SYSTEMPATH\Database\MySQLi\Connection.php(327): mysqli->query('SELECT COUNT(*) AS `numrows`
FROM `TAB_DOCUMENTOS_PRACTICAS_PREPROFESIONALES`
WHERE `ESTADO_REVISION` = \'Aprobado\'', 0)
 2 SYSTEMPATH\Database\BaseConnection.php(738): CodeIgniter\Database\MySQLi\Connection->execute('SELECT COUNT(*) AS `numrows`
FROM `TAB_DOCUMENTOS_PRACTICAS_PREPROFESIONALES`
WHERE `ESTADO_REVISION` = \'Aprobado\'')
 3 SYSTEMPATH\Database\BaseConnection.php(652): CodeIgniter\Database\BaseConnection->simpleQuery('SELECT COUNT(*) AS `numrows`
FROM `TAB_DOCUMENTOS_PRACTICAS_PREPROFESIONALES`
WHERE `ESTADO_REVISION` = \'Aprobado\'')
 4 SYSTEMPATH\Database\BaseBuilder.php(1733): CodeIgniter\Database\BaseConnection->query('SELECT COUNT(*) AS `numrows`
FROM `TAB_DOCUMENTOS_PRACTICAS_PREPROFESIONALES`
WHERE `ESTADO_REVISION` = :ESTADO_REVISION:', [...], false)
 5 SYSTEMPATH\Model.php(676): CodeIgniter\Database\BaseBuilder->countAllResults(true)
 6 APPPATH\Controllers\admin\DocumentosPracticasAdminController.php(300): CodeIgniter\Model->countAllResults()
 7 APPPATH\Controllers\admin\DocumentosPracticasAdminController.php(36): App\Controllers\admin\DocumentosPracticasAdminController->getEstadisticas()
 8 SYSTEMPATH\CodeIgniter.php(933): App\Controllers\admin\DocumentosPracticasAdminController->index()
 9 SYSTEMPATH\CodeIgniter.php(507): CodeIgniter\CodeIgniter->runController(Object(App\Controllers\admin\DocumentosPracticasAdminController))
10 SYSTEMPATH\CodeIgniter.php(354): CodeIgniter\CodeIgniter->handleRequest(null, Object(Config\Cache), false)
11 SYSTEMPATH\Boot.php(334): CodeIgniter\CodeIgniter->run()
12 SYSTEMPATH\Boot.php(67): CodeIgniter\Boot::runCodeIgniter(Object(CodeIgniter\CodeIgniter))
13 FCPATH\index.php(59): CodeIgniter\Boot::bootWeb(Object(Config\Paths))
DEBUG - 2025-09-10 18:57:13 --> Consulta SQL: SELECT *
FROM `TAB_DOCUMENTOS_PRACTICAS_PREPROFESIONALES` `dp`
DEBUG - 2025-09-10 18:57:13 --> Resultados obtenidos: 9
ERROR - 2025-09-10 18:57:13 --> mysqli_sql_exception: Unknown column 'ESTADO_REVISION' in 'where clause' in C:\xampp\htdocs\ITSI\vendor\codeigniter4\framework\system\Database\MySQLi\Connection.php:327
Stack trace:
#0 C:\xampp\htdocs\ITSI\vendor\codeigniter4\framework\system\Database\MySQLi\Connection.php(327): mysqli->query('SELECT COUNT(*)...', 0)
#1 C:\xampp\htdocs\ITSI\vendor\codeigniter4\framework\system\Database\BaseConnection.php(738): CodeIgniter\Database\MySQLi\Connection->execute('SELECT COUNT(*)...')
#2 C:\xampp\htdocs\ITSI\vendor\codeigniter4\framework\system\Database\BaseConnection.php(652): CodeIgniter\Database\BaseConnection->simpleQuery('SELECT COUNT(*)...')
#3 C:\xampp\htdocs\ITSI\vendor\codeigniter4\framework\system\Database\BaseBuilder.php(1733): CodeIgniter\Database\BaseConnection->query('SELECT COUNT(*)...', Array, false)
#4 C:\xampp\htdocs\ITSI\vendor\codeigniter4\framework\system\Model.php(676): CodeIgniter\Database\BaseBuilder->countAllResults(true)
#5 C:\xampp\htdocs\ITSI\app\Controllers\admin\DocumentosPracticasAdminController.php(300): CodeIgniter\Model->countAllResults()
#6 C:\xampp\htdocs\ITSI\app\Controllers\admin\DocumentosPracticasAdminController.php(36): App\Controllers\admin\DocumentosPracticasAdminController->getEstadisticas()
#7 C:\xampp\htdocs\ITSI\vendor\codeigniter4\framework\system\CodeIgniter.php(933): App\Controllers\admin\DocumentosPracticasAdminController->index()
#8 C:\xampp\htdocs\ITSI\vendor\codeigniter4\framework\system\CodeIgniter.php(507): CodeIgniter\CodeIgniter->runController(Object(App\Controllers\admin\DocumentosPracticasAdminController))
#9 C:\xampp\htdocs\ITSI\vendor\codeigniter4\framework\system\CodeIgniter.php(354): CodeIgniter\CodeIgniter->handleRequest(NULL, Object(Config\Cache), false)
#10 C:\xampp\htdocs\ITSI\vendor\codeigniter4\framework\system\Boot.php(334): CodeIgniter\CodeIgniter->run()
#11 C:\xampp\htdocs\ITSI\vendor\codeigniter4\framework\system\Boot.php(67): CodeIgniter\Boot::runCodeIgniter(Object(CodeIgniter\CodeIgniter))
#12 C:\xampp\htdocs\ITSI\public\index.php(59): CodeIgniter\Boot::bootWeb(Object(Config\Paths))
#13 {main}
CRITICAL - 2025-09-10 18:57:13 --> CodeIgniter\Database\Exceptions\DatabaseException: Unknown column 'ESTADO_REVISION' in 'where clause'
[Method: GET, Route: admin/documentos/practicas]
in SYSTEMPATH\Database\BaseConnection.php on line 692.
 1 SYSTEMPATH\Database\BaseBuilder.php(1733): CodeIgniter\Database\BaseConnection->query('SELECT COUNT(*) AS `numrows`
FROM `TAB_DOCUMENTOS_PRACTICAS_PREPROFESIONALES`
WHERE `ESTADO_REVISION` = :ESTADO_REVISION:', [...], false)
 2 SYSTEMPATH\Model.php(676): CodeIgniter\Database\BaseBuilder->countAllResults(true)
 3 APPPATH\Controllers\admin\DocumentosPracticasAdminController.php(300): CodeIgniter\Model->countAllResults()
 4 APPPATH\Controllers\admin\DocumentosPracticasAdminController.php(36): App\Controllers\admin\DocumentosPracticasAdminController->getEstadisticas()
 5 SYSTEMPATH\CodeIgniter.php(933): App\Controllers\admin\DocumentosPracticasAdminController->index()
 6 SYSTEMPATH\CodeIgniter.php(507): CodeIgniter\CodeIgniter->runController(Object(App\Controllers\admin\DocumentosPracticasAdminController))
 7 SYSTEMPATH\CodeIgniter.php(354): CodeIgniter\CodeIgniter->handleRequest(null, Object(Config\Cache), false)
 8 SYSTEMPATH\Boot.php(334): CodeIgniter\CodeIgniter->run()
 9 SYSTEMPATH\Boot.php(67): CodeIgniter\Boot::runCodeIgniter(Object(CodeIgniter\CodeIgniter))
10 FCPATH\index.php(59): CodeIgniter\Boot::bootWeb(Object(Config\Paths))
CRITICAL - 2025-09-10 18:57:13 --> [Caused by] CodeIgniter\Database\Exceptions\DatabaseException: Unknown column 'ESTADO_REVISION' in 'where clause'
in SYSTEMPATH\Database\MySQLi\Connection.php on line 332.
 1 SYSTEMPATH\Database\BaseConnection.php(738): CodeIgniter\Database\MySQLi\Connection->execute('SELECT COUNT(*) AS `numrows`
FROM `TAB_DOCUMENTOS_PRACTICAS_PREPROFESIONALES`
WHERE `ESTADO_REVISION` = \'Aprobado\'')
 2 SYSTEMPATH\Database\BaseConnection.php(652): CodeIgniter\Database\BaseConnection->simpleQuery('SELECT COUNT(*) AS `numrows`
FROM `TAB_DOCUMENTOS_PRACTICAS_PREPROFESIONALES`
WHERE `ESTADO_REVISION` = \'Aprobado\'')
 3 SYSTEMPATH\Database\BaseBuilder.php(1733): CodeIgniter\Database\BaseConnection->query('SELECT COUNT(*) AS `numrows`
FROM `TAB_DOCUMENTOS_PRACTICAS_PREPROFESIONALES`
WHERE `ESTADO_REVISION` = :ESTADO_REVISION:', [...], false)
 4 SYSTEMPATH\Model.php(676): CodeIgniter\Database\BaseBuilder->countAllResults(true)
 5 APPPATH\Controllers\admin\DocumentosPracticasAdminController.php(300): CodeIgniter\Model->countAllResults()
 6 APPPATH\Controllers\admin\DocumentosPracticasAdminController.php(36): App\Controllers\admin\DocumentosPracticasAdminController->getEstadisticas()
 7 SYSTEMPATH\CodeIgniter.php(933): App\Controllers\admin\DocumentosPracticasAdminController->index()
 8 SYSTEMPATH\CodeIgniter.php(507): CodeIgniter\CodeIgniter->runController(Object(App\Controllers\admin\DocumentosPracticasAdminController))
 9 SYSTEMPATH\CodeIgniter.php(354): CodeIgniter\CodeIgniter->handleRequest(null, Object(Config\Cache), false)
10 SYSTEMPATH\Boot.php(334): CodeIgniter\CodeIgniter->run()
11 SYSTEMPATH\Boot.php(67): CodeIgniter\Boot::runCodeIgniter(Object(CodeIgniter\CodeIgniter))
12 FCPATH\index.php(59): CodeIgniter\Boot::bootWeb(Object(Config\Paths))
CRITICAL - 2025-09-10 18:57:13 --> [Caused by] mysqli_sql_exception: Unknown column 'ESTADO_REVISION' in 'where clause'
in SYSTEMPATH\Database\MySQLi\Connection.php on line 327.
 1 SYSTEMPATH\Database\MySQLi\Connection.php(327): mysqli->query('SELECT COUNT(*) AS `numrows`
FROM `TAB_DOCUMENTOS_PRACTICAS_PREPROFESIONALES`
WHERE `ESTADO_REVISION` = \'Aprobado\'', 0)
 2 SYSTEMPATH\Database\BaseConnection.php(738): CodeIgniter\Database\MySQLi\Connection->execute('SELECT COUNT(*) AS `numrows`
FROM `TAB_DOCUMENTOS_PRACTICAS_PREPROFESIONALES`
WHERE `ESTADO_REVISION` = \'Aprobado\'')
 3 SYSTEMPATH\Database\BaseConnection.php(652): CodeIgniter\Database\BaseConnection->simpleQuery('SELECT COUNT(*) AS `numrows`
FROM `TAB_DOCUMENTOS_PRACTICAS_PREPROFESIONALES`
WHERE `ESTADO_REVISION` = \'Aprobado\'')
 4 SYSTEMPATH\Database\BaseBuilder.php(1733): CodeIgniter\Database\BaseConnection->query('SELECT COUNT(*) AS `numrows`
FROM `TAB_DOCUMENTOS_PRACTICAS_PREPROFESIONALES`
WHERE `ESTADO_REVISION` = :ESTADO_REVISION:', [...], false)
 5 SYSTEMPATH\Model.php(676): CodeIgniter\Database\BaseBuilder->countAllResults(true)
 6 APPPATH\Controllers\admin\DocumentosPracticasAdminController.php(300): CodeIgniter\Model->countAllResults()
 7 APPPATH\Controllers\admin\DocumentosPracticasAdminController.php(36): App\Controllers\admin\DocumentosPracticasAdminController->getEstadisticas()
 8 SYSTEMPATH\CodeIgniter.php(933): App\Controllers\admin\DocumentosPracticasAdminController->index()
 9 SYSTEMPATH\CodeIgniter.php(507): CodeIgniter\CodeIgniter->runController(Object(App\Controllers\admin\DocumentosPracticasAdminController))
10 SYSTEMPATH\CodeIgniter.php(354): CodeIgniter\CodeIgniter->handleRequest(null, Object(Config\Cache), false)
11 SYSTEMPATH\Boot.php(334): CodeIgniter\CodeIgniter->run()
12 SYSTEMPATH\Boot.php(67): CodeIgniter\Boot::runCodeIgniter(Object(CodeIgniter\CodeIgniter))
13 FCPATH\index.php(59): CodeIgniter\Boot::bootWeb(Object(Config\Paths))
DEBUG - 2025-09-10 18:57:18 --> Session: Class initialized using 'CodeIgniter\Session\Handlers\FileHandler' driver.
DEBUG - 2025-09-10 18:57:18 --> Estadísticas mensuales: [{"mes":"Oct 2024","actividades":0,"practicas":0},{"mes":"Nov 2024","actividades":0,"practicas":0},{"mes":"Dic 2024","actividades":0,"practicas":0},{"mes":"Ene 2025","actividades":0,"practicas":0},{"mes":"Feb 2025","actividades":0,"practicas":0},{"mes":"Mar 2025","actividades":0,"practicas":0},{"mes":"Abr 2025","actividades":0,"practicas":0},{"mes":"May 2025","actividades":0,"practicas":0},{"mes":"Jun 2025","actividades":0,"practicas":1},{"mes":"Jul 2025","actividades":0,"practicas":1},{"mes":"Ago 2025","actividades":2,"practicas":1},{"mes":"Sep 2025","actividades":0,"practicas":1}]
DEBUG - 2025-09-10 18:57:18 --> Distribución carreras: [{"CARRERA":"Desarrollo de Software","TOTAL":"5"},{"CARRERA":"Dise\u00f1o Gr\u00e1fico","TOTAL":"4"},{"CARRERA":"Redes y Telecomunicaciones","TOTAL":"3"},{"CARRERA":"Administraci\u00f3n","TOTAL":"2"},{"CARRERA":"Marketing Digital y Comercio Electronico","TOTAL":"1"},{"CARRERA":"Atenci\u00f3n Integral a Adultos Mayores","TOTAL":"1"}]
DEBUG - 2025-09-10 18:57:24 --> Consulta SQL: SELECT *
FROM `TAB_DOCUMENTOS_PRACTICAS_PREPROFESIONALES` `dp`
DEBUG - 2025-09-10 18:57:24 --> Resultados obtenidos: 9
ERROR - 2025-09-10 18:57:24 --> mysqli_sql_exception: Unknown column 'ESTADO_REVISION' in 'where clause' in C:\xampp\htdocs\ITSI\vendor\codeigniter4\framework\system\Database\MySQLi\Connection.php:327
Stack trace:
#0 C:\xampp\htdocs\ITSI\vendor\codeigniter4\framework\system\Database\MySQLi\Connection.php(327): mysqli->query('SELECT COUNT(*)...', 0)
#1 C:\xampp\htdocs\ITSI\vendor\codeigniter4\framework\system\Database\BaseConnection.php(738): CodeIgniter\Database\MySQLi\Connection->execute('SELECT COUNT(*)...')
#2 C:\xampp\htdocs\ITSI\vendor\codeigniter4\framework\system\Database\BaseConnection.php(652): CodeIgniter\Database\BaseConnection->simpleQuery('SELECT COUNT(*)...')
#3 C:\xampp\htdocs\ITSI\vendor\codeigniter4\framework\system\Database\BaseBuilder.php(1733): CodeIgniter\Database\BaseConnection->query('SELECT COUNT(*)...', Array, false)
#4 C:\xampp\htdocs\ITSI\vendor\codeigniter4\framework\system\Model.php(676): CodeIgniter\Database\BaseBuilder->countAllResults(true)
#5 C:\xampp\htdocs\ITSI\app\Controllers\admin\DocumentosPracticasAdminController.php(300): CodeIgniter\Model->countAllResults()
#6 C:\xampp\htdocs\ITSI\app\Controllers\admin\DocumentosPracticasAdminController.php(36): App\Controllers\admin\DocumentosPracticasAdminController->getEstadisticas()
#7 C:\xampp\htdocs\ITSI\vendor\codeigniter4\framework\system\CodeIgniter.php(933): App\Controllers\admin\DocumentosPracticasAdminController->index()
#8 C:\xampp\htdocs\ITSI\vendor\codeigniter4\framework\system\CodeIgniter.php(507): CodeIgniter\CodeIgniter->runController(Object(App\Controllers\admin\DocumentosPracticasAdminController))
#9 C:\xampp\htdocs\ITSI\vendor\codeigniter4\framework\system\CodeIgniter.php(354): CodeIgniter\CodeIgniter->handleRequest(NULL, Object(Config\Cache), false)
#10 C:\xampp\htdocs\ITSI\vendor\codeigniter4\framework\system\Boot.php(334): CodeIgniter\CodeIgniter->run()
#11 C:\xampp\htdocs\ITSI\vendor\codeigniter4\framework\system\Boot.php(67): CodeIgniter\Boot::runCodeIgniter(Object(CodeIgniter\CodeIgniter))
#12 C:\xampp\htdocs\ITSI\public\index.php(59): CodeIgniter\Boot::bootWeb(Object(Config\Paths))
#13 {main}
CRITICAL - 2025-09-10 18:57:24 --> CodeIgniter\Database\Exceptions\DatabaseException: Unknown column 'ESTADO_REVISION' in 'where clause'
[Method: GET, Route: admin/documentos/practicas]
in SYSTEMPATH\Database\BaseConnection.php on line 692.
 1 SYSTEMPATH\Database\BaseBuilder.php(1733): CodeIgniter\Database\BaseConnection->query('SELECT COUNT(*) AS `numrows`
FROM `TAB_DOCUMENTOS_PRACTICAS_PREPROFESIONALES`
WHERE `ESTADO_REVISION` = :ESTADO_REVISION:', [...], false)
 2 SYSTEMPATH\Model.php(676): CodeIgniter\Database\BaseBuilder->countAllResults(true)
 3 APPPATH\Controllers\admin\DocumentosPracticasAdminController.php(300): CodeIgniter\Model->countAllResults()
 4 APPPATH\Controllers\admin\DocumentosPracticasAdminController.php(36): App\Controllers\admin\DocumentosPracticasAdminController->getEstadisticas()
 5 SYSTEMPATH\CodeIgniter.php(933): App\Controllers\admin\DocumentosPracticasAdminController->index()
 6 SYSTEMPATH\CodeIgniter.php(507): CodeIgniter\CodeIgniter->runController(Object(App\Controllers\admin\DocumentosPracticasAdminController))
 7 SYSTEMPATH\CodeIgniter.php(354): CodeIgniter\CodeIgniter->handleRequest(null, Object(Config\Cache), false)
 8 SYSTEMPATH\Boot.php(334): CodeIgniter\CodeIgniter->run()
 9 SYSTEMPATH\Boot.php(67): CodeIgniter\Boot::runCodeIgniter(Object(CodeIgniter\CodeIgniter))
10 FCPATH\index.php(59): CodeIgniter\Boot::bootWeb(Object(Config\Paths))
CRITICAL - 2025-09-10 18:57:24 --> [Caused by] CodeIgniter\Database\Exceptions\DatabaseException: Unknown column 'ESTADO_REVISION' in 'where clause'
in SYSTEMPATH\Database\MySQLi\Connection.php on line 332.
 1 SYSTEMPATH\Database\BaseConnection.php(738): CodeIgniter\Database\MySQLi\Connection->execute('SELECT COUNT(*) AS `numrows`
FROM `TAB_DOCUMENTOS_PRACTICAS_PREPROFESIONALES`
WHERE `ESTADO_REVISION` = \'Aprobado\'')
 2 SYSTEMPATH\Database\BaseConnection.php(652): CodeIgniter\Database\BaseConnection->simpleQuery('SELECT COUNT(*) AS `numrows`
FROM `TAB_DOCUMENTOS_PRACTICAS_PREPROFESIONALES`
WHERE `ESTADO_REVISION` = \'Aprobado\'')
 3 SYSTEMPATH\Database\BaseBuilder.php(1733): CodeIgniter\Database\BaseConnection->query('SELECT COUNT(*) AS `numrows`
FROM `TAB_DOCUMENTOS_PRACTICAS_PREPROFESIONALES`
WHERE `ESTADO_REVISION` = :ESTADO_REVISION:', [...], false)
 4 SYSTEMPATH\Model.php(676): CodeIgniter\Database\BaseBuilder->countAllResults(true)
 5 APPPATH\Controllers\admin\DocumentosPracticasAdminController.php(300): CodeIgniter\Model->countAllResults()
 6 APPPATH\Controllers\admin\DocumentosPracticasAdminController.php(36): App\Controllers\admin\DocumentosPracticasAdminController->getEstadisticas()
 7 SYSTEMPATH\CodeIgniter.php(933): App\Controllers\admin\DocumentosPracticasAdminController->index()
 8 SYSTEMPATH\CodeIgniter.php(507): CodeIgniter\CodeIgniter->runController(Object(App\Controllers\admin\DocumentosPracticasAdminController))
 9 SYSTEMPATH\CodeIgniter.php(354): CodeIgniter\CodeIgniter->handleRequest(null, Object(Config\Cache), false)
10 SYSTEMPATH\Boot.php(334): CodeIgniter\CodeIgniter->run()
11 SYSTEMPATH\Boot.php(67): CodeIgniter\Boot::runCodeIgniter(Object(CodeIgniter\CodeIgniter))
12 FCPATH\index.php(59): CodeIgniter\Boot::bootWeb(Object(Config\Paths))
CRITICAL - 2025-09-10 18:57:24 --> [Caused by] mysqli_sql_exception: Unknown column 'ESTADO_REVISION' in 'where clause'
in SYSTEMPATH\Database\MySQLi\Connection.php on line 327.
 1 SYSTEMPATH\Database\MySQLi\Connection.php(327): mysqli->query('SELECT COUNT(*) AS `numrows`
FROM `TAB_DOCUMENTOS_PRACTICAS_PREPROFESIONALES`
WHERE `ESTADO_REVISION` = \'Aprobado\'', 0)
 2 SYSTEMPATH\Database\BaseConnection.php(738): CodeIgniter\Database\MySQLi\Connection->execute('SELECT COUNT(*) AS `numrows`
FROM `TAB_DOCUMENTOS_PRACTICAS_PREPROFESIONALES`
WHERE `ESTADO_REVISION` = \'Aprobado\'')
 3 SYSTEMPATH\Database\BaseConnection.php(652): CodeIgniter\Database\BaseConnection->simpleQuery('SELECT COUNT(*) AS `numrows`
FROM `TAB_DOCUMENTOS_PRACTICAS_PREPROFESIONALES`
WHERE `ESTADO_REVISION` = \'Aprobado\'')
 4 SYSTEMPATH\Database\BaseBuilder.php(1733): CodeIgniter\Database\BaseConnection->query('SELECT COUNT(*) AS `numrows`
FROM `TAB_DOCUMENTOS_PRACTICAS_PREPROFESIONALES`
WHERE `ESTADO_REVISION` = :ESTADO_REVISION:', [...], false)
 5 SYSTEMPATH\Model.php(676): CodeIgniter\Database\BaseBuilder->countAllResults(true)
 6 APPPATH\Controllers\admin\DocumentosPracticasAdminController.php(300): CodeIgniter\Model->countAllResults()
 7 APPPATH\Controllers\admin\DocumentosPracticasAdminController.php(36): App\Controllers\admin\DocumentosPracticasAdminController->getEstadisticas()
 8 SYSTEMPATH\CodeIgniter.php(933): App\Controllers\admin\DocumentosPracticasAdminController->index()
 9 SYSTEMPATH\CodeIgniter.php(507): CodeIgniter\CodeIgniter->runController(Object(App\Controllers\admin\DocumentosPracticasAdminController))
10 SYSTEMPATH\CodeIgniter.php(354): CodeIgniter\CodeIgniter->handleRequest(null, Object(Config\Cache), false)
11 SYSTEMPATH\Boot.php(334): CodeIgniter\CodeIgniter->run()
12 SYSTEMPATH\Boot.php(67): CodeIgniter\Boot::runCodeIgniter(Object(CodeIgniter\CodeIgniter))
13 FCPATH\index.php(59): CodeIgniter\Boot::bootWeb(Object(Config\Paths))
DEBUG - 2025-09-10 19:03:14 --> Session: Class initialized using 'CodeIgniter\Session\Handlers\FileHandler' driver.
DEBUG - 2025-09-10 19:03:14 --> Estadísticas mensuales: [{"mes":"Oct 2024","actividades":0,"practicas":0},{"mes":"Nov 2024","actividades":0,"practicas":0},{"mes":"Dic 2024","actividades":0,"practicas":0},{"mes":"Ene 2025","actividades":0,"practicas":0},{"mes":"Feb 2025","actividades":0,"practicas":0},{"mes":"Mar 2025","actividades":0,"practicas":0},{"mes":"Abr 2025","actividades":0,"practicas":0},{"mes":"May 2025","actividades":0,"practicas":0},{"mes":"Jun 2025","actividades":0,"practicas":1},{"mes":"Jul 2025","actividades":0,"practicas":1},{"mes":"Ago 2025","actividades":2,"practicas":1},{"mes":"Sep 2025","actividades":0,"practicas":1}]
DEBUG - 2025-09-10 19:03:14 --> Distribución carreras: [{"CARRERA":"Desarrollo de Software","TOTAL":"5"},{"CARRERA":"Dise\u00f1o Gr\u00e1fico","TOTAL":"4"},{"CARRERA":"Redes y Telecomunicaciones","TOTAL":"3"},{"CARRERA":"Administraci\u00f3n","TOTAL":"2"},{"CARRERA":"Marketing Digital y Comercio Electronico","TOTAL":"1"},{"CARRERA":"Atenci\u00f3n Integral a Adultos Mayores","TOTAL":"1"}]
ERROR - 2025-09-10 19:03:16 --> mysqli_sql_exception: Unknown column 'pp.ENTIDAD_RECEPTORA' in 'field list' in C:\xampp\htdocs\ITSI\vendor\codeigniter4\framework\system\Database\MySQLi\Connection.php:327
Stack trace:
#0 C:\xampp\htdocs\ITSI\vendor\codeigniter4\framework\system\Database\MySQLi\Connection.php(327): mysqli->query('SELECT `dp`.*, ...', 0)
#1 C:\xampp\htdocs\ITSI\vendor\codeigniter4\framework\system\Database\BaseConnection.php(738): CodeIgniter\Database\MySQLi\Connection->execute('SELECT `dp`.*, ...')
#2 C:\xampp\htdocs\ITSI\vendor\codeigniter4\framework\system\Database\BaseConnection.php(652): CodeIgniter\Database\BaseConnection->simpleQuery('SELECT `dp`.*, ...')
#3 C:\xampp\htdocs\ITSI\vendor\codeigniter4\framework\system\Database\BaseBuilder.php(1649): CodeIgniter\Database\BaseConnection->query('SELECT `dp`.*, ...', Array, false)
#4 C:\xampp\htdocs\ITSI\app\Controllers\admin\DocumentosPracticasAdminController.php(280): CodeIgniter\Database\BaseBuilder->get()
#5 C:\xampp\htdocs\ITSI\app\Controllers\admin\DocumentosPracticasAdminController.php(35): App\Controllers\admin\DocumentosPracticasAdminController->getDocumentosCompletos()
#6 C:\xampp\htdocs\ITSI\vendor\codeigniter4\framework\system\CodeIgniter.php(933): App\Controllers\admin\DocumentosPracticasAdminController->index()
#7 C:\xampp\htdocs\ITSI\vendor\codeigniter4\framework\system\CodeIgniter.php(507): CodeIgniter\CodeIgniter->runController(Object(App\Controllers\admin\DocumentosPracticasAdminController))
#8 C:\xampp\htdocs\ITSI\vendor\codeigniter4\framework\system\CodeIgniter.php(354): CodeIgniter\CodeIgniter->handleRequest(NULL, Object(Config\Cache), false)
#9 C:\xampp\htdocs\ITSI\vendor\codeigniter4\framework\system\Boot.php(334): CodeIgniter\CodeIgniter->run()
#10 C:\xampp\htdocs\ITSI\vendor\codeigniter4\framework\system\Boot.php(67): CodeIgniter\Boot::runCodeIgniter(Object(CodeIgniter\CodeIgniter))
#11 C:\xampp\htdocs\ITSI\public\index.php(59): CodeIgniter\Boot::bootWeb(Object(Config\Paths))
#12 {main}
CRITICAL - 2025-09-10 19:03:16 --> CodeIgniter\Database\Exceptions\DatabaseException: Unknown column 'pp.ENTIDAD_RECEPTORA' in 'field list'
[Method: GET, Route: admin/documentos/practicas]
in SYSTEMPATH\Database\BaseConnection.php on line 692.
 1 SYSTEMPATH\Database\BaseBuilder.php(1649): CodeIgniter\Database\BaseConnection->query('SELECT `dp`.*, `tdp`.`ID_TIPO_DOCUMENTO_PREPROFESIONAL`, `tdp`.`CODIGO` as `TIPO_DOCUMENTO_CODIGO`, `tdp`.`NOMBRE` as `TIPO_DOCUMENTO_NOMBRE`, `tdp`.`DESCRIPCION` as `TIPO_DOCUMENTO_DESCRIPCION`, `tdp`.`ORDEN` as `TIPO_DOCUMENTO_ORDEN`, `tdp`.`OBLIGATORIO` as `TIPO_DOCUMENTO_OBLIGATORIO`, `er`.`ESTADO` as `ESTADO_REVISION`, `pp`.`ID_ESTUDIANTE`, `pp`.`ENTIDAD_RECEPTORA`, CONCAT(persona.NOMBRE, " ", persona.APELLIDO) as ESTUDIANTE_NOMBRE, `persona`.`NOMBRE` as `NOMBRE_ESTUDIANTE`, `persona`.`APELLIDO` as `APELLIDO_ESTUDIANTE`, `persona`.`CEDULA` as `CEDULA_ESTUDIANTE`
FROM `TAB_DOCUMENTOS_PRACTICAS_PREPROFESIONALES` `dp`
LEFT JOIN `TAB_TIPOS_DOCUMENTOS_PREPROFESIONALES` `tdp` ON `dp`.`ID_TIPO_DOCUMENTO` = `tdp`.`ID_TIPO_DOCUMENTO_PREPROFESIONAL`
LEFT JOIN `TAB_ESTADOS_REVISIONES` `er` ON `dp`.`ID_ESTADO_REVISION` = `er`.`ID_ESTADO_REVISION`
LEFT JOIN `TAB_PRACTICAS_PREPROFESIONALES` `pp` ON `dp`.`ID_PRACTICA_PREPROFESIONAL` = `pp`.`ID_PRACTICA_PREPROFESIONAL`
LEFT JOIN `TAB_ESTUDIANTES` `e` ON `pp`.`ID_ESTUDIANTE` = `e`.`ID_ESTUDIANTE`
LEFT JOIN `TAB_DATOS_PERSONAS` `persona` ON `e`.`ID_DATO_PERSONA` = `persona`.`ID_DATO_PERSONA`
ORDER BY `dp`.`FECHA_SUBIDA` DESC', [], false)
 2 APPPATH\Controllers\admin\DocumentosPracticasAdminController.php(280): CodeIgniter\Database\BaseBuilder->get()
 3 APPPATH\Controllers\admin\DocumentosPracticasAdminController.php(35): App\Controllers\admin\DocumentosPracticasAdminController->getDocumentosCompletos()
 4 SYSTEMPATH\CodeIgniter.php(933): App\Controllers\admin\DocumentosPracticasAdminController->index()
 5 SYSTEMPATH\CodeIgniter.php(507): CodeIgniter\CodeIgniter->runController(Object(App\Controllers\admin\DocumentosPracticasAdminController))
 6 SYSTEMPATH\CodeIgniter.php(354): CodeIgniter\CodeIgniter->handleRequest(null, Object(Config\Cache), false)
 7 SYSTEMPATH\Boot.php(334): CodeIgniter\CodeIgniter->run()
 8 SYSTEMPATH\Boot.php(67): CodeIgniter\Boot::runCodeIgniter(Object(CodeIgniter\CodeIgniter))
 9 FCPATH\index.php(59): CodeIgniter\Boot::bootWeb(Object(Config\Paths))
CRITICAL - 2025-09-10 19:03:16 --> [Caused by] CodeIgniter\Database\Exceptions\DatabaseException: Unknown column 'pp.ENTIDAD_RECEPTORA' in 'field list'
in SYSTEMPATH\Database\MySQLi\Connection.php on line 332.
 1 SYSTEMPATH\Database\BaseConnection.php(738): CodeIgniter\Database\MySQLi\Connection->execute('SELECT `dp`.*, `tdp`.`ID_TIPO_DOCUMENTO_PREPROFESIONAL`, `tdp`.`CODIGO` as `TIPO_DOCUMENTO_CODIGO`, `tdp`.`NOMBRE` as `TIPO_DOCUMENTO_NOMBRE`, `tdp`.`DESCRIPCION` as `TIPO_DOCUMENTO_DESCRIPCION`, `tdp`.`ORDEN` as `TIPO_DOCUMENTO_ORDEN`, `tdp`.`OBLIGATORIO` as `TIPO_DOCUMENTO_OBLIGATORIO`, `er`.`ESTADO` as `ESTADO_REVISION`, `pp`.`ID_ESTUDIANTE`, `pp`.`ENTIDAD_RECEPTORA`, CONCAT(persona.NOMBRE, " ", persona.APELLIDO) as ESTUDIANTE_NOMBRE, `persona`.`NOMBRE` as `NOMBRE_ESTUDIANTE`, `persona`.`APELLIDO` as `APELLIDO_ESTUDIANTE`, `persona`.`CEDULA` as `CEDULA_ESTUDIANTE`
FROM `TAB_DOCUMENTOS_PRACTICAS_PREPROFESIONALES` `dp`
LEFT JOIN `TAB_TIPOS_DOCUMENTOS_PREPROFESIONALES` `tdp` ON `dp`.`ID_TIPO_DOCUMENTO` = `tdp`.`ID_TIPO_DOCUMENTO_PREPROFESIONAL`
LEFT JOIN `TAB_ESTADOS_REVISIONES` `er` ON `dp`.`ID_ESTADO_REVISION` = `er`.`ID_ESTADO_REVISION`
LEFT JOIN `TAB_PRACTICAS_PREPROFESIONALES` `pp` ON `dp`.`ID_PRACTICA_PREPROFESIONAL` = `pp`.`ID_PRACTICA_PREPROFESIONAL`
LEFT JOIN `TAB_ESTUDIANTES` `e` ON `pp`.`ID_ESTUDIANTE` = `e`.`ID_ESTUDIANTE`
LEFT JOIN `TAB_DATOS_PERSONAS` `persona` ON `e`.`ID_DATO_PERSONA` = `persona`.`ID_DATO_PERSONA`
ORDER BY `dp`.`FECHA_SUBIDA` DESC')
 2 SYSTEMPATH\Database\BaseConnection.php(652): CodeIgniter\Database\BaseConnection->simpleQuery('SELECT `dp`.*, `tdp`.`ID_TIPO_DOCUMENTO_PREPROFESIONAL`, `tdp`.`CODIGO` as `TIPO_DOCUMENTO_CODIGO`, `tdp`.`NOMBRE` as `TIPO_DOCUMENTO_NOMBRE`, `tdp`.`DESCRIPCION` as `TIPO_DOCUMENTO_DESCRIPCION`, `tdp`.`ORDEN` as `TIPO_DOCUMENTO_ORDEN`, `tdp`.`OBLIGATORIO` as `TIPO_DOCUMENTO_OBLIGATORIO`, `er`.`ESTADO` as `ESTADO_REVISION`, `pp`.`ID_ESTUDIANTE`, `pp`.`ENTIDAD_RECEPTORA`, CONCAT(persona.NOMBRE, " ", persona.APELLIDO) as ESTUDIANTE_NOMBRE, `persona`.`NOMBRE` as `NOMBRE_ESTUDIANTE`, `persona`.`APELLIDO` as `APELLIDO_ESTUDIANTE`, `persona`.`CEDULA` as `CEDULA_ESTUDIANTE`
FROM `TAB_DOCUMENTOS_PRACTICAS_PREPROFESIONALES` `dp`
LEFT JOIN `TAB_TIPOS_DOCUMENTOS_PREPROFESIONALES` `tdp` ON `dp`.`ID_TIPO_DOCUMENTO` = `tdp`.`ID_TIPO_DOCUMENTO_PREPROFESIONAL`
LEFT JOIN `TAB_ESTADOS_REVISIONES` `er` ON `dp`.`ID_ESTADO_REVISION` = `er`.`ID_ESTADO_REVISION`
LEFT JOIN `TAB_PRACTICAS_PREPROFESIONALES` `pp` ON `dp`.`ID_PRACTICA_PREPROFESIONAL` = `pp`.`ID_PRACTICA_PREPROFESIONAL`
LEFT JOIN `TAB_ESTUDIANTES` `e` ON `pp`.`ID_ESTUDIANTE` = `e`.`ID_ESTUDIANTE`
LEFT JOIN `TAB_DATOS_PERSONAS` `persona` ON `e`.`ID_DATO_PERSONA` = `persona`.`ID_DATO_PERSONA`
ORDER BY `dp`.`FECHA_SUBIDA` DESC')
 3 SYSTEMPATH\Database\BaseBuilder.php(1649): CodeIgniter\Database\BaseConnection->query('SELECT `dp`.*, `tdp`.`ID_TIPO_DOCUMENTO_PREPROFESIONAL`, `tdp`.`CODIGO` as `TIPO_DOCUMENTO_CODIGO`, `tdp`.`NOMBRE` as `TIPO_DOCUMENTO_NOMBRE`, `tdp`.`DESCRIPCION` as `TIPO_DOCUMENTO_DESCRIPCION`, `tdp`.`ORDEN` as `TIPO_DOCUMENTO_ORDEN`, `tdp`.`OBLIGATORIO` as `TIPO_DOCUMENTO_OBLIGATORIO`, `er`.`ESTADO` as `ESTADO_REVISION`, `pp`.`ID_ESTUDIANTE`, `pp`.`ENTIDAD_RECEPTORA`, CONCAT(persona.NOMBRE, " ", persona.APELLIDO) as ESTUDIANTE_NOMBRE, `persona`.`NOMBRE` as `NOMBRE_ESTUDIANTE`, `persona`.`APELLIDO` as `APELLIDO_ESTUDIANTE`, `persona`.`CEDULA` as `CEDULA_ESTUDIANTE`
FROM `TAB_DOCUMENTOS_PRACTICAS_PREPROFESIONALES` `dp`
LEFT JOIN `TAB_TIPOS_DOCUMENTOS_PREPROFESIONALES` `tdp` ON `dp`.`ID_TIPO_DOCUMENTO` = `tdp`.`ID_TIPO_DOCUMENTO_PREPROFESIONAL`
LEFT JOIN `TAB_ESTADOS_REVISIONES` `er` ON `dp`.`ID_ESTADO_REVISION` = `er`.`ID_ESTADO_REVISION`
LEFT JOIN `TAB_PRACTICAS_PREPROFESIONALES` `pp` ON `dp`.`ID_PRACTICA_PREPROFESIONAL` = `pp`.`ID_PRACTICA_PREPROFESIONAL`
LEFT JOIN `TAB_ESTUDIANTES` `e` ON `pp`.`ID_ESTUDIANTE` = `e`.`ID_ESTUDIANTE`
LEFT JOIN `TAB_DATOS_PERSONAS` `persona` ON `e`.`ID_DATO_PERSONA` = `persona`.`ID_DATO_PERSONA`
ORDER BY `dp`.`FECHA_SUBIDA` DESC', [], false)
 4 APPPATH\Controllers\admin\DocumentosPracticasAdminController.php(280): CodeIgniter\Database\BaseBuilder->get()
 5 APPPATH\Controllers\admin\DocumentosPracticasAdminController.php(35): App\Controllers\admin\DocumentosPracticasAdminController->getDocumentosCompletos()
 6 SYSTEMPATH\CodeIgniter.php(933): App\Controllers\admin\DocumentosPracticasAdminController->index()
 7 SYSTEMPATH\CodeIgniter.php(507): CodeIgniter\CodeIgniter->runController(Object(App\Controllers\admin\DocumentosPracticasAdminController))
 8 SYSTEMPATH\CodeIgniter.php(354): CodeIgniter\CodeIgniter->handleRequest(null, Object(Config\Cache), false)
 9 SYSTEMPATH\Boot.php(334): CodeIgniter\CodeIgniter->run()
10 SYSTEMPATH\Boot.php(67): CodeIgniter\Boot::runCodeIgniter(Object(CodeIgniter\CodeIgniter))
11 FCPATH\index.php(59): CodeIgniter\Boot::bootWeb(Object(Config\Paths))
CRITICAL - 2025-09-10 19:03:16 --> [Caused by] mysqli_sql_exception: Unknown column 'pp.ENTIDAD_RECEPTORA' in 'field list'
in SYSTEMPATH\Database\MySQLi\Connection.php on line 327.
 1 SYSTEMPATH\Database\MySQLi\Connection.php(327): mysqli->query('SELECT `dp`.*, `tdp`.`ID_TIPO_DOCUMENTO_PREPROFESIONAL`, `tdp`.`CODIGO` as `TIPO_DOCUMENTO_CODIGO`, `tdp`.`NOMBRE` as `TIPO_DOCUMENTO_NOMBRE`, `tdp`.`DESCRIPCION` as `TIPO_DOCUMENTO_DESCRIPCION`, `tdp`.`ORDEN` as `TIPO_DOCUMENTO_ORDEN`, `tdp`.`OBLIGATORIO` as `TIPO_DOCUMENTO_OBLIGATORIO`, `er`.`ESTADO` as `ESTADO_REVISION`, `pp`.`ID_ESTUDIANTE`, `pp`.`ENTIDAD_RECEPTORA`, CONCAT(persona.NOMBRE, " ", persona.APELLIDO) as ESTUDIANTE_NOMBRE, `persona`.`NOMBRE` as `NOMBRE_ESTUDIANTE`, `persona`.`APELLIDO` as `APELLIDO_ESTUDIANTE`, `persona`.`CEDULA` as `CEDULA_ESTUDIANTE`
FROM `TAB_DOCUMENTOS_PRACTICAS_PREPROFESIONALES` `dp`
LEFT JOIN `TAB_TIPOS_DOCUMENTOS_PREPROFESIONALES` `tdp` ON `dp`.`ID_TIPO_DOCUMENTO` = `tdp`.`ID_TIPO_DOCUMENTO_PREPROFESIONAL`
LEFT JOIN `TAB_ESTADOS_REVISIONES` `er` ON `dp`.`ID_ESTADO_REVISION` = `er`.`ID_ESTADO_REVISION`
LEFT JOIN `TAB_PRACTICAS_PREPROFESIONALES` `pp` ON `dp`.`ID_PRACTICA_PREPROFESIONAL` = `pp`.`ID_PRACTICA_PREPROFESIONAL`
LEFT JOIN `TAB_ESTUDIANTES` `e` ON `pp`.`ID_ESTUDIANTE` = `e`.`ID_ESTUDIANTE`
LEFT JOIN `TAB_DATOS_PERSONAS` `persona` ON `e`.`ID_DATO_PERSONA` = `persona`.`ID_DATO_PERSONA`
ORDER BY `dp`.`FECHA_SUBIDA` DESC', 0)
 2 SYSTEMPATH\Database\BaseConnection.php(738): CodeIgniter\Database\MySQLi\Connection->execute('SELECT `dp`.*, `tdp`.`ID_TIPO_DOCUMENTO_PREPROFESIONAL`, `tdp`.`CODIGO` as `TIPO_DOCUMENTO_CODIGO`, `tdp`.`NOMBRE` as `TIPO_DOCUMENTO_NOMBRE`, `tdp`.`DESCRIPCION` as `TIPO_DOCUMENTO_DESCRIPCION`, `tdp`.`ORDEN` as `TIPO_DOCUMENTO_ORDEN`, `tdp`.`OBLIGATORIO` as `TIPO_DOCUMENTO_OBLIGATORIO`, `er`.`ESTADO` as `ESTADO_REVISION`, `pp`.`ID_ESTUDIANTE`, `pp`.`ENTIDAD_RECEPTORA`, CONCAT(persona.NOMBRE, " ", persona.APELLIDO) as ESTUDIANTE_NOMBRE, `persona`.`NOMBRE` as `NOMBRE_ESTUDIANTE`, `persona`.`APELLIDO` as `APELLIDO_ESTUDIANTE`, `persona`.`CEDULA` as `CEDULA_ESTUDIANTE`
FROM `TAB_DOCUMENTOS_PRACTICAS_PREPROFESIONALES` `dp`
LEFT JOIN `TAB_TIPOS_DOCUMENTOS_PREPROFESIONALES` `tdp` ON `dp`.`ID_TIPO_DOCUMENTO` = `tdp`.`ID_TIPO_DOCUMENTO_PREPROFESIONAL`
LEFT JOIN `TAB_ESTADOS_REVISIONES` `er` ON `dp`.`ID_ESTADO_REVISION` = `er`.`ID_ESTADO_REVISION`
LEFT JOIN `TAB_PRACTICAS_PREPROFESIONALES` `pp` ON `dp`.`ID_PRACTICA_PREPROFESIONAL` = `pp`.`ID_PRACTICA_PREPROFESIONAL`
LEFT JOIN `TAB_ESTUDIANTES` `e` ON `pp`.`ID_ESTUDIANTE` = `e`.`ID_ESTUDIANTE`
LEFT JOIN `TAB_DATOS_PERSONAS` `persona` ON `e`.`ID_DATO_PERSONA` = `persona`.`ID_DATO_PERSONA`
ORDER BY `dp`.`FECHA_SUBIDA` DESC')
 3 SYSTEMPATH\Database\BaseConnection.php(652): CodeIgniter\Database\BaseConnection->simpleQuery('SELECT `dp`.*, `tdp`.`ID_TIPO_DOCUMENTO_PREPROFESIONAL`, `tdp`.`CODIGO` as `TIPO_DOCUMENTO_CODIGO`, `tdp`.`NOMBRE` as `TIPO_DOCUMENTO_NOMBRE`, `tdp`.`DESCRIPCION` as `TIPO_DOCUMENTO_DESCRIPCION`, `tdp`.`ORDEN` as `TIPO_DOCUMENTO_ORDEN`, `tdp`.`OBLIGATORIO` as `TIPO_DOCUMENTO_OBLIGATORIO`, `er`.`ESTADO` as `ESTADO_REVISION`, `pp`.`ID_ESTUDIANTE`, `pp`.`ENTIDAD_RECEPTORA`, CONCAT(persona.NOMBRE, " ", persona.APELLIDO) as ESTUDIANTE_NOMBRE, `persona`.`NOMBRE` as `NOMBRE_ESTUDIANTE`, `persona`.`APELLIDO` as `APELLIDO_ESTUDIANTE`, `persona`.`CEDULA` as `CEDULA_ESTUDIANTE`
FROM `TAB_DOCUMENTOS_PRACTICAS_PREPROFESIONALES` `dp`
LEFT JOIN `TAB_TIPOS_DOCUMENTOS_PREPROFESIONALES` `tdp` ON `dp`.`ID_TIPO_DOCUMENTO` = `tdp`.`ID_TIPO_DOCUMENTO_PREPROFESIONAL`
LEFT JOIN `TAB_ESTADOS_REVISIONES` `er` ON `dp`.`ID_ESTADO_REVISION` = `er`.`ID_ESTADO_REVISION`
LEFT JOIN `TAB_PRACTICAS_PREPROFESIONALES` `pp` ON `dp`.`ID_PRACTICA_PREPROFESIONAL` = `pp`.`ID_PRACTICA_PREPROFESIONAL`
LEFT JOIN `TAB_ESTUDIANTES` `e` ON `pp`.`ID_ESTUDIANTE` = `e`.`ID_ESTUDIANTE`
LEFT JOIN `TAB_DATOS_PERSONAS` `persona` ON `e`.`ID_DATO_PERSONA` = `persona`.`ID_DATO_PERSONA`
ORDER BY `dp`.`FECHA_SUBIDA` DESC')
 4 SYSTEMPATH\Database\BaseBuilder.php(1649): CodeIgniter\Database\BaseConnection->query('SELECT `dp`.*, `tdp`.`ID_TIPO_DOCUMENTO_PREPROFESIONAL`, `tdp`.`CODIGO` as `TIPO_DOCUMENTO_CODIGO`, `tdp`.`NOMBRE` as `TIPO_DOCUMENTO_NOMBRE`, `tdp`.`DESCRIPCION` as `TIPO_DOCUMENTO_DESCRIPCION`, `tdp`.`ORDEN` as `TIPO_DOCUMENTO_ORDEN`, `tdp`.`OBLIGATORIO` as `TIPO_DOCUMENTO_OBLIGATORIO`, `er`.`ESTADO` as `ESTADO_REVISION`, `pp`.`ID_ESTUDIANTE`, `pp`.`ENTIDAD_RECEPTORA`, CONCAT(persona.NOMBRE, " ", persona.APELLIDO) as ESTUDIANTE_NOMBRE, `persona`.`NOMBRE` as `NOMBRE_ESTUDIANTE`, `persona`.`APELLIDO` as `APELLIDO_ESTUDIANTE`, `persona`.`CEDULA` as `CEDULA_ESTUDIANTE`
FROM `TAB_DOCUMENTOS_PRACTICAS_PREPROFESIONALES` `dp`
LEFT JOIN `TAB_TIPOS_DOCUMENTOS_PREPROFESIONALES` `tdp` ON `dp`.`ID_TIPO_DOCUMENTO` = `tdp`.`ID_TIPO_DOCUMENTO_PREPROFESIONAL`
LEFT JOIN `TAB_ESTADOS_REVISIONES` `er` ON `dp`.`ID_ESTADO_REVISION` = `er`.`ID_ESTADO_REVISION`
LEFT JOIN `TAB_PRACTICAS_PREPROFESIONALES` `pp` ON `dp`.`ID_PRACTICA_PREPROFESIONAL` = `pp`.`ID_PRACTICA_PREPROFESIONAL`
LEFT JOIN `TAB_ESTUDIANTES` `e` ON `pp`.`ID_ESTUDIANTE` = `e`.`ID_ESTUDIANTE`
LEFT JOIN `TAB_DATOS_PERSONAS` `persona` ON `e`.`ID_DATO_PERSONA` = `persona`.`ID_DATO_PERSONA`
ORDER BY `dp`.`FECHA_SUBIDA` DESC', [], false)
 5 APPPATH\Controllers\admin\DocumentosPracticasAdminController.php(280): CodeIgniter\Database\BaseBuilder->get()
 6 APPPATH\Controllers\admin\DocumentosPracticasAdminController.php(35): App\Controllers\admin\DocumentosPracticasAdminController->getDocumentosCompletos()
 7 SYSTEMPATH\CodeIgniter.php(933): App\Controllers\admin\DocumentosPracticasAdminController->index()
 8 SYSTEMPATH\CodeIgniter.php(507): CodeIgniter\CodeIgniter->runController(Object(App\Controllers\admin\DocumentosPracticasAdminController))
 9 SYSTEMPATH\CodeIgniter.php(354): CodeIgniter\CodeIgniter->handleRequest(null, Object(Config\Cache), false)
10 SYSTEMPATH\Boot.php(334): CodeIgniter\CodeIgniter->run()
11 SYSTEMPATH\Boot.php(67): CodeIgniter\Boot::runCodeIgniter(Object(CodeIgniter\CodeIgniter))
12 FCPATH\index.php(59): CodeIgniter\Boot::bootWeb(Object(Config\Paths))
DEBUG - 2025-09-10 19:12:37 --> Session: Class initialized using 'CodeIgniter\Session\Handlers\FileHandler' driver.
DEBUG - 2025-09-10 19:12:37 --> Estadísticas mensuales: [{"mes":"Oct 2024","actividades":0,"practicas":0},{"mes":"Nov 2024","actividades":0,"practicas":0},{"mes":"Dic 2024","actividades":0,"practicas":0},{"mes":"Ene 2025","actividades":0,"practicas":0},{"mes":"Feb 2025","actividades":0,"practicas":0},{"mes":"Mar 2025","actividades":0,"practicas":0},{"mes":"Abr 2025","actividades":0,"practicas":0},{"mes":"May 2025","actividades":0,"practicas":0},{"mes":"Jun 2025","actividades":0,"practicas":1},{"mes":"Jul 2025","actividades":0,"practicas":1},{"mes":"Ago 2025","actividades":2,"practicas":1},{"mes":"Sep 2025","actividades":0,"practicas":1}]
DEBUG - 2025-09-10 19:12:37 --> Distribución carreras: [{"CARRERA":"Desarrollo de Software","TOTAL":"5"},{"CARRERA":"Dise\u00f1o Gr\u00e1fico","TOTAL":"4"},{"CARRERA":"Redes y Telecomunicaciones","TOTAL":"3"},{"CARRERA":"Administraci\u00f3n","TOTAL":"2"},{"CARRERA":"Marketing Digital y Comercio Electronico","TOTAL":"1"},{"CARRERA":"Atenci\u00f3n Integral a Adultos Mayores","TOTAL":"1"}]
DEBUG - 2025-09-10 19:12:39 --> Consulta SQL: SELECT *
FROM `TAB_DOCUMENTOS_PRACTICAS_PREPROFESIONALES` `dp`
DEBUG - 2025-09-10 19:12:39 --> Resultados obtenidos: 9
DEBUG - 2025-09-10 19:12:39 --> Tipos de documentos en index: [{"ID_TIPO_DOCUMENTO_PREPROFESIONAL":"1","CODIGO":"PPR-001","NOMBRE":"Oficio de Asignaci\u00f3n de Tutor","DESCRIPCION":"Documento oficial emitido por la coordinaci\u00f3n de la carrera que designa al docente responsable de la tutor\u00eda y seguimiento de las pr\u00e1cticas de servicio comunitario del estudiante.","ORDEN":"1","OBLIGATORIO":"1","ACTIVO":"1","FECHA_CREACION":"2025-09-04 06:59:17","FECHA_ACTUALIZACION":"2025-09-04 06:59:17"},{"ID_TIPO_DOCUMENTO_PREPROFESIONAL":"2","CODIGO":"PPR-002","NOMBRE":"Oficio a Entidad Receptora","DESCRIPCION":"Carta formal enviada por el estudiante a la instituci\u00f3n \"Instituto Tecnol\u00f3gico Superior Ibarra\", con el prop\u00f3sito de solicitar la oportunidad de realizar sus pr\u00e1cticas de servicio comunitario.","ORDEN":"2","OBLIGATORIO":"1","ACTIVO":"1","FECHA_CREACION":"2025-09-04 06:59:17","FECHA_ACTUALIZACION":"2025-09-04 06:59:17"},{"ID_TIPO_DOCUMENTO_PREPROFESIONAL":"3","CODIGO":"PPR-003","NOMBRE":"Carta de Aceptaci\u00f3n","DESCRIPCION":"Carta oficial de la entidad receptora \"Instituto Tecnol\u00f3gico Superior Ibarra\" que confirma la aceptaci\u00f3n del o los estudiantes para realizar las pr\u00e1cticas de servicio comunitario en sus instalaciones.","ORDEN":"3","OBLIGATORIO":"1","ACTIVO":"1","FECHA_CREACION":"2025-09-04 06:59:17","FECHA_ACTUALIZACION":"2025-09-04 06:59:17"},{"ID_TIPO_DOCUMENTO_PREPROFESIONAL":"4","CODIGO":"PPR-004","NOMBRE":"Solicitud Institucional Valorada","DESCRIPCION":"Documento de solicitud formal dirigido al Sr. Rector, Dr. Mario Montenegro, pidiendo la aprobaci\u00f3n institucional para la realizaci\u00f3n de las pr\u00e1cticas de servicio comunitario.","ORDEN":"4","OBLIGATORIO":"1","ACTIVO":"1","FECHA_CREACION":"2025-09-04 06:59:17","FECHA_ACTUALIZACION":"2025-09-04 06:59:17"},{"ID_TIPO_DOCUMENTO_PREPROFESIONAL":"5","CODIGO":"PPR-005","NOMBRE":"Certificado de Culminaci\u00f3n de Horas","DESCRIPCION":"Certificado emitido por la entidad receptora \"Instituto Tecnol\u00f3gico Superior Ibarra\" que acredita que el estudiante ha completado las 60 horas requeridas de pr\u00e1cticas de servicio comunitario.","ORDEN":"5","OBLIGATORIO":"1","ACTIVO":"1","FECHA_CREACION":"2025-09-04 06:59:17","FECHA_ACTUALIZACION":"2025-09-04 06:59:17"},{"ID_TIPO_DOCUMENTO_PREPROFESIONAL":"6","CODIGO":"PPR-006","NOMBRE":"Hojas de Asistencia","DESCRIPCION":"Registro f\u00edsico de la asistencia del estudiante en la entidad receptora. Incluye las firmas y sellos para validar las horas de trabajo.","ORDEN":"6","OBLIGATORIO":"1","ACTIVO":"1","FECHA_CREACION":"2025-09-04 06:59:17","FECHA_ACTUALIZACION":"2025-09-04 06:59:17"},{"ID_TIPO_DOCUMENTO_PREPROFESIONAL":"7","CODIGO":"PPR-007","NOMBRE":"Ficha de Registro de Actividades","DESCRIPCION":"Documento detallado en el que el estudiante registra las actividades espec\u00edficas realizadas durante sus pr\u00e1cticas, incluyendo fechas y descripciones.","ORDEN":"7","OBLIGATORIO":"1","ACTIVO":"1","FECHA_CREACION":"2025-09-04 06:59:17","FECHA_ACTUALIZACION":"2025-09-04 06:59:17"},{"ID_TIPO_DOCUMENTO_PREPROFESIONAL":"8","CODIGO":"PPR-008","NOMBRE":"R\u00fabrica de Evaluaci\u00f3n de Entidad","DESCRIPCION":"Formulario de evaluaci\u00f3n del desempe\u00f1o del estudiante, llenado y sellado por la entidad receptora. Valora aspectos como la responsabilidad, la proactividad y la calidad del trabajo.","ORDEN":"8","OBLIGATORIO":"1","ACTIVO":"1","FECHA_CREACION":"2025-09-04 06:59:17","FECHA_ACTUALIZACION":"2025-09-04 06:59:17"},{"ID_TIPO_DOCUMENTO_PREPROFESIONAL":"9","CODIGO":"PPR-009","NOMBRE":"Ficha de Control y Seguimiento Docente","DESCRIPCION":"Documento utilizado por el tutor docente para registrar el seguimiento acad\u00e9mico del estudiante durante las pr\u00e1cticas. Incluye visitas o revisiones peri\u00f3dicas.","ORDEN":"9","OBLIGATORIO":"1","ACTIVO":"1","FECHA_CREACION":"2025-09-04 06:59:17","FECHA_ACTUALIZACION":"2025-09-04 06:59:17"},{"ID_TIPO_DOCUMENTO_PREPROFESIONAL":"10","CODIGO":"PPR-010","NOMBRE":"R\u00fabrica de Evaluaci\u00f3n Docente","DESCRIPCION":"R\u00fabrica de evaluaci\u00f3n llenada y firmada por el tutor docente. Califica el desempe\u00f1o del estudiante en base a los criterios acad\u00e9micos del programa.","ORDEN":"10","OBLIGATORIO":"1","ACTIVO":"1","FECHA_CREACION":"2025-09-04 06:59:17","FECHA_ACTUALIZACION":"2025-09-04 06:59:17"},{"ID_TIPO_DOCUMENTO_PREPROFESIONAL":"11","CODIGO":"PPR-011","NOMBRE":"R\u00fabrica de Evaluaci\u00f3n de Resultados","DESCRIPCION":"Evaluaci\u00f3n final realizada por el Departamento de Vinculaci\u00f3n con la Sociedad, que valora los resultados y el impacto del proyecto de servicio comunitario en su conjunto.","ORDEN":"11","OBLIGATORIO":"1","ACTIVO":"1","FECHA_CREACION":"2025-09-04 06:59:17","FECHA_ACTUALIZACION":"2025-09-04 06:59:17"},{"ID_TIPO_DOCUMENTO_PREPROFESIONAL":"12","CODIGO":"PPR-012","NOMBRE":"Evidencia Fotogr\u00e1fica y Digital","DESCRIPCION":"Material de apoyo visual y digital, como fotos, capturas, videos o impresiones, que documenta y comprueba la realizaci\u00f3n de las actividades y trabajos del proyecto.","ORDEN":"12","OBLIGATORIO":"1","ACTIVO":"1","FECHA_CREACION":"2025-09-04 06:59:17","FECHA_ACTUALIZACION":"2025-09-04 06:59:17"}]
DEBUG - 2025-09-10 19:12:39 --> Session: Class initialized using 'CodeIgniter\Session\Handlers\FileHandler' driver.
DEBUG - 2025-09-10 19:12:40 --> Consulta SQL: SELECT *
FROM `TAB_DOCUMENTOS_PRACTICAS_PREPROFESIONALES` `dp`
DEBUG - 2025-09-10 19:12:40 --> Resultados obtenidos: 9
DEBUG - 2025-09-10 19:12:40 --> Documentos obtenidos: [{"ID_DOCUMENTO_PREPROFESIONAL":"17","ID_PRACTICA_PREPROFESIONAL":"2","ID_TIPO_DOCUMENTO":"9","ID_ESTADO_REVISION":"4","NOMBRE_ARCHIVO":"ficha_control_seguimiento_002_20250920.pdf","NOMBRE_ORIGINAL":"Ficha Control Seguimiento - Mar\u00eda.pdf","TIPO_ARCHIVO":"application\/pdf","TAMANO_ARCHIVO":"112233","RUTA_ARCHIVO":"\/uploads\/documentos-practicas\/","FECHA_SUBIDA":"2025-09-20 10:15:00","FECHA_REVISION":"2025-09-20 12:45:00","ID_REVISOR":"18","OBSERVACIONES":"Ficha de control y seguimiento docente","OBSERVACIONES_REVISOR":"Faltan las firmas del tutor docente, documento inv\u00e1lido","VERSION":"1","ACTIVO":"1","FECHA_CREACION":"2025-09-04 06:59:17","FECHA_ACTUALIZACION":"2025-09-04 06:59:17","ID_TIPO_DOCUMENTO_PREPROFESIONAL":"9","TIPO_DOCUMENTO_CODIGO":"PPR-009","TIPO_DOCUMENTO_NOMBRE":"Ficha de Control y Seguimiento Docente","TIPO_DOCUMENTO_DESCRIPCION":"Documento utilizado por el tutor docente para registrar el seguimiento acad\u00e9mico del estudiante durante las pr\u00e1cticas. Incluye visitas o revisiones peri\u00f3dicas.","TIPO_DOCUMENTO_ORDEN":"9","TIPO_DOCUMENTO_OBLIGATORIO":"1","ESTADO_REVISION":"Rechazado","ID_ESTUDIANTE":"2","ENTIDAD_RECEPTORA":"Banco del Pac\u00edfico","ESTUDIANTE_NOMBRE":"Mar\u00eda Elena Garc\u00eda Torres","NOMBRE_ESTUDIANTE":"Mar\u00eda Elena","APELLIDO_ESTUDIANTE":"Garc\u00eda Torres","CEDULA_ESTUDIANTE":"1002345678"},{"ID_DOCUMENTO_PREPROFESIONAL":"15","ID_PRACTICA_PREPROFESIONAL":"2","ID_TIPO_DOCUMENTO":"7","ID_ESTADO_REVISION":"5","NOMBRE_ARCHIVO":"ficha_registro_actividades_002_20250915.pdf","NOMBRE_ORIGINAL":"Ficha Registro Actividades - Mar\u00eda.pdf","TIPO_ARCHIVO":"application\/pdf","TAMANO_ARCHIVO":"98765","RUTA_ARCHIVO":"\/uploads\/documentos-practicas\/","FECHA_SUBIDA":"2025-09-15 11:30:00","FECHA_REVISION":"2025-09-15 14:20:00","ID_REVISOR":"18","OBSERVACIONES":"Ficha de registro de actividades","OBSERVACIONES_REVISOR":"Descripci\u00f3n de actividades muy general, especificar m\u00e1s detalles","VERSION":"1","ACTIVO":"1","FECHA_CREACION":"2025-09-04 06:59:17","FECHA_ACTUALIZACION":"2025-09-04 06:59:17","ID_TIPO_DOCUMENTO_PREPROFESIONAL":"7","TIPO_DOCUMENTO_CODIGO":"PPR-007","TIPO_DOCUMENTO_NOMBRE":"Ficha de Registro de Actividades","TIPO_DOCUMENTO_DESCRIPCION":"Documento detallado en el que el estudiante registra las actividades espec\u00edficas realizadas durante sus pr\u00e1cticas, incluyendo fechas y descripciones.","TIPO_DOCUMENTO_ORDEN":"7","TIPO_DOCUMENTO_OBLIGATORIO":"1","ESTADO_REVISION":"Requiere Correcci\u00f3n","ID_ESTUDIANTE":"2","ENTIDAD_RECEPTORA":"Banco del Pac\u00edfico","ESTUDIANTE_NOMBRE":"Mar\u00eda Elena Garc\u00eda Torres","NOMBRE_ESTUDIANTE":"Mar\u00eda Elena","APELLIDO_ESTUDIANTE":"Garc\u00eda Torres","CEDULA_ESTUDIANTE":"1002345678"},{"ID_DOCUMENTO_PREPROFESIONAL":"14","ID_PRACTICA_PREPROFESIONAL":"1","ID_TIPO_DOCUMENTO":"6","ID_ESTADO_REVISION":"5","NOMBRE_ARCHIVO":"hojas_asistencia_001_20250830.pdf","NOMBRE_ORIGINAL":"Hojas de Asistencia - Juan Carlos.pdf","TIPO_ARCHIVO":"application\/pdf","TAMANO_ARCHIVO":"123456","RUTA_ARCHIVO":"\/uploads\/documentos-practicas\/","FECHA_SUBIDA":"2025-08-30 16:15:00","FECHA_REVISION":"2025-08-30 17:45:00","ID_REVISOR":"17","OBSERVACIONES":"Hojas de asistencia completas","OBSERVACIONES_REVISOR":"Faltan firmas en algunas fechas, corregir y volver a subir","VERSION":"1","ACTIVO":"1","FECHA_CREACION":"2025-09-04 06:59:17","FECHA_ACTUALIZACION":"2025-09-04 06:59:17","ID_TIPO_DOCUMENTO_PREPROFESIONAL":"6","TIPO_DOCUMENTO_CODIGO":"PPR-006","TIPO_DOCUMENTO_NOMBRE":"Hojas de Asistencia","TIPO_DOCUMENTO_DESCRIPCION":"Registro f\u00edsico de la asistencia del estudiante en la entidad receptora. Incluye las firmas y sellos para validar las horas de trabajo.","TIPO_DOCUMENTO_ORDEN":"6","TIPO_DOCUMENTO_OBLIGATORIO":"1","ESTADO_REVISION":"Requiere Correcci\u00f3n","ID_ESTUDIANTE":"1","ENTIDAD_RECEPTORA":"Hospital San Vicente de Pa\u00fal","ESTUDIANTE_NOMBRE":"Juan Carlos P\u00e9rez L\u00f3pez","NOMBRE_ESTUDIANTE":"Juan Carlos","APELLIDO_ESTUDIANTE":"P\u00e9rez L\u00f3pez","CEDULA_ESTUDIANTE":"1001234567"},{"ID_DOCUMENTO_PREPROFESIONAL":"16","ID_PRACTICA_PREPROFESIONAL":"1","ID_TIPO_DOCUMENTO":"8","ID_ESTADO_REVISION":"4","NOMBRE_ARCHIVO":"rubrica_evaluacion_entidad_001_20250825.pdf","NOMBRE_ORIGINAL":"R\u00fabrica Evaluaci\u00f3n Entidad - Juan.pdf","TIPO_ARCHIVO":"application\/pdf","TAMANO_ARCHIVO":"87654","RUTA_ARCHIVO":"\/uploads\/documentos-practicas\/","FECHA_SUBIDA":"2025-08-25 15:00:00","FECHA_REVISION":"2025-08-25 16:30:00","ID_REVISOR":"17","OBSERVACIONES":"R\u00fabrica de evaluaci\u00f3n de entidad","OBSERVACIONES_REVISOR":"Documento no tiene sello oficial de la entidad, rechazado","VERSION":"1","ACTIVO":"1","FECHA_CREACION":"2025-09-04 06:59:17","FECHA_ACTUALIZACION":"2025-09-04 06:59:17","ID_TIPO_DOCUMENTO_PREPROFESIONAL":"8","TIPO_DOCUMENTO_CODIGO":"PPR-008","TIPO_DOCUMENTO_NOMBRE":"R\u00fabrica de Evaluaci\u00f3n de Entidad","TIPO_DOCUMENTO_DESCRIPCION":"Formulario de evaluaci\u00f3n del desempe\u00f1o del estudiante, llenado y sellado por la entidad receptora. Valora aspectos como la responsabilidad, la proactividad y la calidad del trabajo.","TIPO_DOCUMENTO_ORDEN":"8","TIPO_DOCUMENTO_OBLIGATORIO":"1","ESTADO_REVISION":"Rechazado","ID_ESTUDIANTE":"1","ENTIDAD_RECEPTORA":"Hospital San Vicente de Pa\u00fal","ESTUDIANTE_NOMBRE":"Juan Carlos P\u00e9rez L\u00f3pez","NOMBRE_ESTUDIANTE":"Juan Carlos","APELLIDO_ESTUDIANTE":"P\u00e9rez L\u00f3pez","CEDULA_ESTUDIANTE":"1001234567"},{"ID_DOCUMENTO_PREPROFESIONAL":"5","ID_PRACTICA_PREPROFESIONAL":"2","ID_TIPO_DOCUMENTO":"2","ID_ESTADO_REVISION":"3","NOMBRE_ARCHIVO":"oficio_entidad_receptora_002_20250702.pdf","NOMBRE_ORIGINAL":"Oficio Entidad Receptora - Banco.pdf","TIPO_ARCHIVO":"application\/pdf","TAMANO_ARCHIVO":"178944","RUTA_ARCHIVO":"\/uploads\/documentos-practicas\/","FECHA_SUBIDA":"2025-07-02 15:45:00","FECHA_REVISION":"2025-07-02 17:20:00","ID_REVISOR":"18","OBSERVACIONES":"Oficio enviado a la entidad receptora","OBSERVACIONES_REVISOR":"Oficio formal y bien estructurado","VERSION":"1","ACTIVO":"1","FECHA_CREACION":"2025-09-04 06:59:17","FECHA_ACTUALIZACION":"2025-09-04 06:59:17","ID_TIPO_DOCUMENTO_PREPROFESIONAL":"2","TIPO_DOCUMENTO_CODIGO":"PPR-002","TIPO_DOCUMENTO_NOMBRE":"Oficio a Entidad Receptora","TIPO_DOCUMENTO_DESCRIPCION":"Carta formal enviada por el estudiante a la instituci\u00f3n \"Instituto Tecnol\u00f3gico Superior Ibarra\", con el prop\u00f3sito de solicitar la oportunidad de realizar sus pr\u00e1cticas de servicio comunitario.","TIPO_DOCUMENTO_ORDEN":"2","TIPO_DOCUMENTO_OBLIGATORIO":"1","ESTADO_REVISION":"Aprobado","ID_ESTUDIANTE":"2","ENTIDAD_RECEPTORA":"Banco del Pac\u00edfico","ESTUDIANTE_NOMBRE":"Mar\u00eda Elena Garc\u00eda Torres","NOMBRE_ESTUDIANTE":"Mar\u00eda Elena","APELLIDO_ESTUDIANTE":"Garc\u00eda Torres","CEDULA_ESTUDIANTE":"1002345678"},{"ID_DOCUMENTO_PREPROFESIONAL":"4","ID_PRACTICA_PREPROFESIONAL":"2","ID_TIPO_DOCUMENTO":"1","ID_ESTADO_REVISION":"3","NOMBRE_ARCHIVO":"oficio_asignacion_tutor_002_20250701.pdf","NOMBRE_ORIGINAL":"Oficio Asignaci\u00f3n Tutor - Mar\u00eda Elena.pdf","TIPO_ARCHIVO":"application\/pdf","TAMANO_ARCHIVO":"234880","RUTA_ARCHIVO":"\/uploads\/documentos-practicas\/","FECHA_SUBIDA":"2025-07-01 11:00:00","FECHA_REVISION":"2025-07-01 13:15:00","ID_REVISOR":"18","OBSERVACIONES":"Documento oficial de asignaci\u00f3n","OBSERVACIONES_REVISOR":"Asignaci\u00f3n correcta del tutor","VERSION":"1","ACTIVO":"1","FECHA_CREACION":"2025-09-04 06:59:17","FECHA_ACTUALIZACION":"2025-09-04 06:59:17","ID_TIPO_DOCUMENTO_PREPROFESIONAL":"1","TIPO_DOCUMENTO_CODIGO":"PPR-001","TIPO_DOCUMENTO_NOMBRE":"Oficio de Asignaci\u00f3n de Tutor","TIPO_DOCUMENTO_DESCRIPCION":"Documento oficial emitido por la coordinaci\u00f3n de la carrera que designa al docente responsable de la tutor\u00eda y seguimiento de las pr\u00e1cticas de servicio comunitario del estudiante.","TIPO_DOCUMENTO_ORDEN":"1","TIPO_DOCUMENTO_OBLIGATORIO":"1","ESTADO_REVISION":"Aprobado","ID_ESTUDIANTE":"2","ENTIDAD_RECEPTORA":"Banco del Pac\u00edfico","ESTUDIANTE_NOMBRE":"Mar\u00eda Elena Garc\u00eda Torres","NOMBRE_ESTUDIANTE":"Mar\u00eda Elena","APELLIDO_ESTUDIANTE":"Garc\u00eda Torres","CEDULA_ESTUDIANTE":"1002345678"},{"ID_DOCUMENTO_PREPROFESIONAL":"3","ID_PRACTICA_PREPROFESIONAL":"1","ID_TIPO_DOCUMENTO":"3","ID_ESTADO_REVISION":"3","NOMBRE_ARCHIVO":"carta_aceptacion_001_20250603.pdf","NOMBRE_ORIGINAL":"Carta Aceptaci\u00f3n - Hospital.pdf","TIPO_ARCHIVO":"application\/pdf","TAMANO_ARCHIVO":"156672","RUTA_ARCHIVO":"\/uploads\/documentos-practicas\/","FECHA_SUBIDA":"2025-06-03 09:15:00","FECHA_REVISION":"2025-06-03 11:20:00","ID_REVISOR":"17","OBSERVACIONES":"Carta de aceptaci\u00f3n de la entidad","OBSERVACIONES_REVISOR":"Carta oficial con sello institucional","VERSION":"1","ACTIVO":"1","FECHA_CREACION":"2025-09-04 06:59:17","FECHA_ACTUALIZACION":"2025-09-04 06:59:17","ID_TIPO_DOCUMENTO_PREPROFESIONAL":"3","TIPO_DOCUMENTO_CODIGO":"PPR-003","TIPO_DOCUMENTO_NOMBRE":"Carta de Aceptaci\u00f3n","TIPO_DOCUMENTO_DESCRIPCION":"Carta oficial de la entidad receptora \"Instituto Tecnol\u00f3gico Superior Ibarra\" que confirma la aceptaci\u00f3n del o los estudiantes para realizar las pr\u00e1cticas de servicio comunitario en sus instalaciones.","TIPO_DOCUMENTO_ORDEN":"3","TIPO_DOCUMENTO_OBLIGATORIO":"1","ESTADO_REVISION":"Aprobado","ID_ESTUDIANTE":"1","ENTIDAD_RECEPTORA":"Hospital San Vicente de Pa\u00fal","ESTUDIANTE_NOMBRE":"Juan Carlos P\u00e9rez L\u00f3pez","NOMBRE_ESTUDIANTE":"Juan Carlos","APELLIDO_ESTUDIANTE":"P\u00e9rez L\u00f3pez","CEDULA_ESTUDIANTE":"1001234567"},{"ID_DOCUMENTO_PREPROFESIONAL":"2","ID_PRACTICA_PREPROFESIONAL":"1","ID_TIPO_DOCUMENTO":"2","ID_ESTADO_REVISION":"3","NOMBRE_ARCHIVO":"oficio_entidad_receptora_001_20250602.pdf","NOMBRE_ORIGINAL":"Oficio Entidad Receptora - Hospital.pdf","TIPO_ARCHIVO":"application\/pdf","TAMANO_ARCHIVO":"189440","RUTA_ARCHIVO":"\/uploads\/documentos-practicas\/","FECHA_SUBIDA":"2025-06-02 14:30:00","FECHA_REVISION":"2025-06-02 16:45:00","ID_REVISOR":"17","OBSERVACIONES":"Oficio enviado a la entidad receptora","OBSERVACIONES_REVISOR":"Oficio bien redactado y formal","VERSION":"1","ACTIVO":"1","FECHA_CREACION":"2025-09-04 06:59:17","FECHA_ACTUALIZACION":"2025-09-04 06:59:17","ID_TIPO_DOCUMENTO_PREPROFESIONAL":"2","TIPO_DOCUMENTO_CODIGO":"PPR-002","TIPO_DOCUMENTO_NOMBRE":"Oficio a Entidad Receptora","TIPO_DOCUMENTO_DESCRIPCION":"Carta formal enviada por el estudiante a la instituci\u00f3n \"Instituto Tecnol\u00f3gico Superior Ibarra\", con el prop\u00f3sito de solicitar la oportunidad de realizar sus pr\u00e1cticas de servicio comunitario.","TIPO_DOCUMENTO_ORDEN":"2","TIPO_DOCUMENTO_OBLIGATORIO":"1","ESTADO_REVISION":"Aprobado","ID_ESTUDIANTE":"1","ENTIDAD_RECEPTORA":"Hospital San Vicente de Pa\u00fal","ESTUDIANTE_NOMBRE":"Juan Carlos P\u00e9rez L\u00f3pez","NOMBRE_ESTUDIANTE":"Juan Carlos","APELLIDO_ESTUDIANTE":"P\u00e9rez L\u00f3pez","CEDULA_ESTUDIANTE":"1001234567"},{"ID_DOCUMENTO_PREPROFESIONAL":"1","ID_PRACTICA_PREPROFESIONAL":"1","ID_TIPO_DOCUMENTO":"1","ID_ESTADO_REVISION":"3","NOMBRE_ARCHIVO":"oficio_asignacion_tutor_001_20250601.pdf","NOMBRE_ORIGINAL":"Oficio Asignaci\u00f3n Tutor - Juan Carlos.pdf","TIPO_ARCHIVO":"application\/pdf","TAMANO_ARCHIVO":"245760","RUTA_ARCHIVO":"\/uploads\/documentos-practicas\/","FECHA_SUBIDA":"2025-06-01 10:00:00","FECHA_REVISION":"2025-06-01 14:30:00","ID_REVISOR":"17","OBSERVACIONES":"Documento oficial de asignaci\u00f3n","OBSERVACIONES_REVISOR":"Documento aprobado correctamente","VERSION":"1","ACTIVO":"1","FECHA_CREACION":"2025-09-04 06:59:17","FECHA_ACTUALIZACION":"2025-09-04 06:59:17","ID_TIPO_DOCUMENTO_PREPROFESIONAL":"1","TIPO_DOCUMENTO_CODIGO":"PPR-001","TIPO_DOCUMENTO_NOMBRE":"Oficio de Asignaci\u00f3n de Tutor","TIPO_DOCUMENTO_DESCRIPCION":"Documento oficial emitido por la coordinaci\u00f3n de la carrera que designa al docente responsable de la tutor\u00eda y seguimiento de las pr\u00e1cticas de servicio comunitario del estudiante.","TIPO_DOCUMENTO_ORDEN":"1","TIPO_DOCUMENTO_OBLIGATORIO":"1","ESTADO_REVISION":"Aprobado","ID_ESTUDIANTE":"1","ENTIDAD_RECEPTORA":"Hospital San Vicente de Pa\u00fal","ESTUDIANTE_NOMBRE":"Juan Carlos P\u00e9rez L\u00f3pez","NOMBRE_ESTUDIANTE":"Juan Carlos","APELLIDO_ESTUDIANTE":"P\u00e9rez L\u00f3pez","CEDULA_ESTUDIANTE":"1001234567"}]
DEBUG - 2025-09-10 19:12:42 --> Session: Class initialized using 'CodeIgniter\Session\Handlers\FileHandler' driver.
ERROR - 2025-09-10 19:12:42 --> mysqli_sql_exception: Unknown column 'dsc.ESTADO_REVISION' in 'field list' in C:\xampp\htdocs\ITSI\vendor\codeigniter4\framework\system\Database\MySQLi\Connection.php:327
Stack trace:
#0 C:\xampp\htdocs\ITSI\vendor\codeigniter4\framework\system\Database\MySQLi\Connection.php(327): mysqli->query('SELECT COUNT(*)...', 0)
#1 C:\xampp\htdocs\ITSI\vendor\codeigniter4\framework\system\Database\BaseConnection.php(738): CodeIgniter\Database\MySQLi\Connection->execute('SELECT COUNT(*)...')
#2 C:\xampp\htdocs\ITSI\vendor\codeigniter4\framework\system\Database\BaseConnection.php(652): CodeIgniter\Database\BaseConnection->simpleQuery('SELECT COUNT(*)...')
#3 C:\xampp\htdocs\ITSI\vendor\codeigniter4\framework\system\Database\BaseBuilder.php(1649): CodeIgniter\Database\BaseConnection->query('SELECT COUNT(*)...', Array, false)
#4 C:\xampp\htdocs\ITSI\app\Models\DocumentosServicioComunitarioModel.php(137): CodeIgniter\Database\BaseBuilder->get()
#5 C:\xampp\htdocs\ITSI\app\Controllers\admin\DocumentosAdminController.php(45): App\Models\DocumentosServicioComunitarioModel->getEstadisticasDocumentos()
#6 C:\xampp\htdocs\ITSI\vendor\codeigniter4\framework\system\CodeIgniter.php(933): App\Controllers\admin\DocumentosAdminController->documentosServicioComunitario()
#7 C:\xampp\htdocs\ITSI\vendor\codeigniter4\framework\system\CodeIgniter.php(507): CodeIgniter\CodeIgniter->runController(Object(App\Controllers\admin\DocumentosAdminController))
#8 C:\xampp\htdocs\ITSI\vendor\codeigniter4\framework\system\CodeIgniter.php(354): CodeIgniter\CodeIgniter->handleRequest(NULL, Object(Config\Cache), false)
#9 C:\xampp\htdocs\ITSI\vendor\codeigniter4\framework\system\Boot.php(334): CodeIgniter\CodeIgniter->run()
#10 C:\xampp\htdocs\ITSI\vendor\codeigniter4\framework\system\Boot.php(67): CodeIgniter\Boot::runCodeIgniter(Object(CodeIgniter\CodeIgniter))
#11 C:\xampp\htdocs\ITSI\public\index.php(59): CodeIgniter\Boot::bootWeb(Object(Config\Paths))
#12 {main}
DEBUG - 2025-09-10 19:12:46 --> Consulta SQL: SELECT *
FROM `TAB_DOCUMENTOS_PRACTICAS_PREPROFESIONALES` `dp`
DEBUG - 2025-09-10 19:12:46 --> Resultados obtenidos: 9
DEBUG - 2025-09-10 19:12:46 --> Tipos de documentos en index: [{"ID_TIPO_DOCUMENTO_PREPROFESIONAL":"1","CODIGO":"PPR-001","NOMBRE":"Oficio de Asignaci\u00f3n de Tutor","DESCRIPCION":"Documento oficial emitido por la coordinaci\u00f3n de la carrera que designa al docente responsable de la tutor\u00eda y seguimiento de las pr\u00e1cticas de servicio comunitario del estudiante.","ORDEN":"1","OBLIGATORIO":"1","ACTIVO":"1","FECHA_CREACION":"2025-09-04 06:59:17","FECHA_ACTUALIZACION":"2025-09-04 06:59:17"},{"ID_TIPO_DOCUMENTO_PREPROFESIONAL":"2","CODIGO":"PPR-002","NOMBRE":"Oficio a Entidad Receptora","DESCRIPCION":"Carta formal enviada por el estudiante a la instituci\u00f3n \"Instituto Tecnol\u00f3gico Superior Ibarra\", con el prop\u00f3sito de solicitar la oportunidad de realizar sus pr\u00e1cticas de servicio comunitario.","ORDEN":"2","OBLIGATORIO":"1","ACTIVO":"1","FECHA_CREACION":"2025-09-04 06:59:17","FECHA_ACTUALIZACION":"2025-09-04 06:59:17"},{"ID_TIPO_DOCUMENTO_PREPROFESIONAL":"3","CODIGO":"PPR-003","NOMBRE":"Carta de Aceptaci\u00f3n","DESCRIPCION":"Carta oficial de la entidad receptora \"Instituto Tecnol\u00f3gico Superior Ibarra\" que confirma la aceptaci\u00f3n del o los estudiantes para realizar las pr\u00e1cticas de servicio comunitario en sus instalaciones.","ORDEN":"3","OBLIGATORIO":"1","ACTIVO":"1","FECHA_CREACION":"2025-09-04 06:59:17","FECHA_ACTUALIZACION":"2025-09-04 06:59:17"},{"ID_TIPO_DOCUMENTO_PREPROFESIONAL":"4","CODIGO":"PPR-004","NOMBRE":"Solicitud Institucional Valorada","DESCRIPCION":"Documento de solicitud formal dirigido al Sr. Rector, Dr. Mario Montenegro, pidiendo la aprobaci\u00f3n institucional para la realizaci\u00f3n de las pr\u00e1cticas de servicio comunitario.","ORDEN":"4","OBLIGATORIO":"1","ACTIVO":"1","FECHA_CREACION":"2025-09-04 06:59:17","FECHA_ACTUALIZACION":"2025-09-04 06:59:17"},{"ID_TIPO_DOCUMENTO_PREPROFESIONAL":"5","CODIGO":"PPR-005","NOMBRE":"Certificado de Culminaci\u00f3n de Horas","DESCRIPCION":"Certificado emitido por la entidad receptora \"Instituto Tecnol\u00f3gico Superior Ibarra\" que acredita que el estudiante ha completado las 60 horas requeridas de pr\u00e1cticas de servicio comunitario.","ORDEN":"5","OBLIGATORIO":"1","ACTIVO":"1","FECHA_CREACION":"2025-09-04 06:59:17","FECHA_ACTUALIZACION":"2025-09-04 06:59:17"},{"ID_TIPO_DOCUMENTO_PREPROFESIONAL":"6","CODIGO":"PPR-006","NOMBRE":"Hojas de Asistencia","DESCRIPCION":"Registro f\u00edsico de la asistencia del estudiante en la entidad receptora. Incluye las firmas y sellos para validar las horas de trabajo.","ORDEN":"6","OBLIGATORIO":"1","ACTIVO":"1","FECHA_CREACION":"2025-09-04 06:59:17","FECHA_ACTUALIZACION":"2025-09-04 06:59:17"},{"ID_TIPO_DOCUMENTO_PREPROFESIONAL":"7","CODIGO":"PPR-007","NOMBRE":"Ficha de Registro de Actividades","DESCRIPCION":"Documento detallado en el que el estudiante registra las actividades espec\u00edficas realizadas durante sus pr\u00e1cticas, incluyendo fechas y descripciones.","ORDEN":"7","OBLIGATORIO":"1","ACTIVO":"1","FECHA_CREACION":"2025-09-04 06:59:17","FECHA_ACTUALIZACION":"2025-09-04 06:59:17"},{"ID_TIPO_DOCUMENTO_PREPROFESIONAL":"8","CODIGO":"PPR-008","NOMBRE":"R\u00fabrica de Evaluaci\u00f3n de Entidad","DESCRIPCION":"Formulario de evaluaci\u00f3n del desempe\u00f1o del estudiante, llenado y sellado por la entidad receptora. Valora aspectos como la responsabilidad, la proactividad y la calidad del trabajo.","ORDEN":"8","OBLIGATORIO":"1","ACTIVO":"1","FECHA_CREACION":"2025-09-04 06:59:17","FECHA_ACTUALIZACION":"2025-09-04 06:59:17"},{"ID_TIPO_DOCUMENTO_PREPROFESIONAL":"9","CODIGO":"PPR-009","NOMBRE":"Ficha de Control y Seguimiento Docente","DESCRIPCION":"Documento utilizado por el tutor docente para registrar el seguimiento acad\u00e9mico del estudiante durante las pr\u00e1cticas. Incluye visitas o revisiones peri\u00f3dicas.","ORDEN":"9","OBLIGATORIO":"1","ACTIVO":"1","FECHA_CREACION":"2025-09-04 06:59:17","FECHA_ACTUALIZACION":"2025-09-04 06:59:17"},{"ID_TIPO_DOCUMENTO_PREPROFESIONAL":"10","CODIGO":"PPR-010","NOMBRE":"R\u00fabrica de Evaluaci\u00f3n Docente","DESCRIPCION":"R\u00fabrica de evaluaci\u00f3n llenada y firmada por el tutor docente. Califica el desempe\u00f1o del estudiante en base a los criterios acad\u00e9micos del programa.","ORDEN":"10","OBLIGATORIO":"1","ACTIVO":"1","FECHA_CREACION":"2025-09-04 06:59:17","FECHA_ACTUALIZACION":"2025-09-04 06:59:17"},{"ID_TIPO_DOCUMENTO_PREPROFESIONAL":"11","CODIGO":"PPR-011","NOMBRE":"R\u00fabrica de Evaluaci\u00f3n de Resultados","DESCRIPCION":"Evaluaci\u00f3n final realizada por el Departamento de Vinculaci\u00f3n con la Sociedad, que valora los resultados y el impacto del proyecto de servicio comunitario en su conjunto.","ORDEN":"11","OBLIGATORIO":"1","ACTIVO":"1","FECHA_CREACION":"2025-09-04 06:59:17","FECHA_ACTUALIZACION":"2025-09-04 06:59:17"},{"ID_TIPO_DOCUMENTO_PREPROFESIONAL":"12","CODIGO":"PPR-012","NOMBRE":"Evidencia Fotogr\u00e1fica y Digital","DESCRIPCION":"Material de apoyo visual y digital, como fotos, capturas, videos o impresiones, que documenta y comprueba la realizaci\u00f3n de las actividades y trabajos del proyecto.","ORDEN":"12","OBLIGATORIO":"1","ACTIVO":"1","FECHA_CREACION":"2025-09-04 06:59:17","FECHA_ACTUALIZACION":"2025-09-04 06:59:17"}]
DEBUG - 2025-09-10 19:12:46 --> Session: Class initialized using 'CodeIgniter\Session\Handlers\FileHandler' driver.
DEBUG - 2025-09-10 19:12:47 --> Consulta SQL: SELECT *
FROM `TAB_DOCUMENTOS_PRACTICAS_PREPROFESIONALES` `dp`
DEBUG - 2025-09-10 19:12:47 --> Resultados obtenidos: 9
DEBUG - 2025-09-10 19:12:47 --> Documentos obtenidos: [{"ID_DOCUMENTO_PREPROFESIONAL":"17","ID_PRACTICA_PREPROFESIONAL":"2","ID_TIPO_DOCUMENTO":"9","ID_ESTADO_REVISION":"4","NOMBRE_ARCHIVO":"ficha_control_seguimiento_002_20250920.pdf","NOMBRE_ORIGINAL":"Ficha Control Seguimiento - Mar\u00eda.pdf","TIPO_ARCHIVO":"application\/pdf","TAMANO_ARCHIVO":"112233","RUTA_ARCHIVO":"\/uploads\/documentos-practicas\/","FECHA_SUBIDA":"2025-09-20 10:15:00","FECHA_REVISION":"2025-09-20 12:45:00","ID_REVISOR":"18","OBSERVACIONES":"Ficha de control y seguimiento docente","OBSERVACIONES_REVISOR":"Faltan las firmas del tutor docente, documento inv\u00e1lido","VERSION":"1","ACTIVO":"1","FECHA_CREACION":"2025-09-04 06:59:17","FECHA_ACTUALIZACION":"2025-09-04 06:59:17","ID_TIPO_DOCUMENTO_PREPROFESIONAL":"9","TIPO_DOCUMENTO_CODIGO":"PPR-009","TIPO_DOCUMENTO_NOMBRE":"Ficha de Control y Seguimiento Docente","TIPO_DOCUMENTO_DESCRIPCION":"Documento utilizado por el tutor docente para registrar el seguimiento acad\u00e9mico del estudiante durante las pr\u00e1cticas. Incluye visitas o revisiones peri\u00f3dicas.","TIPO_DOCUMENTO_ORDEN":"9","TIPO_DOCUMENTO_OBLIGATORIO":"1","ESTADO_REVISION":"Rechazado","ID_ESTUDIANTE":"2","ENTIDAD_RECEPTORA":"Banco del Pac\u00edfico","ESTUDIANTE_NOMBRE":"Mar\u00eda Elena Garc\u00eda Torres","NOMBRE_ESTUDIANTE":"Mar\u00eda Elena","APELLIDO_ESTUDIANTE":"Garc\u00eda Torres","CEDULA_ESTUDIANTE":"1002345678"},{"ID_DOCUMENTO_PREPROFESIONAL":"15","ID_PRACTICA_PREPROFESIONAL":"2","ID_TIPO_DOCUMENTO":"7","ID_ESTADO_REVISION":"5","NOMBRE_ARCHIVO":"ficha_registro_actividades_002_20250915.pdf","NOMBRE_ORIGINAL":"Ficha Registro Actividades - Mar\u00eda.pdf","TIPO_ARCHIVO":"application\/pdf","TAMANO_ARCHIVO":"98765","RUTA_ARCHIVO":"\/uploads\/documentos-practicas\/","FECHA_SUBIDA":"2025-09-15 11:30:00","FECHA_REVISION":"2025-09-15 14:20:00","ID_REVISOR":"18","OBSERVACIONES":"Ficha de registro de actividades","OBSERVACIONES_REVISOR":"Descripci\u00f3n de actividades muy general, especificar m\u00e1s detalles","VERSION":"1","ACTIVO":"1","FECHA_CREACION":"2025-09-04 06:59:17","FECHA_ACTUALIZACION":"2025-09-04 06:59:17","ID_TIPO_DOCUMENTO_PREPROFESIONAL":"7","TIPO_DOCUMENTO_CODIGO":"PPR-007","TIPO_DOCUMENTO_NOMBRE":"Ficha de Registro de Actividades","TIPO_DOCUMENTO_DESCRIPCION":"Documento detallado en el que el estudiante registra las actividades espec\u00edficas realizadas durante sus pr\u00e1cticas, incluyendo fechas y descripciones.","TIPO_DOCUMENTO_ORDEN":"7","TIPO_DOCUMENTO_OBLIGATORIO":"1","ESTADO_REVISION":"Requiere Correcci\u00f3n","ID_ESTUDIANTE":"2","ENTIDAD_RECEPTORA":"Banco del Pac\u00edfico","ESTUDIANTE_NOMBRE":"Mar\u00eda Elena Garc\u00eda Torres","NOMBRE_ESTUDIANTE":"Mar\u00eda Elena","APELLIDO_ESTUDIANTE":"Garc\u00eda Torres","CEDULA_ESTUDIANTE":"1002345678"},{"ID_DOCUMENTO_PREPROFESIONAL":"14","ID_PRACTICA_PREPROFESIONAL":"1","ID_TIPO_DOCUMENTO":"6","ID_ESTADO_REVISION":"5","NOMBRE_ARCHIVO":"hojas_asistencia_001_20250830.pdf","NOMBRE_ORIGINAL":"Hojas de Asistencia - Juan Carlos.pdf","TIPO_ARCHIVO":"application\/pdf","TAMANO_ARCHIVO":"123456","RUTA_ARCHIVO":"\/uploads\/documentos-practicas\/","FECHA_SUBIDA":"2025-08-30 16:15:00","FECHA_REVISION":"2025-08-30 17:45:00","ID_REVISOR":"17","OBSERVACIONES":"Hojas de asistencia completas","OBSERVACIONES_REVISOR":"Faltan firmas en algunas fechas, corregir y volver a subir","VERSION":"1","ACTIVO":"1","FECHA_CREACION":"2025-09-04 06:59:17","FECHA_ACTUALIZACION":"2025-09-04 06:59:17","ID_TIPO_DOCUMENTO_PREPROFESIONAL":"6","TIPO_DOCUMENTO_CODIGO":"PPR-006","TIPO_DOCUMENTO_NOMBRE":"Hojas de Asistencia","TIPO_DOCUMENTO_DESCRIPCION":"Registro f\u00edsico de la asistencia del estudiante en la entidad receptora. Incluye las firmas y sellos para validar las horas de trabajo.","TIPO_DOCUMENTO_ORDEN":"6","TIPO_DOCUMENTO_OBLIGATORIO":"1","ESTADO_REVISION":"Requiere Correcci\u00f3n","ID_ESTUDIANTE":"1","ENTIDAD_RECEPTORA":"Hospital San Vicente de Pa\u00fal","ESTUDIANTE_NOMBRE":"Juan Carlos P\u00e9rez L\u00f3pez","NOMBRE_ESTUDIANTE":"Juan Carlos","APELLIDO_ESTUDIANTE":"P\u00e9rez L\u00f3pez","CEDULA_ESTUDIANTE":"1001234567"},{"ID_DOCUMENTO_PREPROFESIONAL":"16","ID_PRACTICA_PREPROFESIONAL":"1","ID_TIPO_DOCUMENTO":"8","ID_ESTADO_REVISION":"4","NOMBRE_ARCHIVO":"rubrica_evaluacion_entidad_001_20250825.pdf","NOMBRE_ORIGINAL":"R\u00fabrica Evaluaci\u00f3n Entidad - Juan.pdf","TIPO_ARCHIVO":"application\/pdf","TAMANO_ARCHIVO":"87654","RUTA_ARCHIVO":"\/uploads\/documentos-practicas\/","FECHA_SUBIDA":"2025-08-25 15:00:00","FECHA_REVISION":"2025-08-25 16:30:00","ID_REVISOR":"17","OBSERVACIONES":"R\u00fabrica de evaluaci\u00f3n de entidad","OBSERVACIONES_REVISOR":"Documento no tiene sello oficial de la entidad, rechazado","VERSION":"1","ACTIVO":"1","FECHA_CREACION":"2025-09-04 06:59:17","FECHA_ACTUALIZACION":"2025-09-04 06:59:17","ID_TIPO_DOCUMENTO_PREPROFESIONAL":"8","TIPO_DOCUMENTO_CODIGO":"PPR-008","TIPO_DOCUMENTO_NOMBRE":"R\u00fabrica de Evaluaci\u00f3n de Entidad","TIPO_DOCUMENTO_DESCRIPCION":"Formulario de evaluaci\u00f3n del desempe\u00f1o del estudiante, llenado y sellado por la entidad receptora. Valora aspectos como la responsabilidad, la proactividad y la calidad del trabajo.","TIPO_DOCUMENTO_ORDEN":"8","TIPO_DOCUMENTO_OBLIGATORIO":"1","ESTADO_REVISION":"Rechazado","ID_ESTUDIANTE":"1","ENTIDAD_RECEPTORA":"Hospital San Vicente de Pa\u00fal","ESTUDIANTE_NOMBRE":"Juan Carlos P\u00e9rez L\u00f3pez","NOMBRE_ESTUDIANTE":"Juan Carlos","APELLIDO_ESTUDIANTE":"P\u00e9rez L\u00f3pez","CEDULA_ESTUDIANTE":"1001234567"},{"ID_DOCUMENTO_PREPROFESIONAL":"5","ID_PRACTICA_PREPROFESIONAL":"2","ID_TIPO_DOCUMENTO":"2","ID_ESTADO_REVISION":"3","NOMBRE_ARCHIVO":"oficio_entidad_receptora_002_20250702.pdf","NOMBRE_ORIGINAL":"Oficio Entidad Receptora - Banco.pdf","TIPO_ARCHIVO":"application\/pdf","TAMANO_ARCHIVO":"178944","RUTA_ARCHIVO":"\/uploads\/documentos-practicas\/","FECHA_SUBIDA":"2025-07-02 15:45:00","FECHA_REVISION":"2025-07-02 17:20:00","ID_REVISOR":"18","OBSERVACIONES":"Oficio enviado a la entidad receptora","OBSERVACIONES_REVISOR":"Oficio formal y bien estructurado","VERSION":"1","ACTIVO":"1","FECHA_CREACION":"2025-09-04 06:59:17","FECHA_ACTUALIZACION":"2025-09-04 06:59:17","ID_TIPO_DOCUMENTO_PREPROFESIONAL":"2","TIPO_DOCUMENTO_CODIGO":"PPR-002","TIPO_DOCUMENTO_NOMBRE":"Oficio a Entidad Receptora","TIPO_DOCUMENTO_DESCRIPCION":"Carta formal enviada por el estudiante a la instituci\u00f3n \"Instituto Tecnol\u00f3gico Superior Ibarra\", con el prop\u00f3sito de solicitar la oportunidad de realizar sus pr\u00e1cticas de servicio comunitario.","TIPO_DOCUMENTO_ORDEN":"2","TIPO_DOCUMENTO_OBLIGATORIO":"1","ESTADO_REVISION":"Aprobado","ID_ESTUDIANTE":"2","ENTIDAD_RECEPTORA":"Banco del Pac\u00edfico","ESTUDIANTE_NOMBRE":"Mar\u00eda Elena Garc\u00eda Torres","NOMBRE_ESTUDIANTE":"Mar\u00eda Elena","APELLIDO_ESTUDIANTE":"Garc\u00eda Torres","CEDULA_ESTUDIANTE":"1002345678"},{"ID_DOCUMENTO_PREPROFESIONAL":"4","ID_PRACTICA_PREPROFESIONAL":"2","ID_TIPO_DOCUMENTO":"1","ID_ESTADO_REVISION":"3","NOMBRE_ARCHIVO":"oficio_asignacion_tutor_002_20250701.pdf","NOMBRE_ORIGINAL":"Oficio Asignaci\u00f3n Tutor - Mar\u00eda Elena.pdf","TIPO_ARCHIVO":"application\/pdf","TAMANO_ARCHIVO":"234880","RUTA_ARCHIVO":"\/uploads\/documentos-practicas\/","FECHA_SUBIDA":"2025-07-01 11:00:00","FECHA_REVISION":"2025-07-01 13:15:00","ID_REVISOR":"18","OBSERVACIONES":"Documento oficial de asignaci\u00f3n","OBSERVACIONES_REVISOR":"Asignaci\u00f3n correcta del tutor","VERSION":"1","ACTIVO":"1","FECHA_CREACION":"2025-09-04 06:59:17","FECHA_ACTUALIZACION":"2025-09-04 06:59:17","ID_TIPO_DOCUMENTO_PREPROFESIONAL":"1","TIPO_DOCUMENTO_CODIGO":"PPR-001","TIPO_DOCUMENTO_NOMBRE":"Oficio de Asignaci\u00f3n de Tutor","TIPO_DOCUMENTO_DESCRIPCION":"Documento oficial emitido por la coordinaci\u00f3n de la carrera que designa al docente responsable de la tutor\u00eda y seguimiento de las pr\u00e1cticas de servicio comunitario del estudiante.","TIPO_DOCUMENTO_ORDEN":"1","TIPO_DOCUMENTO_OBLIGATORIO":"1","ESTADO_REVISION":"Aprobado","ID_ESTUDIANTE":"2","ENTIDAD_RECEPTORA":"Banco del Pac\u00edfico","ESTUDIANTE_NOMBRE":"Mar\u00eda Elena Garc\u00eda Torres","NOMBRE_ESTUDIANTE":"Mar\u00eda Elena","APELLIDO_ESTUDIANTE":"Garc\u00eda Torres","CEDULA_ESTUDIANTE":"1002345678"},{"ID_DOCUMENTO_PREPROFESIONAL":"3","ID_PRACTICA_PREPROFESIONAL":"1","ID_TIPO_DOCUMENTO":"3","ID_ESTADO_REVISION":"3","NOMBRE_ARCHIVO":"carta_aceptacion_001_20250603.pdf","NOMBRE_ORIGINAL":"Carta Aceptaci\u00f3n - Hospital.pdf","TIPO_ARCHIVO":"application\/pdf","TAMANO_ARCHIVO":"156672","RUTA_ARCHIVO":"\/uploads\/documentos-practicas\/","FECHA_SUBIDA":"2025-06-03 09:15:00","FECHA_REVISION":"2025-06-03 11:20:00","ID_REVISOR":"17","OBSERVACIONES":"Carta de aceptaci\u00f3n de la entidad","OBSERVACIONES_REVISOR":"Carta oficial con sello institucional","VERSION":"1","ACTIVO":"1","FECHA_CREACION":"2025-09-04 06:59:17","FECHA_ACTUALIZACION":"2025-09-04 06:59:17","ID_TIPO_DOCUMENTO_PREPROFESIONAL":"3","TIPO_DOCUMENTO_CODIGO":"PPR-003","TIPO_DOCUMENTO_NOMBRE":"Carta de Aceptaci\u00f3n","TIPO_DOCUMENTO_DESCRIPCION":"Carta oficial de la entidad receptora \"Instituto Tecnol\u00f3gico Superior Ibarra\" que confirma la aceptaci\u00f3n del o los estudiantes para realizar las pr\u00e1cticas de servicio comunitario en sus instalaciones.","TIPO_DOCUMENTO_ORDEN":"3","TIPO_DOCUMENTO_OBLIGATORIO":"1","ESTADO_REVISION":"Aprobado","ID_ESTUDIANTE":"1","ENTIDAD_RECEPTORA":"Hospital San Vicente de Pa\u00fal","ESTUDIANTE_NOMBRE":"Juan Carlos P\u00e9rez L\u00f3pez","NOMBRE_ESTUDIANTE":"Juan Carlos","APELLIDO_ESTUDIANTE":"P\u00e9rez L\u00f3pez","CEDULA_ESTUDIANTE":"1001234567"},{"ID_DOCUMENTO_PREPROFESIONAL":"2","ID_PRACTICA_PREPROFESIONAL":"1","ID_TIPO_DOCUMENTO":"2","ID_ESTADO_REVISION":"3","NOMBRE_ARCHIVO":"oficio_entidad_receptora_001_20250602.pdf","NOMBRE_ORIGINAL":"Oficio Entidad Receptora - Hospital.pdf","TIPO_ARCHIVO":"application\/pdf","TAMANO_ARCHIVO":"189440","RUTA_ARCHIVO":"\/uploads\/documentos-practicas\/","FECHA_SUBIDA":"2025-06-02 14:30:00","FECHA_REVISION":"2025-06-02 16:45:00","ID_REVISOR":"17","OBSERVACIONES":"Oficio enviado a la entidad receptora","OBSERVACIONES_REVISOR":"Oficio bien redactado y formal","VERSION":"1","ACTIVO":"1","FECHA_CREACION":"2025-09-04 06:59:17","FECHA_ACTUALIZACION":"2025-09-04 06:59:17","ID_TIPO_DOCUMENTO_PREPROFESIONAL":"2","TIPO_DOCUMENTO_CODIGO":"PPR-002","TIPO_DOCUMENTO_NOMBRE":"Oficio a Entidad Receptora","TIPO_DOCUMENTO_DESCRIPCION":"Carta formal enviada por el estudiante a la instituci\u00f3n \"Instituto Tecnol\u00f3gico Superior Ibarra\", con el prop\u00f3sito de solicitar la oportunidad de realizar sus pr\u00e1cticas de servicio comunitario.","TIPO_DOCUMENTO_ORDEN":"2","TIPO_DOCUMENTO_OBLIGATORIO":"1","ESTADO_REVISION":"Aprobado","ID_ESTUDIANTE":"1","ENTIDAD_RECEPTORA":"Hospital San Vicente de Pa\u00fal","ESTUDIANTE_NOMBRE":"Juan Carlos P\u00e9rez L\u00f3pez","NOMBRE_ESTUDIANTE":"Juan Carlos","APELLIDO_ESTUDIANTE":"P\u00e9rez L\u00f3pez","CEDULA_ESTUDIANTE":"1001234567"},{"ID_DOCUMENTO_PREPROFESIONAL":"1","ID_PRACTICA_PREPROFESIONAL":"1","ID_TIPO_DOCUMENTO":"1","ID_ESTADO_REVISION":"3","NOMBRE_ARCHIVO":"oficio_asignacion_tutor_001_20250601.pdf","NOMBRE_ORIGINAL":"Oficio Asignaci\u00f3n Tutor - Juan Carlos.pdf","TIPO_ARCHIVO":"application\/pdf","TAMANO_ARCHIVO":"245760","RUTA_ARCHIVO":"\/uploads\/documentos-practicas\/","FECHA_SUBIDA":"2025-06-01 10:00:00","FECHA_REVISION":"2025-06-01 14:30:00","ID_REVISOR":"17","OBSERVACIONES":"Documento oficial de asignaci\u00f3n","OBSERVACIONES_REVISOR":"Documento aprobado correctamente","VERSION":"1","ACTIVO":"1","FECHA_CREACION":"2025-09-04 06:59:17","FECHA_ACTUALIZACION":"2025-09-04 06:59:17","ID_TIPO_DOCUMENTO_PREPROFESIONAL":"1","TIPO_DOCUMENTO_CODIGO":"PPR-001","TIPO_DOCUMENTO_NOMBRE":"Oficio de Asignaci\u00f3n de Tutor","TIPO_DOCUMENTO_DESCRIPCION":"Documento oficial emitido por la coordinaci\u00f3n de la carrera que designa al docente responsable de la tutor\u00eda y seguimiento de las pr\u00e1cticas de servicio comunitario del estudiante.","TIPO_DOCUMENTO_ORDEN":"1","TIPO_DOCUMENTO_OBLIGATORIO":"1","ESTADO_REVISION":"Aprobado","ID_ESTUDIANTE":"1","ENTIDAD_RECEPTORA":"Hospital San Vicente de Pa\u00fal","ESTUDIANTE_NOMBRE":"Juan Carlos P\u00e9rez L\u00f3pez","NOMBRE_ESTUDIANTE":"Juan Carlos","APELLIDO_ESTUDIANTE":"P\u00e9rez L\u00f3pez","CEDULA_ESTUDIANTE":"1001234567"}]
DEBUG - 2025-09-10 19:12:50 --> Session: Class initialized using 'CodeIgniter\Session\Handlers\FileHandler' driver.
ERROR - 2025-09-10 19:12:50 --> mysqli_sql_exception: Unknown column 'dsc.ESTADO_REVISION' in 'field list' in C:\xampp\htdocs\ITSI\vendor\codeigniter4\framework\system\Database\MySQLi\Connection.php:327
Stack trace:
#0 C:\xampp\htdocs\ITSI\vendor\codeigniter4\framework\system\Database\MySQLi\Connection.php(327): mysqli->query('SELECT COUNT(*)...', 0)
#1 C:\xampp\htdocs\ITSI\vendor\codeigniter4\framework\system\Database\BaseConnection.php(738): CodeIgniter\Database\MySQLi\Connection->execute('SELECT COUNT(*)...')
#2 C:\xampp\htdocs\ITSI\vendor\codeigniter4\framework\system\Database\BaseConnection.php(652): CodeIgniter\Database\BaseConnection->simpleQuery('SELECT COUNT(*)...')
#3 C:\xampp\htdocs\ITSI\vendor\codeigniter4\framework\system\Database\BaseBuilder.php(1649): CodeIgniter\Database\BaseConnection->query('SELECT COUNT(*)...', Array, false)
#4 C:\xampp\htdocs\ITSI\app\Models\DocumentosServicioComunitarioModel.php(137): CodeIgniter\Database\BaseBuilder->get()
#5 C:\xampp\htdocs\ITSI\app\Controllers\admin\DocumentosAdminController.php(45): App\Models\DocumentosServicioComunitarioModel->getEstadisticasDocumentos()
#6 C:\xampp\htdocs\ITSI\vendor\codeigniter4\framework\system\CodeIgniter.php(933): App\Controllers\admin\DocumentosAdminController->documentosServicioComunitario()
#7 C:\xampp\htdocs\ITSI\vendor\codeigniter4\framework\system\CodeIgniter.php(507): CodeIgniter\CodeIgniter->runController(Object(App\Controllers\admin\DocumentosAdminController))
#8 C:\xampp\htdocs\ITSI\vendor\codeigniter4\framework\system\CodeIgniter.php(354): CodeIgniter\CodeIgniter->handleRequest(NULL, Object(Config\Cache), false)
#9 C:\xampp\htdocs\ITSI\vendor\codeigniter4\framework\system\Boot.php(334): CodeIgniter\CodeIgniter->run()
#10 C:\xampp\htdocs\ITSI\vendor\codeigniter4\framework\system\Boot.php(67): CodeIgniter\Boot::runCodeIgniter(Object(CodeIgniter\CodeIgniter))
#11 C:\xampp\htdocs\ITSI\public\index.php(59): CodeIgniter\Boot::bootWeb(Object(Config\Paths))
#12 {main}
DEBUG - 2025-09-10 19:12:52 --> Consulta SQL: SELECT *
FROM `TAB_DOCUMENTOS_PRACTICAS_PREPROFESIONALES` `dp`
DEBUG - 2025-09-10 19:12:52 --> Resultados obtenidos: 9
DEBUG - 2025-09-10 19:12:52 --> Tipos de documentos en index: [{"ID_TIPO_DOCUMENTO_PREPROFESIONAL":"1","CODIGO":"PPR-001","NOMBRE":"Oficio de Asignaci\u00f3n de Tutor","DESCRIPCION":"Documento oficial emitido por la coordinaci\u00f3n de la carrera que designa al docente responsable de la tutor\u00eda y seguimiento de las pr\u00e1cticas de servicio comunitario del estudiante.","ORDEN":"1","OBLIGATORIO":"1","ACTIVO":"1","FECHA_CREACION":"2025-09-04 06:59:17","FECHA_ACTUALIZACION":"2025-09-04 06:59:17"},{"ID_TIPO_DOCUMENTO_PREPROFESIONAL":"2","CODIGO":"PPR-002","NOMBRE":"Oficio a Entidad Receptora","DESCRIPCION":"Carta formal enviada por el estudiante a la instituci\u00f3n \"Instituto Tecnol\u00f3gico Superior Ibarra\", con el prop\u00f3sito de solicitar la oportunidad de realizar sus pr\u00e1cticas de servicio comunitario.","ORDEN":"2","OBLIGATORIO":"1","ACTIVO":"1","FECHA_CREACION":"2025-09-04 06:59:17","FECHA_ACTUALIZACION":"2025-09-04 06:59:17"},{"ID_TIPO_DOCUMENTO_PREPROFESIONAL":"3","CODIGO":"PPR-003","NOMBRE":"Carta de Aceptaci\u00f3n","DESCRIPCION":"Carta oficial de la entidad receptora \"Instituto Tecnol\u00f3gico Superior Ibarra\" que confirma la aceptaci\u00f3n del o los estudiantes para realizar las pr\u00e1cticas de servicio comunitario en sus instalaciones.","ORDEN":"3","OBLIGATORIO":"1","ACTIVO":"1","FECHA_CREACION":"2025-09-04 06:59:17","FECHA_ACTUALIZACION":"2025-09-04 06:59:17"},{"ID_TIPO_DOCUMENTO_PREPROFESIONAL":"4","CODIGO":"PPR-004","NOMBRE":"Solicitud Institucional Valorada","DESCRIPCION":"Documento de solicitud formal dirigido al Sr. Rector, Dr. Mario Montenegro, pidiendo la aprobaci\u00f3n institucional para la realizaci\u00f3n de las pr\u00e1cticas de servicio comunitario.","ORDEN":"4","OBLIGATORIO":"1","ACTIVO":"1","FECHA_CREACION":"2025-09-04 06:59:17","FECHA_ACTUALIZACION":"2025-09-04 06:59:17"},{"ID_TIPO_DOCUMENTO_PREPROFESIONAL":"5","CODIGO":"PPR-005","NOMBRE":"Certificado de Culminaci\u00f3n de Horas","DESCRIPCION":"Certificado emitido por la entidad receptora \"Instituto Tecnol\u00f3gico Superior Ibarra\" que acredita que el estudiante ha completado las 60 horas requeridas de pr\u00e1cticas de servicio comunitario.","ORDEN":"5","OBLIGATORIO":"1","ACTIVO":"1","FECHA_CREACION":"2025-09-04 06:59:17","FECHA_ACTUALIZACION":"2025-09-04 06:59:17"},{"ID_TIPO_DOCUMENTO_PREPROFESIONAL":"6","CODIGO":"PPR-006","NOMBRE":"Hojas de Asistencia","DESCRIPCION":"Registro f\u00edsico de la asistencia del estudiante en la entidad receptora. Incluye las firmas y sellos para validar las horas de trabajo.","ORDEN":"6","OBLIGATORIO":"1","ACTIVO":"1","FECHA_CREACION":"2025-09-04 06:59:17","FECHA_ACTUALIZACION":"2025-09-04 06:59:17"},{"ID_TIPO_DOCUMENTO_PREPROFESIONAL":"7","CODIGO":"PPR-007","NOMBRE":"Ficha de Registro de Actividades","DESCRIPCION":"Documento detallado en el que el estudiante registra las actividades espec\u00edficas realizadas durante sus pr\u00e1cticas, incluyendo fechas y descripciones.","ORDEN":"7","OBLIGATORIO":"1","ACTIVO":"1","FECHA_CREACION":"2025-09-04 06:59:17","FECHA_ACTUALIZACION":"2025-09-04 06:59:17"},{"ID_TIPO_DOCUMENTO_PREPROFESIONAL":"8","CODIGO":"PPR-008","NOMBRE":"R\u00fabrica de Evaluaci\u00f3n de Entidad","DESCRIPCION":"Formulario de evaluaci\u00f3n del desempe\u00f1o del estudiante, llenado y sellado por la entidad receptora. Valora aspectos como la responsabilidad, la proactividad y la calidad del trabajo.","ORDEN":"8","OBLIGATORIO":"1","ACTIVO":"1","FECHA_CREACION":"2025-09-04 06:59:17","FECHA_ACTUALIZACION":"2025-09-04 06:59:17"},{"ID_TIPO_DOCUMENTO_PREPROFESIONAL":"9","CODIGO":"PPR-009","NOMBRE":"Ficha de Control y Seguimiento Docente","DESCRIPCION":"Documento utilizado por el tutor docente para registrar el seguimiento acad\u00e9mico del estudiante durante las pr\u00e1cticas. Incluye visitas o revisiones peri\u00f3dicas.","ORDEN":"9","OBLIGATORIO":"1","ACTIVO":"1","FECHA_CREACION":"2025-09-04 06:59:17","FECHA_ACTUALIZACION":"2025-09-04 06:59:17"},{"ID_TIPO_DOCUMENTO_PREPROFESIONAL":"10","CODIGO":"PPR-010","NOMBRE":"R\u00fabrica de Evaluaci\u00f3n Docente","DESCRIPCION":"R\u00fabrica de evaluaci\u00f3n llenada y firmada por el tutor docente. Califica el desempe\u00f1o del estudiante en base a los criterios acad\u00e9micos del programa.","ORDEN":"10","OBLIGATORIO":"1","ACTIVO":"1","FECHA_CREACION":"2025-09-04 06:59:17","FECHA_ACTUALIZACION":"2025-09-04 06:59:17"},{"ID_TIPO_DOCUMENTO_PREPROFESIONAL":"11","CODIGO":"PPR-011","NOMBRE":"R\u00fabrica de Evaluaci\u00f3n de Resultados","DESCRIPCION":"Evaluaci\u00f3n final realizada por el Departamento de Vinculaci\u00f3n con la Sociedad, que valora los resultados y el impacto del proyecto de servicio comunitario en su conjunto.","ORDEN":"11","OBLIGATORIO":"1","ACTIVO":"1","FECHA_CREACION":"2025-09-04 06:59:17","FECHA_ACTUALIZACION":"2025-09-04 06:59:17"},{"ID_TIPO_DOCUMENTO_PREPROFESIONAL":"12","CODIGO":"PPR-012","NOMBRE":"Evidencia Fotogr\u00e1fica y Digital","DESCRIPCION":"Material de apoyo visual y digital, como fotos, capturas, videos o impresiones, que documenta y comprueba la realizaci\u00f3n de las actividades y trabajos del proyecto.","ORDEN":"12","OBLIGATORIO":"1","ACTIVO":"1","FECHA_CREACION":"2025-09-04 06:59:17","FECHA_ACTUALIZACION":"2025-09-04 06:59:17"}]
DEBUG - 2025-09-10 19:12:52 --> Session: Class initialized using 'CodeIgniter\Session\Handlers\FileHandler' driver.
DEBUG - 2025-09-10 19:12:52 --> Consulta SQL: SELECT *
FROM `TAB_DOCUMENTOS_PRACTICAS_PREPROFESIONALES` `dp`
DEBUG - 2025-09-10 19:12:52 --> Resultados obtenidos: 9
DEBUG - 2025-09-10 19:12:52 --> Documentos obtenidos: [{"ID_DOCUMENTO_PREPROFESIONAL":"17","ID_PRACTICA_PREPROFESIONAL":"2","ID_TIPO_DOCUMENTO":"9","ID_ESTADO_REVISION":"4","NOMBRE_ARCHIVO":"ficha_control_seguimiento_002_20250920.pdf","NOMBRE_ORIGINAL":"Ficha Control Seguimiento - Mar\u00eda.pdf","TIPO_ARCHIVO":"application\/pdf","TAMANO_ARCHIVO":"112233","RUTA_ARCHIVO":"\/uploads\/documentos-practicas\/","FECHA_SUBIDA":"2025-09-20 10:15:00","FECHA_REVISION":"2025-09-20 12:45:00","ID_REVISOR":"18","OBSERVACIONES":"Ficha de control y seguimiento docente","OBSERVACIONES_REVISOR":"Faltan las firmas del tutor docente, documento inv\u00e1lido","VERSION":"1","ACTIVO":"1","FECHA_CREACION":"2025-09-04 06:59:17","FECHA_ACTUALIZACION":"2025-09-04 06:59:17","ID_TIPO_DOCUMENTO_PREPROFESIONAL":"9","TIPO_DOCUMENTO_CODIGO":"PPR-009","TIPO_DOCUMENTO_NOMBRE":"Ficha de Control y Seguimiento Docente","TIPO_DOCUMENTO_DESCRIPCION":"Documento utilizado por el tutor docente para registrar el seguimiento acad\u00e9mico del estudiante durante las pr\u00e1cticas. Incluye visitas o revisiones peri\u00f3dicas.","TIPO_DOCUMENTO_ORDEN":"9","TIPO_DOCUMENTO_OBLIGATORIO":"1","ESTADO_REVISION":"Rechazado","ID_ESTUDIANTE":"2","ENTIDAD_RECEPTORA":"Banco del Pac\u00edfico","ESTUDIANTE_NOMBRE":"Mar\u00eda Elena Garc\u00eda Torres","NOMBRE_ESTUDIANTE":"Mar\u00eda Elena","APELLIDO_ESTUDIANTE":"Garc\u00eda Torres","CEDULA_ESTUDIANTE":"1002345678"},{"ID_DOCUMENTO_PREPROFESIONAL":"15","ID_PRACTICA_PREPROFESIONAL":"2","ID_TIPO_DOCUMENTO":"7","ID_ESTADO_REVISION":"5","NOMBRE_ARCHIVO":"ficha_registro_actividades_002_20250915.pdf","NOMBRE_ORIGINAL":"Ficha Registro Actividades - Mar\u00eda.pdf","TIPO_ARCHIVO":"application\/pdf","TAMANO_ARCHIVO":"98765","RUTA_ARCHIVO":"\/uploads\/documentos-practicas\/","FECHA_SUBIDA":"2025-09-15 11:30:00","FECHA_REVISION":"2025-09-15 14:20:00","ID_REVISOR":"18","OBSERVACIONES":"Ficha de registro de actividades","OBSERVACIONES_REVISOR":"Descripci\u00f3n de actividades muy general, especificar m\u00e1s detalles","VERSION":"1","ACTIVO":"1","FECHA_CREACION":"2025-09-04 06:59:17","FECHA_ACTUALIZACION":"2025-09-04 06:59:17","ID_TIPO_DOCUMENTO_PREPROFESIONAL":"7","TIPO_DOCUMENTO_CODIGO":"PPR-007","TIPO_DOCUMENTO_NOMBRE":"Ficha de Registro de Actividades","TIPO_DOCUMENTO_DESCRIPCION":"Documento detallado en el que el estudiante registra las actividades espec\u00edficas realizadas durante sus pr\u00e1cticas, incluyendo fechas y descripciones.","TIPO_DOCUMENTO_ORDEN":"7","TIPO_DOCUMENTO_OBLIGATORIO":"1","ESTADO_REVISION":"Requiere Correcci\u00f3n","ID_ESTUDIANTE":"2","ENTIDAD_RECEPTORA":"Banco del Pac\u00edfico","ESTUDIANTE_NOMBRE":"Mar\u00eda Elena Garc\u00eda Torres","NOMBRE_ESTUDIANTE":"Mar\u00eda Elena","APELLIDO_ESTUDIANTE":"Garc\u00eda Torres","CEDULA_ESTUDIANTE":"1002345678"},{"ID_DOCUMENTO_PREPROFESIONAL":"14","ID_PRACTICA_PREPROFESIONAL":"1","ID_TIPO_DOCUMENTO":"6","ID_ESTADO_REVISION":"5","NOMBRE_ARCHIVO":"hojas_asistencia_001_20250830.pdf","NOMBRE_ORIGINAL":"Hojas de Asistencia - Juan Carlos.pdf","TIPO_ARCHIVO":"application\/pdf","TAMANO_ARCHIVO":"123456","RUTA_ARCHIVO":"\/uploads\/documentos-practicas\/","FECHA_SUBIDA":"2025-08-30 16:15:00","FECHA_REVISION":"2025-08-30 17:45:00","ID_REVISOR":"17","OBSERVACIONES":"Hojas de asistencia completas","OBSERVACIONES_REVISOR":"Faltan firmas en algunas fechas, corregir y volver a subir","VERSION":"1","ACTIVO":"1","FECHA_CREACION":"2025-09-04 06:59:17","FECHA_ACTUALIZACION":"2025-09-04 06:59:17","ID_TIPO_DOCUMENTO_PREPROFESIONAL":"6","TIPO_DOCUMENTO_CODIGO":"PPR-006","TIPO_DOCUMENTO_NOMBRE":"Hojas de Asistencia","TIPO_DOCUMENTO_DESCRIPCION":"Registro f\u00edsico de la asistencia del estudiante en la entidad receptora. Incluye las firmas y sellos para validar las horas de trabajo.","TIPO_DOCUMENTO_ORDEN":"6","TIPO_DOCUMENTO_OBLIGATORIO":"1","ESTADO_REVISION":"Requiere Correcci\u00f3n","ID_ESTUDIANTE":"1","ENTIDAD_RECEPTORA":"Hospital San Vicente de Pa\u00fal","ESTUDIANTE_NOMBRE":"Juan Carlos P\u00e9rez L\u00f3pez","NOMBRE_ESTUDIANTE":"Juan Carlos","APELLIDO_ESTUDIANTE":"P\u00e9rez L\u00f3pez","CEDULA_ESTUDIANTE":"1001234567"},{"ID_DOCUMENTO_PREPROFESIONAL":"16","ID_PRACTICA_PREPROFESIONAL":"1","ID_TIPO_DOCUMENTO":"8","ID_ESTADO_REVISION":"4","NOMBRE_ARCHIVO":"rubrica_evaluacion_entidad_001_20250825.pdf","NOMBRE_ORIGINAL":"R\u00fabrica Evaluaci\u00f3n Entidad - Juan.pdf","TIPO_ARCHIVO":"application\/pdf","TAMANO_ARCHIVO":"87654","RUTA_ARCHIVO":"\/uploads\/documentos-practicas\/","FECHA_SUBIDA":"2025-08-25 15:00:00","FECHA_REVISION":"2025-08-25 16:30:00","ID_REVISOR":"17","OBSERVACIONES":"R\u00fabrica de evaluaci\u00f3n de entidad","OBSERVACIONES_REVISOR":"Documento no tiene sello oficial de la entidad, rechazado","VERSION":"1","ACTIVO":"1","FECHA_CREACION":"2025-09-04 06:59:17","FECHA_ACTUALIZACION":"2025-09-04 06:59:17","ID_TIPO_DOCUMENTO_PREPROFESIONAL":"8","TIPO_DOCUMENTO_CODIGO":"PPR-008","TIPO_DOCUMENTO_NOMBRE":"R\u00fabrica de Evaluaci\u00f3n de Entidad","TIPO_DOCUMENTO_DESCRIPCION":"Formulario de evaluaci\u00f3n del desempe\u00f1o del estudiante, llenado y sellado por la entidad receptora. Valora aspectos como la responsabilidad, la proactividad y la calidad del trabajo.","TIPO_DOCUMENTO_ORDEN":"8","TIPO_DOCUMENTO_OBLIGATORIO":"1","ESTADO_REVISION":"Rechazado","ID_ESTUDIANTE":"1","ENTIDAD_RECEPTORA":"Hospital San Vicente de Pa\u00fal","ESTUDIANTE_NOMBRE":"Juan Carlos P\u00e9rez L\u00f3pez","NOMBRE_ESTUDIANTE":"Juan Carlos","APELLIDO_ESTUDIANTE":"P\u00e9rez L\u00f3pez","CEDULA_ESTUDIANTE":"1001234567"},{"ID_DOCUMENTO_PREPROFESIONAL":"5","ID_PRACTICA_PREPROFESIONAL":"2","ID_TIPO_DOCUMENTO":"2","ID_ESTADO_REVISION":"3","NOMBRE_ARCHIVO":"oficio_entidad_receptora_002_20250702.pdf","NOMBRE_ORIGINAL":"Oficio Entidad Receptora - Banco.pdf","TIPO_ARCHIVO":"application\/pdf","TAMANO_ARCHIVO":"178944","RUTA_ARCHIVO":"\/uploads\/documentos-practicas\/","FECHA_SUBIDA":"2025-07-02 15:45:00","FECHA_REVISION":"2025-07-02 17:20:00","ID_REVISOR":"18","OBSERVACIONES":"Oficio enviado a la entidad receptora","OBSERVACIONES_REVISOR":"Oficio formal y bien estructurado","VERSION":"1","ACTIVO":"1","FECHA_CREACION":"2025-09-04 06:59:17","FECHA_ACTUALIZACION":"2025-09-04 06:59:17","ID_TIPO_DOCUMENTO_PREPROFESIONAL":"2","TIPO_DOCUMENTO_CODIGO":"PPR-002","TIPO_DOCUMENTO_NOMBRE":"Oficio a Entidad Receptora","TIPO_DOCUMENTO_DESCRIPCION":"Carta formal enviada por el estudiante a la instituci\u00f3n \"Instituto Tecnol\u00f3gico Superior Ibarra\", con el prop\u00f3sito de solicitar la oportunidad de realizar sus pr\u00e1cticas de servicio comunitario.","TIPO_DOCUMENTO_ORDEN":"2","TIPO_DOCUMENTO_OBLIGATORIO":"1","ESTADO_REVISION":"Aprobado","ID_ESTUDIANTE":"2","ENTIDAD_RECEPTORA":"Banco del Pac\u00edfico","ESTUDIANTE_NOMBRE":"Mar\u00eda Elena Garc\u00eda Torres","NOMBRE_ESTUDIANTE":"Mar\u00eda Elena","APELLIDO_ESTUDIANTE":"Garc\u00eda Torres","CEDULA_ESTUDIANTE":"1002345678"},{"ID_DOCUMENTO_PREPROFESIONAL":"4","ID_PRACTICA_PREPROFESIONAL":"2","ID_TIPO_DOCUMENTO":"1","ID_ESTADO_REVISION":"3","NOMBRE_ARCHIVO":"oficio_asignacion_tutor_002_20250701.pdf","NOMBRE_ORIGINAL":"Oficio Asignaci\u00f3n Tutor - Mar\u00eda Elena.pdf","TIPO_ARCHIVO":"application\/pdf","TAMANO_ARCHIVO":"234880","RUTA_ARCHIVO":"\/uploads\/documentos-practicas\/","FECHA_SUBIDA":"2025-07-01 11:00:00","FECHA_REVISION":"2025-07-01 13:15:00","ID_REVISOR":"18","OBSERVACIONES":"Documento oficial de asignaci\u00f3n","OBSERVACIONES_REVISOR":"Asignaci\u00f3n correcta del tutor","VERSION":"1","ACTIVO":"1","FECHA_CREACION":"2025-09-04 06:59:17","FECHA_ACTUALIZACION":"2025-09-04 06:59:17","ID_TIPO_DOCUMENTO_PREPROFESIONAL":"1","TIPO_DOCUMENTO_CODIGO":"PPR-001","TIPO_DOCUMENTO_NOMBRE":"Oficio de Asignaci\u00f3n de Tutor","TIPO_DOCUMENTO_DESCRIPCION":"Documento oficial emitido por la coordinaci\u00f3n de la carrera que designa al docente responsable de la tutor\u00eda y seguimiento de las pr\u00e1cticas de servicio comunitario del estudiante.","TIPO_DOCUMENTO_ORDEN":"1","TIPO_DOCUMENTO_OBLIGATORIO":"1","ESTADO_REVISION":"Aprobado","ID_ESTUDIANTE":"2","ENTIDAD_RECEPTORA":"Banco del Pac\u00edfico","ESTUDIANTE_NOMBRE":"Mar\u00eda Elena Garc\u00eda Torres","NOMBRE_ESTUDIANTE":"Mar\u00eda Elena","APELLIDO_ESTUDIANTE":"Garc\u00eda Torres","CEDULA_ESTUDIANTE":"1002345678"},{"ID_DOCUMENTO_PREPROFESIONAL":"3","ID_PRACTICA_PREPROFESIONAL":"1","ID_TIPO_DOCUMENTO":"3","ID_ESTADO_REVISION":"3","NOMBRE_ARCHIVO":"carta_aceptacion_001_20250603.pdf","NOMBRE_ORIGINAL":"Carta Aceptaci\u00f3n - Hospital.pdf","TIPO_ARCHIVO":"application\/pdf","TAMANO_ARCHIVO":"156672","RUTA_ARCHIVO":"\/uploads\/documentos-practicas\/","FECHA_SUBIDA":"2025-06-03 09:15:00","FECHA_REVISION":"2025-06-03 11:20:00","ID_REVISOR":"17","OBSERVACIONES":"Carta de aceptaci\u00f3n de la entidad","OBSERVACIONES_REVISOR":"Carta oficial con sello institucional","VERSION":"1","ACTIVO":"1","FECHA_CREACION":"2025-09-04 06:59:17","FECHA_ACTUALIZACION":"2025-09-04 06:59:17","ID_TIPO_DOCUMENTO_PREPROFESIONAL":"3","TIPO_DOCUMENTO_CODIGO":"PPR-003","TIPO_DOCUMENTO_NOMBRE":"Carta de Aceptaci\u00f3n","TIPO_DOCUMENTO_DESCRIPCION":"Carta oficial de la entidad receptora \"Instituto Tecnol\u00f3gico Superior Ibarra\" que confirma la aceptaci\u00f3n del o los estudiantes para realizar las pr\u00e1cticas de servicio comunitario en sus instalaciones.","TIPO_DOCUMENTO_ORDEN":"3","TIPO_DOCUMENTO_OBLIGATORIO":"1","ESTADO_REVISION":"Aprobado","ID_ESTUDIANTE":"1","ENTIDAD_RECEPTORA":"Hospital San Vicente de Pa\u00fal","ESTUDIANTE_NOMBRE":"Juan Carlos P\u00e9rez L\u00f3pez","NOMBRE_ESTUDIANTE":"Juan Carlos","APELLIDO_ESTUDIANTE":"P\u00e9rez L\u00f3pez","CEDULA_ESTUDIANTE":"1001234567"},{"ID_DOCUMENTO_PREPROFESIONAL":"2","ID_PRACTICA_PREPROFESIONAL":"1","ID_TIPO_DOCUMENTO":"2","ID_ESTADO_REVISION":"3","NOMBRE_ARCHIVO":"oficio_entidad_receptora_001_20250602.pdf","NOMBRE_ORIGINAL":"Oficio Entidad Receptora - Hospital.pdf","TIPO_ARCHIVO":"application\/pdf","TAMANO_ARCHIVO":"189440","RUTA_ARCHIVO":"\/uploads\/documentos-practicas\/","FECHA_SUBIDA":"2025-06-02 14:30:00","FECHA_REVISION":"2025-06-02 16:45:00","ID_REVISOR":"17","OBSERVACIONES":"Oficio enviado a la entidad receptora","OBSERVACIONES_REVISOR":"Oficio bien redactado y formal","VERSION":"1","ACTIVO":"1","FECHA_CREACION":"2025-09-04 06:59:17","FECHA_ACTUALIZACION":"2025-09-04 06:59:17","ID_TIPO_DOCUMENTO_PREPROFESIONAL":"2","TIPO_DOCUMENTO_CODIGO":"PPR-002","TIPO_DOCUMENTO_NOMBRE":"Oficio a Entidad Receptora","TIPO_DOCUMENTO_DESCRIPCION":"Carta formal enviada por el estudiante a la instituci\u00f3n \"Instituto Tecnol\u00f3gico Superior Ibarra\", con el prop\u00f3sito de solicitar la oportunidad de realizar sus pr\u00e1cticas de servicio comunitario.","TIPO_DOCUMENTO_ORDEN":"2","TIPO_DOCUMENTO_OBLIGATORIO":"1","ESTADO_REVISION":"Aprobado","ID_ESTUDIANTE":"1","ENTIDAD_RECEPTORA":"Hospital San Vicente de Pa\u00fal","ESTUDIANTE_NOMBRE":"Juan Carlos P\u00e9rez L\u00f3pez","NOMBRE_ESTUDIANTE":"Juan Carlos","APELLIDO_ESTUDIANTE":"P\u00e9rez L\u00f3pez","CEDULA_ESTUDIANTE":"1001234567"},{"ID_DOCUMENTO_PREPROFESIONAL":"1","ID_PRACTICA_PREPROFESIONAL":"1","ID_TIPO_DOCUMENTO":"1","ID_ESTADO_REVISION":"3","NOMBRE_ARCHIVO":"oficio_asignacion_tutor_001_20250601.pdf","NOMBRE_ORIGINAL":"Oficio Asignaci\u00f3n Tutor - Juan Carlos.pdf","TIPO_ARCHIVO":"application\/pdf","TAMANO_ARCHIVO":"245760","RUTA_ARCHIVO":"\/uploads\/documentos-practicas\/","FECHA_SUBIDA":"2025-06-01 10:00:00","FECHA_REVISION":"2025-06-01 14:30:00","ID_REVISOR":"17","OBSERVACIONES":"Documento oficial de asignaci\u00f3n","OBSERVACIONES_REVISOR":"Documento aprobado correctamente","VERSION":"1","ACTIVO":"1","FECHA_CREACION":"2025-09-04 06:59:17","FECHA_ACTUALIZACION":"2025-09-04 06:59:17","ID_TIPO_DOCUMENTO_PREPROFESIONAL":"1","TIPO_DOCUMENTO_CODIGO":"PPR-001","TIPO_DOCUMENTO_NOMBRE":"Oficio de Asignaci\u00f3n de Tutor","TIPO_DOCUMENTO_DESCRIPCION":"Documento oficial emitido por la coordinaci\u00f3n de la carrera que designa al docente responsable de la tutor\u00eda y seguimiento de las pr\u00e1cticas de servicio comunitario del estudiante.","TIPO_DOCUMENTO_ORDEN":"1","TIPO_DOCUMENTO_OBLIGATORIO":"1","ESTADO_REVISION":"Aprobado","ID_ESTUDIANTE":"1","ENTIDAD_RECEPTORA":"Hospital San Vicente de Pa\u00fal","ESTUDIANTE_NOMBRE":"Juan Carlos P\u00e9rez L\u00f3pez","NOMBRE_ESTUDIANTE":"Juan Carlos","APELLIDO_ESTUDIANTE":"P\u00e9rez L\u00f3pez","CEDULA_ESTUDIANTE":"1001234567"}]
DEBUG - 2025-09-10 20:34:53 --> Session: Class initialized using 'CodeIgniter\Session\Handlers\FileHandler' driver.
DEBUG - 2025-09-10 20:34:53 --> Estadísticas mensuales: [{"mes":"Oct 2024","actividades":0,"practicas":0},{"mes":"Nov 2024","actividades":0,"practicas":0},{"mes":"Dic 2024","actividades":0,"practicas":0},{"mes":"Ene 2025","actividades":0,"practicas":0},{"mes":"Feb 2025","actividades":0,"practicas":0},{"mes":"Mar 2025","actividades":0,"practicas":0},{"mes":"Abr 2025","actividades":0,"practicas":0},{"mes":"May 2025","actividades":0,"practicas":0},{"mes":"Jun 2025","actividades":0,"practicas":1},{"mes":"Jul 2025","actividades":0,"practicas":1},{"mes":"Ago 2025","actividades":2,"practicas":1},{"mes":"Sep 2025","actividades":0,"practicas":1}]
DEBUG - 2025-09-10 20:34:53 --> Distribución carreras: [{"CARRERA":"Desarrollo de Software","TOTAL":"5"},{"CARRERA":"Dise\u00f1o Gr\u00e1fico","TOTAL":"4"},{"CARRERA":"Redes y Telecomunicaciones","TOTAL":"3"},{"CARRERA":"Administraci\u00f3n","TOTAL":"2"},{"CARRERA":"Marketing Digital y Comercio Electronico","TOTAL":"1"},{"CARRERA":"Atenci\u00f3n Integral a Adultos Mayores","TOTAL":"1"}]
