DEBUG - 2026-03-19 15:20:30 --> Session: Class initialized using 'CodeIgniter\Session\Handlers\FileHandler' driver.
INFO - 2026-03-19 15:20:31 --> Usuario autenticado: 1004191845 con rol: 1 - requiere cambio password: no
DEBUG - 2026-03-19 15:20:32 --> Session: Class initialized using 'CodeIgniter\Session\Handlers\FileHandler' driver.
DEBUG - 2026-03-19 15:20:32 --> Estadísticas mensuales prácticas: [{"mes":"Abr 2025","preprofesionales":0,"servicioComunitario":0},{"mes":"May 2025","preprofesionales":0,"servicioComunitario":0},{"mes":"Jun 2025","preprofesionales":1,"servicioComunitario":0},{"mes":"Jul 2025","preprofesionales":1,"servicioComunitario":0},{"mes":"Ago 2025","preprofesionales":0,"servicioComunitario":1},{"mes":"Sep 2025","preprofesionales":1,"servicioComunitario":0},{"mes":"Oct 2025","preprofesionales":1,"servicioComunitario":0},{"mes":"Nov 2025","preprofesionales":0,"servicioComunitario":1},{"mes":"Dic 2025","preprofesionales":1,"servicioComunitario":0},{"mes":"Ene 2026","preprofesionales":0,"servicioComunitario":1},{"mes":"Feb 2026","preprofesionales":0,"servicioComunitario":1},{"mes":"Mar 2026","preprofesionales":0,"servicioComunitario":1}]
DEBUG - 2026-03-19 15:29:01 --> Session: Class initialized using 'CodeIgniter\Session\Handlers\FileHandler' driver.
INFO - 2026-03-19 15:29:01 --> Iniciando proceso de cierre de sesión para usuario: ycampues
INFO - 2026-03-19 15:29:01 --> Sesión cerrada exitosamente
DEBUG - 2026-03-19 15:29:02 --> Session: Class initialized using 'CodeIgniter\Session\Handlers\FileHandler' driver.
DEBUG - 2026-03-19 15:29:12 --> Session: Class initialized using 'CodeIgniter\Session\Handlers\FileHandler' driver.
DEBUG - 2026-03-19 15:32:54 --> Session: Class initialized using 'CodeIgniter\Session\Handlers\FileHandler' driver.
INFO - 2026-03-19 15:32:54 --> Usuario autenticado: cmendoza con rol: 2 - requiere cambio password: sí
DEBUG - 2026-03-19 15:32:54 --> Session: Class initialized using 'CodeIgniter\Session\Handlers\FileHandler' driver.
DEBUG - 2026-03-19 15:37:16 --> Session: Class initialized using 'CodeIgniter\Session\Handlers\FileHandler' driver.
DEBUG - 2026-03-19 15:37:29 --> Session: Class initialized using 'CodeIgniter\Session\Handlers\FileHandler' driver.
DEBUG - 2026-03-19 15:37:49 --> Session: Class initialized using 'CodeIgniter\Session\Handlers\FileHandler' driver.
ERROR - 2026-03-19 15:37:50 --> mysqli_sql_exception: Unknown column 'ESTADO' in 'where clause' in C:\xampp\htdocs\ITSI\vendor\codeigniter4\framework\system\Database\MySQLi\Connection.php:327
Stack trace:
#0 C:\xampp\htdocs\ITSI\vendor\codeigniter4\framework\system\Database\MySQLi\Connection.php(327): mysqli->query('SELECT COUNT(*)...', 0)
#1 C:\xampp\htdocs\ITSI\vendor\codeigniter4\framework\system\Database\BaseConnection.php(738): CodeIgniter\Database\MySQLi\Connection->execute('SELECT COUNT(*)...')
#2 C:\xampp\htdocs\ITSI\vendor\codeigniter4\framework\system\Database\BaseConnection.php(652): CodeIgniter\Database\BaseConnection->simpleQuery('SELECT COUNT(*)...')
#3 C:\xampp\htdocs\ITSI\vendor\codeigniter4\framework\system\Database\BaseBuilder.php(1733): CodeIgniter\Database\BaseConnection->query('SELECT COUNT(*)...', Array, false)
#4 C:\xampp\htdocs\ITSI\vendor\codeigniter4\framework\system\Model.php(676): CodeIgniter\Database\BaseBuilder->countAllResults(true)
#5 C:\xampp\htdocs\ITSI\app\Controllers\docente\DashboardDocenteController.php(72): CodeIgniter\Model->countAllResults()
#6 C:\xampp\htdocs\ITSI\vendor\codeigniter4\framework\system\CodeIgniter.php(933): App\Controllers\docente\DashboardDocenteController->index()
#7 C:\xampp\htdocs\ITSI\vendor\codeigniter4\framework\system\CodeIgniter.php(507): CodeIgniter\CodeIgniter->runController(Object(App\Controllers\docente\DashboardDocenteController))
#8 C:\xampp\htdocs\ITSI\vendor\codeigniter4\framework\system\CodeIgniter.php(354): CodeIgniter\CodeIgniter->handleRequest(NULL, Object(Config\Cache), false)
#9 C:\xampp\htdocs\ITSI\vendor\codeigniter4\framework\system\Boot.php(334): CodeIgniter\CodeIgniter->run()
#10 C:\xampp\htdocs\ITSI\vendor\codeigniter4\framework\system\Boot.php(67): CodeIgniter\Boot::runCodeIgniter(Object(CodeIgniter\CodeIgniter))
#11 C:\xampp\htdocs\ITSI\public\index.php(59): CodeIgniter\Boot::bootWeb(Object(Config\Paths))
#12 {main}
CRITICAL - 2026-03-19 15:37:50 --> CodeIgniter\Database\Exceptions\DatabaseException: Unknown column 'ESTADO' in 'where clause'
[Method: GET, Route: docente/dashboard]
in SYSTEMPATH\Database\BaseConnection.php on line 692.
 1 SYSTEMPATH\Database\BaseBuilder.php(1733): CodeIgniter\Database\BaseConnection->query('SELECT COUNT(*) AS `numrows`
FROM `TAB_ACTIVIDADES_EDUCACION`
WHERE `ID_INSTRUCTOR` = :ID_INSTRUCTOR.1:
AND `ESTADO` = :ESTADO:', [...], false)
 2 SYSTEMPATH\Model.php(676): CodeIgniter\Database\BaseBuilder->countAllResults(true)
 3 APPPATH\Controllers\docente\DashboardDocenteController.php(72): CodeIgniter\Model->countAllResults()
 4 SYSTEMPATH\CodeIgniter.php(933): App\Controllers\docente\DashboardDocenteController->index()
 5 SYSTEMPATH\CodeIgniter.php(507): CodeIgniter\CodeIgniter->runController(Object(App\Controllers\docente\DashboardDocenteController))
 6 SYSTEMPATH\CodeIgniter.php(354): CodeIgniter\CodeIgniter->handleRequest(null, Object(Config\Cache), false)
 7 SYSTEMPATH\Boot.php(334): CodeIgniter\CodeIgniter->run()
 8 SYSTEMPATH\Boot.php(67): CodeIgniter\Boot::runCodeIgniter(Object(CodeIgniter\CodeIgniter))
 9 FCPATH\index.php(59): CodeIgniter\Boot::bootWeb(Object(Config\Paths))
CRITICAL - 2026-03-19 15:37:50 --> [Caused by] CodeIgniter\Database\Exceptions\DatabaseException: Unknown column 'ESTADO' in 'where clause'
in SYSTEMPATH\Database\MySQLi\Connection.php on line 332.
 1 SYSTEMPATH\Database\BaseConnection.php(738): CodeIgniter\Database\MySQLi\Connection->execute('SELECT COUNT(*) AS `numrows`
FROM `TAB_ACTIVIDADES_EDUCACION`
WHERE `ID_INSTRUCTOR` = \'1\'
AND `ESTADO` = \'1\'')
 2 SYSTEMPATH\Database\BaseConnection.php(652): CodeIgniter\Database\BaseConnection->simpleQuery('SELECT COUNT(*) AS `numrows`
FROM `TAB_ACTIVIDADES_EDUCACION`
WHERE `ID_INSTRUCTOR` = \'1\'
AND `ESTADO` = \'1\'')
 3 SYSTEMPATH\Database\BaseBuilder.php(1733): CodeIgniter\Database\BaseConnection->query('SELECT COUNT(*) AS `numrows`
FROM `TAB_ACTIVIDADES_EDUCACION`
WHERE `ID_INSTRUCTOR` = :ID_INSTRUCTOR.1:
AND `ESTADO` = :ESTADO:', [...], false)
 4 SYSTEMPATH\Model.php(676): CodeIgniter\Database\BaseBuilder->countAllResults(true)
 5 APPPATH\Controllers\docente\DashboardDocenteController.php(72): CodeIgniter\Model->countAllResults()
 6 SYSTEMPATH\CodeIgniter.php(933): App\Controllers\docente\DashboardDocenteController->index()
 7 SYSTEMPATH\CodeIgniter.php(507): CodeIgniter\CodeIgniter->runController(Object(App\Controllers\docente\DashboardDocenteController))
 8 SYSTEMPATH\CodeIgniter.php(354): CodeIgniter\CodeIgniter->handleRequest(null, Object(Config\Cache), false)
 9 SYSTEMPATH\Boot.php(334): CodeIgniter\CodeIgniter->run()
10 SYSTEMPATH\Boot.php(67): CodeIgniter\Boot::runCodeIgniter(Object(CodeIgniter\CodeIgniter))
11 FCPATH\index.php(59): CodeIgniter\Boot::bootWeb(Object(Config\Paths))
CRITICAL - 2026-03-19 15:37:50 --> [Caused by] mysqli_sql_exception: Unknown column 'ESTADO' in 'where clause'
in SYSTEMPATH\Database\MySQLi\Connection.php on line 327.
 1 SYSTEMPATH\Database\MySQLi\Connection.php(327): mysqli->query('SELECT COUNT(*) AS `numrows`
FROM `TAB_ACTIVIDADES_EDUCACION`
WHERE `ID_INSTRUCTOR` = \'1\'
AND `ESTADO` = \'1\'', 0)
 2 SYSTEMPATH\Database\BaseConnection.php(738): CodeIgniter\Database\MySQLi\Connection->execute('SELECT COUNT(*) AS `numrows`
FROM `TAB_ACTIVIDADES_EDUCACION`
WHERE `ID_INSTRUCTOR` = \'1\'
AND `ESTADO` = \'1\'')
 3 SYSTEMPATH\Database\BaseConnection.php(652): CodeIgniter\Database\BaseConnection->simpleQuery('SELECT COUNT(*) AS `numrows`
FROM `TAB_ACTIVIDADES_EDUCACION`
WHERE `ID_INSTRUCTOR` = \'1\'
AND `ESTADO` = \'1\'')
 4 SYSTEMPATH\Database\BaseBuilder.php(1733): CodeIgniter\Database\BaseConnection->query('SELECT COUNT(*) AS `numrows`
FROM `TAB_ACTIVIDADES_EDUCACION`
WHERE `ID_INSTRUCTOR` = :ID_INSTRUCTOR.1:
AND `ESTADO` = :ESTADO:', [...], false)
 5 SYSTEMPATH\Model.php(676): CodeIgniter\Database\BaseBuilder->countAllResults(true)
 6 APPPATH\Controllers\docente\DashboardDocenteController.php(72): CodeIgniter\Model->countAllResults()
 7 SYSTEMPATH\CodeIgniter.php(933): App\Controllers\docente\DashboardDocenteController->index()
 8 SYSTEMPATH\CodeIgniter.php(507): CodeIgniter\CodeIgniter->runController(Object(App\Controllers\docente\DashboardDocenteController))
 9 SYSTEMPATH\CodeIgniter.php(354): CodeIgniter\CodeIgniter->handleRequest(null, Object(Config\Cache), false)
10 SYSTEMPATH\Boot.php(334): CodeIgniter\CodeIgniter->run()
11 SYSTEMPATH\Boot.php(67): CodeIgniter\Boot::runCodeIgniter(Object(CodeIgniter\CodeIgniter))
12 FCPATH\index.php(59): CodeIgniter\Boot::bootWeb(Object(Config\Paths))
DEBUG - 2026-03-19 15:38:46 --> Session: Class initialized using 'CodeIgniter\Session\Handlers\FileHandler' driver.
ERROR - 2026-03-19 15:38:46 --> mysqli_sql_exception: Unknown column 'ESTADO' in 'where clause' in C:\xampp\htdocs\ITSI\vendor\codeigniter4\framework\system\Database\MySQLi\Connection.php:327
Stack trace:
#0 C:\xampp\htdocs\ITSI\vendor\codeigniter4\framework\system\Database\MySQLi\Connection.php(327): mysqli->query('SELECT COUNT(*)...', 0)
#1 C:\xampp\htdocs\ITSI\vendor\codeigniter4\framework\system\Database\BaseConnection.php(738): CodeIgniter\Database\MySQLi\Connection->execute('SELECT COUNT(*)...')
#2 C:\xampp\htdocs\ITSI\vendor\codeigniter4\framework\system\Database\BaseConnection.php(652): CodeIgniter\Database\BaseConnection->simpleQuery('SELECT COUNT(*)...')
#3 C:\xampp\htdocs\ITSI\vendor\codeigniter4\framework\system\Database\BaseBuilder.php(1733): CodeIgniter\Database\BaseConnection->query('SELECT COUNT(*)...', Array, false)
#4 C:\xampp\htdocs\ITSI\vendor\codeigniter4\framework\system\Model.php(676): CodeIgniter\Database\BaseBuilder->countAllResults(true)
#5 C:\xampp\htdocs\ITSI\app\Controllers\docente\DashboardDocenteController.php(72): CodeIgniter\Model->countAllResults()
#6 C:\xampp\htdocs\ITSI\vendor\codeigniter4\framework\system\CodeIgniter.php(933): App\Controllers\docente\DashboardDocenteController->index()
#7 C:\xampp\htdocs\ITSI\vendor\codeigniter4\framework\system\CodeIgniter.php(507): CodeIgniter\CodeIgniter->runController(Object(App\Controllers\docente\DashboardDocenteController))
#8 C:\xampp\htdocs\ITSI\vendor\codeigniter4\framework\system\CodeIgniter.php(354): CodeIgniter\CodeIgniter->handleRequest(NULL, Object(Config\Cache), false)
#9 C:\xampp\htdocs\ITSI\vendor\codeigniter4\framework\system\Boot.php(334): CodeIgniter\CodeIgniter->run()
#10 C:\xampp\htdocs\ITSI\vendor\codeigniter4\framework\system\Boot.php(67): CodeIgniter\Boot::runCodeIgniter(Object(CodeIgniter\CodeIgniter))
#11 C:\xampp\htdocs\ITSI\public\index.php(59): CodeIgniter\Boot::bootWeb(Object(Config\Paths))
#12 {main}
CRITICAL - 2026-03-19 15:38:47 --> CodeIgniter\Database\Exceptions\DatabaseException: Unknown column 'ESTADO' in 'where clause'
[Method: GET, Route: docente/dashboard]
in SYSTEMPATH\Database\BaseConnection.php on line 692.
 1 SYSTEMPATH\Database\BaseBuilder.php(1733): CodeIgniter\Database\BaseConnection->query('SELECT COUNT(*) AS `numrows`
FROM `TAB_ACTIVIDADES_EDUCACION`
WHERE `ID_INSTRUCTOR` = :ID_INSTRUCTOR.1:
AND `ESTADO` = :ESTADO:', [...], false)
 2 SYSTEMPATH\Model.php(676): CodeIgniter\Database\BaseBuilder->countAllResults(true)
 3 APPPATH\Controllers\docente\DashboardDocenteController.php(72): CodeIgniter\Model->countAllResults()
 4 SYSTEMPATH\CodeIgniter.php(933): App\Controllers\docente\DashboardDocenteController->index()
 5 SYSTEMPATH\CodeIgniter.php(507): CodeIgniter\CodeIgniter->runController(Object(App\Controllers\docente\DashboardDocenteController))
 6 SYSTEMPATH\CodeIgniter.php(354): CodeIgniter\CodeIgniter->handleRequest(null, Object(Config\Cache), false)
 7 SYSTEMPATH\Boot.php(334): CodeIgniter\CodeIgniter->run()
 8 SYSTEMPATH\Boot.php(67): CodeIgniter\Boot::runCodeIgniter(Object(CodeIgniter\CodeIgniter))
 9 FCPATH\index.php(59): CodeIgniter\Boot::bootWeb(Object(Config\Paths))
CRITICAL - 2026-03-19 15:38:47 --> [Caused by] CodeIgniter\Database\Exceptions\DatabaseException: Unknown column 'ESTADO' in 'where clause'
in SYSTEMPATH\Database\MySQLi\Connection.php on line 332.
 1 SYSTEMPATH\Database\BaseConnection.php(738): CodeIgniter\Database\MySQLi\Connection->execute('SELECT COUNT(*) AS `numrows`
FROM `TAB_ACTIVIDADES_EDUCACION`
WHERE `ID_INSTRUCTOR` = \'1\'
AND `ESTADO` = \'1\'')
 2 SYSTEMPATH\Database\BaseConnection.php(652): CodeIgniter\Database\BaseConnection->simpleQuery('SELECT COUNT(*) AS `numrows`
FROM `TAB_ACTIVIDADES_EDUCACION`
WHERE `ID_INSTRUCTOR` = \'1\'
AND `ESTADO` = \'1\'')
 3 SYSTEMPATH\Database\BaseBuilder.php(1733): CodeIgniter\Database\BaseConnection->query('SELECT COUNT(*) AS `numrows`
FROM `TAB_ACTIVIDADES_EDUCACION`
WHERE `ID_INSTRUCTOR` = :ID_INSTRUCTOR.1:
AND `ESTADO` = :ESTADO:', [...], false)
 4 SYSTEMPATH\Model.php(676): CodeIgniter\Database\BaseBuilder->countAllResults(true)
 5 APPPATH\Controllers\docente\DashboardDocenteController.php(72): CodeIgniter\Model->countAllResults()
 6 SYSTEMPATH\CodeIgniter.php(933): App\Controllers\docente\DashboardDocenteController->index()
 7 SYSTEMPATH\CodeIgniter.php(507): CodeIgniter\CodeIgniter->runController(Object(App\Controllers\docente\DashboardDocenteController))
 8 SYSTEMPATH\CodeIgniter.php(354): CodeIgniter\CodeIgniter->handleRequest(null, Object(Config\Cache), false)
 9 SYSTEMPATH\Boot.php(334): CodeIgniter\CodeIgniter->run()
10 SYSTEMPATH\Boot.php(67): CodeIgniter\Boot::runCodeIgniter(Object(CodeIgniter\CodeIgniter))
11 FCPATH\index.php(59): CodeIgniter\Boot::bootWeb(Object(Config\Paths))
CRITICAL - 2026-03-19 15:38:47 --> [Caused by] mysqli_sql_exception: Unknown column 'ESTADO' in 'where clause'
in SYSTEMPATH\Database\MySQLi\Connection.php on line 327.
 1 SYSTEMPATH\Database\MySQLi\Connection.php(327): mysqli->query('SELECT COUNT(*) AS `numrows`
FROM `TAB_ACTIVIDADES_EDUCACION`
WHERE `ID_INSTRUCTOR` = \'1\'
AND `ESTADO` = \'1\'', 0)
 2 SYSTEMPATH\Database\BaseConnection.php(738): CodeIgniter\Database\MySQLi\Connection->execute('SELECT COUNT(*) AS `numrows`
FROM `TAB_ACTIVIDADES_EDUCACION`
WHERE `ID_INSTRUCTOR` = \'1\'
AND `ESTADO` = \'1\'')
 3 SYSTEMPATH\Database\BaseConnection.php(652): CodeIgniter\Database\BaseConnection->simpleQuery('SELECT COUNT(*) AS `numrows`
FROM `TAB_ACTIVIDADES_EDUCACION`
WHERE `ID_INSTRUCTOR` = \'1\'
AND `ESTADO` = \'1\'')
 4 SYSTEMPATH\Database\BaseBuilder.php(1733): CodeIgniter\Database\BaseConnection->query('SELECT COUNT(*) AS `numrows`
FROM `TAB_ACTIVIDADES_EDUCACION`
WHERE `ID_INSTRUCTOR` = :ID_INSTRUCTOR.1:
AND `ESTADO` = :ESTADO:', [...], false)
 5 SYSTEMPATH\Model.php(676): CodeIgniter\Database\BaseBuilder->countAllResults(true)
 6 APPPATH\Controllers\docente\DashboardDocenteController.php(72): CodeIgniter\Model->countAllResults()
 7 SYSTEMPATH\CodeIgniter.php(933): App\Controllers\docente\DashboardDocenteController->index()
 8 SYSTEMPATH\CodeIgniter.php(507): CodeIgniter\CodeIgniter->runController(Object(App\Controllers\docente\DashboardDocenteController))
 9 SYSTEMPATH\CodeIgniter.php(354): CodeIgniter\CodeIgniter->handleRequest(null, Object(Config\Cache), false)
10 SYSTEMPATH\Boot.php(334): CodeIgniter\CodeIgniter->run()
11 SYSTEMPATH\Boot.php(67): CodeIgniter\Boot::runCodeIgniter(Object(CodeIgniter\CodeIgniter))
12 FCPATH\index.php(59): CodeIgniter\Boot::bootWeb(Object(Config\Paths))
DEBUG - 2026-03-19 15:40:18 --> Session: Class initialized using 'CodeIgniter\Session\Handlers\FileHandler' driver.
DEBUG - 2026-03-19 15:40:22 --> Session: Class initialized using 'CodeIgniter\Session\Handlers\FileHandler' driver.
INFO - 2026-03-19 15:40:22 --> Iniciando proceso de cierre de sesión para usuario: cmendoza
INFO - 2026-03-19 15:40:22 --> Sesión cerrada exitosamente
DEBUG - 2026-03-19 15:40:22 --> Session: Class initialized using 'CodeIgniter\Session\Handlers\FileHandler' driver.
DEBUG - 2026-03-19 15:40:29 --> Session: Class initialized using 'CodeIgniter\Session\Handlers\FileHandler' driver.
INFO - 2026-03-19 15:40:29 --> Usuario autenticado: cmendoza con rol: 2 - requiere cambio password: sí
DEBUG - 2026-03-19 15:40:29 --> Session: Class initialized using 'CodeIgniter\Session\Handlers\FileHandler' driver.
DEBUG - 2026-03-19 15:40:32 --> Session: Class initialized using 'CodeIgniter\Session\Handlers\FileHandler' driver.
DEBUG - 2026-03-19 15:41:59 --> Session: Class initialized using 'CodeIgniter\Session\Handlers\FileHandler' driver.
DEBUG - 2026-03-19 15:42:05 --> Session: Class initialized using 'CodeIgniter\Session\Handlers\FileHandler' driver.
DEBUG - 2026-03-19 15:42:14 --> Session: Class initialized using 'CodeIgniter\Session\Handlers\FileHandler' driver.
DEBUG - 2026-03-19 15:42:17 --> Session: Class initialized using 'CodeIgniter\Session\Handlers\FileHandler' driver.
DEBUG - 2026-03-19 15:42:22 --> Session: Class initialized using 'CodeIgniter\Session\Handlers\FileHandler' driver.
DEBUG - 2026-03-19 15:42:28 --> Session: Class initialized using 'CodeIgniter\Session\Handlers\FileHandler' driver.
DEBUG - 2026-03-19 15:42:33 --> Session: Class initialized using 'CodeIgniter\Session\Handlers\FileHandler' driver.
DEBUG - 2026-03-19 15:42:37 --> Session: Class initialized using 'CodeIgniter\Session\Handlers\FileHandler' driver.
DEBUG - 2026-03-19 15:43:05 --> Session: Class initialized using 'CodeIgniter\Session\Handlers\FileHandler' driver.
INFO - 2026-03-19 15:43:05 --> Iniciando proceso de cierre de sesión para usuario: cmendoza
INFO - 2026-03-19 15:43:05 --> Sesión cerrada exitosamente
DEBUG - 2026-03-19 15:43:05 --> Session: Class initialized using 'CodeIgniter\Session\Handlers\FileHandler' driver.
DEBUG - 2026-03-19 15:43:51 --> Session: Class initialized using 'CodeIgniter\Session\Handlers\FileHandler' driver.
DEBUG - 2026-03-19 15:43:59 --> Session: Class initialized using 'CodeIgniter\Session\Handlers\FileHandler' driver.
INFO - 2026-03-19 15:43:59 --> Usuario autenticado: cmendoza con rol: 2 - requiere cambio password: sí
DEBUG - 2026-03-19 15:43:59 --> Session: Class initialized using 'CodeIgniter\Session\Handlers\FileHandler' driver.
DEBUG - 2026-03-19 15:43:59 --> Session: Class initialized using 'CodeIgniter\Session\Handlers\FileHandler' driver.
DEBUG - 2026-03-19 15:43:59 --> Session: Class initialized using 'CodeIgniter\Session\Handlers\FileHandler' driver.
DEBUG - 2026-03-19 15:43:59 --> Session: Class initialized using 'CodeIgniter\Session\Handlers\FileHandler' driver.
DEBUG - 2026-03-19 15:43:59 --> Session: Class initialized using 'CodeIgniter\Session\Handlers\FileHandler' driver.
DEBUG - 2026-03-19 15:43:59 --> Session: Class initialized using 'CodeIgniter\Session\Handlers\FileHandler' driver.
DEBUG - 2026-03-19 15:43:59 --> Session: Class initialized using 'CodeIgniter\Session\Handlers\FileHandler' driver.
DEBUG - 2026-03-19 15:43:59 --> Session: Class initialized using 'CodeIgniter\Session\Handlers\FileHandler' driver.
DEBUG - 2026-03-19 15:44:00 --> Session: Class initialized using 'CodeIgniter\Session\Handlers\FileHandler' driver.
DEBUG - 2026-03-19 15:44:00 --> Session: Class initialized using 'CodeIgniter\Session\Handlers\FileHandler' driver.
DEBUG - 2026-03-19 15:44:00 --> Session: Class initialized using 'CodeIgniter\Session\Handlers\FileHandler' driver.
DEBUG - 2026-03-19 15:44:00 --> Session: Class initialized using 'CodeIgniter\Session\Handlers\FileHandler' driver.
DEBUG - 2026-03-19 15:44:00 --> Session: Class initialized using 'CodeIgniter\Session\Handlers\FileHandler' driver.
DEBUG - 2026-03-19 15:44:00 --> Session: Class initialized using 'CodeIgniter\Session\Handlers\FileHandler' driver.
DEBUG - 2026-03-19 15:44:00 --> Session: Class initialized using 'CodeIgniter\Session\Handlers\FileHandler' driver.
DEBUG - 2026-03-19 15:44:00 --> Session: Class initialized using 'CodeIgniter\Session\Handlers\FileHandler' driver.
DEBUG - 2026-03-19 15:44:00 --> Session: Class initialized using 'CodeIgniter\Session\Handlers\FileHandler' driver.
DEBUG - 2026-03-19 15:44:00 --> Session: Class initialized using 'CodeIgniter\Session\Handlers\FileHandler' driver.
DEBUG - 2026-03-19 15:44:00 --> Session: Class initialized using 'CodeIgniter\Session\Handlers\FileHandler' driver.
DEBUG - 2026-03-19 15:44:02 --> Session: Class initialized using 'CodeIgniter\Session\Handlers\FileHandler' driver.
DEBUG - 2026-03-19 15:44:02 --> Session: Class initialized using 'CodeIgniter\Session\Handlers\FileHandler' driver.
DEBUG - 2026-03-19 15:44:02 --> Session: Class initialized using 'CodeIgniter\Session\Handlers\FileHandler' driver.
DEBUG - 2026-03-19 15:44:02 --> Session: Class initialized using 'CodeIgniter\Session\Handlers\FileHandler' driver.
DEBUG - 2026-03-19 15:44:02 --> Session: Class initialized using 'CodeIgniter\Session\Handlers\FileHandler' driver.
DEBUG - 2026-03-19 15:44:02 --> Session: Class initialized using 'CodeIgniter\Session\Handlers\FileHandler' driver.
DEBUG - 2026-03-19 15:44:02 --> Session: Class initialized using 'CodeIgniter\Session\Handlers\FileHandler' driver.
DEBUG - 2026-03-19 15:44:02 --> Session: Class initialized using 'CodeIgniter\Session\Handlers\FileHandler' driver.
DEBUG - 2026-03-19 15:44:02 --> Session: Class initialized using 'CodeIgniter\Session\Handlers\FileHandler' driver.
DEBUG - 2026-03-19 15:44:02 --> Session: Class initialized using 'CodeIgniter\Session\Handlers\FileHandler' driver.
DEBUG - 2026-03-19 15:44:02 --> Session: Class initialized using 'CodeIgniter\Session\Handlers\FileHandler' driver.
DEBUG - 2026-03-19 15:44:02 --> Session: Class initialized using 'CodeIgniter\Session\Handlers\FileHandler' driver.
DEBUG - 2026-03-19 15:44:03 --> Session: Class initialized using 'CodeIgniter\Session\Handlers\FileHandler' driver.
DEBUG - 2026-03-19 15:44:03 --> Session: Class initialized using 'CodeIgniter\Session\Handlers\FileHandler' driver.
DEBUG - 2026-03-19 15:44:03 --> Session: Class initialized using 'CodeIgniter\Session\Handlers\FileHandler' driver.
DEBUG - 2026-03-19 15:44:03 --> Session: Class initialized using 'CodeIgniter\Session\Handlers\FileHandler' driver.
DEBUG - 2026-03-19 15:44:03 --> Session: Class initialized using 'CodeIgniter\Session\Handlers\FileHandler' driver.
DEBUG - 2026-03-19 15:44:03 --> Session: Class initialized using 'CodeIgniter\Session\Handlers\FileHandler' driver.
DEBUG - 2026-03-19 15:44:03 --> Session: Class initialized using 'CodeIgniter\Session\Handlers\FileHandler' driver.
DEBUG - 2026-03-19 15:44:03 --> Session: Class initialized using 'CodeIgniter\Session\Handlers\FileHandler' driver.
DEBUG - 2026-03-19 15:44:08 --> Session: Class initialized using 'CodeIgniter\Session\Handlers\FileHandler' driver.
DEBUG - 2026-03-19 15:44:08 --> Session: Class initialized using 'CodeIgniter\Session\Handlers\FileHandler' driver.
DEBUG - 2026-03-19 15:44:08 --> Session: Class initialized using 'CodeIgniter\Session\Handlers\FileHandler' driver.
DEBUG - 2026-03-19 15:44:08 --> Session: Class initialized using 'CodeIgniter\Session\Handlers\FileHandler' driver.
DEBUG - 2026-03-19 15:44:09 --> Session: Class initialized using 'CodeIgniter\Session\Handlers\FileHandler' driver.
DEBUG - 2026-03-19 15:44:09 --> Session: Class initialized using 'CodeIgniter\Session\Handlers\FileHandler' driver.
DEBUG - 2026-03-19 15:44:09 --> Session: Class initialized using 'CodeIgniter\Session\Handlers\FileHandler' driver.
DEBUG - 2026-03-19 15:44:09 --> Session: Class initialized using 'CodeIgniter\Session\Handlers\FileHandler' driver.
DEBUG - 2026-03-19 15:44:09 --> Session: Class initialized using 'CodeIgniter\Session\Handlers\FileHandler' driver.
DEBUG - 2026-03-19 15:44:09 --> Session: Class initialized using 'CodeIgniter\Session\Handlers\FileHandler' driver.
DEBUG - 2026-03-19 15:44:09 --> Session: Class initialized using 'CodeIgniter\Session\Handlers\FileHandler' driver.
DEBUG - 2026-03-19 15:44:09 --> Session: Class initialized using 'CodeIgniter\Session\Handlers\FileHandler' driver.
DEBUG - 2026-03-19 15:44:09 --> Session: Class initialized using 'CodeIgniter\Session\Handlers\FileHandler' driver.
DEBUG - 2026-03-19 15:44:10 --> Session: Class initialized using 'CodeIgniter\Session\Handlers\FileHandler' driver.
DEBUG - 2026-03-19 15:44:10 --> Session: Class initialized using 'CodeIgniter\Session\Handlers\FileHandler' driver.
DEBUG - 2026-03-19 15:44:10 --> Session: Class initialized using 'CodeIgniter\Session\Handlers\FileHandler' driver.
DEBUG - 2026-03-19 15:44:10 --> Session: Class initialized using 'CodeIgniter\Session\Handlers\FileHandler' driver.
DEBUG - 2026-03-19 15:44:10 --> Session: Class initialized using 'CodeIgniter\Session\Handlers\FileHandler' driver.
DEBUG - 2026-03-19 15:44:10 --> Session: Class initialized using 'CodeIgniter\Session\Handlers\FileHandler' driver.
DEBUG - 2026-03-19 15:44:10 --> Session: Class initialized using 'CodeIgniter\Session\Handlers\FileHandler' driver.
DEBUG - 2026-03-19 15:44:40 --> Session: Class initialized using 'CodeIgniter\Session\Handlers\FileHandler' driver.
DEBUG - 2026-03-19 15:44:40 --> Session: Class initialized using 'CodeIgniter\Session\Handlers\FileHandler' driver.
DEBUG - 2026-03-19 15:44:40 --> Session: Class initialized using 'CodeIgniter\Session\Handlers\FileHandler' driver.
DEBUG - 2026-03-19 15:44:41 --> Session: Class initialized using 'CodeIgniter\Session\Handlers\FileHandler' driver.
DEBUG - 2026-03-19 15:44:41 --> Session: Class initialized using 'CodeIgniter\Session\Handlers\FileHandler' driver.
DEBUG - 2026-03-19 15:44:41 --> Session: Class initialized using 'CodeIgniter\Session\Handlers\FileHandler' driver.
DEBUG - 2026-03-19 15:44:41 --> Session: Class initialized using 'CodeIgniter\Session\Handlers\FileHandler' driver.
DEBUG - 2026-03-19 15:44:41 --> Session: Class initialized using 'CodeIgniter\Session\Handlers\FileHandler' driver.
DEBUG - 2026-03-19 15:44:41 --> Session: Class initialized using 'CodeIgniter\Session\Handlers\FileHandler' driver.
DEBUG - 2026-03-19 15:44:41 --> Session: Class initialized using 'CodeIgniter\Session\Handlers\FileHandler' driver.
DEBUG - 2026-03-19 15:44:41 --> Session: Class initialized using 'CodeIgniter\Session\Handlers\FileHandler' driver.
DEBUG - 2026-03-19 15:44:41 --> Session: Class initialized using 'CodeIgniter\Session\Handlers\FileHandler' driver.
DEBUG - 2026-03-19 15:44:42 --> Session: Class initialized using 'CodeIgniter\Session\Handlers\FileHandler' driver.
DEBUG - 2026-03-19 15:44:42 --> Session: Class initialized using 'CodeIgniter\Session\Handlers\FileHandler' driver.
DEBUG - 2026-03-19 15:44:42 --> Session: Class initialized using 'CodeIgniter\Session\Handlers\FileHandler' driver.
DEBUG - 2026-03-19 15:44:42 --> Session: Class initialized using 'CodeIgniter\Session\Handlers\FileHandler' driver.
DEBUG - 2026-03-19 15:44:42 --> Session: Class initialized using 'CodeIgniter\Session\Handlers\FileHandler' driver.
DEBUG - 2026-03-19 15:44:42 --> Session: Class initialized using 'CodeIgniter\Session\Handlers\FileHandler' driver.
DEBUG - 2026-03-19 15:44:42 --> Session: Class initialized using 'CodeIgniter\Session\Handlers\FileHandler' driver.
DEBUG - 2026-03-19 15:44:42 --> Session: Class initialized using 'CodeIgniter\Session\Handlers\FileHandler' driver.
DEBUG - 2026-03-19 15:45:26 --> Session: Class initialized using 'CodeIgniter\Session\Handlers\FileHandler' driver.
DEBUG - 2026-03-19 15:45:26 --> Session: Class initialized using 'CodeIgniter\Session\Handlers\FileHandler' driver.
DEBUG - 2026-03-19 15:45:27 --> Session: Class initialized using 'CodeIgniter\Session\Handlers\FileHandler' driver.
DEBUG - 2026-03-19 15:45:27 --> Session: Class initialized using 'CodeIgniter\Session\Handlers\FileHandler' driver.
DEBUG - 2026-03-19 15:45:27 --> Session: Class initialized using 'CodeIgniter\Session\Handlers\FileHandler' driver.
DEBUG - 2026-03-19 15:45:27 --> Session: Class initialized using 'CodeIgniter\Session\Handlers\FileHandler' driver.
DEBUG - 2026-03-19 15:45:27 --> Session: Class initialized using 'CodeIgniter\Session\Handlers\FileHandler' driver.
DEBUG - 2026-03-19 15:45:27 --> Session: Class initialized using 'CodeIgniter\Session\Handlers\FileHandler' driver.
DEBUG - 2026-03-19 15:45:27 --> Session: Class initialized using 'CodeIgniter\Session\Handlers\FileHandler' driver.
DEBUG - 2026-03-19 15:45:27 --> Session: Class initialized using 'CodeIgniter\Session\Handlers\FileHandler' driver.
DEBUG - 2026-03-19 15:45:27 --> Session: Class initialized using 'CodeIgniter\Session\Handlers\FileHandler' driver.
DEBUG - 2026-03-19 15:45:27 --> Session: Class initialized using 'CodeIgniter\Session\Handlers\FileHandler' driver.
DEBUG - 2026-03-19 15:45:27 --> Session: Class initialized using 'CodeIgniter\Session\Handlers\FileHandler' driver.
DEBUG - 2026-03-19 15:45:27 --> Session: Class initialized using 'CodeIgniter\Session\Handlers\FileHandler' driver.
DEBUG - 2026-03-19 15:45:28 --> Session: Class initialized using 'CodeIgniter\Session\Handlers\FileHandler' driver.
DEBUG - 2026-03-19 15:45:28 --> Session: Class initialized using 'CodeIgniter\Session\Handlers\FileHandler' driver.
DEBUG - 2026-03-19 15:45:28 --> Session: Class initialized using 'CodeIgniter\Session\Handlers\FileHandler' driver.
DEBUG - 2026-03-19 15:45:28 --> Session: Class initialized using 'CodeIgniter\Session\Handlers\FileHandler' driver.
DEBUG - 2026-03-19 15:45:28 --> Session: Class initialized using 'CodeIgniter\Session\Handlers\FileHandler' driver.
DEBUG - 2026-03-19 15:45:28 --> Session: Class initialized using 'CodeIgniter\Session\Handlers\FileHandler' driver.
DEBUG - 2026-03-19 15:45:29 --> Session: Class initialized using 'CodeIgniter\Session\Handlers\FileHandler' driver.
DEBUG - 2026-03-19 15:45:29 --> Session: Class initialized using 'CodeIgniter\Session\Handlers\FileHandler' driver.
DEBUG - 2026-03-19 15:45:29 --> Session: Class initialized using 'CodeIgniter\Session\Handlers\FileHandler' driver.
DEBUG - 2026-03-19 15:45:30 --> Session: Class initialized using 'CodeIgniter\Session\Handlers\FileHandler' driver.
DEBUG - 2026-03-19 15:45:30 --> Session: Class initialized using 'CodeIgniter\Session\Handlers\FileHandler' driver.
DEBUG - 2026-03-19 15:45:30 --> Session: Class initialized using 'CodeIgniter\Session\Handlers\FileHandler' driver.
DEBUG - 2026-03-19 15:45:30 --> Session: Class initialized using 'CodeIgniter\Session\Handlers\FileHandler' driver.
DEBUG - 2026-03-19 15:45:30 --> Session: Class initialized using 'CodeIgniter\Session\Handlers\FileHandler' driver.
DEBUG - 2026-03-19 15:45:30 --> Session: Class initialized using 'CodeIgniter\Session\Handlers\FileHandler' driver.
DEBUG - 2026-03-19 15:45:30 --> Session: Class initialized using 'CodeIgniter\Session\Handlers\FileHandler' driver.
DEBUG - 2026-03-19 15:45:30 --> Session: Class initialized using 'CodeIgniter\Session\Handlers\FileHandler' driver.
DEBUG - 2026-03-19 15:45:30 --> Session: Class initialized using 'CodeIgniter\Session\Handlers\FileHandler' driver.
DEBUG - 2026-03-19 15:45:30 --> Session: Class initialized using 'CodeIgniter\Session\Handlers\FileHandler' driver.
DEBUG - 2026-03-19 15:45:30 --> Session: Class initialized using 'CodeIgniter\Session\Handlers\FileHandler' driver.
DEBUG - 2026-03-19 15:45:30 --> Session: Class initialized using 'CodeIgniter\Session\Handlers\FileHandler' driver.
DEBUG - 2026-03-19 15:45:31 --> Session: Class initialized using 'CodeIgniter\Session\Handlers\FileHandler' driver.
DEBUG - 2026-03-19 15:45:31 --> Session: Class initialized using 'CodeIgniter\Session\Handlers\FileHandler' driver.
DEBUG - 2026-03-19 15:45:31 --> Session: Class initialized using 'CodeIgniter\Session\Handlers\FileHandler' driver.
DEBUG - 2026-03-19 15:45:31 --> Session: Class initialized using 'CodeIgniter\Session\Handlers\FileHandler' driver.
DEBUG - 2026-03-19 15:45:31 --> Session: Class initialized using 'CodeIgniter\Session\Handlers\FileHandler' driver.
DEBUG - 2026-03-19 15:45:32 --> Session: Class initialized using 'CodeIgniter\Session\Handlers\FileHandler' driver.
DEBUG - 2026-03-19 15:45:32 --> Session: Class initialized using 'CodeIgniter\Session\Handlers\FileHandler' driver.
DEBUG - 2026-03-19 15:45:32 --> Session: Class initialized using 'CodeIgniter\Session\Handlers\FileHandler' driver.
DEBUG - 2026-03-19 15:45:32 --> Session: Class initialized using 'CodeIgniter\Session\Handlers\FileHandler' driver.
DEBUG - 2026-03-19 15:45:32 --> Session: Class initialized using 'CodeIgniter\Session\Handlers\FileHandler' driver.
DEBUG - 2026-03-19 15:45:32 --> Session: Class initialized using 'CodeIgniter\Session\Handlers\FileHandler' driver.
DEBUG - 2026-03-19 15:45:32 --> Session: Class initialized using 'CodeIgniter\Session\Handlers\FileHandler' driver.
DEBUG - 2026-03-19 15:45:32 --> Session: Class initialized using 'CodeIgniter\Session\Handlers\FileHandler' driver.
DEBUG - 2026-03-19 15:45:32 --> Session: Class initialized using 'CodeIgniter\Session\Handlers\FileHandler' driver.
DEBUG - 2026-03-19 15:45:33 --> Session: Class initialized using 'CodeIgniter\Session\Handlers\FileHandler' driver.
DEBUG - 2026-03-19 15:45:33 --> Session: Class initialized using 'CodeIgniter\Session\Handlers\FileHandler' driver.
DEBUG - 2026-03-19 15:45:33 --> Session: Class initialized using 'CodeIgniter\Session\Handlers\FileHandler' driver.
DEBUG - 2026-03-19 15:45:33 --> Session: Class initialized using 'CodeIgniter\Session\Handlers\FileHandler' driver.
DEBUG - 2026-03-19 15:45:33 --> Session: Class initialized using 'CodeIgniter\Session\Handlers\FileHandler' driver.
DEBUG - 2026-03-19 15:45:33 --> Session: Class initialized using 'CodeIgniter\Session\Handlers\FileHandler' driver.
DEBUG - 2026-03-19 15:45:33 --> Session: Class initialized using 'CodeIgniter\Session\Handlers\FileHandler' driver.
DEBUG - 2026-03-19 15:45:33 --> Session: Class initialized using 'CodeIgniter\Session\Handlers\FileHandler' driver.
DEBUG - 2026-03-19 15:45:33 --> Session: Class initialized using 'CodeIgniter\Session\Handlers\FileHandler' driver.
DEBUG - 2026-03-19 15:45:33 --> Session: Class initialized using 'CodeIgniter\Session\Handlers\FileHandler' driver.
DEBUG - 2026-03-19 15:45:33 --> Session: Class initialized using 'CodeIgniter\Session\Handlers\FileHandler' driver.
DEBUG - 2026-03-19 15:45:35 --> Session: Class initialized using 'CodeIgniter\Session\Handlers\FileHandler' driver.
DEBUG - 2026-03-19 15:45:35 --> Session: Class initialized using 'CodeIgniter\Session\Handlers\FileHandler' driver.
DEBUG - 2026-03-19 15:45:35 --> Session: Class initialized using 'CodeIgniter\Session\Handlers\FileHandler' driver.
DEBUG - 2026-03-19 15:45:35 --> Session: Class initialized using 'CodeIgniter\Session\Handlers\FileHandler' driver.
DEBUG - 2026-03-19 15:45:35 --> Session: Class initialized using 'CodeIgniter\Session\Handlers\FileHandler' driver.
DEBUG - 2026-03-19 15:45:35 --> Session: Class initialized using 'CodeIgniter\Session\Handlers\FileHandler' driver.
DEBUG - 2026-03-19 15:45:35 --> Session: Class initialized using 'CodeIgniter\Session\Handlers\FileHandler' driver.
DEBUG - 2026-03-19 15:45:35 --> Session: Class initialized using 'CodeIgniter\Session\Handlers\FileHandler' driver.
DEBUG - 2026-03-19 15:45:35 --> Session: Class initialized using 'CodeIgniter\Session\Handlers\FileHandler' driver.
DEBUG - 2026-03-19 15:45:35 --> Session: Class initialized using 'CodeIgniter\Session\Handlers\FileHandler' driver.
DEBUG - 2026-03-19 15:45:36 --> Session: Class initialized using 'CodeIgniter\Session\Handlers\FileHandler' driver.
DEBUG - 2026-03-19 15:45:36 --> Session: Class initialized using 'CodeIgniter\Session\Handlers\FileHandler' driver.
DEBUG - 2026-03-19 15:45:36 --> Session: Class initialized using 'CodeIgniter\Session\Handlers\FileHandler' driver.
DEBUG - 2026-03-19 15:45:36 --> Session: Class initialized using 'CodeIgniter\Session\Handlers\FileHandler' driver.
DEBUG - 2026-03-19 15:45:36 --> Session: Class initialized using 'CodeIgniter\Session\Handlers\FileHandler' driver.
DEBUG - 2026-03-19 15:45:36 --> Session: Class initialized using 'CodeIgniter\Session\Handlers\FileHandler' driver.
DEBUG - 2026-03-19 15:45:36 --> Session: Class initialized using 'CodeIgniter\Session\Handlers\FileHandler' driver.
DEBUG - 2026-03-19 15:45:36 --> Session: Class initialized using 'CodeIgniter\Session\Handlers\FileHandler' driver.
DEBUG - 2026-03-19 15:45:36 --> Session: Class initialized using 'CodeIgniter\Session\Handlers\FileHandler' driver.
DEBUG - 2026-03-19 15:45:37 --> Session: Class initialized using 'CodeIgniter\Session\Handlers\FileHandler' driver.
DEBUG - 2026-03-19 15:45:37 --> Session: Class initialized using 'CodeIgniter\Session\Handlers\FileHandler' driver.
DEBUG - 2026-03-19 15:45:37 --> Session: Class initialized using 'CodeIgniter\Session\Handlers\FileHandler' driver.
DEBUG - 2026-03-19 15:45:37 --> Session: Class initialized using 'CodeIgniter\Session\Handlers\FileHandler' driver.
DEBUG - 2026-03-19 15:45:37 --> Session: Class initialized using 'CodeIgniter\Session\Handlers\FileHandler' driver.
DEBUG - 2026-03-19 15:45:37 --> Session: Class initialized using 'CodeIgniter\Session\Handlers\FileHandler' driver.
DEBUG - 2026-03-19 15:45:37 --> Session: Class initialized using 'CodeIgniter\Session\Handlers\FileHandler' driver.
DEBUG - 2026-03-19 15:45:37 --> Session: Class initialized using 'CodeIgniter\Session\Handlers\FileHandler' driver.
DEBUG - 2026-03-19 15:45:37 --> Session: Class initialized using 'CodeIgniter\Session\Handlers\FileHandler' driver.
DEBUG - 2026-03-19 15:45:37 --> Session: Class initialized using 'CodeIgniter\Session\Handlers\FileHandler' driver.
DEBUG - 2026-03-19 15:45:37 --> Session: Class initialized using 'CodeIgniter\Session\Handlers\FileHandler' driver.
DEBUG - 2026-03-19 15:45:37 --> Session: Class initialized using 'CodeIgniter\Session\Handlers\FileHandler' driver.
DEBUG - 2026-03-19 15:45:38 --> Session: Class initialized using 'CodeIgniter\Session\Handlers\FileHandler' driver.
DEBUG - 2026-03-19 15:45:38 --> Session: Class initialized using 'CodeIgniter\Session\Handlers\FileHandler' driver.
DEBUG - 2026-03-19 15:45:38 --> Session: Class initialized using 'CodeIgniter\Session\Handlers\FileHandler' driver.
DEBUG - 2026-03-19 15:45:38 --> Session: Class initialized using 'CodeIgniter\Session\Handlers\FileHandler' driver.
DEBUG - 2026-03-19 15:45:38 --> Session: Class initialized using 'CodeIgniter\Session\Handlers\FileHandler' driver.
DEBUG - 2026-03-19 15:45:38 --> Session: Class initialized using 'CodeIgniter\Session\Handlers\FileHandler' driver.
DEBUG - 2026-03-19 15:45:38 --> Session: Class initialized using 'CodeIgniter\Session\Handlers\FileHandler' driver.
DEBUG - 2026-03-19 15:45:38 --> Session: Class initialized using 'CodeIgniter\Session\Handlers\FileHandler' driver.
DEBUG - 2026-03-19 15:45:39 --> Session: Class initialized using 'CodeIgniter\Session\Handlers\FileHandler' driver.
DEBUG - 2026-03-19 15:45:39 --> Session: Class initialized using 'CodeIgniter\Session\Handlers\FileHandler' driver.
DEBUG - 2026-03-19 15:45:39 --> Session: Class initialized using 'CodeIgniter\Session\Handlers\FileHandler' driver.
DEBUG - 2026-03-19 15:45:40 --> Session: Class initialized using 'CodeIgniter\Session\Handlers\FileHandler' driver.
DEBUG - 2026-03-19 15:45:40 --> Session: Class initialized using 'CodeIgniter\Session\Handlers\FileHandler' driver.
DEBUG - 2026-03-19 15:45:40 --> Session: Class initialized using 'CodeIgniter\Session\Handlers\FileHandler' driver.
DEBUG - 2026-03-19 15:45:40 --> Session: Class initialized using 'CodeIgniter\Session\Handlers\FileHandler' driver.
DEBUG - 2026-03-19 15:45:40 --> Session: Class initialized using 'CodeIgniter\Session\Handlers\FileHandler' driver.
DEBUG - 2026-03-19 15:45:40 --> Session: Class initialized using 'CodeIgniter\Session\Handlers\FileHandler' driver.
DEBUG - 2026-03-19 15:45:40 --> Session: Class initialized using 'CodeIgniter\Session\Handlers\FileHandler' driver.
DEBUG - 2026-03-19 15:45:40 --> Session: Class initialized using 'CodeIgniter\Session\Handlers\FileHandler' driver.
DEBUG - 2026-03-19 15:45:40 --> Session: Class initialized using 'CodeIgniter\Session\Handlers\FileHandler' driver.
DEBUG - 2026-03-19 15:45:41 --> Session: Class initialized using 'CodeIgniter\Session\Handlers\FileHandler' driver.
DEBUG - 2026-03-19 15:45:41 --> Session: Class initialized using 'CodeIgniter\Session\Handlers\FileHandler' driver.
DEBUG - 2026-03-19 15:45:41 --> Session: Class initialized using 'CodeIgniter\Session\Handlers\FileHandler' driver.
DEBUG - 2026-03-19 15:45:41 --> Session: Class initialized using 'CodeIgniter\Session\Handlers\FileHandler' driver.
DEBUG - 2026-03-19 15:45:41 --> Session: Class initialized using 'CodeIgniter\Session\Handlers\FileHandler' driver.
DEBUG - 2026-03-19 15:45:41 --> Session: Class initialized using 'CodeIgniter\Session\Handlers\FileHandler' driver.
DEBUG - 2026-03-19 15:45:41 --> Session: Class initialized using 'CodeIgniter\Session\Handlers\FileHandler' driver.
DEBUG - 2026-03-19 15:45:41 --> Session: Class initialized using 'CodeIgniter\Session\Handlers\FileHandler' driver.
DEBUG - 2026-03-19 15:45:47 --> Session: Class initialized using 'CodeIgniter\Session\Handlers\FileHandler' driver.
DEBUG - 2026-03-19 15:45:51 --> Session: Class initialized using 'CodeIgniter\Session\Handlers\FileHandler' driver.
INFO - 2026-03-19 15:45:51 --> Usuario autenticado: cmendoza con rol: 2 - requiere cambio password: sí
DEBUG - 2026-03-19 15:45:52 --> Session: Class initialized using 'CodeIgniter\Session\Handlers\FileHandler' driver.
DEBUG - 2026-03-19 15:45:52 --> Session: Class initialized using 'CodeIgniter\Session\Handlers\FileHandler' driver.
DEBUG - 2026-03-19 15:45:52 --> Session: Class initialized using 'CodeIgniter\Session\Handlers\FileHandler' driver.
DEBUG - 2026-03-19 15:45:52 --> Session: Class initialized using 'CodeIgniter\Session\Handlers\FileHandler' driver.
DEBUG - 2026-03-19 15:45:52 --> Session: Class initialized using 'CodeIgniter\Session\Handlers\FileHandler' driver.
DEBUG - 2026-03-19 15:45:52 --> Session: Class initialized using 'CodeIgniter\Session\Handlers\FileHandler' driver.
DEBUG - 2026-03-19 15:45:52 --> Session: Class initialized using 'CodeIgniter\Session\Handlers\FileHandler' driver.
DEBUG - 2026-03-19 15:45:52 --> Session: Class initialized using 'CodeIgniter\Session\Handlers\FileHandler' driver.
DEBUG - 2026-03-19 15:45:52 --> Session: Class initialized using 'CodeIgniter\Session\Handlers\FileHandler' driver.
DEBUG - 2026-03-19 15:45:52 --> Session: Class initialized using 'CodeIgniter\Session\Handlers\FileHandler' driver.
DEBUG - 2026-03-19 15:45:52 --> Session: Class initialized using 'CodeIgniter\Session\Handlers\FileHandler' driver.
DEBUG - 2026-03-19 15:45:52 --> Session: Class initialized using 'CodeIgniter\Session\Handlers\FileHandler' driver.
DEBUG - 2026-03-19 15:45:53 --> Session: Class initialized using 'CodeIgniter\Session\Handlers\FileHandler' driver.
DEBUG - 2026-03-19 15:45:53 --> Session: Class initialized using 'CodeIgniter\Session\Handlers\FileHandler' driver.
DEBUG - 2026-03-19 15:45:53 --> Session: Class initialized using 'CodeIgniter\Session\Handlers\FileHandler' driver.
DEBUG - 2026-03-19 15:45:53 --> Session: Class initialized using 'CodeIgniter\Session\Handlers\FileHandler' driver.
DEBUG - 2026-03-19 15:45:53 --> Session: Class initialized using 'CodeIgniter\Session\Handlers\FileHandler' driver.
DEBUG - 2026-03-19 15:45:53 --> Session: Class initialized using 'CodeIgniter\Session\Handlers\FileHandler' driver.
DEBUG - 2026-03-19 15:45:53 --> Session: Class initialized using 'CodeIgniter\Session\Handlers\FileHandler' driver.
DEBUG - 2026-03-19 15:45:54 --> Session: Class initialized using 'CodeIgniter\Session\Handlers\FileHandler' driver.
DEBUG - 2026-03-19 15:45:54 --> Session: Class initialized using 'CodeIgniter\Session\Handlers\FileHandler' driver.
DEBUG - 2026-03-19 15:45:54 --> Session: Class initialized using 'CodeIgniter\Session\Handlers\FileHandler' driver.
DEBUG - 2026-03-19 15:45:55 --> Session: Class initialized using 'CodeIgniter\Session\Handlers\FileHandler' driver.
DEBUG - 2026-03-19 15:45:55 --> Session: Class initialized using 'CodeIgniter\Session\Handlers\FileHandler' driver.
DEBUG - 2026-03-19 15:45:55 --> Session: Class initialized using 'CodeIgniter\Session\Handlers\FileHandler' driver.
DEBUG - 2026-03-19 15:45:55 --> Session: Class initialized using 'CodeIgniter\Session\Handlers\FileHandler' driver.
DEBUG - 2026-03-19 15:45:55 --> Session: Class initialized using 'CodeIgniter\Session\Handlers\FileHandler' driver.
DEBUG - 2026-03-19 15:45:55 --> Session: Class initialized using 'CodeIgniter\Session\Handlers\FileHandler' driver.
DEBUG - 2026-03-19 15:45:55 --> Session: Class initialized using 'CodeIgniter\Session\Handlers\FileHandler' driver.
DEBUG - 2026-03-19 15:45:55 --> Session: Class initialized using 'CodeIgniter\Session\Handlers\FileHandler' driver.
DEBUG - 2026-03-19 15:45:55 --> Session: Class initialized using 'CodeIgniter\Session\Handlers\FileHandler' driver.
DEBUG - 2026-03-19 15:45:55 --> Session: Class initialized using 'CodeIgniter\Session\Handlers\FileHandler' driver.
DEBUG - 2026-03-19 15:45:55 --> Session: Class initialized using 'CodeIgniter\Session\Handlers\FileHandler' driver.
DEBUG - 2026-03-19 15:45:56 --> Session: Class initialized using 'CodeIgniter\Session\Handlers\FileHandler' driver.
DEBUG - 2026-03-19 15:45:56 --> Session: Class initialized using 'CodeIgniter\Session\Handlers\FileHandler' driver.
DEBUG - 2026-03-19 15:45:56 --> Session: Class initialized using 'CodeIgniter\Session\Handlers\FileHandler' driver.
DEBUG - 2026-03-19 15:45:56 --> Session: Class initialized using 'CodeIgniter\Session\Handlers\FileHandler' driver.
DEBUG - 2026-03-19 15:45:56 --> Session: Class initialized using 'CodeIgniter\Session\Handlers\FileHandler' driver.
DEBUG - 2026-03-19 15:45:56 --> Session: Class initialized using 'CodeIgniter\Session\Handlers\FileHandler' driver.
DEBUG - 2026-03-19 15:46:01 --> Session: Class initialized using 'CodeIgniter\Session\Handlers\FileHandler' driver.
DEBUG - 2026-03-19 15:46:01 --> Session: Class initialized using 'CodeIgniter\Session\Handlers\FileHandler' driver.
DEBUG - 2026-03-19 15:46:01 --> Session: Class initialized using 'CodeIgniter\Session\Handlers\FileHandler' driver.
DEBUG - 2026-03-19 15:46:02 --> Session: Class initialized using 'CodeIgniter\Session\Handlers\FileHandler' driver.
DEBUG - 2026-03-19 15:46:02 --> Session: Class initialized using 'CodeIgniter\Session\Handlers\FileHandler' driver.
DEBUG - 2026-03-19 15:46:02 --> Session: Class initialized using 'CodeIgniter\Session\Handlers\FileHandler' driver.
DEBUG - 2026-03-19 15:46:02 --> Session: Class initialized using 'CodeIgniter\Session\Handlers\FileHandler' driver.
DEBUG - 2026-03-19 15:46:02 --> Session: Class initialized using 'CodeIgniter\Session\Handlers\FileHandler' driver.
DEBUG - 2026-03-19 15:46:02 --> Session: Class initialized using 'CodeIgniter\Session\Handlers\FileHandler' driver.
DEBUG - 2026-03-19 15:46:02 --> Session: Class initialized using 'CodeIgniter\Session\Handlers\FileHandler' driver.
DEBUG - 2026-03-19 15:46:02 --> Session: Class initialized using 'CodeIgniter\Session\Handlers\FileHandler' driver.
DEBUG - 2026-03-19 15:46:02 --> Session: Class initialized using 'CodeIgniter\Session\Handlers\FileHandler' driver.
DEBUG - 2026-03-19 15:46:03 --> Session: Class initialized using 'CodeIgniter\Session\Handlers\FileHandler' driver.
DEBUG - 2026-03-19 15:46:03 --> Session: Class initialized using 'CodeIgniter\Session\Handlers\FileHandler' driver.
DEBUG - 2026-03-19 15:46:03 --> Session: Class initialized using 'CodeIgniter\Session\Handlers\FileHandler' driver.
DEBUG - 2026-03-19 15:46:03 --> Session: Class initialized using 'CodeIgniter\Session\Handlers\FileHandler' driver.
DEBUG - 2026-03-19 15:46:03 --> Session: Class initialized using 'CodeIgniter\Session\Handlers\FileHandler' driver.
DEBUG - 2026-03-19 15:46:03 --> Session: Class initialized using 'CodeIgniter\Session\Handlers\FileHandler' driver.
DEBUG - 2026-03-19 15:46:03 --> Session: Class initialized using 'CodeIgniter\Session\Handlers\FileHandler' driver.
DEBUG - 2026-03-19 15:46:03 --> Session: Class initialized using 'CodeIgniter\Session\Handlers\FileHandler' driver.
DEBUG - 2026-03-19 15:46:33 --> Session: Class initialized using 'CodeIgniter\Session\Handlers\FileHandler' driver.
DEBUG - 2026-03-19 15:47:41 --> Session: Class initialized using 'CodeIgniter\Session\Handlers\FileHandler' driver.
DEBUG - 2026-03-19 15:47:42 --> Session: Class initialized using 'CodeIgniter\Session\Handlers\FileHandler' driver.
INFO - 2026-03-19 15:47:42 --> Iniciando proceso de cierre de sesión para usuario: cmendoza
INFO - 2026-03-19 15:47:42 --> Sesión cerrada exitosamente
DEBUG - 2026-03-19 15:47:43 --> Session: Class initialized using 'CodeIgniter\Session\Handlers\FileHandler' driver.
DEBUG - 2026-03-19 15:49:18 --> Session: Class initialized using 'CodeIgniter\Session\Handlers\FileHandler' driver.
DEBUG - 2026-03-19 15:49:18 --> Session: Class initialized using 'CodeIgniter\Session\Handlers\FileHandler' driver.
DEBUG - 2026-03-19 15:49:26 --> Session: Class initialized using 'CodeIgniter\Session\Handlers\FileHandler' driver.
INFO - 2026-03-19 15:49:26 --> Usuario autenticado: 1004191845 con rol: 1 - requiere cambio password: no
DEBUG - 2026-03-19 15:49:26 --> Session: Class initialized using 'CodeIgniter\Session\Handlers\FileHandler' driver.
DEBUG - 2026-03-19 15:49:26 --> Estadísticas mensuales prácticas: [{"mes":"Abr 2025","preprofesionales":0,"servicioComunitario":0},{"mes":"May 2025","preprofesionales":0,"servicioComunitario":0},{"mes":"Jun 2025","preprofesionales":1,"servicioComunitario":0},{"mes":"Jul 2025","preprofesionales":1,"servicioComunitario":0},{"mes":"Ago 2025","preprofesionales":0,"servicioComunitario":1},{"mes":"Sep 2025","preprofesionales":1,"servicioComunitario":0},{"mes":"Oct 2025","preprofesionales":1,"servicioComunitario":0},{"mes":"Nov 2025","preprofesionales":0,"servicioComunitario":1},{"mes":"Dic 2025","preprofesionales":1,"servicioComunitario":0},{"mes":"Ene 2026","preprofesionales":0,"servicioComunitario":1},{"mes":"Feb 2026","preprofesionales":0,"servicioComunitario":1},{"mes":"Mar 2026","preprofesionales":0,"servicioComunitario":1}]
DEBUG - 2026-03-19 15:49:36 --> Session: Class initialized using 'CodeIgniter\Session\Handlers\FileHandler' driver.
DEBUG - 2026-03-19 15:49:44 --> Session: Class initialized using 'CodeIgniter\Session\Handlers\FileHandler' driver.
DEBUG - 2026-03-19 15:51:33 --> Session: Class initialized using 'CodeIgniter\Session\Handlers\FileHandler' driver.
DEBUG - 2026-03-19 15:51:52 --> Session: Class initialized using 'CodeIgniter\Session\Handlers\FileHandler' driver.
DEBUG - 2026-03-19 15:51:53 --> Session: Class initialized using 'CodeIgniter\Session\Handlers\FileHandler' driver.
DEBUG - 2026-03-19 15:51:57 --> Session: Class initialized using 'CodeIgniter\Session\Handlers\FileHandler' driver.
DEBUG - 2026-03-19 15:51:58 --> Session: Class initialized using 'CodeIgniter\Session\Handlers\FileHandler' driver.
DEBUG - 2026-03-19 15:51:58 --> Estadísticas mensuales prácticas: [{"mes":"Abr 2025","preprofesionales":0,"servicioComunitario":0},{"mes":"May 2025","preprofesionales":0,"servicioComunitario":0},{"mes":"Jun 2025","preprofesionales":1,"servicioComunitario":0},{"mes":"Jul 2025","preprofesionales":1,"servicioComunitario":0},{"mes":"Ago 2025","preprofesionales":0,"servicioComunitario":1},{"mes":"Sep 2025","preprofesionales":1,"servicioComunitario":0},{"mes":"Oct 2025","preprofesionales":1,"servicioComunitario":0},{"mes":"Nov 2025","preprofesionales":0,"servicioComunitario":1},{"mes":"Dic 2025","preprofesionales":1,"servicioComunitario":0},{"mes":"Ene 2026","preprofesionales":0,"servicioComunitario":1},{"mes":"Feb 2026","preprofesionales":0,"servicioComunitario":1},{"mes":"Mar 2026","preprofesionales":0,"servicioComunitario":1}]
DEBUG - 2026-03-19 15:52:01 --> Session: Class initialized using 'CodeIgniter\Session\Handlers\FileHandler' driver.
DEBUG - 2026-03-19 15:53:32 --> Session: Class initialized using 'CodeIgniter\Session\Handlers\FileHandler' driver.
DEBUG - 2026-03-19 15:54:57 --> Session: Class initialized using 'CodeIgniter\Session\Handlers\FileHandler' driver.
DEBUG - 2026-03-19 15:54:59 --> Session: Class initialized using 'CodeIgniter\Session\Handlers\FileHandler' driver.
DEBUG - 2026-03-19 15:55:06 --> Session: Class initialized using 'CodeIgniter\Session\Handlers\FileHandler' driver.
DEBUG - 2026-03-19 15:55:06 --> Estadísticas mensuales prácticas: [{"mes":"Abr 2025","preprofesionales":0,"servicioComunitario":0},{"mes":"May 2025","preprofesionales":0,"servicioComunitario":0},{"mes":"Jun 2025","preprofesionales":1,"servicioComunitario":0},{"mes":"Jul 2025","preprofesionales":1,"servicioComunitario":0},{"mes":"Ago 2025","preprofesionales":0,"servicioComunitario":1},{"mes":"Sep 2025","preprofesionales":1,"servicioComunitario":0},{"mes":"Oct 2025","preprofesionales":1,"servicioComunitario":0},{"mes":"Nov 2025","preprofesionales":0,"servicioComunitario":1},{"mes":"Dic 2025","preprofesionales":1,"servicioComunitario":0},{"mes":"Ene 2026","preprofesionales":0,"servicioComunitario":1},{"mes":"Feb 2026","preprofesionales":0,"servicioComunitario":1},{"mes":"Mar 2026","preprofesionales":0,"servicioComunitario":1}]
DEBUG - 2026-03-19 15:55:08 --> Session: Class initialized using 'CodeIgniter\Session\Handlers\FileHandler' driver.
DEBUG - 2026-03-19 15:55:42 --> Session: Class initialized using 'CodeIgniter\Session\Handlers\FileHandler' driver.
DEBUG - 2026-03-19 15:57:13 --> Session: Class initialized using 'CodeIgniter\Session\Handlers\FileHandler' driver.
DEBUG - 2026-03-19 15:57:23 --> Session: Class initialized using 'CodeIgniter\Session\Handlers\FileHandler' driver.
DEBUG - 2026-03-19 15:57:23 --> Session: Class initialized using 'CodeIgniter\Session\Handlers\FileHandler' driver.
DEBUG - 2026-03-19 15:57:55 --> Session: Class initialized using 'CodeIgniter\Session\Handlers\FileHandler' driver.
DEBUG - 2026-03-19 15:57:56 --> Session: Class initialized using 'CodeIgniter\Session\Handlers\FileHandler' driver.
DEBUG - 2026-03-19 16:08:49 --> Session: Class initialized using 'CodeIgniter\Session\Handlers\FileHandler' driver.
INFO - 2026-03-19 16:08:49 --> Iniciando proceso de cierre de sesión para usuario: ycampues
INFO - 2026-03-19 16:08:49 --> Sesión cerrada exitosamente
DEBUG - 2026-03-19 16:08:49 --> Session: Class initialized using 'CodeIgniter\Session\Handlers\FileHandler' driver.
DEBUG - 2026-03-19 16:10:55 --> Session: Class initialized using 'CodeIgniter\Session\Handlers\FileHandler' driver.
INFO - 2026-03-19 16:10:55 --> Usuario autenticado: 1004191845 con rol: 1 - requiere cambio password: no
DEBUG - 2026-03-19 16:10:55 --> Session: Class initialized using 'CodeIgniter\Session\Handlers\FileHandler' driver.
DEBUG - 2026-03-19 16:10:55 --> Estadísticas mensuales prácticas: [{"mes":"Abr 2025","preprofesionales":0,"servicioComunitario":0},{"mes":"May 2025","preprofesionales":0,"servicioComunitario":0},{"mes":"Jun 2025","preprofesionales":1,"servicioComunitario":0},{"mes":"Jul 2025","preprofesionales":1,"servicioComunitario":0},{"mes":"Ago 2025","preprofesionales":0,"servicioComunitario":1},{"mes":"Sep 2025","preprofesionales":1,"servicioComunitario":0},{"mes":"Oct 2025","preprofesionales":1,"servicioComunitario":0},{"mes":"Nov 2025","preprofesionales":0,"servicioComunitario":1},{"mes":"Dic 2025","preprofesionales":1,"servicioComunitario":0},{"mes":"Ene 2026","preprofesionales":0,"servicioComunitario":1},{"mes":"Feb 2026","preprofesionales":0,"servicioComunitario":1},{"mes":"Mar 2026","preprofesionales":0,"servicioComunitario":1}]
DEBUG - 2026-03-19 16:11:02 --> Session: Class initialized using 'CodeIgniter\Session\Handlers\FileHandler' driver.
DEBUG - 2026-03-19 16:11:02 --> Estadísticas mensuales prácticas: [{"mes":"Abr 2025","preprofesionales":0,"servicioComunitario":0},{"mes":"May 2025","preprofesionales":0,"servicioComunitario":0},{"mes":"Jun 2025","preprofesionales":1,"servicioComunitario":0},{"mes":"Jul 2025","preprofesionales":1,"servicioComunitario":0},{"mes":"Ago 2025","preprofesionales":0,"servicioComunitario":1},{"mes":"Sep 2025","preprofesionales":1,"servicioComunitario":0},{"mes":"Oct 2025","preprofesionales":1,"servicioComunitario":0},{"mes":"Nov 2025","preprofesionales":0,"servicioComunitario":1},{"mes":"Dic 2025","preprofesionales":1,"servicioComunitario":0},{"mes":"Ene 2026","preprofesionales":0,"servicioComunitario":1},{"mes":"Feb 2026","preprofesionales":0,"servicioComunitario":1},{"mes":"Mar 2026","preprofesionales":0,"servicioComunitario":1}]
DEBUG - 2026-03-19 16:11:04 --> Session: Class initialized using 'CodeIgniter\Session\Handlers\FileHandler' driver.
DEBUG - 2026-03-19 16:11:05 --> Session: Class initialized using 'CodeIgniter\Session\Handlers\FileHandler' driver.
DEBUG - 2026-03-19 16:11:09 --> Session: Class initialized using 'CodeIgniter\Session\Handlers\FileHandler' driver.
DEBUG - 2026-03-19 16:11:09 --> Session: Class initialized using 'CodeIgniter\Session\Handlers\FileHandler' driver.
DEBUG - 2026-03-19 16:11:09 --> Session: Class initialized using 'CodeIgniter\Session\Handlers\FileHandler' driver.
DEBUG - 2026-03-19 16:11:09 --> Session: Class initialized using 'CodeIgniter\Session\Handlers\FileHandler' driver.
DEBUG - 2026-03-19 16:11:09 --> Session: Class initialized using 'CodeIgniter\Session\Handlers\FileHandler' driver.
DEBUG - 2026-03-19 16:11:12 --> Session: Class initialized using 'CodeIgniter\Session\Handlers\FileHandler' driver.
DEBUG - 2026-03-19 16:11:14 --> Session: Class initialized using 'CodeIgniter\Session\Handlers\FileHandler' driver.
DEBUG - 2026-03-19 16:11:14 --> Consulta SQL: SELECT *
FROM `TAB_DOCUMENTOS_PRACTICAS_PREPROFESIONALES` `dp`
DEBUG - 2026-03-19 16:11:14 --> Resultados obtenidos: 9
DEBUG - 2026-03-19 16:11:14 --> Tipos de documentos en index: [{"ID_TIPO_DOCUMENTO_PREPROFESIONAL":"1","CODIGO":"PPR-001","NOMBRE":"Oficio de Asignaci\u00f3n de Tutor","DESCRIPCION":"Documento oficial emitido por la coordinaci\u00f3n de la carrera que designa al docente responsable de la tutor\u00eda y seguimiento de las pr\u00e1cticas de servicio comunitario del estudiante.","ORDEN":"1","OBLIGATORIO":"1","ACTIVO":"1","FECHA_CREACION":"2025-09-04 06:59:17","FECHA_ACTUALIZACION":"2025-09-04 06:59:17"},{"ID_TIPO_DOCUMENTO_PREPROFESIONAL":"2","CODIGO":"PPR-002","NOMBRE":"Oficio a Entidad Receptora","DESCRIPCION":"Carta formal enviada por el estudiante a la instituci\u00f3n \"Instituto Tecnol\u00f3gico Superior Ibarra\", con el prop\u00f3sito de solicitar la oportunidad de realizar sus pr\u00e1cticas de servicio comunitario.","ORDEN":"2","OBLIGATORIO":"1","ACTIVO":"1","FECHA_CREACION":"2025-09-04 06:59:17","FECHA_ACTUALIZACION":"2025-09-04 06:59:17"},{"ID_TIPO_DOCUMENTO_PREPROFESIONAL":"3","CODIGO":"PPR-003","NOMBRE":"Carta de Aceptaci\u00f3n","DESCRIPCION":"Carta oficial de la entidad receptora \"Instituto Tecnol\u00f3gico Superior Ibarra\" que confirma la aceptaci\u00f3n del o los estudiantes para realizar las pr\u00e1cticas de servicio comunitario en sus instalaciones.","ORDEN":"3","OBLIGATORIO":"1","ACTIVO":"1","FECHA_CREACION":"2025-09-04 06:59:17","FECHA_ACTUALIZACION":"2025-09-04 06:59:17"},{"ID_TIPO_DOCUMENTO_PREPROFESIONAL":"4","CODIGO":"PPR-004","NOMBRE":"Solicitud Institucional Valorada","DESCRIPCION":"Documento de solicitud formal dirigido al Sr. Rector, Dr. Mario Montenegro, pidiendo la aprobaci\u00f3n institucional para la realizaci\u00f3n de las pr\u00e1cticas de servicio comunitario.","ORDEN":"4","OBLIGATORIO":"1","ACTIVO":"1","FECHA_CREACION":"2025-09-04 06:59:17","FECHA_ACTUALIZACION":"2025-09-04 06:59:17"},{"ID_TIPO_DOCUMENTO_PREPROFESIONAL":"5","CODIGO":"PPR-005","NOMBRE":"Certificado de Culminaci\u00f3n de Horas","DESCRIPCION":"Certificado emitido por la entidad receptora \"Instituto Tecnol\u00f3gico Superior Ibarra\" que acredita que el estudiante ha completado las 60 horas requeridas de pr\u00e1cticas de servicio comunitario.","ORDEN":"5","OBLIGATORIO":"1","ACTIVO":"1","FECHA_CREACION":"2025-09-04 06:59:17","FECHA_ACTUALIZACION":"2025-09-04 06:59:17"},{"ID_TIPO_DOCUMENTO_PREPROFESIONAL":"6","CODIGO":"PPR-006","NOMBRE":"Hojas de Asistencia","DESCRIPCION":"Registro f\u00edsico de la asistencia del estudiante en la entidad receptora. Incluye las firmas y sellos para validar las horas de trabajo.","ORDEN":"6","OBLIGATORIO":"1","ACTIVO":"1","FECHA_CREACION":"2025-09-04 06:59:17","FECHA_ACTUALIZACION":"2025-09-04 06:59:17"},{"ID_TIPO_DOCUMENTO_PREPROFESIONAL":"7","CODIGO":"PPR-007","NOMBRE":"Ficha de Registro de Actividades","DESCRIPCION":"Documento detallado en el que el estudiante registra las actividades espec\u00edficas realizadas durante sus pr\u00e1cticas, incluyendo fechas y descripciones.","ORDEN":"7","OBLIGATORIO":"1","ACTIVO":"1","FECHA_CREACION":"2025-09-04 06:59:17","FECHA_ACTUALIZACION":"2025-09-04 06:59:17"},{"ID_TIPO_DOCUMENTO_PREPROFESIONAL":"8","CODIGO":"PPR-008","NOMBRE":"R\u00fabrica de Evaluaci\u00f3n de Entidad","DESCRIPCION":"Formulario de evaluaci\u00f3n del desempe\u00f1o del estudiante, llenado y sellado por la entidad receptora. Valora aspectos como la responsabilidad, la proactividad y la calidad del trabajo.","ORDEN":"8","OBLIGATORIO":"1","ACTIVO":"1","FECHA_CREACION":"2025-09-04 06:59:17","FECHA_ACTUALIZACION":"2025-09-04 06:59:17"},{"ID_TIPO_DOCUMENTO_PREPROFESIONAL":"9","CODIGO":"PPR-009","NOMBRE":"Ficha de Control y Seguimiento Docente","DESCRIPCION":"Documento utilizado por el tutor docente para registrar el seguimiento acad\u00e9mico del estudiante durante las pr\u00e1cticas. Incluye visitas o revisiones peri\u00f3dicas.","ORDEN":"9","OBLIGATORIO":"1","ACTIVO":"1","FECHA_CREACION":"2025-09-04 06:59:17","FECHA_ACTUALIZACION":"2025-09-04 06:59:17"},{"ID_TIPO_DOCUMENTO_PREPROFESIONAL":"10","CODIGO":"PPR-010","NOMBRE":"R\u00fabrica de Evaluaci\u00f3n Docente","DESCRIPCION":"R\u00fabrica de evaluaci\u00f3n llenada y firmada por el tutor docente. Califica el desempe\u00f1o del estudiante en base a los criterios acad\u00e9micos del programa.","ORDEN":"10","OBLIGATORIO":"1","ACTIVO":"1","FECHA_CREACION":"2025-09-04 06:59:17","FECHA_ACTUALIZACION":"2025-09-04 06:59:17"},{"ID_TIPO_DOCUMENTO_PREPROFESIONAL":"11","CODIGO":"PPR-011","NOMBRE":"R\u00fabrica de Evaluaci\u00f3n de Resultados","DESCRIPCION":"Evaluaci\u00f3n final realizada por el Departamento de Vinculaci\u00f3n con la Sociedad, que valora los resultados y el impacto del proyecto de servicio comunitario en su conjunto.","ORDEN":"11","OBLIGATORIO":"1","ACTIVO":"1","FECHA_CREACION":"2025-09-04 06:59:17","FECHA_ACTUALIZACION":"2025-09-04 06:59:17"},{"ID_TIPO_DOCUMENTO_PREPROFESIONAL":"12","CODIGO":"PPR-012","NOMBRE":"Evidencia Fotogr\u00e1fica y Digital","DESCRIPCION":"Material de apoyo visual y digital, como fotos, capturas, videos o impresiones, que documenta y comprueba la realizaci\u00f3n de las actividades y trabajos del proyecto.","ORDEN":"12","OBLIGATORIO":"1","ACTIVO":"1","FECHA_CREACION":"2025-09-04 06:59:17","FECHA_ACTUALIZACION":"2025-09-04 06:59:17"}]
DEBUG - 2026-03-19 16:11:14 --> Session: Class initialized using 'CodeIgniter\Session\Handlers\FileHandler' driver.
DEBUG - 2026-03-19 16:11:14 --> Consulta SQL: SELECT *
FROM `TAB_DOCUMENTOS_PRACTICAS_PREPROFESIONALES` `dp`
DEBUG - 2026-03-19 16:11:14 --> Resultados obtenidos: 9
DEBUG - 2026-03-19 16:11:14 --> Documentos obtenidos: [{"ID_DOCUMENTO_PREPROFESIONAL":"17","ID_PRACTICA_PREPROFESIONAL":"2","ID_TIPO_DOCUMENTO":"9","ID_ESTADO_REVISION":"4","NOMBRE_ARCHIVO":"ficha_control_seguimiento_002_20250920.pdf","NOMBRE_ORIGINAL":"Ficha Control Seguimiento - Mar\u00eda.pdf","TIPO_ARCHIVO":"application\/pdf","TAMANO_ARCHIVO":"112233","RUTA_ARCHIVO":"\/uploads\/documentos-practicas\/","FECHA_SUBIDA":"2025-09-20 10:15:00","FECHA_REVISION":"2025-09-20 12:45:00","ID_REVISOR":"18","OBSERVACIONES":"Ficha de control y seguimiento docente","OBSERVACIONES_REVISOR":"Faltan las firmas del tutor docente, documento inv\u00e1lido","VERSION":"1","ACTIVO":"1","FECHA_CREACION":"2025-09-04 06:59:17","FECHA_ACTUALIZACION":"2025-09-04 06:59:17","ID_TIPO_DOCUMENTO_PREPROFESIONAL":"9","TIPO_DOCUMENTO_CODIGO":"PPR-009","TIPO_DOCUMENTO_NOMBRE":"Ficha de Control y Seguimiento Docente","TIPO_DOCUMENTO_DESCRIPCION":"Documento utilizado por el tutor docente para registrar el seguimiento acad\u00e9mico del estudiante durante las pr\u00e1cticas. Incluye visitas o revisiones peri\u00f3dicas.","TIPO_DOCUMENTO_ORDEN":"9","TIPO_DOCUMENTO_OBLIGATORIO":"1","ESTADO_REVISION":"Rechazado","ID_ESTUDIANTE":"2","ENTIDAD_RECEPTORA":"Banco del Pac\u00edfico","ESTUDIANTE_NOMBRE":"Mar\u00eda Elena Garc\u00eda Torres","NOMBRE_ESTUDIANTE":"Mar\u00eda Elena","APELLIDO_ESTUDIANTE":"Garc\u00eda Torres","CEDULA_ESTUDIANTE":"1002345678"},{"ID_DOCUMENTO_PREPROFESIONAL":"15","ID_PRACTICA_PREPROFESIONAL":"2","ID_TIPO_DOCUMENTO":"7","ID_ESTADO_REVISION":"5","NOMBRE_ARCHIVO":"ficha_registro_actividades_002_20250915.pdf","NOMBRE_ORIGINAL":"Ficha Registro Actividades - Mar\u00eda.pdf","TIPO_ARCHIVO":"application\/pdf","TAMANO_ARCHIVO":"98765","RUTA_ARCHIVO":"\/uploads\/documentos-practicas\/","FECHA_SUBIDA":"2025-09-15 11:30:00","FECHA_REVISION":"2025-09-15 14:20:00","ID_REVISOR":"18","OBSERVACIONES":"Ficha de registro de actividades","OBSERVACIONES_REVISOR":"Descripci\u00f3n de actividades muy general, especificar m\u00e1s detalles","VERSION":"1","ACTIVO":"1","FECHA_CREACION":"2025-09-04 06:59:17","FECHA_ACTUALIZACION":"2025-09-04 06:59:17","ID_TIPO_DOCUMENTO_PREPROFESIONAL":"7","TIPO_DOCUMENTO_CODIGO":"PPR-007","TIPO_DOCUMENTO_NOMBRE":"Ficha de Registro de Actividades","TIPO_DOCUMENTO_DESCRIPCION":"Documento detallado en el que el estudiante registra las actividades espec\u00edficas realizadas durante sus pr\u00e1cticas, incluyendo fechas y descripciones.","TIPO_DOCUMENTO_ORDEN":"7","TIPO_DOCUMENTO_OBLIGATORIO":"1","ESTADO_REVISION":"Requiere Correcci\u00f3n","ID_ESTUDIANTE":"2","ENTIDAD_RECEPTORA":"Banco del Pac\u00edfico","ESTUDIANTE_NOMBRE":"Mar\u00eda Elena Garc\u00eda Torres","NOMBRE_ESTUDIANTE":"Mar\u00eda Elena","APELLIDO_ESTUDIANTE":"Garc\u00eda Torres","CEDULA_ESTUDIANTE":"1002345678"},{"ID_DOCUMENTO_PREPROFESIONAL":"14","ID_PRACTICA_PREPROFESIONAL":"1","ID_TIPO_DOCUMENTO":"6","ID_ESTADO_REVISION":"5","NOMBRE_ARCHIVO":"hojas_asistencia_001_20250830.pdf","NOMBRE_ORIGINAL":"Hojas de Asistencia - Juan Carlos.pdf","TIPO_ARCHIVO":"application\/pdf","TAMANO_ARCHIVO":"123456","RUTA_ARCHIVO":"\/uploads\/documentos-practicas\/","FECHA_SUBIDA":"2025-08-30 16:15:00","FECHA_REVISION":"2025-08-30 17:45:00","ID_REVISOR":"17","OBSERVACIONES":"Hojas de asistencia completas","OBSERVACIONES_REVISOR":"Faltan firmas en algunas fechas, corregir y volver a subir","VERSION":"1","ACTIVO":"1","FECHA_CREACION":"2025-09-04 06:59:17","FECHA_ACTUALIZACION":"2025-09-04 06:59:17","ID_TIPO_DOCUMENTO_PREPROFESIONAL":"6","TIPO_DOCUMENTO_CODIGO":"PPR-006","TIPO_DOCUMENTO_NOMBRE":"Hojas de Asistencia","TIPO_DOCUMENTO_DESCRIPCION":"Registro f\u00edsico de la asistencia del estudiante en la entidad receptora. Incluye las firmas y sellos para validar las horas de trabajo.","TIPO_DOCUMENTO_ORDEN":"6","TIPO_DOCUMENTO_OBLIGATORIO":"1","ESTADO_REVISION":"Requiere Correcci\u00f3n","ID_ESTUDIANTE":"1","ENTIDAD_RECEPTORA":"Hospital San Vicente de Pa\u00fal","ESTUDIANTE_NOMBRE":"Juan Carlos P\u00e9rez L\u00f3pez","NOMBRE_ESTUDIANTE":"Juan Carlos","APELLIDO_ESTUDIANTE":"P\u00e9rez L\u00f3pez","CEDULA_ESTUDIANTE":"1001234567"},{"ID_DOCUMENTO_PREPROFESIONAL":"16","ID_PRACTICA_PREPROFESIONAL":"1","ID_TIPO_DOCUMENTO":"8","ID_ESTADO_REVISION":"4","NOMBRE_ARCHIVO":"rubrica_evaluacion_entidad_001_20250825.pdf","NOMBRE_ORIGINAL":"R\u00fabrica Evaluaci\u00f3n Entidad - Juan.pdf","TIPO_ARCHIVO":"application\/pdf","TAMANO_ARCHIVO":"87654","RUTA_ARCHIVO":"\/uploads\/documentos-practicas\/","FECHA_SUBIDA":"2025-08-25 15:00:00","FECHA_REVISION":"2025-08-25 16:30:00","ID_REVISOR":"17","OBSERVACIONES":"R\u00fabrica de evaluaci\u00f3n de entidad","OBSERVACIONES_REVISOR":"Documento no tiene sello oficial de la entidad, rechazado","VERSION":"1","ACTIVO":"1","FECHA_CREACION":"2025-09-04 06:59:17","FECHA_ACTUALIZACION":"2025-09-04 06:59:17","ID_TIPO_DOCUMENTO_PREPROFESIONAL":"8","TIPO_DOCUMENTO_CODIGO":"PPR-008","TIPO_DOCUMENTO_NOMBRE":"R\u00fabrica de Evaluaci\u00f3n de Entidad","TIPO_DOCUMENTO_DESCRIPCION":"Formulario de evaluaci\u00f3n del desempe\u00f1o del estudiante, llenado y sellado por la entidad receptora. Valora aspectos como la responsabilidad, la proactividad y la calidad del trabajo.","TIPO_DOCUMENTO_ORDEN":"8","TIPO_DOCUMENTO_OBLIGATORIO":"1","ESTADO_REVISION":"Rechazado","ID_ESTUDIANTE":"1","ENTIDAD_RECEPTORA":"Hospital San Vicente de Pa\u00fal","ESTUDIANTE_NOMBRE":"Juan Carlos P\u00e9rez L\u00f3pez","NOMBRE_ESTUDIANTE":"Juan Carlos","APELLIDO_ESTUDIANTE":"P\u00e9rez L\u00f3pez","CEDULA_ESTUDIANTE":"1001234567"},{"ID_DOCUMENTO_PREPROFESIONAL":"5","ID_PRACTICA_PREPROFESIONAL":"2","ID_TIPO_DOCUMENTO":"2","ID_ESTADO_REVISION":"3","NOMBRE_ARCHIVO":"oficio_entidad_receptora_002_20250702.pdf","NOMBRE_ORIGINAL":"Oficio Entidad Receptora - Banco.pdf","TIPO_ARCHIVO":"application\/pdf","TAMANO_ARCHIVO":"178944","RUTA_ARCHIVO":"\/uploads\/documentos-practicas\/","FECHA_SUBIDA":"2025-07-02 15:45:00","FECHA_REVISION":"2025-07-02 17:20:00","ID_REVISOR":"18","OBSERVACIONES":"Oficio enviado a la entidad receptora","OBSERVACIONES_REVISOR":"Oficio formal y bien estructurado","VERSION":"1","ACTIVO":"1","FECHA_CREACION":"2025-09-04 06:59:17","FECHA_ACTUALIZACION":"2025-09-04 06:59:17","ID_TIPO_DOCUMENTO_PREPROFESIONAL":"2","TIPO_DOCUMENTO_CODIGO":"PPR-002","TIPO_DOCUMENTO_NOMBRE":"Oficio a Entidad Receptora","TIPO_DOCUMENTO_DESCRIPCION":"Carta formal enviada por el estudiante a la instituci\u00f3n \"Instituto Tecnol\u00f3gico Superior Ibarra\", con el prop\u00f3sito de solicitar la oportunidad de realizar sus pr\u00e1cticas de servicio comunitario.","TIPO_DOCUMENTO_ORDEN":"2","TIPO_DOCUMENTO_OBLIGATORIO":"1","ESTADO_REVISION":"Aprobado","ID_ESTUDIANTE":"2","ENTIDAD_RECEPTORA":"Banco del Pac\u00edfico","ESTUDIANTE_NOMBRE":"Mar\u00eda Elena Garc\u00eda Torres","NOMBRE_ESTUDIANTE":"Mar\u00eda Elena","APELLIDO_ESTUDIANTE":"Garc\u00eda Torres","CEDULA_ESTUDIANTE":"1002345678"},{"ID_DOCUMENTO_PREPROFESIONAL":"4","ID_PRACTICA_PREPROFESIONAL":"2","ID_TIPO_DOCUMENTO":"1","ID_ESTADO_REVISION":"3","NOMBRE_ARCHIVO":"oficio_asignacion_tutor_002_20250701.pdf","NOMBRE_ORIGINAL":"Oficio Asignaci\u00f3n Tutor - Mar\u00eda Elena.pdf","TIPO_ARCHIVO":"application\/pdf","TAMANO_ARCHIVO":"234880","RUTA_ARCHIVO":"\/uploads\/documentos-practicas\/","FECHA_SUBIDA":"2025-07-01 11:00:00","FECHA_REVISION":"2025-07-01 13:15:00","ID_REVISOR":"18","OBSERVACIONES":"Documento oficial de asignaci\u00f3n","OBSERVACIONES_REVISOR":"Asignaci\u00f3n correcta del tutor","VERSION":"1","ACTIVO":"1","FECHA_CREACION":"2025-09-04 06:59:17","FECHA_ACTUALIZACION":"2025-09-04 06:59:17","ID_TIPO_DOCUMENTO_PREPROFESIONAL":"1","TIPO_DOCUMENTO_CODIGO":"PPR-001","TIPO_DOCUMENTO_NOMBRE":"Oficio de Asignaci\u00f3n de Tutor","TIPO_DOCUMENTO_DESCRIPCION":"Documento oficial emitido por la coordinaci\u00f3n de la carrera que designa al docente responsable de la tutor\u00eda y seguimiento de las pr\u00e1cticas de servicio comunitario del estudiante.","TIPO_DOCUMENTO_ORDEN":"1","TIPO_DOCUMENTO_OBLIGATORIO":"1","ESTADO_REVISION":"Aprobado","ID_ESTUDIANTE":"2","ENTIDAD_RECEPTORA":"Banco del Pac\u00edfico","ESTUDIANTE_NOMBRE":"Mar\u00eda Elena Garc\u00eda Torres","NOMBRE_ESTUDIANTE":"Mar\u00eda Elena","APELLIDO_ESTUDIANTE":"Garc\u00eda Torres","CEDULA_ESTUDIANTE":"1002345678"},{"ID_DOCUMENTO_PREPROFESIONAL":"3","ID_PRACTICA_PREPROFESIONAL":"1","ID_TIPO_DOCUMENTO":"3","ID_ESTADO_REVISION":"3","NOMBRE_ARCHIVO":"carta_aceptacion_001_20250603.pdf","NOMBRE_ORIGINAL":"Carta Aceptaci\u00f3n - Hospital.pdf","TIPO_ARCHIVO":"application\/pdf","TAMANO_ARCHIVO":"156672","RUTA_ARCHIVO":"\/uploads\/documentos-practicas\/","FECHA_SUBIDA":"2025-06-03 09:15:00","FECHA_REVISION":"2025-06-03 11:20:00","ID_REVISOR":"17","OBSERVACIONES":"Carta de aceptaci\u00f3n de la entidad","OBSERVACIONES_REVISOR":"Carta oficial con sello institucional","VERSION":"1","ACTIVO":"1","FECHA_CREACION":"2025-09-04 06:59:17","FECHA_ACTUALIZACION":"2025-09-04 06:59:17","ID_TIPO_DOCUMENTO_PREPROFESIONAL":"3","TIPO_DOCUMENTO_CODIGO":"PPR-003","TIPO_DOCUMENTO_NOMBRE":"Carta de Aceptaci\u00f3n","TIPO_DOCUMENTO_DESCRIPCION":"Carta oficial de la entidad receptora \"Instituto Tecnol\u00f3gico Superior Ibarra\" que confirma la aceptaci\u00f3n del o los estudiantes para realizar las pr\u00e1cticas de servicio comunitario en sus instalaciones.","TIPO_DOCUMENTO_ORDEN":"3","TIPO_DOCUMENTO_OBLIGATORIO":"1","ESTADO_REVISION":"Aprobado","ID_ESTUDIANTE":"1","ENTIDAD_RECEPTORA":"Hospital San Vicente de Pa\u00fal","ESTUDIANTE_NOMBRE":"Juan Carlos P\u00e9rez L\u00f3pez","NOMBRE_ESTUDIANTE":"Juan Carlos","APELLIDO_ESTUDIANTE":"P\u00e9rez L\u00f3pez","CEDULA_ESTUDIANTE":"1001234567"},{"ID_DOCUMENTO_PREPROFESIONAL":"2","ID_PRACTICA_PREPROFESIONAL":"1","ID_TIPO_DOCUMENTO":"2","ID_ESTADO_REVISION":"3","NOMBRE_ARCHIVO":"oficio_entidad_receptora_001_20250602.pdf","NOMBRE_ORIGINAL":"Oficio Entidad Receptora - Hospital.pdf","TIPO_ARCHIVO":"application\/pdf","TAMANO_ARCHIVO":"189440","RUTA_ARCHIVO":"\/uploads\/documentos-practicas\/","FECHA_SUBIDA":"2025-06-02 14:30:00","FECHA_REVISION":"2025-06-02 16:45:00","ID_REVISOR":"17","OBSERVACIONES":"Oficio enviado a la entidad receptora","OBSERVACIONES_REVISOR":"Oficio bien redactado y formal","VERSION":"1","ACTIVO":"1","FECHA_CREACION":"2025-09-04 06:59:17","FECHA_ACTUALIZACION":"2025-09-04 06:59:17","ID_TIPO_DOCUMENTO_PREPROFESIONAL":"2","TIPO_DOCUMENTO_CODIGO":"PPR-002","TIPO_DOCUMENTO_NOMBRE":"Oficio a Entidad Receptora","TIPO_DOCUMENTO_DESCRIPCION":"Carta formal enviada por el estudiante a la instituci\u00f3n \"Instituto Tecnol\u00f3gico Superior Ibarra\", con el prop\u00f3sito de solicitar la oportunidad de realizar sus pr\u00e1cticas de servicio comunitario.","TIPO_DOCUMENTO_ORDEN":"2","TIPO_DOCUMENTO_OBLIGATORIO":"1","ESTADO_REVISION":"Aprobado","ID_ESTUDIANTE":"1","ENTIDAD_RECEPTORA":"Hospital San Vicente de Pa\u00fal","ESTUDIANTE_NOMBRE":"Juan Carlos P\u00e9rez L\u00f3pez","NOMBRE_ESTUDIANTE":"Juan Carlos","APELLIDO_ESTUDIANTE":"P\u00e9rez L\u00f3pez","CEDULA_ESTUDIANTE":"1001234567"},{"ID_DOCUMENTO_PREPROFESIONAL":"1","ID_PRACTICA_PREPROFESIONAL":"1","ID_TIPO_DOCUMENTO":"1","ID_ESTADO_REVISION":"3","NOMBRE_ARCHIVO":"oficio_asignacion_tutor_001_20250601.pdf","NOMBRE_ORIGINAL":"Oficio Asignaci\u00f3n Tutor - Juan Carlos.pdf","TIPO_ARCHIVO":"application\/pdf","TAMANO_ARCHIVO":"245760","RUTA_ARCHIVO":"\/uploads\/documentos-practicas\/","FECHA_SUBIDA":"2025-06-01 10:00:00","FECHA_REVISION":"2025-06-01 14:30:00","ID_REVISOR":"17","OBSERVACIONES":"Documento oficial de asignaci\u00f3n","OBSERVACIONES_REVISOR":"Documento aprobado correctamente","VERSION":"1","ACTIVO":"1","FECHA_CREACION":"2025-09-04 06:59:17","FECHA_ACTUALIZACION":"2025-09-04 06:59:17","ID_TIPO_DOCUMENTO_PREPROFESIONAL":"1","TIPO_DOCUMENTO_CODIGO":"PPR-001","TIPO_DOCUMENTO_NOMBRE":"Oficio de Asignaci\u00f3n de Tutor","TIPO_DOCUMENTO_DESCRIPCION":"Documento oficial emitido por la coordinaci\u00f3n de la carrera que designa al docente responsable de la tutor\u00eda y seguimiento de las pr\u00e1cticas de servicio comunitario del estudiante.","TIPO_DOCUMENTO_ORDEN":"1","TIPO_DOCUMENTO_OBLIGATORIO":"1","ESTADO_REVISION":"Aprobado","ID_ESTUDIANTE":"1","ENTIDAD_RECEPTORA":"Hospital San Vicente de Pa\u00fal","ESTUDIANTE_NOMBRE":"Juan Carlos P\u00e9rez L\u00f3pez","NOMBRE_ESTUDIANTE":"Juan Carlos","APELLIDO_ESTUDIANTE":"P\u00e9rez L\u00f3pez","CEDULA_ESTUDIANTE":"1001234567"}]
DEBUG - 2026-03-19 16:11:16 --> Session: Class initialized using 'CodeIgniter\Session\Handlers\FileHandler' driver.
ERROR - 2026-03-19 16:11:16 --> mysqli_sql_exception: Unknown column 'dsc.ESTADO_REVISION' in 'field list' in C:\xampp\htdocs\ITSI\vendor\codeigniter4\framework\system\Database\MySQLi\Connection.php:327
Stack trace:
#0 C:\xampp\htdocs\ITSI\vendor\codeigniter4\framework\system\Database\MySQLi\Connection.php(327): mysqli->query('SELECT COUNT(*)...', 0)
#1 C:\xampp\htdocs\ITSI\vendor\codeigniter4\framework\system\Database\BaseConnection.php(738): CodeIgniter\Database\MySQLi\Connection->execute('SELECT COUNT(*)...')
#2 C:\xampp\htdocs\ITSI\vendor\codeigniter4\framework\system\Database\BaseConnection.php(652): CodeIgniter\Database\BaseConnection->simpleQuery('SELECT COUNT(*)...')
#3 C:\xampp\htdocs\ITSI\vendor\codeigniter4\framework\system\Database\BaseBuilder.php(1649): CodeIgniter\Database\BaseConnection->query('SELECT COUNT(*)...', Array, false)
#4 C:\xampp\htdocs\ITSI\app\Models\DocumentosServicioComunitarioModel.php(137): CodeIgniter\Database\BaseBuilder->get()
#5 C:\xampp\htdocs\ITSI\app\Controllers\admin\DocumentosAdminController.php(45): App\Models\DocumentosServicioComunitarioModel->getEstadisticasDocumentos()
#6 C:\xampp\htdocs\ITSI\vendor\codeigniter4\framework\system\CodeIgniter.php(933): App\Controllers\admin\DocumentosAdminController->documentosServicioComunitario()
#7 C:\xampp\htdocs\ITSI\vendor\codeigniter4\framework\system\CodeIgniter.php(507): CodeIgniter\CodeIgniter->runController(Object(App\Controllers\admin\DocumentosAdminController))
#8 C:\xampp\htdocs\ITSI\vendor\codeigniter4\framework\system\CodeIgniter.php(354): CodeIgniter\CodeIgniter->handleRequest(NULL, Object(Config\Cache), false)
#9 C:\xampp\htdocs\ITSI\vendor\codeigniter4\framework\system\Boot.php(334): CodeIgniter\CodeIgniter->run()
#10 C:\xampp\htdocs\ITSI\vendor\codeigniter4\framework\system\Boot.php(67): CodeIgniter\Boot::runCodeIgniter(Object(CodeIgniter\CodeIgniter))
#11 C:\xampp\htdocs\ITSI\public\index.php(59): CodeIgniter\Boot::bootWeb(Object(Config\Paths))
#12 {main}
DEBUG - 2026-03-19 16:11:16 --> Session: Class initialized using 'CodeIgniter\Session\Handlers\FileHandler' driver.
DEBUG - 2026-03-19 16:11:17 --> Session: Class initialized using 'CodeIgniter\Session\Handlers\FileHandler' driver.
DEBUG - 2026-03-19 16:11:18 --> Session: Class initialized using 'CodeIgniter\Session\Handlers\FileHandler' driver.
DEBUG - 2026-03-19 16:12:07 --> Session: Class initialized using 'CodeIgniter\Session\Handlers\FileHandler' driver.
DEBUG - 2026-03-19 16:18:43 --> Session: Class initialized using 'CodeIgniter\Session\Handlers\FileHandler' driver.
DEBUG - 2026-03-19 16:18:45 --> Session: Class initialized using 'CodeIgniter\Session\Handlers\FileHandler' driver.
DEBUG - 2026-03-19 16:40:59 --> Session: Class initialized using 'CodeIgniter\Session\Handlers\FileHandler' driver.
INFO - 2026-03-19 16:40:59 --> Iniciando proceso de cierre de sesión para usuario: ycampues
INFO - 2026-03-19 16:40:59 --> Sesión cerrada exitosamente
DEBUG - 2026-03-19 16:40:59 --> Session: Class initialized using 'CodeIgniter\Session\Handlers\FileHandler' driver.
DEBUG - 2026-03-19 16:56:00 --> Session: Class initialized using 'CodeIgniter\Session\Handlers\FileHandler' driver.
INFO - 2026-03-19 16:56:00 --> Usuario autenticado: 1004191845 con rol: 1 - requiere cambio password: no
DEBUG - 2026-03-19 16:56:01 --> Session: Class initialized using 'CodeIgniter\Session\Handlers\FileHandler' driver.
DEBUG - 2026-03-19 16:56:01 --> Estadísticas mensuales prácticas: [{"mes":"Abr 2025","preprofesionales":0,"servicioComunitario":0},{"mes":"May 2025","preprofesionales":0,"servicioComunitario":0},{"mes":"Jun 2025","preprofesionales":1,"servicioComunitario":0},{"mes":"Jul 2025","preprofesionales":1,"servicioComunitario":0},{"mes":"Ago 2025","preprofesionales":0,"servicioComunitario":1},{"mes":"Sep 2025","preprofesionales":1,"servicioComunitario":0},{"mes":"Oct 2025","preprofesionales":1,"servicioComunitario":0},{"mes":"Nov 2025","preprofesionales":0,"servicioComunitario":1},{"mes":"Dic 2025","preprofesionales":1,"servicioComunitario":0},{"mes":"Ene 2026","preprofesionales":0,"servicioComunitario":1},{"mes":"Feb 2026","preprofesionales":0,"servicioComunitario":1},{"mes":"Mar 2026","preprofesionales":0,"servicioComunitario":1}]
DEBUG - 2026-03-19 16:56:04 --> Session: Class initialized using 'CodeIgniter\Session\Handlers\FileHandler' driver.
DEBUG - 2026-03-19 16:56:04 --> Consulta SQL: SELECT *
FROM `TAB_DOCUMENTOS_PRACTICAS_PREPROFESIONALES` `dp`
DEBUG - 2026-03-19 16:56:04 --> Resultados obtenidos: 9
DEBUG - 2026-03-19 16:56:04 --> Tipos de documentos en index: [{"ID_TIPO_DOCUMENTO_PREPROFESIONAL":"1","CODIGO":"PPR-001","NOMBRE":"Oficio de Asignaci\u00f3n de Tutor","DESCRIPCION":"Documento oficial emitido por la coordinaci\u00f3n de la carrera que designa al docente responsable de la tutor\u00eda y seguimiento de las pr\u00e1cticas de servicio comunitario del estudiante.","ORDEN":"1","OBLIGATORIO":"1","ACTIVO":"1","FECHA_CREACION":"2025-09-04 06:59:17","FECHA_ACTUALIZACION":"2025-09-04 06:59:17"},{"ID_TIPO_DOCUMENTO_PREPROFESIONAL":"2","CODIGO":"PPR-002","NOMBRE":"Oficio a Entidad Receptora","DESCRIPCION":"Carta formal enviada por el estudiante a la instituci\u00f3n \"Instituto Tecnol\u00f3gico Superior Ibarra\", con el prop\u00f3sito de solicitar la oportunidad de realizar sus pr\u00e1cticas de servicio comunitario.","ORDEN":"2","OBLIGATORIO":"1","ACTIVO":"1","FECHA_CREACION":"2025-09-04 06:59:17","FECHA_ACTUALIZACION":"2025-09-04 06:59:17"},{"ID_TIPO_DOCUMENTO_PREPROFESIONAL":"3","CODIGO":"PPR-003","NOMBRE":"Carta de Aceptaci\u00f3n","DESCRIPCION":"Carta oficial de la entidad receptora \"Instituto Tecnol\u00f3gico Superior Ibarra\" que confirma la aceptaci\u00f3n del o los estudiantes para realizar las pr\u00e1cticas de servicio comunitario en sus instalaciones.","ORDEN":"3","OBLIGATORIO":"1","ACTIVO":"1","FECHA_CREACION":"2025-09-04 06:59:17","FECHA_ACTUALIZACION":"2025-09-04 06:59:17"},{"ID_TIPO_DOCUMENTO_PREPROFESIONAL":"4","CODIGO":"PPR-004","NOMBRE":"Solicitud Institucional Valorada","DESCRIPCION":"Documento de solicitud formal dirigido al Sr. Rector, Dr. Mario Montenegro, pidiendo la aprobaci\u00f3n institucional para la realizaci\u00f3n de las pr\u00e1cticas de servicio comunitario.","ORDEN":"4","OBLIGATORIO":"1","ACTIVO":"1","FECHA_CREACION":"2025-09-04 06:59:17","FECHA_ACTUALIZACION":"2025-09-04 06:59:17"},{"ID_TIPO_DOCUMENTO_PREPROFESIONAL":"5","CODIGO":"PPR-005","NOMBRE":"Certificado de Culminaci\u00f3n de Horas","DESCRIPCION":"Certificado emitido por la entidad receptora \"Instituto Tecnol\u00f3gico Superior Ibarra\" que acredita que el estudiante ha completado las 60 horas requeridas de pr\u00e1cticas de servicio comunitario.","ORDEN":"5","OBLIGATORIO":"1","ACTIVO":"1","FECHA_CREACION":"2025-09-04 06:59:17","FECHA_ACTUALIZACION":"2025-09-04 06:59:17"},{"ID_TIPO_DOCUMENTO_PREPROFESIONAL":"6","CODIGO":"PPR-006","NOMBRE":"Hojas de Asistencia","DESCRIPCION":"Registro f\u00edsico de la asistencia del estudiante en la entidad receptora. Incluye las firmas y sellos para validar las horas de trabajo.","ORDEN":"6","OBLIGATORIO":"1","ACTIVO":"1","FECHA_CREACION":"2025-09-04 06:59:17","FECHA_ACTUALIZACION":"2025-09-04 06:59:17"},{"ID_TIPO_DOCUMENTO_PREPROFESIONAL":"7","CODIGO":"PPR-007","NOMBRE":"Ficha de Registro de Actividades","DESCRIPCION":"Documento detallado en el que el estudiante registra las actividades espec\u00edficas realizadas durante sus pr\u00e1cticas, incluyendo fechas y descripciones.","ORDEN":"7","OBLIGATORIO":"1","ACTIVO":"1","FECHA_CREACION":"2025-09-04 06:59:17","FECHA_ACTUALIZACION":"2025-09-04 06:59:17"},{"ID_TIPO_DOCUMENTO_PREPROFESIONAL":"8","CODIGO":"PPR-008","NOMBRE":"R\u00fabrica de Evaluaci\u00f3n de Entidad","DESCRIPCION":"Formulario de evaluaci\u00f3n del desempe\u00f1o del estudiante, llenado y sellado por la entidad receptora. Valora aspectos como la responsabilidad, la proactividad y la calidad del trabajo.","ORDEN":"8","OBLIGATORIO":"1","ACTIVO":"1","FECHA_CREACION":"2025-09-04 06:59:17","FECHA_ACTUALIZACION":"2025-09-04 06:59:17"},{"ID_TIPO_DOCUMENTO_PREPROFESIONAL":"9","CODIGO":"PPR-009","NOMBRE":"Ficha de Control y Seguimiento Docente","DESCRIPCION":"Documento utilizado por el tutor docente para registrar el seguimiento acad\u00e9mico del estudiante durante las pr\u00e1cticas. Incluye visitas o revisiones peri\u00f3dicas.","ORDEN":"9","OBLIGATORIO":"1","ACTIVO":"1","FECHA_CREACION":"2025-09-04 06:59:17","FECHA_ACTUALIZACION":"2025-09-04 06:59:17"},{"ID_TIPO_DOCUMENTO_PREPROFESIONAL":"10","CODIGO":"PPR-010","NOMBRE":"R\u00fabrica de Evaluaci\u00f3n Docente","DESCRIPCION":"R\u00fabrica de evaluaci\u00f3n llenada y firmada por el tutor docente. Califica el desempe\u00f1o del estudiante en base a los criterios acad\u00e9micos del programa.","ORDEN":"10","OBLIGATORIO":"1","ACTIVO":"1","FECHA_CREACION":"2025-09-04 06:59:17","FECHA_ACTUALIZACION":"2025-09-04 06:59:17"},{"ID_TIPO_DOCUMENTO_PREPROFESIONAL":"11","CODIGO":"PPR-011","NOMBRE":"R\u00fabrica de Evaluaci\u00f3n de Resultados","DESCRIPCION":"Evaluaci\u00f3n final realizada por el Departamento de Vinculaci\u00f3n con la Sociedad, que valora los resultados y el impacto del proyecto de servicio comunitario en su conjunto.","ORDEN":"11","OBLIGATORIO":"1","ACTIVO":"1","FECHA_CREACION":"2025-09-04 06:59:17","FECHA_ACTUALIZACION":"2025-09-04 06:59:17"},{"ID_TIPO_DOCUMENTO_PREPROFESIONAL":"12","CODIGO":"PPR-012","NOMBRE":"Evidencia Fotogr\u00e1fica y Digital","DESCRIPCION":"Material de apoyo visual y digital, como fotos, capturas, videos o impresiones, que documenta y comprueba la realizaci\u00f3n de las actividades y trabajos del proyecto.","ORDEN":"12","OBLIGATORIO":"1","ACTIVO":"1","FECHA_CREACION":"2025-09-04 06:59:17","FECHA_ACTUALIZACION":"2025-09-04 06:59:17"}]
DEBUG - 2026-03-19 16:56:05 --> Session: Class initialized using 'CodeIgniter\Session\Handlers\FileHandler' driver.
DEBUG - 2026-03-19 16:56:05 --> Consulta SQL: SELECT *
FROM `TAB_DOCUMENTOS_PRACTICAS_PREPROFESIONALES` `dp`
DEBUG - 2026-03-19 16:56:05 --> Resultados obtenidos: 9
DEBUG - 2026-03-19 16:56:05 --> Documentos obtenidos: [{"ID_DOCUMENTO_PREPROFESIONAL":"17","ID_PRACTICA_PREPROFESIONAL":"2","ID_TIPO_DOCUMENTO":"9","ID_ESTADO_REVISION":"4","NOMBRE_ARCHIVO":"ficha_control_seguimiento_002_20250920.pdf","NOMBRE_ORIGINAL":"Ficha Control Seguimiento - Mar\u00eda.pdf","TIPO_ARCHIVO":"application\/pdf","TAMANO_ARCHIVO":"112233","RUTA_ARCHIVO":"\/uploads\/documentos-practicas\/","FECHA_SUBIDA":"2025-09-20 10:15:00","FECHA_REVISION":"2025-09-20 12:45:00","ID_REVISOR":"18","OBSERVACIONES":"Ficha de control y seguimiento docente","OBSERVACIONES_REVISOR":"Faltan las firmas del tutor docente, documento inv\u00e1lido","VERSION":"1","ACTIVO":"1","FECHA_CREACION":"2025-09-04 06:59:17","FECHA_ACTUALIZACION":"2025-09-04 06:59:17","ID_TIPO_DOCUMENTO_PREPROFESIONAL":"9","TIPO_DOCUMENTO_CODIGO":"PPR-009","TIPO_DOCUMENTO_NOMBRE":"Ficha de Control y Seguimiento Docente","TIPO_DOCUMENTO_DESCRIPCION":"Documento utilizado por el tutor docente para registrar el seguimiento acad\u00e9mico del estudiante durante las pr\u00e1cticas. Incluye visitas o revisiones peri\u00f3dicas.","TIPO_DOCUMENTO_ORDEN":"9","TIPO_DOCUMENTO_OBLIGATORIO":"1","ESTADO_REVISION":"Rechazado","ID_ESTUDIANTE":"2","ENTIDAD_RECEPTORA":"Banco del Pac\u00edfico","ESTUDIANTE_NOMBRE":"Mar\u00eda Elena Garc\u00eda Torres","NOMBRE_ESTUDIANTE":"Mar\u00eda Elena","APELLIDO_ESTUDIANTE":"Garc\u00eda Torres","CEDULA_ESTUDIANTE":"1002345678"},{"ID_DOCUMENTO_PREPROFESIONAL":"15","ID_PRACTICA_PREPROFESIONAL":"2","ID_TIPO_DOCUMENTO":"7","ID_ESTADO_REVISION":"5","NOMBRE_ARCHIVO":"ficha_registro_actividades_002_20250915.pdf","NOMBRE_ORIGINAL":"Ficha Registro Actividades - Mar\u00eda.pdf","TIPO_ARCHIVO":"application\/pdf","TAMANO_ARCHIVO":"98765","RUTA_ARCHIVO":"\/uploads\/documentos-practicas\/","FECHA_SUBIDA":"2025-09-15 11:30:00","FECHA_REVISION":"2025-09-15 14:20:00","ID_REVISOR":"18","OBSERVACIONES":"Ficha de registro de actividades","OBSERVACIONES_REVISOR":"Descripci\u00f3n de actividades muy general, especificar m\u00e1s detalles","VERSION":"1","ACTIVO":"1","FECHA_CREACION":"2025-09-04 06:59:17","FECHA_ACTUALIZACION":"2025-09-04 06:59:17","ID_TIPO_DOCUMENTO_PREPROFESIONAL":"7","TIPO_DOCUMENTO_CODIGO":"PPR-007","TIPO_DOCUMENTO_NOMBRE":"Ficha de Registro de Actividades","TIPO_DOCUMENTO_DESCRIPCION":"Documento detallado en el que el estudiante registra las actividades espec\u00edficas realizadas durante sus pr\u00e1cticas, incluyendo fechas y descripciones.","TIPO_DOCUMENTO_ORDEN":"7","TIPO_DOCUMENTO_OBLIGATORIO":"1","ESTADO_REVISION":"Requiere Correcci\u00f3n","ID_ESTUDIANTE":"2","ENTIDAD_RECEPTORA":"Banco del Pac\u00edfico","ESTUDIANTE_NOMBRE":"Mar\u00eda Elena Garc\u00eda Torres","NOMBRE_ESTUDIANTE":"Mar\u00eda Elena","APELLIDO_ESTUDIANTE":"Garc\u00eda Torres","CEDULA_ESTUDIANTE":"1002345678"},{"ID_DOCUMENTO_PREPROFESIONAL":"14","ID_PRACTICA_PREPROFESIONAL":"1","ID_TIPO_DOCUMENTO":"6","ID_ESTADO_REVISION":"5","NOMBRE_ARCHIVO":"hojas_asistencia_001_20250830.pdf","NOMBRE_ORIGINAL":"Hojas de Asistencia - Juan Carlos.pdf","TIPO_ARCHIVO":"application\/pdf","TAMANO_ARCHIVO":"123456","RUTA_ARCHIVO":"\/uploads\/documentos-practicas\/","FECHA_SUBIDA":"2025-08-30 16:15:00","FECHA_REVISION":"2025-08-30 17:45:00","ID_REVISOR":"17","OBSERVACIONES":"Hojas de asistencia completas","OBSERVACIONES_REVISOR":"Faltan firmas en algunas fechas, corregir y volver a subir","VERSION":"1","ACTIVO":"1","FECHA_CREACION":"2025-09-04 06:59:17","FECHA_ACTUALIZACION":"2025-09-04 06:59:17","ID_TIPO_DOCUMENTO_PREPROFESIONAL":"6","TIPO_DOCUMENTO_CODIGO":"PPR-006","TIPO_DOCUMENTO_NOMBRE":"Hojas de Asistencia","TIPO_DOCUMENTO_DESCRIPCION":"Registro f\u00edsico de la asistencia del estudiante en la entidad receptora. Incluye las firmas y sellos para validar las horas de trabajo.","TIPO_DOCUMENTO_ORDEN":"6","TIPO_DOCUMENTO_OBLIGATORIO":"1","ESTADO_REVISION":"Requiere Correcci\u00f3n","ID_ESTUDIANTE":"1","ENTIDAD_RECEPTORA":"Hospital San Vicente de Pa\u00fal","ESTUDIANTE_NOMBRE":"Juan Carlos P\u00e9rez L\u00f3pez","NOMBRE_ESTUDIANTE":"Juan Carlos","APELLIDO_ESTUDIANTE":"P\u00e9rez L\u00f3pez","CEDULA_ESTUDIANTE":"1001234567"},{"ID_DOCUMENTO_PREPROFESIONAL":"16","ID_PRACTICA_PREPROFESIONAL":"1","ID_TIPO_DOCUMENTO":"8","ID_ESTADO_REVISION":"4","NOMBRE_ARCHIVO":"rubrica_evaluacion_entidad_001_20250825.pdf","NOMBRE_ORIGINAL":"R\u00fabrica Evaluaci\u00f3n Entidad - Juan.pdf","TIPO_ARCHIVO":"application\/pdf","TAMANO_ARCHIVO":"87654","RUTA_ARCHIVO":"\/uploads\/documentos-practicas\/","FECHA_SUBIDA":"2025-08-25 15:00:00","FECHA_REVISION":"2025-08-25 16:30:00","ID_REVISOR":"17","OBSERVACIONES":"R\u00fabrica de evaluaci\u00f3n de entidad","OBSERVACIONES_REVISOR":"Documento no tiene sello oficial de la entidad, rechazado","VERSION":"1","ACTIVO":"1","FECHA_CREACION":"2025-09-04 06:59:17","FECHA_ACTUALIZACION":"2025-09-04 06:59:17","ID_TIPO_DOCUMENTO_PREPROFESIONAL":"8","TIPO_DOCUMENTO_CODIGO":"PPR-008","TIPO_DOCUMENTO_NOMBRE":"R\u00fabrica de Evaluaci\u00f3n de Entidad","TIPO_DOCUMENTO_DESCRIPCION":"Formulario de evaluaci\u00f3n del desempe\u00f1o del estudiante, llenado y sellado por la entidad receptora. Valora aspectos como la responsabilidad, la proactividad y la calidad del trabajo.","TIPO_DOCUMENTO_ORDEN":"8","TIPO_DOCUMENTO_OBLIGATORIO":"1","ESTADO_REVISION":"Rechazado","ID_ESTUDIANTE":"1","ENTIDAD_RECEPTORA":"Hospital San Vicente de Pa\u00fal","ESTUDIANTE_NOMBRE":"Juan Carlos P\u00e9rez L\u00f3pez","NOMBRE_ESTUDIANTE":"Juan Carlos","APELLIDO_ESTUDIANTE":"P\u00e9rez L\u00f3pez","CEDULA_ESTUDIANTE":"1001234567"},{"ID_DOCUMENTO_PREPROFESIONAL":"5","ID_PRACTICA_PREPROFESIONAL":"2","ID_TIPO_DOCUMENTO":"2","ID_ESTADO_REVISION":"3","NOMBRE_ARCHIVO":"oficio_entidad_receptora_002_20250702.pdf","NOMBRE_ORIGINAL":"Oficio Entidad Receptora - Banco.pdf","TIPO_ARCHIVO":"application\/pdf","TAMANO_ARCHIVO":"178944","RUTA_ARCHIVO":"\/uploads\/documentos-practicas\/","FECHA_SUBIDA":"2025-07-02 15:45:00","FECHA_REVISION":"2025-07-02 17:20:00","ID_REVISOR":"18","OBSERVACIONES":"Oficio enviado a la entidad receptora","OBSERVACIONES_REVISOR":"Oficio formal y bien estructurado","VERSION":"1","ACTIVO":"1","FECHA_CREACION":"2025-09-04 06:59:17","FECHA_ACTUALIZACION":"2025-09-04 06:59:17","ID_TIPO_DOCUMENTO_PREPROFESIONAL":"2","TIPO_DOCUMENTO_CODIGO":"PPR-002","TIPO_DOCUMENTO_NOMBRE":"Oficio a Entidad Receptora","TIPO_DOCUMENTO_DESCRIPCION":"Carta formal enviada por el estudiante a la instituci\u00f3n \"Instituto Tecnol\u00f3gico Superior Ibarra\", con el prop\u00f3sito de solicitar la oportunidad de realizar sus pr\u00e1cticas de servicio comunitario.","TIPO_DOCUMENTO_ORDEN":"2","TIPO_DOCUMENTO_OBLIGATORIO":"1","ESTADO_REVISION":"Aprobado","ID_ESTUDIANTE":"2","ENTIDAD_RECEPTORA":"Banco del Pac\u00edfico","ESTUDIANTE_NOMBRE":"Mar\u00eda Elena Garc\u00eda Torres","NOMBRE_ESTUDIANTE":"Mar\u00eda Elena","APELLIDO_ESTUDIANTE":"Garc\u00eda Torres","CEDULA_ESTUDIANTE":"1002345678"},{"ID_DOCUMENTO_PREPROFESIONAL":"4","ID_PRACTICA_PREPROFESIONAL":"2","ID_TIPO_DOCUMENTO":"1","ID_ESTADO_REVISION":"3","NOMBRE_ARCHIVO":"oficio_asignacion_tutor_002_20250701.pdf","NOMBRE_ORIGINAL":"Oficio Asignaci\u00f3n Tutor - Mar\u00eda Elena.pdf","TIPO_ARCHIVO":"application\/pdf","TAMANO_ARCHIVO":"234880","RUTA_ARCHIVO":"\/uploads\/documentos-practicas\/","FECHA_SUBIDA":"2025-07-01 11:00:00","FECHA_REVISION":"2025-07-01 13:15:00","ID_REVISOR":"18","OBSERVACIONES":"Documento oficial de asignaci\u00f3n","OBSERVACIONES_REVISOR":"Asignaci\u00f3n correcta del tutor","VERSION":"1","ACTIVO":"1","FECHA_CREACION":"2025-09-04 06:59:17","FECHA_ACTUALIZACION":"2025-09-04 06:59:17","ID_TIPO_DOCUMENTO_PREPROFESIONAL":"1","TIPO_DOCUMENTO_CODIGO":"PPR-001","TIPO_DOCUMENTO_NOMBRE":"Oficio de Asignaci\u00f3n de Tutor","TIPO_DOCUMENTO_DESCRIPCION":"Documento oficial emitido por la coordinaci\u00f3n de la carrera que designa al docente responsable de la tutor\u00eda y seguimiento de las pr\u00e1cticas de servicio comunitario del estudiante.","TIPO_DOCUMENTO_ORDEN":"1","TIPO_DOCUMENTO_OBLIGATORIO":"1","ESTADO_REVISION":"Aprobado","ID_ESTUDIANTE":"2","ENTIDAD_RECEPTORA":"Banco del Pac\u00edfico","ESTUDIANTE_NOMBRE":"Mar\u00eda Elena Garc\u00eda Torres","NOMBRE_ESTUDIANTE":"Mar\u00eda Elena","APELLIDO_ESTUDIANTE":"Garc\u00eda Torres","CEDULA_ESTUDIANTE":"1002345678"},{"ID_DOCUMENTO_PREPROFESIONAL":"3","ID_PRACTICA_PREPROFESIONAL":"1","ID_TIPO_DOCUMENTO":"3","ID_ESTADO_REVISION":"3","NOMBRE_ARCHIVO":"carta_aceptacion_001_20250603.pdf","NOMBRE_ORIGINAL":"Carta Aceptaci\u00f3n - Hospital.pdf","TIPO_ARCHIVO":"application\/pdf","TAMANO_ARCHIVO":"156672","RUTA_ARCHIVO":"\/uploads\/documentos-practicas\/","FECHA_SUBIDA":"2025-06-03 09:15:00","FECHA_REVISION":"2025-06-03 11:20:00","ID_REVISOR":"17","OBSERVACIONES":"Carta de aceptaci\u00f3n de la entidad","OBSERVACIONES_REVISOR":"Carta oficial con sello institucional","VERSION":"1","ACTIVO":"1","FECHA_CREACION":"2025-09-04 06:59:17","FECHA_ACTUALIZACION":"2025-09-04 06:59:17","ID_TIPO_DOCUMENTO_PREPROFESIONAL":"3","TIPO_DOCUMENTO_CODIGO":"PPR-003","TIPO_DOCUMENTO_NOMBRE":"Carta de Aceptaci\u00f3n","TIPO_DOCUMENTO_DESCRIPCION":"Carta oficial de la entidad receptora \"Instituto Tecnol\u00f3gico Superior Ibarra\" que confirma la aceptaci\u00f3n del o los estudiantes para realizar las pr\u00e1cticas de servicio comunitario en sus instalaciones.","TIPO_DOCUMENTO_ORDEN":"3","TIPO_DOCUMENTO_OBLIGATORIO":"1","ESTADO_REVISION":"Aprobado","ID_ESTUDIANTE":"1","ENTIDAD_RECEPTORA":"Hospital San Vicente de Pa\u00fal","ESTUDIANTE_NOMBRE":"Juan Carlos P\u00e9rez L\u00f3pez","NOMBRE_ESTUDIANTE":"Juan Carlos","APELLIDO_ESTUDIANTE":"P\u00e9rez L\u00f3pez","CEDULA_ESTUDIANTE":"1001234567"},{"ID_DOCUMENTO_PREPROFESIONAL":"2","ID_PRACTICA_PREPROFESIONAL":"1","ID_TIPO_DOCUMENTO":"2","ID_ESTADO_REVISION":"3","NOMBRE_ARCHIVO":"oficio_entidad_receptora_001_20250602.pdf","NOMBRE_ORIGINAL":"Oficio Entidad Receptora - Hospital.pdf","TIPO_ARCHIVO":"application\/pdf","TAMANO_ARCHIVO":"189440","RUTA_ARCHIVO":"\/uploads\/documentos-practicas\/","FECHA_SUBIDA":"2025-06-02 14:30:00","FECHA_REVISION":"2025-06-02 16:45:00","ID_REVISOR":"17","OBSERVACIONES":"Oficio enviado a la entidad receptora","OBSERVACIONES_REVISOR":"Oficio bien redactado y formal","VERSION":"1","ACTIVO":"1","FECHA_CREACION":"2025-09-04 06:59:17","FECHA_ACTUALIZACION":"2025-09-04 06:59:17","ID_TIPO_DOCUMENTO_PREPROFESIONAL":"2","TIPO_DOCUMENTO_CODIGO":"PPR-002","TIPO_DOCUMENTO_NOMBRE":"Oficio a Entidad Receptora","TIPO_DOCUMENTO_DESCRIPCION":"Carta formal enviada por el estudiante a la instituci\u00f3n \"Instituto Tecnol\u00f3gico Superior Ibarra\", con el prop\u00f3sito de solicitar la oportunidad de realizar sus pr\u00e1cticas de servicio comunitario.","TIPO_DOCUMENTO_ORDEN":"2","TIPO_DOCUMENTO_OBLIGATORIO":"1","ESTADO_REVISION":"Aprobado","ID_ESTUDIANTE":"1","ENTIDAD_RECEPTORA":"Hospital San Vicente de Pa\u00fal","ESTUDIANTE_NOMBRE":"Juan Carlos P\u00e9rez L\u00f3pez","NOMBRE_ESTUDIANTE":"Juan Carlos","APELLIDO_ESTUDIANTE":"P\u00e9rez L\u00f3pez","CEDULA_ESTUDIANTE":"1001234567"},{"ID_DOCUMENTO_PREPROFESIONAL":"1","ID_PRACTICA_PREPROFESIONAL":"1","ID_TIPO_DOCUMENTO":"1","ID_ESTADO_REVISION":"3","NOMBRE_ARCHIVO":"oficio_asignacion_tutor_001_20250601.pdf","NOMBRE_ORIGINAL":"Oficio Asignaci\u00f3n Tutor - Juan Carlos.pdf","TIPO_ARCHIVO":"application\/pdf","TAMANO_ARCHIVO":"245760","RUTA_ARCHIVO":"\/uploads\/documentos-practicas\/","FECHA_SUBIDA":"2025-06-01 10:00:00","FECHA_REVISION":"2025-06-01 14:30:00","ID_REVISOR":"17","OBSERVACIONES":"Documento oficial de asignaci\u00f3n","OBSERVACIONES_REVISOR":"Documento aprobado correctamente","VERSION":"1","ACTIVO":"1","FECHA_CREACION":"2025-09-04 06:59:17","FECHA_ACTUALIZACION":"2025-09-04 06:59:17","ID_TIPO_DOCUMENTO_PREPROFESIONAL":"1","TIPO_DOCUMENTO_CODIGO":"PPR-001","TIPO_DOCUMENTO_NOMBRE":"Oficio de Asignaci\u00f3n de Tutor","TIPO_DOCUMENTO_DESCRIPCION":"Documento oficial emitido por la coordinaci\u00f3n de la carrera que designa al docente responsable de la tutor\u00eda y seguimiento de las pr\u00e1cticas de servicio comunitario del estudiante.","TIPO_DOCUMENTO_ORDEN":"1","TIPO_DOCUMENTO_OBLIGATORIO":"1","ESTADO_REVISION":"Aprobado","ID_ESTUDIANTE":"1","ENTIDAD_RECEPTORA":"Hospital San Vicente de Pa\u00fal","ESTUDIANTE_NOMBRE":"Juan Carlos P\u00e9rez L\u00f3pez","NOMBRE_ESTUDIANTE":"Juan Carlos","APELLIDO_ESTUDIANTE":"P\u00e9rez L\u00f3pez","CEDULA_ESTUDIANTE":"1001234567"}]
DEBUG - 2026-03-19 16:56:06 --> Session: Class initialized using 'CodeIgniter\Session\Handlers\FileHandler' driver.
INFO - 2026-03-19 16:56:06 --> Iniciando proceso de cierre de sesión para usuario: ycampues
INFO - 2026-03-19 16:56:06 --> Sesión cerrada exitosamente
DEBUG - 2026-03-19 16:56:06 --> Session: Class initialized using 'CodeIgniter\Session\Handlers\FileHandler' driver.
DEBUG - 2026-03-19 16:56:17 --> Session: Class initialized using 'CodeIgniter\Session\Handlers\FileHandler' driver.
INFO - 2026-03-19 16:56:17 --> Usuario autenticado: paguirre con rol: 3 - requiere cambio password: no
DEBUG - 2026-03-19 16:56:17 --> Session: Class initialized using 'CodeIgniter\Session\Handlers\FileHandler' driver.
ERROR - 2026-03-19 16:56:17 --> mysqli_sql_exception: Table 'itsi.instituciones_convenios' doesn't exist in C:\xampp\htdocs\ITSI\vendor\codeigniter4\framework\system\Database\MySQLi\Connection.php:327
Stack trace:
#0 C:\xampp\htdocs\ITSI\vendor\codeigniter4\framework\system\Database\MySQLi\Connection.php(327): mysqli->query('SELECT `pp`.*, ...', 0)
#1 C:\xampp\htdocs\ITSI\vendor\codeigniter4\framework\system\Database\BaseConnection.php(738): CodeIgniter\Database\MySQLi\Connection->execute('SELECT `pp`.*, ...')
#2 C:\xampp\htdocs\ITSI\vendor\codeigniter4\framework\system\Database\BaseConnection.php(652): CodeIgniter\Database\BaseConnection->simpleQuery('SELECT `pp`.*, ...')
#3 C:\xampp\htdocs\ITSI\vendor\codeigniter4\framework\system\Database\BaseBuilder.php(1649): CodeIgniter\Database\BaseConnection->query('SELECT `pp`.*, ...', Array, false)
#4 C:\xampp\htdocs\ITSI\app\Controllers\estudiante\DashboardEstudianteController.php(89): CodeIgniter\Database\BaseBuilder->get()
#5 C:\xampp\htdocs\ITSI\vendor\codeigniter4\framework\system\CodeIgniter.php(933): App\Controllers\estudiante\DashboardEstudianteController->index()
#6 C:\xampp\htdocs\ITSI\vendor\codeigniter4\framework\system\CodeIgniter.php(507): CodeIgniter\CodeIgniter->runController(Object(App\Controllers\estudiante\DashboardEstudianteController))
#7 C:\xampp\htdocs\ITSI\vendor\codeigniter4\framework\system\CodeIgniter.php(354): CodeIgniter\CodeIgniter->handleRequest(NULL, Object(Config\Cache), false)
#8 C:\xampp\htdocs\ITSI\vendor\codeigniter4\framework\system\Boot.php(334): CodeIgniter\CodeIgniter->run()
#9 C:\xampp\htdocs\ITSI\vendor\codeigniter4\framework\system\Boot.php(67): CodeIgniter\Boot::runCodeIgniter(Object(CodeIgniter\CodeIgniter))
#10 C:\xampp\htdocs\ITSI\public\index.php(59): CodeIgniter\Boot::bootWeb(Object(Config\Paths))
#11 {main}
ERROR - 2026-03-19 16:56:17 --> Dashboard preprofesionales: Table 'itsi.instituciones_convenios' doesn't exist
ERROR - 2026-03-19 16:56:17 --> mysqli_sql_exception: Table 'itsi.instituciones_convenios' doesn't exist in C:\xampp\htdocs\ITSI\vendor\codeigniter4\framework\system\Database\MySQLi\Connection.php:327
Stack trace:
#0 C:\xampp\htdocs\ITSI\vendor\codeigniter4\framework\system\Database\MySQLi\Connection.php(327): mysqli->query('SELECT `sc`.*, ...', 0)
#1 C:\xampp\htdocs\ITSI\vendor\codeigniter4\framework\system\Database\BaseConnection.php(738): CodeIgniter\Database\MySQLi\Connection->execute('SELECT `sc`.*, ...')
#2 C:\xampp\htdocs\ITSI\vendor\codeigniter4\framework\system\Database\BaseConnection.php(652): CodeIgniter\Database\BaseConnection->simpleQuery('SELECT `sc`.*, ...')
#3 C:\xampp\htdocs\ITSI\vendor\codeigniter4\framework\system\Database\BaseBuilder.php(1649): CodeIgniter\Database\BaseConnection->query('SELECT `sc`.*, ...', Array, false)
#4 C:\xampp\htdocs\ITSI\app\Controllers\estudiante\DashboardEstudianteController.php(116): CodeIgniter\Database\BaseBuilder->get()
#5 C:\xampp\htdocs\ITSI\vendor\codeigniter4\framework\system\CodeIgniter.php(933): App\Controllers\estudiante\DashboardEstudianteController->index()
#6 C:\xampp\htdocs\ITSI\vendor\codeigniter4\framework\system\CodeIgniter.php(507): CodeIgniter\CodeIgniter->runController(Object(App\Controllers\estudiante\DashboardEstudianteController))
#7 C:\xampp\htdocs\ITSI\vendor\codeigniter4\framework\system\CodeIgniter.php(354): CodeIgniter\CodeIgniter->handleRequest(NULL, Object(Config\Cache), false)
#8 C:\xampp\htdocs\ITSI\vendor\codeigniter4\framework\system\Boot.php(334): CodeIgniter\CodeIgniter->run()
#9 C:\xampp\htdocs\ITSI\vendor\codeigniter4\framework\system\Boot.php(67): CodeIgniter\Boot::runCodeIgniter(Object(CodeIgniter\CodeIgniter))
#10 C:\xampp\htdocs\ITSI\public\index.php(59): CodeIgniter\Boot::bootWeb(Object(Config\Paths))
#11 {main}
ERROR - 2026-03-19 16:56:17 --> Dashboard servicio comunitario: Table 'itsi.instituciones_convenios' doesn't exist
DEBUG - 2026-03-19 16:56:51 --> Session: Class initialized using 'CodeIgniter\Session\Handlers\FileHandler' driver.
DEBUG - 2026-03-19 16:56:53 --> Session: Class initialized using 'CodeIgniter\Session\Handlers\FileHandler' driver.
DEBUG - 2026-03-19 16:56:55 --> Session: Class initialized using 'CodeIgniter\Session\Handlers\FileHandler' driver.
DEBUG - 2026-03-19 16:57:02 --> Session: Class initialized using 'CodeIgniter\Session\Handlers\FileHandler' driver.
DEBUG - 2026-03-19 16:58:14 --> Session: Class initialized using 'CodeIgniter\Session\Handlers\FileHandler' driver.
DEBUG - 2026-03-19 16:58:22 --> Session: Class initialized using 'CodeIgniter\Session\Handlers\FileHandler' driver.
DEBUG - 2026-03-19 16:58:31 --> Session: Class initialized using 'CodeIgniter\Session\Handlers\FileHandler' driver.
DEBUG - 2026-03-19 16:59:00 --> Session: Class initialized using 'CodeIgniter\Session\Handlers\FileHandler' driver.
ERROR - 2026-03-19 16:59:00 --> mysqli_sql_exception: Table 'itsi.instituciones_convenios' doesn't exist in C:\xampp\htdocs\ITSI\vendor\codeigniter4\framework\system\Database\MySQLi\Connection.php:327
Stack trace:
#0 C:\xampp\htdocs\ITSI\vendor\codeigniter4\framework\system\Database\MySQLi\Connection.php(327): mysqli->query('SELECT `pp`.*, ...', 0)
#1 C:\xampp\htdocs\ITSI\vendor\codeigniter4\framework\system\Database\BaseConnection.php(738): CodeIgniter\Database\MySQLi\Connection->execute('SELECT `pp`.*, ...')
#2 C:\xampp\htdocs\ITSI\vendor\codeigniter4\framework\system\Database\BaseConnection.php(652): CodeIgniter\Database\BaseConnection->simpleQuery('SELECT `pp`.*, ...')
#3 C:\xampp\htdocs\ITSI\vendor\codeigniter4\framework\system\Database\BaseBuilder.php(1649): CodeIgniter\Database\BaseConnection->query('SELECT `pp`.*, ...', Array, false)
#4 C:\xampp\htdocs\ITSI\app\Controllers\estudiante\DashboardEstudianteController.php(89): CodeIgniter\Database\BaseBuilder->get()
#5 C:\xampp\htdocs\ITSI\vendor\codeigniter4\framework\system\CodeIgniter.php(933): App\Controllers\estudiante\DashboardEstudianteController->index()
#6 C:\xampp\htdocs\ITSI\vendor\codeigniter4\framework\system\CodeIgniter.php(507): CodeIgniter\CodeIgniter->runController(Object(App\Controllers\estudiante\DashboardEstudianteController))
#7 C:\xampp\htdocs\ITSI\vendor\codeigniter4\framework\system\CodeIgniter.php(354): CodeIgniter\CodeIgniter->handleRequest(NULL, Object(Config\Cache), false)
#8 C:\xampp\htdocs\ITSI\vendor\codeigniter4\framework\system\Boot.php(334): CodeIgniter\CodeIgniter->run()
#9 C:\xampp\htdocs\ITSI\vendor\codeigniter4\framework\system\Boot.php(67): CodeIgniter\Boot::runCodeIgniter(Object(CodeIgniter\CodeIgniter))
#10 C:\xampp\htdocs\ITSI\public\index.php(59): CodeIgniter\Boot::bootWeb(Object(Config\Paths))
#11 {main}
ERROR - 2026-03-19 16:59:00 --> Dashboard preprofesionales: Table 'itsi.instituciones_convenios' doesn't exist
ERROR - 2026-03-19 16:59:00 --> mysqli_sql_exception: Table 'itsi.instituciones_convenios' doesn't exist in C:\xampp\htdocs\ITSI\vendor\codeigniter4\framework\system\Database\MySQLi\Connection.php:327
Stack trace:
#0 C:\xampp\htdocs\ITSI\vendor\codeigniter4\framework\system\Database\MySQLi\Connection.php(327): mysqli->query('SELECT `sc`.*, ...', 0)
#1 C:\xampp\htdocs\ITSI\vendor\codeigniter4\framework\system\Database\BaseConnection.php(738): CodeIgniter\Database\MySQLi\Connection->execute('SELECT `sc`.*, ...')
#2 C:\xampp\htdocs\ITSI\vendor\codeigniter4\framework\system\Database\BaseConnection.php(652): CodeIgniter\Database\BaseConnection->simpleQuery('SELECT `sc`.*, ...')
#3 C:\xampp\htdocs\ITSI\vendor\codeigniter4\framework\system\Database\BaseBuilder.php(1649): CodeIgniter\Database\BaseConnection->query('SELECT `sc`.*, ...', Array, false)
#4 C:\xampp\htdocs\ITSI\app\Controllers\estudiante\DashboardEstudianteController.php(116): CodeIgniter\Database\BaseBuilder->get()
#5 C:\xampp\htdocs\ITSI\vendor\codeigniter4\framework\system\CodeIgniter.php(933): App\Controllers\estudiante\DashboardEstudianteController->index()
#6 C:\xampp\htdocs\ITSI\vendor\codeigniter4\framework\system\CodeIgniter.php(507): CodeIgniter\CodeIgniter->runController(Object(App\Controllers\estudiante\DashboardEstudianteController))
#7 C:\xampp\htdocs\ITSI\vendor\codeigniter4\framework\system\CodeIgniter.php(354): CodeIgniter\CodeIgniter->handleRequest(NULL, Object(Config\Cache), false)
#8 C:\xampp\htdocs\ITSI\vendor\codeigniter4\framework\system\Boot.php(334): CodeIgniter\CodeIgniter->run()
#9 C:\xampp\htdocs\ITSI\vendor\codeigniter4\framework\system\Boot.php(67): CodeIgniter\Boot::runCodeIgniter(Object(CodeIgniter\CodeIgniter))
#10 C:\xampp\htdocs\ITSI\public\index.php(59): CodeIgniter\Boot::bootWeb(Object(Config\Paths))
#11 {main}
ERROR - 2026-03-19 16:59:00 --> Dashboard servicio comunitario: Table 'itsi.instituciones_convenios' doesn't exist
DEBUG - 2026-03-19 16:59:07 --> Session: Class initialized using 'CodeIgniter\Session\Handlers\FileHandler' driver.
DEBUG - 2026-03-19 16:59:07 --> Session: Class initialized using 'CodeIgniter\Session\Handlers\FileHandler' driver.
DEBUG - 2026-03-19 16:59:07 --> Session: Class initialized using 'CodeIgniter\Session\Handlers\FileHandler' driver.
DEBUG - 2026-03-19 16:59:09 --> Session: Class initialized using 'CodeIgniter\Session\Handlers\FileHandler' driver.
DEBUG - 2026-03-19 16:59:09 --> Session: Class initialized using 'CodeIgniter\Session\Handlers\FileHandler' driver.
DEBUG - 2026-03-19 16:59:12 --> Session: Class initialized using 'CodeIgniter\Session\Handlers\FileHandler' driver.
DEBUG - 2026-03-19 17:01:48 --> Session: Class initialized using 'CodeIgniter\Session\Handlers\FileHandler' driver.
DEBUG - 2026-03-19 17:01:49 --> Session: Class initialized using 'CodeIgniter\Session\Handlers\FileHandler' driver.
DEBUG - 2026-03-19 17:01:50 --> Session: Class initialized using 'CodeIgniter\Session\Handlers\FileHandler' driver.
DEBUG - 2026-03-19 17:01:51 --> Session: Class initialized using 'CodeIgniter\Session\Handlers\FileHandler' driver.
DEBUG - 2026-03-19 17:02:40 --> Session: Class initialized using 'CodeIgniter\Session\Handlers\FileHandler' driver.
ERROR - 2026-03-19 17:02:40 --> mysqli_sql_exception: Table 'itsi.instituciones_convenios' doesn't exist in C:\xampp\htdocs\ITSI\vendor\codeigniter4\framework\system\Database\MySQLi\Connection.php:327
Stack trace:
#0 C:\xampp\htdocs\ITSI\vendor\codeigniter4\framework\system\Database\MySQLi\Connection.php(327): mysqli->query('SELECT `pp`.*, ...', 0)
#1 C:\xampp\htdocs\ITSI\vendor\codeigniter4\framework\system\Database\BaseConnection.php(738): CodeIgniter\Database\MySQLi\Connection->execute('SELECT `pp`.*, ...')
#2 C:\xampp\htdocs\ITSI\vendor\codeigniter4\framework\system\Database\BaseConnection.php(652): CodeIgniter\Database\BaseConnection->simpleQuery('SELECT `pp`.*, ...')
#3 C:\xampp\htdocs\ITSI\vendor\codeigniter4\framework\system\Database\BaseBuilder.php(1649): CodeIgniter\Database\BaseConnection->query('SELECT `pp`.*, ...', Array, false)
#4 C:\xampp\htdocs\ITSI\app\Controllers\estudiante\DashboardEstudianteController.php(89): CodeIgniter\Database\BaseBuilder->get()
#5 C:\xampp\htdocs\ITSI\vendor\codeigniter4\framework\system\CodeIgniter.php(933): App\Controllers\estudiante\DashboardEstudianteController->index()
#6 C:\xampp\htdocs\ITSI\vendor\codeigniter4\framework\system\CodeIgniter.php(507): CodeIgniter\CodeIgniter->runController(Object(App\Controllers\estudiante\DashboardEstudianteController))
#7 C:\xampp\htdocs\ITSI\vendor\codeigniter4\framework\system\CodeIgniter.php(354): CodeIgniter\CodeIgniter->handleRequest(NULL, Object(Config\Cache), false)
#8 C:\xampp\htdocs\ITSI\vendor\codeigniter4\framework\system\Boot.php(334): CodeIgniter\CodeIgniter->run()
#9 C:\xampp\htdocs\ITSI\vendor\codeigniter4\framework\system\Boot.php(67): CodeIgniter\Boot::runCodeIgniter(Object(CodeIgniter\CodeIgniter))
#10 C:\xampp\htdocs\ITSI\public\index.php(59): CodeIgniter\Boot::bootWeb(Object(Config\Paths))
#11 {main}
ERROR - 2026-03-19 17:02:40 --> Dashboard preprofesionales: Table 'itsi.instituciones_convenios' doesn't exist
ERROR - 2026-03-19 17:02:40 --> mysqli_sql_exception: Table 'itsi.instituciones_convenios' doesn't exist in C:\xampp\htdocs\ITSI\vendor\codeigniter4\framework\system\Database\MySQLi\Connection.php:327
Stack trace:
#0 C:\xampp\htdocs\ITSI\vendor\codeigniter4\framework\system\Database\MySQLi\Connection.php(327): mysqli->query('SELECT `sc`.*, ...', 0)
#1 C:\xampp\htdocs\ITSI\vendor\codeigniter4\framework\system\Database\BaseConnection.php(738): CodeIgniter\Database\MySQLi\Connection->execute('SELECT `sc`.*, ...')
#2 C:\xampp\htdocs\ITSI\vendor\codeigniter4\framework\system\Database\BaseConnection.php(652): CodeIgniter\Database\BaseConnection->simpleQuery('SELECT `sc`.*, ...')
#3 C:\xampp\htdocs\ITSI\vendor\codeigniter4\framework\system\Database\BaseBuilder.php(1649): CodeIgniter\Database\BaseConnection->query('SELECT `sc`.*, ...', Array, false)
#4 C:\xampp\htdocs\ITSI\app\Controllers\estudiante\DashboardEstudianteController.php(116): CodeIgniter\Database\BaseBuilder->get()
#5 C:\xampp\htdocs\ITSI\vendor\codeigniter4\framework\system\CodeIgniter.php(933): App\Controllers\estudiante\DashboardEstudianteController->index()
#6 C:\xampp\htdocs\ITSI\vendor\codeigniter4\framework\system\CodeIgniter.php(507): CodeIgniter\CodeIgniter->runController(Object(App\Controllers\estudiante\DashboardEstudianteController))
#7 C:\xampp\htdocs\ITSI\vendor\codeigniter4\framework\system\CodeIgniter.php(354): CodeIgniter\CodeIgniter->handleRequest(NULL, Object(Config\Cache), false)
#8 C:\xampp\htdocs\ITSI\vendor\codeigniter4\framework\system\Boot.php(334): CodeIgniter\CodeIgniter->run()
#9 C:\xampp\htdocs\ITSI\vendor\codeigniter4\framework\system\Boot.php(67): CodeIgniter\Boot::runCodeIgniter(Object(CodeIgniter\CodeIgniter))
#10 C:\xampp\htdocs\ITSI\public\index.php(59): CodeIgniter\Boot::bootWeb(Object(Config\Paths))
#11 {main}
ERROR - 2026-03-19 17:02:40 --> Dashboard servicio comunitario: Table 'itsi.instituciones_convenios' doesn't exist
DEBUG - 2026-03-19 17:04:43 --> Session: Class initialized using 'CodeIgniter\Session\Handlers\FileHandler' driver.
DEBUG - 2026-03-19 17:04:46 --> Session: Class initialized using 'CodeIgniter\Session\Handlers\FileHandler' driver.
DEBUG - 2026-03-19 17:04:58 --> Session: Class initialized using 'CodeIgniter\Session\Handlers\FileHandler' driver.
DEBUG - 2026-03-19 17:04:58 --> Session: Class initialized using 'CodeIgniter\Session\Handlers\FileHandler' driver.
DEBUG - 2026-03-19 17:04:58 --> Session: Class initialized using 'CodeIgniter\Session\Handlers\FileHandler' driver.
DEBUG - 2026-03-19 17:04:59 --> Session: Class initialized using 'CodeIgniter\Session\Handlers\FileHandler' driver.
ERROR - 2026-03-19 17:04:59 --> mysqli_sql_exception: Table 'itsi.instituciones_convenios' doesn't exist in C:\xampp\htdocs\ITSI\vendor\codeigniter4\framework\system\Database\MySQLi\Connection.php:327
Stack trace:
#0 C:\xampp\htdocs\ITSI\vendor\codeigniter4\framework\system\Database\MySQLi\Connection.php(327): mysqli->query('SELECT `pp`.*, ...', 0)
#1 C:\xampp\htdocs\ITSI\vendor\codeigniter4\framework\system\Database\BaseConnection.php(738): CodeIgniter\Database\MySQLi\Connection->execute('SELECT `pp`.*, ...')
#2 C:\xampp\htdocs\ITSI\vendor\codeigniter4\framework\system\Database\BaseConnection.php(652): CodeIgniter\Database\BaseConnection->simpleQuery('SELECT `pp`.*, ...')
#3 C:\xampp\htdocs\ITSI\vendor\codeigniter4\framework\system\Database\BaseBuilder.php(1649): CodeIgniter\Database\BaseConnection->query('SELECT `pp`.*, ...', Array, false)
#4 C:\xampp\htdocs\ITSI\app\Controllers\estudiante\DashboardEstudianteController.php(89): CodeIgniter\Database\BaseBuilder->get()
#5 C:\xampp\htdocs\ITSI\vendor\codeigniter4\framework\system\CodeIgniter.php(933): App\Controllers\estudiante\DashboardEstudianteController->index()
#6 C:\xampp\htdocs\ITSI\vendor\codeigniter4\framework\system\CodeIgniter.php(507): CodeIgniter\CodeIgniter->runController(Object(App\Controllers\estudiante\DashboardEstudianteController))
#7 C:\xampp\htdocs\ITSI\vendor\codeigniter4\framework\system\CodeIgniter.php(354): CodeIgniter\CodeIgniter->handleRequest(NULL, Object(Config\Cache), false)
#8 C:\xampp\htdocs\ITSI\vendor\codeigniter4\framework\system\Boot.php(334): CodeIgniter\CodeIgniter->run()
#9 C:\xampp\htdocs\ITSI\vendor\codeigniter4\framework\system\Boot.php(67): CodeIgniter\Boot::runCodeIgniter(Object(CodeIgniter\CodeIgniter))
#10 C:\xampp\htdocs\ITSI\public\index.php(59): CodeIgniter\Boot::bootWeb(Object(Config\Paths))
#11 {main}
ERROR - 2026-03-19 17:04:59 --> Dashboard preprofesionales: Table 'itsi.instituciones_convenios' doesn't exist
ERROR - 2026-03-19 17:04:59 --> mysqli_sql_exception: Table 'itsi.instituciones_convenios' doesn't exist in C:\xampp\htdocs\ITSI\vendor\codeigniter4\framework\system\Database\MySQLi\Connection.php:327
Stack trace:
#0 C:\xampp\htdocs\ITSI\vendor\codeigniter4\framework\system\Database\MySQLi\Connection.php(327): mysqli->query('SELECT `sc`.*, ...', 0)
#1 C:\xampp\htdocs\ITSI\vendor\codeigniter4\framework\system\Database\BaseConnection.php(738): CodeIgniter\Database\MySQLi\Connection->execute('SELECT `sc`.*, ...')
#2 C:\xampp\htdocs\ITSI\vendor\codeigniter4\framework\system\Database\BaseConnection.php(652): CodeIgniter\Database\BaseConnection->simpleQuery('SELECT `sc`.*, ...')
#3 C:\xampp\htdocs\ITSI\vendor\codeigniter4\framework\system\Database\BaseBuilder.php(1649): CodeIgniter\Database\BaseConnection->query('SELECT `sc`.*, ...', Array, false)
#4 C:\xampp\htdocs\ITSI\app\Controllers\estudiante\DashboardEstudianteController.php(116): CodeIgniter\Database\BaseBuilder->get()
#5 C:\xampp\htdocs\ITSI\vendor\codeigniter4\framework\system\CodeIgniter.php(933): App\Controllers\estudiante\DashboardEstudianteController->index()
#6 C:\xampp\htdocs\ITSI\vendor\codeigniter4\framework\system\CodeIgniter.php(507): CodeIgniter\CodeIgniter->runController(Object(App\Controllers\estudiante\DashboardEstudianteController))
#7 C:\xampp\htdocs\ITSI\vendor\codeigniter4\framework\system\CodeIgniter.php(354): CodeIgniter\CodeIgniter->handleRequest(NULL, Object(Config\Cache), false)
#8 C:\xampp\htdocs\ITSI\vendor\codeigniter4\framework\system\Boot.php(334): CodeIgniter\CodeIgniter->run()
#9 C:\xampp\htdocs\ITSI\vendor\codeigniter4\framework\system\Boot.php(67): CodeIgniter\Boot::runCodeIgniter(Object(CodeIgniter\CodeIgniter))
#10 C:\xampp\htdocs\ITSI\public\index.php(59): CodeIgniter\Boot::bootWeb(Object(Config\Paths))
#11 {main}
ERROR - 2026-03-19 17:04:59 --> Dashboard servicio comunitario: Table 'itsi.instituciones_convenios' doesn't exist
DEBUG - 2026-03-19 17:05:42 --> Session: Class initialized using 'CodeIgniter\Session\Handlers\FileHandler' driver.
DEBUG - 2026-03-19 17:25:40 --> Session: Class initialized using 'CodeIgniter\Session\Handlers\FileHandler' driver.
INFO - 2026-03-19 17:25:40 --> Iniciando proceso de cierre de sesión para usuario: paguirre
INFO - 2026-03-19 17:25:40 --> Sesión cerrada exitosamente
DEBUG - 2026-03-19 17:25:41 --> Session: Class initialized using 'CodeIgniter\Session\Handlers\FileHandler' driver.
